composition,frequency_Hz,Cs_F,Cp_F,D,sheet,area_cm2_stated,d_um_stated,eps_r_sheet_cached,eps_r_recomputed_stated_geometry,note
PVDF,1000,1.502506666666667e-10,1.5024866666666667e-10,0.00476,measurement workbook,12.25,50,0.6926451628765354,0.6926451628765354,TO CONFIRM: eps_r < 1 with stated 12.25 cm2 / 50 um (physically impossible for PVDF); stated area/thickness probably not the electrode geometry
PVDF,5995,1.4975266666666668e-10,1.4975033333333332e-10,0.00473,measurement workbook,12.25,50,0.6903494173815902,0.6903494173815901,TO CONFIRM: eps_r < 1 with stated 12.25 cm2 / 50 um (physically impossible for PVDF); stated area/thickness probably not the electrode geometry
PVDF,10990,1.4959166666666667e-10,1.495893333333333e-10,0.00546,measurement workbook,12.25,50,0.6896072185368388,0.6896072185368387,TO CONFIRM: eps_r < 1 with stated 12.25 cm2 / 50 um (physically impossible for PVDF); stated area/thickness probably not the electrode geometry
PVDF,15985,1.4945366666666667e-10,1.4945066666666668e-10,0.00594,measurement workbook,12.25,50,0.6889710480984805,0.6889710480984804,TO CONFIRM: eps_r < 1 with stated 12.25 cm2 / 50 um (physically impossible for PVDF); stated area/thickness probably not the electrode geometry
PVDF,20980,1.4935533333333332e-10,1.493513333333333e-10,0.00673,measurement workbook,12.25,50,0.6885177382450608,0.6885177382450607,TO CONFIRM: eps_r < 1 with stated 12.25 cm2 / 50 um (physically impossible for PVDF); stated area/thickness probably not the electrode geometry
PVDF,25975,1.492723333333333e-10,1.49268e-10,0.00701,measurement workbook,12.25,50,0.6881351139959033,0.6881351139959032,TO CONFIRM: eps_r < 1 with stated 12.25 cm2 / 50 um (physically impossible for PVDF); stated area/thickness probably not the electrode geometry
PVDF,30970,1.492033333333333e-10,1.4919833333333334e-10,0.0076,measurement workbook,12.25,50,0.6878170287767241,0.687817028776724,TO CONFIRM: eps_r < 1 with stated 12.25 cm2 / 50 um (physically impossible for PVDF); stated area/thickness probably not the electrode geometry
PVDF,35965,1.4914833333333332e-10,1.49142e-10,0.00825,measurement workbook,12.25,50,0.6875634825875233,0.6875634825875233,TO CONFIRM: eps_r < 1 with stated 12.25 cm2 / 50 um (physically impossible for PVDF); stated area/thickness probably not the electrode geometry
PVDF,40960,1.49071e-10,1.490643333333333e-10,0.00858,measurement workbook,12.25,50,0.6872069812790714,0.6872069812790713,TO CONFIRM: eps_r < 1 with stated 12.25 cm2 / 50 um (physically impossible for PVDF); stated area/thickness probably not the electrode geometry
PVDF,45955,1.4901533333333332e-10,1.4900766666666667e-10,0.00909,measurement workbook,12.25,50,0.6869503618027287,0.6869503618027286,TO CONFIRM: eps_r < 1 with stated 12.25 cm2 / 50 um (physically impossible for PVDF); stated area/thickness probably not the electrode geometry
PVDF,50950,1.4896733333333332e-10,1.4895899999999999e-10,0.00948,measurement workbook,12.25,50,0.6867290851285172,0.686729085128517,TO CONFIRM: eps_r < 1 with stated 12.25 cm2 / 50 um (physically impossible for PVDF); stated area/thickness probably not the electrode geometry
PVDF,55945,1.4892766666666666e-10,1.4891833333333332e-10,0.01002,measurement workbook,12.25,50,0.6865462245435784,0.6865462245435784,TO CONFIRM: eps_r < 1 with stated 12.25 cm2 / 50 um (physically impossible for PVDF); stated area/thickness probably not the electrode geometry
PVDF,60940,1.4887266666666668e-10,1.4886266666666667e-10,0.01046,measurement workbook,12.25,50,0.6862926783543778,0.6862926783543777,TO CONFIRM: eps_r < 1 with stated 12.25 cm2 / 50 um (physically impossible for PVDF); stated area/thickness probably not the electrode geometry
PVDF,65935,1.4881933333333332e-10,1.4880833333333335e-10,0.01075,measurement workbook,12.25,50,0.6860468153830315,0.6860468153830314,TO CONFIRM: eps_r < 1 with stated 12.25 cm2 / 50 um (physically impossible for PVDF); stated area/thickness probably not the electrode geometry
PVDF,70930,1.4877633333333334e-10,1.4876466666666666e-10,0.01114,measurement workbook,12.25,50,0.6858485883623836,0.6858485883623835,TO CONFIRM: eps_r < 1 with stated 12.25 cm2 / 50 um (physically impossible for PVDF); stated area/thickness probably not the electrode geometry
PVDF,75925,1.48736e-10,1.4872366666666667e-10,0.0115,measurement workbook,12.25,50,0.6856626544903031,0.685662654490303,TO CONFIRM: eps_r < 1 with stated 12.25 cm2 / 50 um (physically impossible for PVDF); stated area/thickness probably not the electrode geometry
PVDF,80920,1.48696e-10,1.4868266666666668e-10,0.01189,measurement workbook,12.25,50,0.6854782572617935,0.6854782572617933,TO CONFIRM: eps_r < 1 with stated 12.25 cm2 / 50 um (physically impossible for PVDF); stated area/thickness probably not the electrode geometry
PVDF,85915,1.4865633333333334e-10,1.486423333333333e-10,0.01226,measurement workbook,12.25,50,0.6852953966768548,0.6852953966768547,TO CONFIRM: eps_r < 1 with stated 12.25 cm2 / 50 um (physically impossible for PVDF); stated area/thickness probably not the electrode geometry
PVDF,90910,1.4862266666666668e-10,1.4860766666666666e-10,0.0126,measurement workbook,12.25,50,0.6851401956761926,0.6851401956761924,TO CONFIRM: eps_r < 1 with stated 12.25 cm2 / 50 um (physically impossible for PVDF); stated area/thickness probably not the electrode geometry
PVDF,95905,1.4859833333333334e-10,1.4858266666666667e-10,0.01299,measurement workbook,12.25,50,0.6850280206955156,0.6850280206955155,TO CONFIRM: eps_r < 1 with stated 12.25 cm2 / 50 um (physically impossible for PVDF); stated area/thickness probably not the electrode geometry
PVDF,100900,1.4854733333333334e-10,1.4853066666666667e-10,0.01329,measurement workbook,12.25,50,0.6847929142291658,0.6847929142291657,TO CONFIRM: eps_r < 1 with stated 12.25 cm2 / 50 um (physically impossible for PVDF); stated area/thickness probably not the electrode geometry
PVDF,105900,1.4851066666666668e-10,1.4849333333333334e-10,0.01364,measurement workbook,12.25,50,0.6846238834363654,0.6846238834363653,TO CONFIRM: eps_r < 1 with stated 12.25 cm2 / 50 um (physically impossible for PVDF); stated area/thickness probably not the electrode geometry
PVDF,110890,1.4847366666666667e-10,1.48455e-10,0.01388,measurement workbook,12.25,50,0.6844533159999939,0.6844533159999938,TO CONFIRM: eps_r < 1 with stated 12.25 cm2 / 50 um (physically impossible for PVDF); stated area/thickness probably not the electrode geometry
PVDF,115890,1.4843733333333333e-10,1.4841833333333334e-10,0.0142,measurement workbook,12.25,50,0.6842858218507643,0.6842858218507641,TO CONFIRM: eps_r < 1 with stated 12.25 cm2 / 50 um (physically impossible for PVDF); stated area/thickness probably not the electrode geometry
PVDF,120880,1.4840033333333334e-10,1.4838e-10,0.01448,measurement workbook,12.25,50,0.6841152544143929,0.6841152544143928,TO CONFIRM: eps_r < 1 with stated 12.25 cm2 / 50 um (physically impossible for PVDF); stated area/thickness probably not the electrode geometry
PVDF,125880,1.483596666666667e-10,1.48339e-10,0.01479,measurement workbook,12.25,50,0.6839277838987416,0.6839277838987415,TO CONFIRM: eps_r < 1 with stated 12.25 cm2 / 50 um (physically impossible for PVDF); stated area/thickness probably not the electrode geometry
PVDF,130870,1.4832066666666667e-10,1.4829933333333336e-10,0.01504,measurement workbook,12.25,50,0.6837479966009444,0.6837479966009444,TO CONFIRM: eps_r < 1 with stated 12.25 cm2 / 50 um (physically impossible for PVDF); stated area/thickness probably not the electrode geometry
PVDF,135870,1.4828266666666668e-10,1.4826066666666668e-10,0.01534,measurement workbook,12.25,50,0.6835728192338604,0.6835728192338604,TO CONFIRM: eps_r < 1 with stated 12.25 cm2 / 50 um (physically impossible for PVDF); stated area/thickness probably not the electrode geometry
PVDF,140860,1.48266e-10,1.4824233333333336e-10,0.01571,measurement workbook,12.25,50,0.6834959870553148,0.6834959870553147,TO CONFIRM: eps_r < 1 with stated 12.25 cm2 / 50 um (physically impossible for PVDF); stated area/thickness probably not the electrode geometry
PVDF,145860,1.4823e-10,1.4820600000000002e-10,0.01591,measurement workbook,12.25,50,0.6833300295496558,0.6833300295496557,TO CONFIRM: eps_r < 1 with stated 12.25 cm2 / 50 um (physically impossible for PVDF); stated area/thickness probably not the electrode geometry
PVDF,150850,1.4819666666666667e-10,1.4817166666666666e-10,0.01619,measurement workbook,12.25,50,0.6831763651925646,0.6831763651925645,TO CONFIRM: eps_r < 1 with stated 12.25 cm2 / 50 um (physically impossible for PVDF); stated area/thickness probably not the electrode geometry
PVDF,155850,1.4816466666666663e-10,1.481393333333333e-10,0.01646,measurement workbook,12.25,50,0.6830288474097568,0.6830288474097568,TO CONFIRM: eps_r < 1 with stated 12.25 cm2 / 50 um (physically impossible for PVDF); stated area/thickness probably not the electrode geometry
PVDF,160840,1.4813133333333334e-10,1.4810466666666666e-10,0.01667,measurement workbook,12.25,50,0.6828751830526655,0.6828751830526654,TO CONFIRM: eps_r < 1 with stated 12.25 cm2 / 50 um (physically impossible for PVDF); stated area/thickness probably not the electrode geometry
PVDF,165840,1.4809833333333334e-10,1.480703333333333e-10,0.01697,measurement workbook,12.25,50,0.682723055339145,0.6827230553391449,TO CONFIRM: eps_r < 1 with stated 12.25 cm2 / 50 um (physically impossible for PVDF); stated area/thickness probably not the electrode geometry
PVDF,170830,1.4806566666666666e-10,1.480373333333333e-10,0.01722,measurement workbook,12.25,50,0.6825724642691954,0.6825724642691953,TO CONFIRM: eps_r < 1 with stated 12.25 cm2 / 50 um (physically impossible for PVDF); stated area/thickness probably not the electrode geometry
PVDF,175830,1.48038e-10,1.4800933333333332e-10,0.01745,measurement workbook,12.25,50,0.6824449228528096,0.6824449228528094,TO CONFIRM: eps_r < 1 with stated 12.25 cm2 / 50 um (physically impossible for PVDF); stated area/thickness probably not the electrode geometry
PVDF,180820,1.4800133333333336e-10,1.47972e-10,0.01768,measurement workbook,12.25,50,0.6822758920600092,0.6822758920600092,TO CONFIRM: eps_r < 1 with stated 12.25 cm2 / 50 um (physically impossible for PVDF); stated area/thickness probably not the electrode geometry
PVDF,185820,1.4796866666666663e-10,1.4793833333333334e-10,0.01791,measurement workbook,12.25,50,0.6821253009900594,0.6821253009900593,TO CONFIRM: eps_r < 1 with stated 12.25 cm2 / 50 um (physically impossible for PVDF); stated area/thickness probably not the electrode geometry
PVDF,190810,1.479426666666667e-10,1.4791133333333334e-10,0.01817,measurement workbook,12.25,50,0.6820054427915283,0.6820054427915282,TO CONFIRM: eps_r < 1 with stated 12.25 cm2 / 50 um (physically impossible for PVDF); stated area/thickness probably not the electrode geometry
PVDF,195810,1.4790766666666667e-10,1.4787566666666666e-10,0.01838,measurement workbook,12.25,50,0.6818440952165824,0.6818440952165823,TO CONFIRM: eps_r < 1 with stated 12.25 cm2 / 50 um (physically impossible for PVDF); stated area/thickness probably not the electrode geometry
PVDF,200800,1.4789366666666668e-10,1.4786033333333334e-10,0.01864,measurement workbook,12.25,50,0.6817795561866039,0.6817795561866039,TO CONFIRM: eps_r < 1 with stated 12.25 cm2 / 50 um (physically impossible for PVDF); stated area/thickness probably not the electrode geometry
PVDF,205800,1.4786666666666666e-10,1.4783266666666668e-10,0.01891,measurement workbook,12.25,50,0.6816550880573597,0.6816550880573597,TO CONFIRM: eps_r < 1 with stated 12.25 cm2 / 50 um (physically impossible for PVDF); stated area/thickness probably not the electrode geometry
PVDF,210790,1.4784099999999999e-10,1.47806e-10,0.01909,measurement workbook,12.25,50,0.6815367665023995,0.6815367665023994,TO CONFIRM: eps_r < 1 with stated 12.25 cm2 / 50 um (physically impossible for PVDF); stated area/thickness probably not the electrode geometry
PVDF,215790,1.4781233333333334e-10,1.4777699999999998e-10,0.01932,measurement workbook,12.25,50,0.681404615155301,0.6814046151553009,TO CONFIRM: eps_r < 1 with stated 12.25 cm2 / 50 um (physically impossible for PVDF); stated area/thickness probably not the electrode geometry
PVDF,220780,1.4778366666666667e-10,1.4774733333333335e-10,0.01954,measurement workbook,12.25,50,0.6812724638082024,0.6812724638082023,TO CONFIRM: eps_r < 1 with stated 12.25 cm2 / 50 um (physically impossible for PVDF); stated area/thickness probably not the electrode geometry
PVDF,225780,1.47754e-10,1.4771666666666666e-10,0.01976,measurement workbook,12.25,50,0.6811357025303909,0.6811357025303908,TO CONFIRM: eps_r < 1 with stated 12.25 cm2 / 50 um (physically impossible for PVDF); stated area/thickness probably not the electrode geometry
PVDF,230770,1.477413333333333e-10,1.4770300000000002e-10,0.01995,measurement workbook,12.25,50,0.6810773100746962,0.6810773100746961,TO CONFIRM: eps_r < 1 with stated 12.25 cm2 / 50 um (physically impossible for PVDF); stated area/thickness probably not the electrode geometry
PVDF,235770,1.4771033333333334e-10,1.4767166666666664e-10,0.02017,measurement workbook,12.25,50,0.6809344022226014,0.6809344022226013,TO CONFIRM: eps_r < 1 with stated 12.25 cm2 / 50 um (physically impossible for PVDF); stated area/thickness probably not the electrode geometry
PVDF,240760,1.4768133333333335e-10,1.4764166666666667e-10,0.02038,measurement workbook,12.25,50,0.6808007142319319,0.6808007142319319,TO CONFIRM: eps_r < 1 with stated 12.25 cm2 / 50 um (physically impossible for PVDF); stated area/thickness probably not the electrode geometry
PVDF,245760,1.47655e-10,1.4761466666666667e-10,0.02057,measurement workbook,12.25,50,0.6806793193898296,0.6806793193898295,TO CONFIRM: eps_r < 1 with stated 12.25 cm2 / 50 um (physically impossible for PVDF); stated area/thickness probably not the electrode geometry
PVDF,250750,1.4762266666666668e-10,1.475816666666667e-10,0.02078,measurement workbook,12.25,50,0.680530264963451,0.6805302649634509,TO CONFIRM: eps_r < 1 with stated 12.25 cm2 / 50 um (physically impossible for PVDF); stated area/thickness probably not the electrode geometry
PVDF,255750,1.4759066666666667e-10,1.4754866666666667e-10,0.02098,measurement workbook,12.25,50,0.6803827471806433,0.6803827471806432,TO CONFIRM: eps_r < 1 with stated 12.25 cm2 / 50 um (physically impossible for PVDF); stated area/thickness probably not the electrode geometry
PVDF,260740,1.475703333333333e-10,1.4752733333333333e-10,0.02116,measurement workbook,12.25,50,0.6802890119228175,0.6802890119228174,TO CONFIRM: eps_r < 1 with stated 12.25 cm2 / 50 um (physically impossible for PVDF); stated area/thickness probably not the electrode geometry
PVDF,265740,1.4754533333333332e-10,1.4750233333333334e-10,0.02134,measurement workbook,12.25,50,0.6801737636549989,0.6801737636549988,TO CONFIRM: eps_r < 1 with stated 12.25 cm2 / 50 um (physically impossible for PVDF); stated area/thickness probably not the electrode geometry
PVDF,270730,1.4752399999999998e-10,1.4747966666666667e-10,0.02153,measurement workbook,12.25,50,0.6800754184664605,0.6800754184664604,TO CONFIRM: eps_r < 1 with stated 12.25 cm2 / 50 um (physically impossible for PVDF); stated area/thickness probably not the electrode geometry
PVDF,275730,1.4749999999999998e-10,1.474553333333333e-10,0.02174,measurement workbook,12.25,50,0.6799647801293547,0.6799647801293546,TO CONFIRM: eps_r < 1 with stated 12.25 cm2 / 50 um (physically impossible for PVDF); stated area/thickness probably not the electrode geometry
PVDF,280720,1.4747433333333334e-10,1.4742866666666667e-10,0.02192,measurement workbook,12.25,50,0.6798464585743943,0.6798464585743942,TO CONFIRM: eps_r < 1 with stated 12.25 cm2 / 50 um (physically impossible for PVDF); stated area/thickness probably not the electrode geometry
PVDF,285720,1.4744866666666666e-10,1.4740200000000002e-10,0.02207,measurement workbook,12.25,50,0.679728137019434,0.6797281370194339,TO CONFIRM: eps_r < 1 with stated 12.25 cm2 / 50 um (physically impossible for PVDF); stated area/thickness probably not the electrode geometry
PVDF,290710,1.4742466666666667e-10,1.47377e-10,0.02225,measurement workbook,12.25,50,0.6796174986823282,0.6796174986823281,TO CONFIRM: eps_r < 1 with stated 12.25 cm2 / 50 um (physically impossible for PVDF); stated area/thickness probably not the electrode geometry
PVDF,295710,1.4739833333333336e-10,1.47351e-10,0.02244,measurement workbook,12.25,50,0.6794961038402261,0.679496103840226,TO CONFIRM: eps_r < 1 with stated 12.25 cm2 / 50 um (physically impossible for PVDF); stated area/thickness probably not the electrode geometry
PVDF,300700,1.4738866666666667e-10,1.4733966666666666e-10,0.02267,measurement workbook,12.25,50,0.6794515411766695,0.6794515411766694,TO CONFIRM: eps_r < 1 with stated 12.25 cm2 / 50 um (physically impossible for PVDF); stated area/thickness probably not the electrode geometry
PVDF,305700,1.4736666666666666e-10,1.47317e-10,0.02284,measurement workbook,12.25,50,0.6793501227009893,0.6793501227009892,TO CONFIRM: eps_r < 1 with stated 12.25 cm2 / 50 um (physically impossible for PVDF); stated area/thickness probably not the electrode geometry
PVDF,310690,1.47344e-10,1.472933333333333e-10,0.02302,measurement workbook,12.25,50,0.679245630938167,0.6792456309381669,TO CONFIRM: eps_r < 1 with stated 12.25 cm2 / 50 um (physically impossible for PVDF); stated area/thickness probably not the electrode geometry
PVDF,315690,1.4732166666666666e-10,1.4727033333333334e-10,0.02321,measurement workbook,12.25,50,0.6791426758189159,0.6791426758189157,TO CONFIRM: eps_r < 1 with stated 12.25 cm2 / 50 um (physically impossible for PVDF); stated area/thickness probably not the electrode geometry
PVDF,320680,1.4729766666666666e-10,1.4724566666666668e-10,0.02336,measurement workbook,12.25,50,0.6790320374818101,0.67903203748181,TO CONFIRM: eps_r < 1 with stated 12.25 cm2 / 50 um (physically impossible for PVDF); stated area/thickness probably not the electrode geometry
PVDF,325680,1.4727733333333335e-10,1.47224e-10,0.02355,measurement workbook,12.25,50,0.6789383022239844,0.6789383022239843,TO CONFIRM: eps_r < 1 with stated 12.25 cm2 / 50 um (physically impossible for PVDF); stated area/thickness probably not the electrode geometry
PVDF,330670,1.4725433333333334e-10,1.4720066666666668e-10,0.02371,measurement workbook,12.25,50,0.6788322738175913,0.6788322738175911,TO CONFIRM: eps_r < 1 with stated 12.25 cm2 / 50 um (physically impossible for PVDF); stated area/thickness probably not the electrode geometry
PVDF,335670,1.47231e-10,1.4717633333333334e-10,0.02389,measurement workbook,12.25,50,0.6787247087676274,0.6787247087676272,TO CONFIRM: eps_r < 1 with stated 12.25 cm2 / 50 um (physically impossible for PVDF); stated area/thickness probably not the electrode geometry
PVDF,340660,1.4720933333333334e-10,1.471543333333333e-10,0.02406,measurement workbook,12.25,50,0.6786248269355178,0.6786248269355177,TO CONFIRM: eps_r < 1 with stated 12.25 cm2 / 50 um (physically impossible for PVDF); stated area/thickness probably not the electrode geometry
PVDF,345660,1.47186e-10,1.4713e-10,0.02421,measurement workbook,12.25,50,0.678517261885554,0.6785172618855538,TO CONFIRM: eps_r < 1 with stated 12.25 cm2 / 50 um (physically impossible for PVDF); stated area/thickness probably not the electrode geometry
PVDF,350650,1.47165e-10,1.47108e-10,0.02439,measurement workbook,12.25,50,0.6784204533405863,0.6784204533405862,TO CONFIRM: eps_r < 1 with stated 12.25 cm2 / 50 um (physically impossible for PVDF); stated area/thickness probably not the electrode geometry
PVDF,355650,1.4714366666666666e-10,1.4708633333333332e-10,0.02455,measurement workbook,12.25,50,0.6783221081520479,0.6783221081520477,TO CONFIRM: eps_r < 1 with stated 12.25 cm2 / 50 um (physically impossible for PVDF); stated area/thickness probably not the electrode geometry
PVDF,360640,1.4712233333333332e-10,1.4706400000000002e-10,0.02468,measurement workbook,12.25,50,0.6782237629635093,0.6782237629635092,TO CONFIRM: eps_r < 1 with stated 12.25 cm2 / 50 um (physically impossible for PVDF); stated area/thickness probably not the electrode geometry
PVDF,365640,1.471003333333333e-10,1.4704133333333334e-10,0.02486,measurement workbook,12.25,50,0.678122344487829,0.6781223444878289,TO CONFIRM: eps_r < 1 with stated 12.25 cm2 / 50 um (physically impossible for PVDF); stated area/thickness probably not the electrode geometry
PVDF,370630,1.47079e-10,1.4701933333333334e-10,0.02503,measurement workbook,12.25,50,0.6780239992992906,0.6780239992992905,TO CONFIRM: eps_r < 1 with stated 12.25 cm2 / 50 um (physically impossible for PVDF); stated area/thickness probably not the electrode geometry
PVDF,375630,1.4699966666666666e-10,1.4693933333333335e-10,0.02518,measurement workbook,12.25,50,0.6776582781294131,0.677658278129413,TO CONFIRM: eps_r < 1 with stated 12.25 cm2 / 50 um (physically impossible for PVDF); stated area/thickness probably not the electrode geometry
PVDF,380620,1.4696666666666667e-10,1.4690533333333334e-10,0.02534,measurement workbook,12.25,50,0.6775061504158926,0.6775061504158925,TO CONFIRM: eps_r < 1 with stated 12.25 cm2 / 50 um (physically impossible for PVDF); stated area/thickness probably not the electrode geometry
PVDF,385620,1.4694866666666667e-10,1.4688666666666663e-10,0.02549,measurement workbook,12.25,50,0.6774231716630633,0.6774231716630632,TO CONFIRM: eps_r < 1 with stated 12.25 cm2 / 50 um (physically impossible for PVDF); stated area/thickness probably not the electrode geometry
PVDF,390610,1.4693633333333335e-10,1.46874e-10,0.02565,measurement workbook,12.25,50,0.6773663158509395,0.6773663158509394,TO CONFIRM: eps_r < 1 with stated 12.25 cm2 / 50 um (physically impossible for PVDF); stated area/thickness probably not the electrode geometry
PVDF,395610,1.4692666666666666e-10,1.4686333333333332e-10,0.0258,measurement workbook,12.25,50,0.677321753187383,0.6773217531873829,TO CONFIRM: eps_r < 1 with stated 12.25 cm2 / 50 um (physically impossible for PVDF); stated area/thickness probably not the electrode geometry
PVDF,400600,1.4692733333333335e-10,1.4686333333333334e-10,0.02596,measurement workbook,12.25,50,0.677324826474525,0.6773248264745249,TO CONFIRM: eps_r < 1 with stated 12.25 cm2 / 50 um (physically impossible for PVDF); stated area/thickness probably not the electrode geometry
PVDF,405600,1.469193333333333e-10,1.4685433333333334e-10,0.02611,measurement workbook,12.25,50,0.6772879470288228,0.6772879470288228,TO CONFIRM: eps_r < 1 with stated 12.25 cm2 / 50 um (physically impossible for PVDF); stated area/thickness probably not the electrode geometry
PVDF,410590,1.46911e-10,1.4684533333333332e-10,0.02626,measurement workbook,12.25,50,0.6772495309395501,0.67724953093955,TO CONFIRM: eps_r < 1 with stated 12.25 cm2 / 50 um (physically impossible for PVDF); stated area/thickness probably not the electrode geometry
PVDF,415590,1.469013333333333e-10,1.4683500000000002e-10,0.02641,measurement workbook,12.25,50,0.6772049682759936,0.6772049682759935,TO CONFIRM: eps_r < 1 with stated 12.25 cm2 / 50 um (physically impossible for PVDF); stated area/thickness probably not the electrode geometry
PVDF,420580,1.46894e-10,1.46827e-10,0.02657,measurement workbook,12.25,50,0.6771711621174334,0.6771711621174333,TO CONFIRM: eps_r < 1 with stated 12.25 cm2 / 50 um (physically impossible for PVDF); stated area/thickness probably not the electrode geometry
PVDF,425580,1.468863333333333e-10,1.4681866666666666e-10,0.0267,measurement workbook,12.25,50,0.6771358193153024,0.6771358193153023,TO CONFIRM: eps_r < 1 with stated 12.25 cm2 / 50 um (physically impossible for PVDF); stated area/thickness probably not the electrode geometry
PVDF,430570,1.46875e-10,1.4680666666666666e-10,0.02685,measurement workbook,12.25,50,0.6770835734338913,0.6770835734338911,TO CONFIRM: eps_r < 1 with stated 12.25 cm2 / 50 um (physically impossible for PVDF); stated area/thickness probably not the electrode geometry
PVDF,435570,1.4686566666666663e-10,1.4679633333333334e-10,0.02701,measurement workbook,12.25,50,0.6770405474139057,0.6770405474139056,TO CONFIRM: eps_r < 1 with stated 12.25 cm2 / 50 um (physically impossible for PVDF); stated area/thickness probably not the electrode geometry
PVDF,440560,1.46855e-10,1.46785e-10,0.02714,measurement workbook,12.25,50,0.6769913748196367,0.6769913748196366,TO CONFIRM: eps_r < 1 with stated 12.25 cm2 / 50 um (physically impossible for PVDF); stated area/thickness probably not the electrode geometry
PVDF,445560,1.4684466666666668e-10,1.467743333333333e-10,0.02729,measurement workbook,12.25,50,0.6769437388689383,0.6769437388689382,TO CONFIRM: eps_r < 1 with stated 12.25 cm2 / 50 um (physically impossible for PVDF); stated area/thickness probably not the electrode geometry
PVDF,450550,1.4683166666666667e-10,1.4675966666666667e-10,0.02743,measurement workbook,12.25,50,0.6768838097696726,0.6768838097696724,TO CONFIRM: eps_r < 1 with stated 12.25 cm2 / 50 um (physically impossible for PVDF); stated area/thickness probably not the electrode geometry
PVDF,455550,1.4681733333333334e-10,1.4674533333333334e-10,0.02756,measurement workbook,12.25,50,0.6768177340961232,0.6768177340961231,TO CONFIRM: eps_r < 1 with stated 12.25 cm2 / 50 um (physically impossible for PVDF); stated area/thickness probably not the electrode geometry
PVDF,460540,1.468013333333333e-10,1.4672833333333332e-10,0.0277,measurement workbook,12.25,50,0.6767439752047194,0.6767439752047193,TO CONFIRM: eps_r < 1 with stated 12.25 cm2 / 50 um (physically impossible for PVDF); stated area/thickness probably not the electrode geometry
PVDF,465540,1.4678433333333334e-10,1.46711e-10,0.02784,measurement workbook,12.25,50,0.6766656063826028,0.6766656063826026,TO CONFIRM: eps_r < 1 with stated 12.25 cm2 / 50 um (physically impossible for PVDF); stated area/thickness probably not the electrode geometry
PVDF,470530,1.467683333333333e-10,1.46694e-10,0.02797,measurement workbook,12.25,50,0.6765918474911989,0.6765918474911988,TO CONFIRM: eps_r < 1 with stated 12.25 cm2 / 50 um (physically impossible for PVDF); stated area/thickness probably not the electrode geometry
PVDF,475530,1.467503333333333e-10,1.46675e-10,0.02812,measurement workbook,12.25,50,0.6765088687383696,0.6765088687383695,TO CONFIRM: eps_r < 1 with stated 12.25 cm2 / 50 um (physically impossible for PVDF); stated area/thickness probably not the electrode geometry
PVDF,480520,1.4673499999999998e-10,1.46659e-10,0.02825,measurement workbook,12.25,50,0.6764381831341074,0.6764381831341073,TO CONFIRM: eps_r < 1 with stated 12.25 cm2 / 50 um (physically impossible for PVDF); stated area/thickness probably not the electrode geometry
PVDF,485520,1.4671866666666668e-10,1.46642e-10,0.02839,measurement workbook,12.25,50,0.6763628875991329,0.6763628875991328,TO CONFIRM: eps_r < 1 with stated 12.25 cm2 / 50 um (physically impossible for PVDF); stated area/thickness probably not the electrode geometry
PVDF,490510,1.4670133333333332e-10,1.466243333333333e-10,0.0285,measurement workbook,12.25,50,0.6762829821334452,0.6762829821334451,TO CONFIRM: eps_r < 1 with stated 12.25 cm2 / 50 um (physically impossible for PVDF); stated area/thickness probably not the electrode geometry
PVDF,495510,1.4668366666666667e-10,1.4660600000000002e-10,0.02863,measurement workbook,12.25,50,0.6762015400241869,0.6762015400241868,TO CONFIRM: eps_r < 1 with stated 12.25 cm2 / 50 um (physically impossible for PVDF); stated area/thickness probably not the electrode geometry
PVDF,500500,1.4668233333333334e-10,1.46604e-10,0.02878,measurement workbook,12.25,50,0.6761953934499032,0.6761953934499031,TO CONFIRM: eps_r < 1 with stated 12.25 cm2 / 50 um (physically impossible for PVDF); stated area/thickness probably not the electrode geometry
PVDF,505500,1.46669e-10,1.4658933333333334e-10,0.02892,measurement workbook,12.25,50,0.6761339277070666,0.6761339277070665,TO CONFIRM: eps_r < 1 with stated 12.25 cm2 / 50 um (physically impossible for PVDF); stated area/thickness probably not the electrode geometry
PVDF,510490,1.4665033333333332e-10,1.4657066666666668e-10,0.02905,measurement workbook,12.25,50,0.6760478756670953,0.6760478756670952,TO CONFIRM: eps_r < 1 with stated 12.25 cm2 / 50 um (physically impossible for PVDF); stated area/thickness probably not the electrode geometry
PVDF,515490,1.4663866666666667e-10,1.4655800000000002e-10,0.02918,measurement workbook,12.25,50,0.6759940931421135,0.6759940931421133,TO CONFIRM: eps_r < 1 with stated 12.25 cm2 / 50 um (physically impossible for PVDF); stated area/thickness probably not the electrode geometry
PVDF,520480,1.4662366666666667e-10,1.4654233333333335e-10,0.02931,measurement workbook,12.25,50,0.6759249441814222,0.6759249441814222,TO CONFIRM: eps_r < 1 with stated 12.25 cm2 / 50 um (physically impossible for PVDF); stated area/thickness probably not the electrode geometry
PVDF,525480,1.4660866666666667e-10,1.4652633333333332e-10,0.02942,measurement workbook,12.25,50,0.6758557952207312,0.6758557952207311,TO CONFIRM: eps_r < 1 with stated 12.25 cm2 / 50 um (physically impossible for PVDF); stated area/thickness probably not the electrode geometry
PVDF,530470,1.4659400000000002e-10,1.4651133333333335e-10,0.02956,measurement workbook,12.25,50,0.6757881829036111,0.6757881829036111,TO CONFIRM: eps_r < 1 with stated 12.25 cm2 / 50 um (physically impossible for PVDF); stated area/thickness probably not the electrode geometry
PVDF,535470,1.4658066666666666e-10,1.46497e-10,0.02968,measurement workbook,12.25,50,0.6757267171607745,0.6757267171607744,TO CONFIRM: eps_r < 1 with stated 12.25 cm2 / 50 um (physically impossible for PVDF); stated area/thickness probably not the electrode geometry
PVDF,540460,1.46567e-10,1.4648266666666668e-10,0.0298,measurement workbook,12.25,50,0.675663714774367,0.6756637147743669,TO CONFIRM: eps_r < 1 with stated 12.25 cm2 / 50 um (physically impossible for PVDF); stated area/thickness probably not the electrode geometry
PVDF,545460,1.4655099999999998e-10,1.4646666666666667e-10,0.02992,measurement workbook,12.25,50,0.675589955882963,0.6755899558829629,TO CONFIRM: eps_r < 1 with stated 12.25 cm2 / 50 um (physically impossible for PVDF); stated area/thickness probably not the electrode geometry
PVDF,550450,1.4653666666666667e-10,1.4645133333333332e-10,0.03005,measurement workbook,12.25,50,0.6755238802094139,0.6755238802094138,TO CONFIRM: eps_r < 1 with stated 12.25 cm2 / 50 um (physically impossible for PVDF); stated area/thickness probably not the electrode geometry
PVDF,555450,1.46523e-10,1.4643666666666667e-10,0.03017,measurement workbook,12.25,50,0.6754608778230063,0.6754608778230062,TO CONFIRM: eps_r < 1 with stated 12.25 cm2 / 50 um (physically impossible for PVDF); stated area/thickness probably not the electrode geometry
PVDF,560440,1.4651e-10,1.4642266666666663e-10,0.0303,measurement workbook,12.25,50,0.6754009487237408,0.6754009487237407,TO CONFIRM: eps_r < 1 with stated 12.25 cm2 / 50 um (physically impossible for PVDF); stated area/thickness probably not the electrode geometry
PVDF,565440,1.4649533333333331e-10,1.4640766666666663e-10,0.0304,measurement workbook,12.25,50,0.6753333364066205,0.6753333364066204,TO CONFIRM: eps_r < 1 with stated 12.25 cm2 / 50 um (physically impossible for PVDF); stated area/thickness probably not the electrode geometry
PVDF,570430,1.4648133333333335e-10,1.4639266666666668e-10,0.03053,measurement workbook,12.25,50,0.6752687973766422,0.6752687973766421,TO CONFIRM: eps_r < 1 with stated 12.25 cm2 / 50 um (physically impossible for PVDF); stated area/thickness probably not the electrode geometry
PVDF,575430,1.464673333333333e-10,1.46378e-10,0.03065,measurement workbook,12.25,50,0.6752042583466638,0.6752042583466636,TO CONFIRM: eps_r < 1 with stated 12.25 cm2 / 50 um (physically impossible for PVDF); stated area/thickness probably not the electrode geometry
PVDF,580420,1.4645333333333334e-10,1.4636333333333332e-10,0.03077,measurement workbook,12.25,50,0.6751397193166855,0.6751397193166854,TO CONFIRM: eps_r < 1 with stated 12.25 cm2 / 50 um (physically impossible for PVDF); stated area/thickness probably not the electrode geometry
PVDF,585420,1.4643833333333332e-10,1.46348e-10,0.03088,measurement workbook,12.25,50,0.6750705703559942,0.675070570355994,TO CONFIRM: eps_r < 1 with stated 12.25 cm2 / 50 um (physically impossible for PVDF); stated area/thickness probably not the electrode geometry
PVDF,590410,1.46425e-10,1.46334e-10,0.031,measurement workbook,12.25,50,0.6750091046131578,0.6750091046131577,TO CONFIRM: eps_r < 1 with stated 12.25 cm2 / 50 um (physically impossible for PVDF); stated area/thickness probably not the electrode geometry
PVDF,595410,1.4641133333333332e-10,1.4632e-10,0.03112,measurement workbook,12.25,50,0.6749461022267501,0.67494610222675,TO CONFIRM: eps_r < 1 with stated 12.25 cm2 / 50 um (physically impossible for PVDF); stated area/thickness probably not the electrode geometry
PVDF,600400,1.46398e-10,1.4630500000000002e-10,0.03122,measurement workbook,12.25,50,0.6748846364839136,0.6748846364839135,TO CONFIRM: eps_r < 1 with stated 12.25 cm2 / 50 um (physically impossible for PVDF); stated area/thickness probably not the electrode geometry
PVDF,605400,1.4638266666666667e-10,1.4628966666666667e-10,0.03134,measurement workbook,12.25,50,0.6748139508796516,0.6748139508796516,TO CONFIRM: eps_r < 1 with stated 12.25 cm2 / 50 um (physically impossible for PVDF); stated area/thickness probably not the electrode geometry
PVDF,610390,1.4637e-10,1.4627566666666666e-10,0.03146,measurement workbook,12.25,50,0.674755558423957,0.6747555584239568,TO CONFIRM: eps_r < 1 with stated 12.25 cm2 / 50 um (physically impossible for PVDF); stated area/thickness probably not the electrode geometry
PVDF,615390,1.4635366666666668e-10,1.4625899999999999e-10,0.03156,measurement workbook,12.25,50,0.6746802628889822,0.6746802628889821,TO CONFIRM: eps_r < 1 with stated 12.25 cm2 / 50 um (physically impossible for PVDF); stated area/thickness probably not the electrode geometry
PVDF,620380,1.4633966666666666e-10,1.462443333333333e-10,0.03168,measurement workbook,12.25,50,0.6746157238590038,0.6746157238590037,TO CONFIRM: eps_r < 1 with stated 12.25 cm2 / 50 um (physically impossible for PVDF); stated area/thickness probably not the electrode geometry
PVDF,625380,1.4632566666666667e-10,1.4622966666666668e-10,0.03179,measurement workbook,12.25,50,0.6745511848290254,0.6745511848290253,TO CONFIRM: eps_r < 1 with stated 12.25 cm2 / 50 um (physically impossible for PVDF); stated area/thickness probably not the electrode geometry
PVDF,630370,1.46312e-10,1.46215e-10,0.03189,measurement workbook,12.25,50,0.6744881824426179,0.6744881824426179,TO CONFIRM: eps_r < 1 with stated 12.25 cm2 / 50 um (physically impossible for PVDF); stated area/thickness probably not the electrode geometry
PVDF,635370,1.46297e-10,1.4619966666666668e-10,0.03201,measurement workbook,12.25,50,0.6744190334819269,0.6744190334819268,TO CONFIRM: eps_r < 1 with stated 12.25 cm2 / 50 um (physically impossible for PVDF); stated area/thickness probably not the electrode geometry
PVDF,640360,1.4628299999999998e-10,1.4618500000000002e-10,0.03212,measurement workbook,12.25,50,0.6743544944519484,0.6743544944519483,TO CONFIRM: eps_r < 1 with stated 12.25 cm2 / 50 um (physically impossible for PVDF); stated area/thickness probably not the electrode geometry
PVDF,645360,1.4626733333333332e-10,1.46169e-10,0.03221,measurement workbook,12.25,50,0.6742822722041154,0.6742822722041154,TO CONFIRM: eps_r < 1 with stated 12.25 cm2 / 50 um (physically impossible for PVDF); stated area/thickness probably not the electrode geometry
PVDF,650350,1.4625433333333331e-10,1.46155e-10,0.03232,measurement workbook,12.25,50,0.6742223431048497,0.6742223431048496,TO CONFIRM: eps_r < 1 with stated 12.25 cm2 / 50 um (physically impossible for PVDF); stated area/thickness probably not the electrode geometry
PVDF,655350,1.4624133333333336e-10,1.461413333333333e-10,0.03242,measurement workbook,12.25,50,0.6741624140055844,0.6741624140055843,TO CONFIRM: eps_r < 1 with stated 12.25 cm2 / 50 um (physically impossible for PVDF); stated area/thickness probably not the electrode geometry
PVDF,660340,1.4623066666666666e-10,1.4613033333333334e-10,0.03253,measurement workbook,12.25,50,0.674113241411315,0.6741132414113149,TO CONFIRM: eps_r < 1 with stated 12.25 cm2 / 50 um (physically impossible for PVDF); stated area/thickness probably not the electrode geometry
PVDF,665340,1.4622233333333332e-10,1.46121e-10,0.03263,measurement workbook,12.25,50,0.6740748253220421,0.674074825322042,TO CONFIRM: eps_r < 1 with stated 12.25 cm2 / 50 um (physically impossible for PVDF); stated area/thickness probably not the electrode geometry
PVDF,670330,1.4621566666666666e-10,1.4611399999999998e-10,0.03273,measurement workbook,12.25,50,0.6740440924506238,0.6740440924506237,TO CONFIRM: eps_r < 1 with stated 12.25 cm2 / 50 um (physically impossible for PVDF); stated area/thickness probably not the electrode geometry
PVDF,675330,1.46209e-10,1.4610666666666666e-10,0.03285,measurement workbook,12.25,50,0.6740133595792055,0.6740133595792054,TO CONFIRM: eps_r < 1 with stated 12.25 cm2 / 50 um (physically impossible for PVDF); stated area/thickness probably not the electrode geometry
PVDF,680320,1.46203e-10,1.4610000000000002e-10,0.03295,measurement workbook,12.25,50,0.6739856999949291,0.673985699994929,TO CONFIRM: eps_r < 1 with stated 12.25 cm2 / 50 um (physically impossible for PVDF); stated area/thickness probably not the electrode geometry
PVDF,685320,1.4619466666666666e-10,1.46091e-10,0.03307,measurement workbook,12.25,50,0.6739472839056562,0.6739472839056561,TO CONFIRM: eps_r < 1 with stated 12.25 cm2 / 50 um (physically impossible for PVDF); stated area/thickness probably not the electrode geometry
PVDF,690310,1.4618633333333332e-10,1.4608166666666662e-10,0.03316,measurement workbook,12.25,50,0.6739088678163835,0.6739088678163834,TO CONFIRM: eps_r < 1 with stated 12.25 cm2 / 50 um (physically impossible for PVDF); stated area/thickness probably not the electrode geometry
PVDF,695310,1.46178e-10,1.4607233333333335e-10,0.03326,measurement workbook,12.25,50,0.6738704517271105,0.6738704517271105,TO CONFIRM: eps_r < 1 with stated 12.25 cm2 / 50 um (physically impossible for PVDF); stated area/thickness probably not the electrode geometry
PVDF,700300,1.461843333333333e-10,1.460783333333333e-10,0.03338,measurement workbook,12.25,50,0.673899647954958,0.6738996479549579,TO CONFIRM: eps_r < 1 with stated 12.25 cm2 / 50 um (physically impossible for PVDF); stated area/thickness probably not the electrode geometry
PVDF,705300,1.46176e-10,1.460693333333333e-10,0.03346,measurement workbook,12.25,50,0.6738612318656851,0.673861231865685,TO CONFIRM: eps_r < 1 with stated 12.25 cm2 / 50 um (physically impossible for PVDF); stated area/thickness probably not the electrode geometry
PVDF,710290,1.4616866666666667e-10,1.4606166666666666e-10,0.03357,measurement workbook,12.25,50,0.673827425707125,0.6738274257071248,TO CONFIRM: eps_r < 1 with stated 12.25 cm2 / 50 um (physically impossible for PVDF); stated area/thickness probably not the electrode geometry
PVDF,715290,1.4616000000000002e-10,1.4605233333333334e-10,0.03368,measurement workbook,12.25,50,0.6737874729742813,0.6737874729742812,TO CONFIRM: eps_r < 1 with stated 12.25 cm2 / 50 um (physically impossible for PVDF); stated area/thickness probably not the electrode geometry
PVDF,720280,1.461513333333333e-10,1.4604266666666667e-10,0.03377,measurement workbook,12.25,50,0.6737475202414375,0.6737475202414374,TO CONFIRM: eps_r < 1 with stated 12.25 cm2 / 50 um (physically impossible for PVDF); stated area/thickness probably not the electrode geometry
PVDF,725280,1.4614333333333334e-10,1.46034e-10,0.03388,measurement workbook,12.25,50,0.6737106407957356,0.6737106407957355,TO CONFIRM: eps_r < 1 with stated 12.25 cm2 / 50 um (physically impossible for PVDF); stated area/thickness probably not the electrode geometry
PVDF,730270,1.461346666666667e-10,1.4602533333333331e-10,0.03398,measurement workbook,12.25,50,0.6736706880628919,0.6736706880628918,TO CONFIRM: eps_r < 1 with stated 12.25 cm2 / 50 um (physically impossible for PVDF); stated area/thickness probably not the electrode geometry
PVDF,735270,1.4612666666666667e-10,1.4601633333333334e-10,0.03409,measurement workbook,12.25,50,0.6736338086171899,0.6736338086171898,TO CONFIRM: eps_r < 1 with stated 12.25 cm2 / 50 um (physically impossible for PVDF); stated area/thickness probably not the electrode geometry
PVDF,740260,1.4612e-10,1.4600866666666667e-10,0.03418,measurement workbook,12.25,50,0.6736030757457716,0.6736030757457716,TO CONFIRM: eps_r < 1 with stated 12.25 cm2 / 50 um (physically impossible for PVDF); stated area/thickness probably not the electrode geometry
PVDF,745260,1.461113333333333e-10,1.4599966666666667e-10,0.03429,measurement workbook,12.25,50,0.6735631230129279,0.6735631230129278,TO CONFIRM: eps_r < 1 with stated 12.25 cm2 / 50 um (physically impossible for PVDF); stated area/thickness probably not the electrode geometry
PVDF,750250,1.4610266666666667e-10,1.4599e-10,0.03439,measurement workbook,12.25,50,0.6735231702800841,0.673523170280084,TO CONFIRM: eps_r < 1 with stated 12.25 cm2 / 50 um (physically impossible for PVDF); stated area/thickness probably not the electrode geometry
PVDF,755250,1.46095e-10,1.45982e-10,0.03449,measurement workbook,12.25,50,0.6734878274779531,0.673487827477953,TO CONFIRM: eps_r < 1 with stated 12.25 cm2 / 50 um (physically impossible for PVDF); stated area/thickness probably not the electrode geometry
PVDF,760240,1.46086e-10,1.4597233333333332e-10,0.03456,measurement workbook,12.25,50,0.6734463381015384,0.6734463381015383,TO CONFIRM: eps_r < 1 with stated 12.25 cm2 / 50 um (physically impossible for PVDF); stated area/thickness probably not the electrode geometry
PVDF,765240,1.4607766666666667e-10,1.4596366666666667e-10,0.03466,measurement workbook,12.25,50,0.6734079220122655,0.6734079220122654,TO CONFIRM: eps_r < 1 with stated 12.25 cm2 / 50 um (physically impossible for PVDF); stated area/thickness probably not the electrode geometry
PVDF,770230,1.4606966666666662e-10,1.4595466666666667e-10,0.03478,measurement workbook,12.25,50,0.6733710425665635,0.6733710425665634,TO CONFIRM: eps_r < 1 with stated 12.25 cm2 / 50 um (physically impossible for PVDF); stated area/thickness probably not the electrode geometry
PVDF,775230,1.4606133333333334e-10,1.4594566666666667e-10,0.03488,measurement workbook,12.25,50,0.6733326264772908,0.6733326264772906,TO CONFIRM: eps_r < 1 with stated 12.25 cm2 / 50 um (physically impossible for PVDF); stated area/thickness probably not the electrode geometry
PVDF,780220,1.4605200000000002e-10,1.4593533333333332e-10,0.03495,measurement workbook,12.25,50,0.6732896004573052,0.6732896004573051,TO CONFIRM: eps_r < 1 with stated 12.25 cm2 / 50 um (physically impossible for PVDF); stated area/thickness probably not the electrode geometry
PVDF,785220,1.4604166666666667e-10,1.4592466666666665e-10,0.03507,measurement workbook,12.25,50,0.6732419645066069,0.6732419645066068,TO CONFIRM: eps_r < 1 with stated 12.25 cm2 / 50 um (physically impossible for PVDF); stated area/thickness probably not the electrode geometry
PVDF,790210,1.4603199999999998e-10,1.4591466666666666e-10,0.03515,measurement workbook,12.25,50,0.6731974018430503,0.6731974018430502,TO CONFIRM: eps_r < 1 with stated 12.25 cm2 / 50 um (physically impossible for PVDF); stated area/thickness probably not the electrode geometry
PVDF,795210,1.4602266666666666e-10,1.4590433333333334e-10,0.03526,measurement workbook,12.25,50,0.6731543758230647,0.6731543758230646,TO CONFIRM: eps_r < 1 with stated 12.25 cm2 / 50 um (physically impossible for PVDF); stated area/thickness probably not the electrode geometry
PVDF,800200,1.4601133333333335e-10,1.45893e-10,0.03534,measurement workbook,12.25,50,0.6731021299416537,0.6731021299416536,TO CONFIRM: eps_r < 1 with stated 12.25 cm2 / 50 um (physically impossible for PVDF); stated area/thickness probably not the electrode geometry
PVDF,805200,1.4600366666666668e-10,1.4588433333333334e-10,0.03543,measurement workbook,12.25,50,0.6730667871395227,0.6730667871395226,TO CONFIRM: eps_r < 1 with stated 12.25 cm2 / 50 um (physically impossible for PVDF); stated area/thickness probably not the electrode geometry
PVDF,810190,1.4599066666666667e-10,1.458703333333333e-10,0.0355,measurement workbook,12.25,50,0.6730068580402571,0.673006858040257,TO CONFIRM: eps_r < 1 with stated 12.25 cm2 / 50 um (physically impossible for PVDF); stated area/thickness probably not the electrode geometry
PVDF,815190,1.45978e-10,1.45857e-10,0.03561,measurement workbook,12.25,50,0.6729484655845624,0.6729484655845623,TO CONFIRM: eps_r < 1 with stated 12.25 cm2 / 50 um (physically impossible for PVDF); stated area/thickness probably not the electrode geometry
PVDF,820180,1.4596266666666666e-10,1.4584166666666666e-10,0.03568,measurement workbook,12.25,50,0.6728777799803003,0.6728777799803002,TO CONFIRM: eps_r < 1 with stated 12.25 cm2 / 50 um (physically impossible for PVDF); stated area/thickness probably not the electrode geometry
PVDF,825180,1.4594566666666667e-10,1.4582400000000003e-10,0.03579,measurement workbook,12.25,50,0.6727994111581836,0.6727994111581836,TO CONFIRM: eps_r < 1 with stated 12.25 cm2 / 50 um (physically impossible for PVDF); stated area/thickness probably not the electrode geometry
PVDF,830170,1.4593e-10,1.4580766666666668e-10,0.03587,measurement workbook,12.25,50,0.6727271889103508,0.6727271889103507,TO CONFIRM: eps_r < 1 with stated 12.25 cm2 / 50 um (physically impossible for PVDF); stated area/thickness probably not the electrode geometry
PVDF,835170,1.4591433333333334e-10,1.45791e-10,0.03596,measurement workbook,12.25,50,0.6726549666625178,0.6726549666625177,TO CONFIRM: eps_r < 1 with stated 12.25 cm2 / 50 um (physically impossible for PVDF); stated area/thickness probably not the electrode geometry
PVDF,840160,1.4589599999999995e-10,1.45772e-10,0.03603,measurement workbook,12.25,50,0.6725704512661175,0.6725704512661174,TO CONFIRM: eps_r < 1 with stated 12.25 cm2 / 50 um (physically impossible for PVDF); stated area/thickness probably not the electrode geometry
PVDF,845160,1.45881e-10,1.45757e-10,0.03613,measurement workbook,12.25,50,0.6725013023054264,0.6725013023054263,TO CONFIRM: eps_r < 1 with stated 12.25 cm2 / 50 um (physically impossible for PVDF); stated area/thickness probably not the electrode geometry
PVDF,850150,1.4586633333333332e-10,1.4574166666666668e-10,0.03622,measurement workbook,12.25,50,0.6724336899883062,0.6724336899883061,TO CONFIRM: eps_r < 1 with stated 12.25 cm2 / 50 um (physically impossible for PVDF); stated area/thickness probably not the electrode geometry
PVDF,855150,1.4585266666666667e-10,1.4572733333333332e-10,0.0363,measurement workbook,12.25,50,0.6723706876018987,0.6723706876018986,TO CONFIRM: eps_r < 1 with stated 12.25 cm2 / 50 um (physically impossible for PVDF); stated area/thickness probably not the electrode geometry
PVDF,860140,1.4583566666666668e-10,1.4571e-10,0.03638,measurement workbook,12.25,50,0.6722923187797822,0.6722923187797821,TO CONFIRM: eps_r < 1 with stated 12.25 cm2 / 50 um (physically impossible for PVDF); stated area/thickness probably not the electrode geometry
PVDF,865140,1.458193333333333e-10,1.456933333333333e-10,0.03646,measurement workbook,12.25,50,0.6722170232448074,0.6722170232448073,TO CONFIRM: eps_r < 1 with stated 12.25 cm2 / 50 um (physically impossible for PVDF); stated area/thickness probably not the electrode geometry
PVDF,870130,1.4580366666666667e-10,1.45677e-10,0.03657,measurement workbook,12.25,50,0.6721448009969745,0.6721448009969744,TO CONFIRM: eps_r < 1 with stated 12.25 cm2 / 50 um (physically impossible for PVDF); stated area/thickness probably not the electrode geometry
PVDF,875130,1.4579e-10,1.4566166666666666e-10,0.03664,measurement workbook,12.25,50,0.6720817986105669,0.6720817986105668,TO CONFIRM: eps_r < 1 with stated 12.25 cm2 / 50 um (physically impossible for PVDF); stated area/thickness probably not the electrode geometry
PVDF,880120,1.4577333333333332e-10,1.4564533333333334e-10,0.03671,measurement workbook,12.25,50,0.6720049664320211,0.672004966432021,TO CONFIRM: eps_r < 1 with stated 12.25 cm2 / 50 um (physically impossible for PVDF); stated area/thickness probably not the electrode geometry
PVDF,885120,1.4575700000000002e-10,1.4562866666666666e-10,0.03681,measurement workbook,12.25,50,0.6719296708970466,0.6719296708970465,TO CONFIRM: eps_r < 1 with stated 12.25 cm2 / 50 um (physically impossible for PVDF); stated area/thickness probably not the electrode geometry
PVDF,890110,1.4573900000000002e-10,1.4560966666666668e-10,0.03688,measurement workbook,12.25,50,0.6718466921442172,0.6718466921442171,TO CONFIRM: eps_r < 1 with stated 12.25 cm2 / 50 um (physically impossible for PVDF); stated area/thickness probably not the electrode geometry
PVDF,895110,1.4572799999999998e-10,1.4559766666666668e-10,0.03696,measurement workbook,12.25,50,0.6717959829063769,0.6717959829063768,TO CONFIRM: eps_r < 1 with stated 12.25 cm2 / 50 um (physically impossible for PVDF); stated area/thickness probably not the electrode geometry
PVDF,900100,1.45711e-10,1.4558066666666667e-10,0.03705,measurement workbook,12.25,50,0.6717176140842603,0.6717176140842602,TO CONFIRM: eps_r < 1 with stated 12.25 cm2 / 50 um (physically impossible for PVDF); stated area/thickness probably not the electrode geometry
PVDF,905100,1.4569766666666666e-10,1.45567e-10,0.03713,measurement workbook,12.25,50,0.6716561483414238,0.6716561483414237,TO CONFIRM: eps_r < 1 with stated 12.25 cm2 / 50 um (physically impossible for PVDF); stated area/thickness probably not the electrode geometry
PVDF,910090,1.4568266666666666e-10,1.455513333333333e-10,0.0372,measurement workbook,12.25,50,0.6715869993807326,0.6715869993807325,TO CONFIRM: eps_r < 1 with stated 12.25 cm2 / 50 um (physically impossible for PVDF); stated area/thickness probably not the electrode geometry
PVDF,915090,1.4566766666666666e-10,1.4553566666666667e-10,0.03728,measurement workbook,12.25,50,0.6715178504200416,0.6715178504200415,TO CONFIRM: eps_r < 1 with stated 12.25 cm2 / 50 um (physically impossible for PVDF); stated area/thickness probably not the electrode geometry
PVDF,920080,1.4565400000000002e-10,1.455213333333333e-10,0.03736,measurement workbook,12.25,50,0.6714548480336342,0.6714548480336341,TO CONFIRM: eps_r < 1 with stated 12.25 cm2 / 50 um (physically impossible for PVDF); stated area/thickness probably not the electrode geometry
PVDF,925080,1.45641e-10,1.4550733333333334e-10,0.03745,measurement workbook,12.25,50,0.6713949189343685,0.6713949189343684,TO CONFIRM: eps_r < 1 with stated 12.25 cm2 / 50 um (physically impossible for PVDF); stated area/thickness probably not the electrode geometry
PVDF,930070,1.45627e-10,1.4549333333333335e-10,0.03752,measurement workbook,12.25,50,0.67133037990439,0.6713303799043899,TO CONFIRM: eps_r < 1 with stated 12.25 cm2 / 50 um (physically impossible for PVDF); stated area/thickness probably not the electrode geometry
PVDF,935070,1.45613e-10,1.45479e-10,0.03758,measurement workbook,12.25,50,0.6712658408744118,0.6712658408744117,TO CONFIRM: eps_r < 1 with stated 12.25 cm2 / 50 um (physically impossible for PVDF); stated area/thickness probably not the electrode geometry
PVDF,940060,1.4560033333333334e-10,1.4546566666666666e-10,0.03768,measurement workbook,12.25,50,0.671207448418717,0.6712074484187169,TO CONFIRM: eps_r < 1 with stated 12.25 cm2 / 50 um (physically impossible for PVDF); stated area/thickness probably not the electrode geometry
PVDF,945060,1.455873333333333e-10,1.45452e-10,0.03776,measurement workbook,12.25,50,0.6711475193194513,0.6711475193194512,TO CONFIRM: eps_r < 1 with stated 12.25 cm2 / 50 um (physically impossible for PVDF); stated area/thickness probably not the electrode geometry
PVDF,950050,1.4557466666666667e-10,1.4543866666666666e-10,0.03784,measurement workbook,12.25,50,0.6710891268637567,0.6710891268637565,TO CONFIRM: eps_r < 1 with stated 12.25 cm2 / 50 um (physically impossible for PVDF); stated area/thickness probably not the electrode geometry
PVDF,955050,1.4556166666666668e-10,1.4542533333333328e-10,0.0379,measurement workbook,12.25,50,0.671029197764491,0.6710291977644909,TO CONFIRM: eps_r < 1 with stated 12.25 cm2 / 50 um (physically impossible for PVDF); stated area/thickness probably not the electrode geometry
PVDF,960040,1.4554933333333334e-10,1.454123333333333e-10,0.03798,measurement workbook,12.25,50,0.6709723419523672,0.6709723419523671,TO CONFIRM: eps_r < 1 with stated 12.25 cm2 / 50 um (physically impossible for PVDF); stated area/thickness probably not the electrode geometry
PVDF,965040,1.455393333333333e-10,1.4540166666666666e-10,0.03805,measurement workbook,12.25,50,0.6709262426452397,0.6709262426452396,TO CONFIRM: eps_r < 1 with stated 12.25 cm2 / 50 um (physically impossible for PVDF); stated area/thickness probably not the electrode geometry
PVDF,970030,1.455273333333333e-10,1.4538933333333329e-10,0.03813,measurement workbook,12.25,50,0.6708709234766869,0.6708709234766868,TO CONFIRM: eps_r < 1 with stated 12.25 cm2 / 50 um (physically impossible for PVDF); stated area/thickness probably not the electrode geometry
PVDF,975030,1.4551733333333332e-10,1.4537899999999998e-10,0.03822,measurement workbook,12.25,50,0.6708248241695595,0.6708248241695594,TO CONFIRM: eps_r < 1 with stated 12.25 cm2 / 50 um (physically impossible for PVDF); stated area/thickness probably not the electrode geometry
PVDF,980020,1.4550633333333328e-10,1.4536699999999999e-10,0.03827,measurement workbook,12.25,50,0.6707741149317191,0.670774114931719,TO CONFIRM: eps_r < 1 with stated 12.25 cm2 / 50 um (physically impossible for PVDF); stated area/thickness probably not the electrode geometry
PVDF,985020,1.4549466666666663e-10,1.4535499999999999e-10,0.03836,measurement workbook,12.25,50,0.6707203324067372,0.6707203324067371,TO CONFIRM: eps_r < 1 with stated 12.25 cm2 / 50 um (physically impossible for PVDF); stated area/thickness probably not the electrode geometry
PVDF,990010,1.45483e-10,1.4534266666666667e-10,0.03842,measurement workbook,12.25,50,0.6706665498817553,0.6706665498817552,TO CONFIRM: eps_r < 1 with stated 12.25 cm2 / 50 um (physically impossible for PVDF); stated area/thickness probably not the electrode geometry
PVDF,995010,1.4547166666666666e-10,1.4533099999999999e-10,0.03849,measurement workbook,12.25,50,0.6706143040003442,0.6706143040003442,TO CONFIRM: eps_r < 1 with stated 12.25 cm2 / 50 um (physically impossible for PVDF); stated area/thickness probably not the electrode geometry
PVDF,1000000,1.454603333333333e-10,1.453193333333333e-10,0.03849,measurement workbook,12.25,50,0.6705620581189331,0.670562058118933,TO CONFIRM: eps_r < 1 with stated 12.25 cm2 / 50 um (physically impossible for PVDF); stated area/thickness probably not the electrode geometry
PVDF/BaTiO3,1000,9.677093333333332e-11,9.676903333333334e-11,0.00791,measurement workbook,12.25,50,0.4461072976739826,0.4461072976739825,TO CONFIRM: eps_r < 1 with stated 12.25 cm2 / 50 um (physically impossible for PVDF); stated area/thickness probably not the electrode geometry
PVDF/BaTiO3,5995,9.64291e-11,9.64279e-11,0.00694,measurement workbook,12.25,50,0.4445314696920106,0.4445314696920106,TO CONFIRM: eps_r < 1 with stated 12.25 cm2 / 50 um (physically impossible for PVDF); stated area/thickness probably not the electrode geometry
PVDF/BaTiO3,10990,9.632679999999999e-11,9.632523333333331e-11,0.00672,measurement workbook,12.25,50,0.444059873780097,0.444059873780097,TO CONFIRM: eps_r < 1 with stated 12.25 cm2 / 50 um (physically impossible for PVDF); stated area/thickness probably not the electrode geometry
PVDF/BaTiO3,15985,9.624766666666668e-11,9.624606666666666e-11,0.00723,measurement workbook,12.25,50,0.4436950745963622,0.4436950745963621,TO CONFIRM: eps_r < 1 with stated 12.25 cm2 / 50 um (physically impossible for PVDF); stated area/thickness probably not the electrode geometry
PVDF/BaTiO3,20980,9.617966666666668e-11,9.617729999999999e-11,0.00791,measurement workbook,12.25,50,0.4433815993078958,0.4433815993078957,TO CONFIRM: eps_r < 1 with stated 12.25 cm2 / 50 um (physically impossible for PVDF); stated area/thickness probably not the electrode geometry
PVDF/BaTiO3,25975,9.6132e-11,9.612926666666668e-11,0.00796,measurement workbook,12.25,50,0.4431618592772551,0.4431618592772551,TO CONFIRM: eps_r < 1 with stated 12.25 cm2 / 50 um (physically impossible for PVDF); stated area/thickness probably not the electrode geometry
PVDF/BaTiO3,30970,9.608963333333332e-11,9.608653333333331e-11,0.00833,measurement workbook,12.25,50,0.4429665518793919,0.4429665518793919,TO CONFIRM: eps_r < 1 with stated 12.25 cm2 / 50 um (physically impossible for PVDF); stated area/thickness probably not the electrode geometry
PVDF/BaTiO3,35965,9.60531e-11,9.604956666666666e-11,0.00874,measurement workbook,12.25,50,0.4427981357440198,0.4427981357440197,TO CONFIRM: eps_r < 1 with stated 12.25 cm2 / 50 um (physically impossible for PVDF); stated area/thickness probably not the electrode geometry
PVDF/BaTiO3,40960,9.600736666666667e-11,9.60038e-11,0.00894,measurement workbook,12.25,50,0.4425873082460904,0.4425873082460904,TO CONFIRM: eps_r < 1 with stated 12.25 cm2 / 50 um (physically impossible for PVDF); stated area/thickness probably not the electrode geometry
PVDF/BaTiO3,45955,9.597493333333332e-11,9.597066666666667e-11,0.0092,measurement workbook,12.25,50,0.4424377928266405,0.4424377928266404,TO CONFIRM: eps_r < 1 with stated 12.25 cm2 / 50 um (physically impossible for PVDF); stated area/thickness probably not the electrode geometry
PVDF/BaTiO3,50950,9.594506666666668e-11,9.594073333333334e-11,0.00952,measurement workbook,12.25,50,0.4423001095626866,0.4423001095626866,TO CONFIRM: eps_r < 1 with stated 12.25 cm2 / 50 um (physically impossible for PVDF); stated area/thickness probably not the electrode geometry
PVDF/BaTiO3,55945,9.59252e-11,9.592013333333331e-11,0.00991,measurement workbook,12.25,50,0.4422085256058601,0.4422085256058601,TO CONFIRM: eps_r < 1 with stated 12.25 cm2 / 50 um (physically impossible for PVDF); stated area/thickness probably not the electrode geometry
PVDF/BaTiO3,60940,9.58921e-11,9.588696666666665e-11,0.01027,measurement workbook,12.25,50,0.4420559368992684,0.4420559368992683,TO CONFIRM: eps_r < 1 with stated 12.25 cm2 / 50 um (physically impossible for PVDF); stated area/thickness probably not the electrode geometry
PVDF/BaTiO3,65935,9.585983333333332e-11,9.585433333333334e-11,0.01045,measurement workbook,12.25,50,0.441907189801604,0.4419071898016039,TO CONFIRM: eps_r < 1 with stated 12.25 cm2 / 50 um (physically impossible for PVDF); stated area/thickness probably not the electrode geometry
PVDF/BaTiO3,70930,9.583096666666665e-11,9.58251e-11,0.0107,measurement workbook,12.25,50,0.4417741164683628,0.4417741164683627,TO CONFIRM: eps_r < 1 with stated 12.25 cm2 / 50 um (physically impossible for PVDF); stated area/thickness probably not the electrode geometry
PVDF/BaTiO3,75925,9.58121e-11,9.580616666666664e-11,0.011,measurement workbook,12.25,50,0.4416871424422491,0.441687142442249,TO CONFIRM: eps_r < 1 with stated 12.25 cm2 / 50 um (physically impossible for PVDF); stated area/thickness probably not the electrode geometry
PVDF/BaTiO3,80920,9.57891e-11,9.578276666666664e-11,0.01124,measurement workbook,12.25,50,0.4415811140358561,0.441581114035856,TO CONFIRM: eps_r < 1 with stated 12.25 cm2 / 50 um (physically impossible for PVDF); stated area/thickness probably not the electrode geometry
PVDF/BaTiO3,85915,9.576743333333332e-11,9.576073333333332e-11,0.01155,measurement workbook,12.25,50,0.4414812322037467,0.4414812322037466,TO CONFIRM: eps_r < 1 with stated 12.25 cm2 / 50 um (physically impossible for PVDF); stated area/thickness probably not the electrode geometry
PVDF/BaTiO3,90910,9.575026666666666e-11,9.574249999999999e-11,0.01178,measurement workbook,12.25,50,0.4414020950598445,0.4414020950598445,TO CONFIRM: eps_r < 1 with stated 12.25 cm2 / 50 um (physically impossible for PVDF); stated area/thickness probably not the electrode geometry
PVDF/BaTiO3,95905,9.573859999999999e-11,9.573076666666667e-11,0.01206,measurement workbook,12.25,50,0.4413483125348625,0.4413483125348625,TO CONFIRM: eps_r < 1 with stated 12.25 cm2 / 50 um (physically impossible for PVDF); stated area/thickness probably not the electrode geometry
PVDF/BaTiO3,100900,9.570633333333332e-11,9.56981e-11,0.01246,measurement workbook,12.25,50,0.4411995654371981,0.441199565437198,TO CONFIRM: eps_r < 1 with stated 12.25 cm2 / 50 um (physically impossible for PVDF); stated area/thickness probably not the electrode geometry
PVDF/BaTiO3,105900,9.568713333333331e-11,9.56785e-11,0.01257,measurement workbook,12.25,50,0.4411110547675135,0.4411110547675134,TO CONFIRM: eps_r < 1 with stated 12.25 cm2 / 50 um (physically impossible for PVDF); stated area/thickness probably not the electrode geometry
PVDF/BaTiO3,110890,9.566893333333332e-11,9.566023333333332e-11,0.0129,measurement workbook,12.25,50,0.4410271540285416,0.4410271540285415,TO CONFIRM: eps_r < 1 with stated 12.25 cm2 / 50 um (physically impossible for PVDF); stated area/thickness probably not the electrode geometry
PVDF/BaTiO3,115890,9.563466666666667e-11,9.562523333333333e-11,0.01306,measurement workbook,12.25,50,0.4408691870694517,0.4408691870694516,TO CONFIRM: eps_r < 1 with stated 12.25 cm2 / 50 um (physically impossible for PVDF); stated area/thickness probably not the electrode geometry
PVDF/BaTiO3,120880,9.56163e-11,9.560613333333332e-11,0.01336,measurement workbook,12.25,50,0.4407845180086943,0.4407845180086943,TO CONFIRM: eps_r < 1 with stated 12.25 cm2 / 50 um (physically impossible for PVDF); stated area/thickness probably not the electrode geometry
PVDF/BaTiO3,125880,9.559436666666666e-11,9.558416666666668e-11,0.01353,measurement workbook,12.25,50,0.4406834068617282,0.4406834068617281,TO CONFIRM: eps_r < 1 with stated 12.25 cm2 / 50 um (physically impossible for PVDF); stated area/thickness probably not the electrode geometry
PVDF/BaTiO3,130870,9.557396666666668e-11,9.556373333333332e-11,0.0138,measurement workbook,12.25,50,0.4405893642751883,0.4405893642751882,TO CONFIRM: eps_r < 1 with stated 12.25 cm2 / 50 um (physically impossible for PVDF); stated area/thickness probably not the electrode geometry
PVDF/BaTiO3,135870,9.55548e-11,9.554383333333335e-11,0.01394,measurement workbook,12.25,50,0.4405010072698607,0.4405010072698606,TO CONFIRM: eps_r < 1 with stated 12.25 cm2 / 50 um (physically impossible for PVDF); stated area/thickness probably not the electrode geometry
PVDF/BaTiO3,140860,9.554513333333331e-11,9.553373333333334e-11,0.01424,measurement workbook,12.25,50,0.4404564446063042,0.4404564446063041,TO CONFIRM: eps_r < 1 with stated 12.25 cm2 / 50 um (physically impossible for PVDF); stated area/thickness probably not the electrode geometry
PVDF/BaTiO3,145860,9.552843333333331e-11,9.551663333333331e-11,0.01448,measurement workbook,12.25,50,0.4403794587634014,0.4403794587634014,TO CONFIRM: eps_r < 1 with stated 12.25 cm2 / 50 um (physically impossible for PVDF); stated area/thickness probably not the electrode geometry
PVDF/BaTiO3,150850,9.551173333333335e-11,9.549956666666668e-11,0.01472,measurement workbook,12.25,50,0.4403024729204988,0.4403024729204987,TO CONFIRM: eps_r < 1 with stated 12.25 cm2 / 50 um (physically impossible for PVDF); stated area/thickness probably not the electrode geometry
PVDF/BaTiO3,155850,9.549726666666667e-11,9.548436666666666e-11,0.01488,measurement workbook,12.25,50,0.440235782589521,0.440235782589521,TO CONFIRM: eps_r < 1 with stated 12.25 cm2 / 50 um (physically impossible for PVDF); stated area/thickness probably not the electrode geometry
PVDF/BaTiO3,160840,9.547986666666667e-11,9.546723333333332e-11,0.01508,measurement workbook,12.25,50,0.4401555697951193,0.4401555697951193,TO CONFIRM: eps_r < 1 with stated 12.25 cm2 / 50 um (physically impossible for PVDF); stated area/thickness probably not the electrode geometry
PVDF/BaTiO3,165840,9.546376666666666e-11,9.545043333333332e-11,0.01527,measurement workbook,12.25,50,0.4400813499106442,0.4400813499106441,TO CONFIRM: eps_r < 1 with stated 12.25 cm2 / 50 um (physically impossible for PVDF); stated area/thickness probably not the electrode geometry
PVDF/BaTiO3,170830,9.544386666666667e-11,9.543046666666665e-11,0.01549,measurement workbook,12.25,50,0.4399896122894607,0.4399896122894606,TO CONFIRM: eps_r < 1 with stated 12.25 cm2 / 50 um (physically impossible for PVDF); stated area/thickness probably not the electrode geometry
PVDF/BaTiO3,175830,9.54269e-11,9.54128e-11,0.01563,measurement workbook,12.25,50,0.4399113971317011,0.439911397131701,TO CONFIRM: eps_r < 1 with stated 12.25 cm2 / 50 um (physically impossible for PVDF); stated area/thickness probably not the electrode geometry
PVDF/BaTiO3,180820,9.541466666666666e-11,9.540016666666667e-11,0.01583,measurement workbook,12.25,50,0.4398550023126485,0.4398550023126484,TO CONFIRM: eps_r < 1 with stated 12.25 cm2 / 50 um (physically impossible for PVDF); stated area/thickness probably not the electrode geometry
PVDF/BaTiO3,185820,9.539566666666666e-11,9.538113333333334e-11,0.01604,measurement workbook,12.25,50,0.4397674136291065,0.4397674136291064,TO CONFIRM: eps_r < 1 with stated 12.25 cm2 / 50 um (physically impossible for PVDF); stated area/thickness probably not the electrode geometry
PVDF/BaTiO3,190810,9.537203333333336e-11,9.535743333333336e-11,0.01622,measurement workbook,12.25,50,0.4396584655999287,0.4396584655999287,TO CONFIRM: eps_r < 1 with stated 12.25 cm2 / 50 um (physically impossible for PVDF); stated area/thickness probably not the electrode geometry
PVDF/BaTiO3,195810,9.535283333333331e-11,9.533753333333336e-11,0.0164,measurement workbook,12.25,50,0.4395699549302441,0.439569954930244,TO CONFIRM: eps_r < 1 with stated 12.25 cm2 / 50 um (physically impossible for PVDF); stated area/thickness probably not the electrode geometry
PVDF/BaTiO3,200800,9.535143333333332e-11,9.533533333333332e-11,0.0166,measurement workbook,12.25,50,0.4395635010272462,0.4395635010272462,TO CONFIRM: eps_r < 1 with stated 12.25 cm2 / 50 um (physically impossible for PVDF); stated area/thickness probably not the electrode geometry
PVDF/BaTiO3,205800,9.533593333333332e-11,9.531946666666667e-11,0.01676,measurement workbook,12.25,50,0.4394920471011987,0.4394920471011986,TO CONFIRM: eps_r < 1 with stated 12.25 cm2 / 50 um (physically impossible for PVDF); stated area/thickness probably not the electrode geometry
PVDF/BaTiO3,210790,9.532176666666668e-11,9.530523333333334e-11,0.01695,measurement workbook,12.25,50,0.4394267397494349,0.4394267397494348,TO CONFIRM: eps_r < 1 with stated 12.25 cm2 / 50 um (physically impossible for PVDF); stated area/thickness probably not the electrode geometry
PVDF/BaTiO3,215790,9.530436666666665e-11,9.528743333333331e-11,0.01713,measurement workbook,12.25,50,0.4393465269550332,0.4393465269550331,TO CONFIRM: eps_r < 1 with stated 12.25 cm2 / 50 um (physically impossible for PVDF); stated area/thickness probably not the electrode geometry
PVDF/BaTiO3,220780,9.52896e-11,9.527226666666668e-11,0.01728,measurement workbook,12.25,50,0.4392784536448417,0.4392784536448417,TO CONFIRM: eps_r < 1 with stated 12.25 cm2 / 50 um (physically impossible for PVDF); stated area/thickness probably not the electrode geometry
PVDF/BaTiO3,225780,9.527783333333333e-11,9.526013333333334e-11,0.01747,measurement workbook,12.25,50,0.4392242101267885,0.4392242101267885,TO CONFIRM: eps_r < 1 with stated 12.25 cm2 / 50 um (physically impossible for PVDF); stated area/thickness probably not the electrode geometry
PVDF/BaTiO3,230770,9.52616e-11,9.524316666666667e-11,0.01761,measurement workbook,12.25,50,0.439149375584885,0.4391493755848849,TO CONFIRM: eps_r < 1 with stated 12.25 cm2 / 50 um (physically impossible for PVDF); stated area/thickness probably not the electrode geometry
PVDF/BaTiO3,235770,9.524589999999999e-11,9.522773333333332e-11,0.01775,measurement workbook,12.25,50,0.4390769996726949,0.4390769996726948,TO CONFIRM: eps_r < 1 with stated 12.25 cm2 / 50 um (physically impossible for PVDF); stated area/thickness probably not the electrode geometry
PVDF/BaTiO3,240760,9.523106666666668e-11,9.52125e-11,0.01794,measurement workbook,12.25,50,0.4390086190337893,0.4390086190337892,TO CONFIRM: eps_r < 1 with stated 12.25 cm2 / 50 um (physically impossible for PVDF); stated area/thickness probably not the electrode geometry
PVDF/BaTiO3,245760,9.52182e-11,9.519893333333332e-11,0.01805,measurement workbook,12.25,50,0.438949304591952,0.4389493045919519,TO CONFIRM: eps_r < 1 with stated 12.25 cm2 / 50 um (physically impossible for PVDF); stated area/thickness probably not the electrode geometry
PVDF/BaTiO3,250750,9.52038e-11,9.518413333333332e-11,0.01824,measurement workbook,12.25,50,0.4388829215896886,0.4388829215896885,TO CONFIRM: eps_r < 1 with stated 12.25 cm2 / 50 um (physically impossible for PVDF); stated area/thickness probably not the electrode geometry
PVDF/BaTiO3,255750,9.518783333333336e-11,9.516813333333332e-11,0.01839,measurement workbook,12.25,50,0.4388093163626418,0.4388093163626417,TO CONFIRM: eps_r < 1 with stated 12.25 cm2 / 50 um (physically impossible for PVDF); stated area/thickness probably not the electrode geometry
PVDF/BaTiO3,260740,9.51791e-11,9.515903333333334e-11,0.01852,measurement workbook,12.25,50,0.4387690563010838,0.4387690563010837,TO CONFIRM: eps_r < 1 with stated 12.25 cm2 / 50 um (physically impossible for PVDF); stated area/thickness probably not the electrode geometry
PVDF/BaTiO3,265740,9.517809999999999e-11,9.515796666666668e-11,0.01868,measurement workbook,12.25,50,0.438764446370371,0.438764446370371,TO CONFIRM: eps_r < 1 with stated 12.25 cm2 / 50 um (physically impossible for PVDF); stated area/thickness probably not the electrode geometry
PVDF/BaTiO3,270730,9.518003333333334e-11,9.51592e-11,0.01883,measurement workbook,12.25,50,0.4387733589030824,0.4387733589030823,TO CONFIRM: eps_r < 1 with stated 12.25 cm2 / 50 um (physically impossible for PVDF); stated area/thickness probably not the electrode geometry
PVDF/BaTiO3,275730,9.5176e-11,9.515516666666668e-11,0.01897,measurement workbook,12.25,50,0.4387547655158744,0.4387547655158743,TO CONFIRM: eps_r < 1 with stated 12.25 cm2 / 50 um (physically impossible for PVDF); stated area/thickness probably not the electrode geometry
PVDF/BaTiO3,280720,9.517536666666668e-11,9.515376666666667e-11,0.01912,measurement workbook,12.25,50,0.4387518458930896,0.4387518458930895,TO CONFIRM: eps_r < 1 with stated 12.25 cm2 / 50 um (physically impossible for PVDF); stated area/thickness probably not the electrode geometry
PVDF/BaTiO3,285720,9.51711e-11,9.514913333333331e-11,0.01925,measurement workbook,12.25,50,0.4387321768553818,0.4387321768553818,TO CONFIRM: eps_r < 1 with stated 12.25 cm2 / 50 um (physically impossible for PVDF); stated area/thickness probably not the electrode geometry
PVDF/BaTiO3,290710,9.516373333333331e-11,9.51417e-11,0.01938,measurement workbook,12.25,50,0.4386982170324646,0.4386982170324646,TO CONFIRM: eps_r < 1 with stated 12.25 cm2 / 50 um (physically impossible for PVDF); stated area/thickness probably not the electrode geometry
PVDF/BaTiO3,295710,9.51536e-11,9.513119999999999e-11,0.01953,measurement workbook,12.25,50,0.4386515030679089,0.4386515030679088,TO CONFIRM: eps_r < 1 with stated 12.25 cm2 / 50 um (physically impossible for PVDF); stated area/thickness probably not the electrode geometry
PVDF/BaTiO3,300700,9.515093333333332e-11,9.512776666666666e-11,0.01971,measurement workbook,12.25,50,0.4386392099193416,0.4386392099193415,TO CONFIRM: eps_r < 1 with stated 12.25 cm2 / 50 um (physically impossible for PVDF); stated area/thickness probably not the electrode geometry
PVDF/BaTiO3,305700,9.514136666666666e-11,9.511813333333332e-11,0.01983,measurement workbook,12.25,50,0.4385951082488564,0.4385951082488563,TO CONFIRM: eps_r < 1 with stated 12.25 cm2 / 50 um (physically impossible for PVDF); stated area/thickness probably not the electrode geometry
PVDF/BaTiO3,310690,9.513473333333334e-11,9.511079999999999e-11,0.01998,measurement workbook,12.25,50,0.4385645290417952,0.4385645290417951,TO CONFIRM: eps_r < 1 with stated 12.25 cm2 / 50 um (physically impossible for PVDF); stated area/thickness probably not the electrode geometry
PVDF/BaTiO3,315690,9.512466666666665e-11,9.510066666666665e-11,0.02012,measurement workbook,12.25,50,0.4385181224059536,0.4385181224059535,TO CONFIRM: eps_r < 1 with stated 12.25 cm2 / 50 um (physically impossible for PVDF); stated area/thickness probably not the electrode geometry
PVDF/BaTiO3,320680,9.511533333333332e-11,9.509093333333332e-11,0.02025,measurement workbook,12.25,50,0.4384750963859679,0.4384750963859679,TO CONFIRM: eps_r < 1 with stated 12.25 cm2 / 50 um (physically impossible for PVDF); stated area/thickness probably not the electrode geometry
PVDF/BaTiO3,325680,9.509456666666667e-11,9.507013333333332e-11,0.02039,measurement workbook,12.25,50,0.4383793634915001,0.4383793634915001,TO CONFIRM: eps_r < 1 with stated 12.25 cm2 / 50 um (physically impossible for PVDF); stated area/thickness probably not the electrode geometry
PVDF/BaTiO3,330670,9.50778e-11,9.505296666666666e-11,0.02052,measurement workbook,12.25,50,0.4383020703198831,0.438302070319883,TO CONFIRM: eps_r < 1 with stated 12.25 cm2 / 50 um (physically impossible for PVDF); stated area/thickness probably not the electrode geometry
PVDF/BaTiO3,335670,9.5056e-11,9.503079999999999e-11,0.02065,measurement workbook,12.25,50,0.4382015738303453,0.4382015738303453,TO CONFIRM: eps_r < 1 with stated 12.25 cm2 / 50 um (physically impossible for PVDF); stated area/thickness probably not the electrode geometry
PVDF/BaTiO3,340660,9.505293333333332e-11,9.5027e-11,0.02078,measurement workbook,12.25,50,0.4381874367094929,0.4381874367094929,TO CONFIRM: eps_r < 1 with stated 12.25 cm2 / 50 um (physically impossible for PVDF); stated area/thickness probably not the electrode geometry
PVDF/BaTiO3,345660,9.503829999999999e-11,9.501196666666668e-11,0.02091,measurement workbook,12.25,50,0.4381199780567298,0.4381199780567297,TO CONFIRM: eps_r < 1 with stated 12.25 cm2 / 50 um (physically impossible for PVDF); stated area/thickness probably not the electrode geometry
PVDF/BaTiO3,350650,9.502163333333332e-11,9.49949e-11,0.02104,measurement workbook,12.25,50,0.4380431458781841,0.4380431458781841,TO CONFIRM: eps_r < 1 with stated 12.25 cm2 / 50 um (physically impossible for PVDF); stated area/thickness probably not the electrode geometry
PVDF/BaTiO3,355650,9.500066666666667e-11,9.497393333333331e-11,0.02117,measurement workbook,12.25,50,0.4379464909975737,0.4379464909975736,TO CONFIRM: eps_r < 1 with stated 12.25 cm2 / 50 um (physically impossible for PVDF); stated area/thickness probably not the electrode geometry
PVDF/BaTiO3,360640,9.498e-11,9.49532e-11,0.02125,measurement workbook,12.25,50,0.437851219096177,0.4378512190961769,TO CONFIRM: eps_r < 1 with stated 12.25 cm2 / 50 um (physically impossible for PVDF); stated area/thickness probably not the electrode geometry
PVDF/BaTiO3,365640,9.496306666666668e-11,9.493556666666665e-11,0.02137,measurement workbook,12.25,50,0.4377731576027746,0.4377731576027746,TO CONFIRM: eps_r < 1 with stated 12.25 cm2 / 50 um (physically impossible for PVDF); stated area/thickness probably not the electrode geometry
PVDF/BaTiO3,370630,9.495226666666665e-11,9.49247e-11,0.02149,measurement workbook,12.25,50,0.4377233703510769,0.4377233703510769,TO CONFIRM: eps_r < 1 with stated 12.25 cm2 / 50 um (physically impossible for PVDF); stated area/thickness probably not the electrode geometry
PVDF/BaTiO3,375630,9.494436666666665e-11,9.491643333333334e-11,0.02164,measurement workbook,12.25,50,0.4376869518984463,0.4376869518984462,TO CONFIRM: eps_r < 1 with stated 12.25 cm2 / 50 um (physically impossible for PVDF); stated area/thickness probably not the electrode geometry
PVDF/BaTiO3,380620,9.493783333333332e-11,9.49095e-11,0.02174,measurement workbook,12.25,50,0.4376568336844564,0.4376568336844564,TO CONFIRM: eps_r < 1 with stated 12.25 cm2 / 50 um (physically impossible for PVDF); stated area/thickness probably not the electrode geometry
PVDF/BaTiO3,385620,9.493376666666666e-11,9.490506666666666e-11,0.02187,measurement workbook,12.25,50,0.4376380866328913,0.4376380866328911,TO CONFIRM: eps_r < 1 with stated 12.25 cm2 / 50 um (physically impossible for PVDF); stated area/thickness probably not the electrode geometry
PVDF/BaTiO3,390610,9.49207e-11,9.489193333333332e-11,0.02196,measurement workbook,12.25,50,0.4375778502049114,0.4375778502049113,TO CONFIRM: eps_r < 1 with stated 12.25 cm2 / 50 um (physically impossible for PVDF); stated area/thickness probably not the electrode geometry
PVDF/BaTiO3,395610,9.4908e-11,9.487886666666667e-11,0.02209,measurement workbook,12.25,50,0.4375193040848597,0.4375193040848596,TO CONFIRM: eps_r < 1 with stated 12.25 cm2 / 50 um (physically impossible for PVDF); stated area/thickness probably not the electrode geometry
PVDF/BaTiO3,400600,9.490506666666666e-11,9.487516666666668e-11,0.02224,measurement workbook,12.25,50,0.4375057816214355,0.4375057816214355,TO CONFIRM: eps_r < 1 with stated 12.25 cm2 / 50 um (physically impossible for PVDF); stated area/thickness probably not the electrode geometry
PVDF/BaTiO3,405600,9.489386666666666e-11,9.48639e-11,0.02234,measurement workbook,12.25,50,0.4374541503974528,0.4374541503974528,TO CONFIRM: eps_r < 1 with stated 12.25 cm2 / 50 um (physically impossible for PVDF); stated area/thickness probably not the electrode geometry
PVDF/BaTiO3,410590,9.491183333333332e-11,9.488113333333334e-11,0.02249,measurement workbook,12.25,50,0.4375369754859251,0.4375369754859251,TO CONFIRM: eps_r < 1 with stated 12.25 cm2 / 50 um (physically impossible for PVDF); stated area/thickness probably not the electrode geometry
PVDF/BaTiO3,415590,9.497273333333332e-11,9.494163333333333e-11,0.02256,measurement workbook,12.25,50,0.4378177202663311,0.437817720266331,TO CONFIRM: eps_r < 1 with stated 12.25 cm2 / 50 um (physically impossible for PVDF); stated area/thickness probably not the electrode geometry
PVDF/BaTiO3,420580,9.4998e-11,9.496683333333331e-11,0.02267,measurement workbook,12.25,50,0.4379341978490064,0.4379341978490063,TO CONFIRM: eps_r < 1 with stated 12.25 cm2 / 50 um (physically impossible for PVDF); stated area/thickness probably not the electrode geometry
PVDF/BaTiO3,425580,9.501693333333332e-11,9.49857e-11,0.02281,measurement workbook,12.25,50,0.4380214792038342,0.4380214792038341,TO CONFIRM: eps_r < 1 with stated 12.25 cm2 / 50 um (physically impossible for PVDF); stated area/thickness probably not the electrode geometry
PVDF/BaTiO3,430570,9.502543333333334e-11,9.499346666666665e-11,0.02291,measurement workbook,12.25,50,0.4380606636148926,0.4380606636148925,TO CONFIRM: eps_r < 1 with stated 12.25 cm2 / 50 um (physically impossible for PVDF); stated area/thickness probably not the electrode geometry
PVDF/BaTiO3,435570,9.50073e-11,9.497526666666664e-11,0.02301,measurement workbook,12.25,50,0.4379770702046348,0.4379770702046348,TO CONFIRM: eps_r < 1 with stated 12.25 cm2 / 50 um (physically impossible for PVDF); stated area/thickness probably not the electrode geometry
PVDF/BaTiO3,440560,9.49899e-11,9.495753333333332e-11,0.02311,measurement workbook,12.25,50,0.4378968574102331,0.4378968574102331,TO CONFIRM: eps_r < 1 with stated 12.25 cm2 / 50 um (physically impossible for PVDF); stated area/thickness probably not the electrode geometry
PVDF/BaTiO3,445560,9.497606666666668e-11,9.49433e-11,0.02323,measurement workbook,12.25,50,0.4378330867020403,0.4378330867020402,TO CONFIRM: eps_r < 1 with stated 12.25 cm2 / 50 um (physically impossible for PVDF); stated area/thickness probably not the electrode geometry
PVDF/BaTiO3,450550,9.49454e-11,9.491223333333332e-11,0.02334,measurement workbook,12.25,50,0.4376917154935161,0.4376917154935161,TO CONFIRM: eps_r < 1 with stated 12.25 cm2 / 50 um (physically impossible for PVDF); stated area/thickness probably not the electrode geometry
PVDF/BaTiO3,455550,9.49091e-11,9.487526666666666e-11,0.02345,measurement workbook,12.25,50,0.4375243750086436,0.4375243750086436,TO CONFIRM: eps_r < 1 with stated 12.25 cm2 / 50 um (physically impossible for PVDF); stated area/thickness probably not the electrode geometry
PVDF/BaTiO3,460540,9.489963333333333e-11,9.486573333333333e-11,0.02355,measurement workbook,12.25,50,0.4374807343312298,0.4374807343312297,TO CONFIRM: eps_r < 1 with stated 12.25 cm2 / 50 um (physically impossible for PVDF); stated area/thickness probably not the electrode geometry
PVDF/BaTiO3,465540,9.48976e-11,9.48633e-11,0.02365,measurement workbook,12.25,50,0.4374713608054472,0.4374713608054471,TO CONFIRM: eps_r < 1 with stated 12.25 cm2 / 50 um (physically impossible for PVDF); stated area/thickness probably not the electrode geometry
PVDF/BaTiO3,470530,9.48943e-11,9.485996666666667e-11,0.02374,measurement workbook,12.25,50,0.4374561480340951,0.437456148034095,TO CONFIRM: eps_r < 1 with stated 12.25 cm2 / 50 um (physically impossible for PVDF); stated area/thickness probably not the electrode geometry
PVDF/BaTiO3,475530,9.488313333333332e-11,9.484843333333332e-11,0.02384,measurement workbook,12.25,50,0.4374046704744694,0.4374046704744693,TO CONFIRM: eps_r < 1 with stated 12.25 cm2 / 50 um (physically impossible for PVDF); stated area/thickness probably not the electrode geometry
PVDF/BaTiO3,480520,9.487116666666666e-11,9.48361e-11,0.02394,measurement workbook,12.25,50,0.4373495049702736,0.4373495049702735,TO CONFIRM: eps_r < 1 with stated 12.25 cm2 / 50 um (physically impossible for PVDF); stated area/thickness probably not the electrode geometry
PVDF/BaTiO3,485520,9.487033333333334e-11,9.483483333333332e-11,0.02403,measurement workbook,12.25,50,0.4373456633613464,0.4373456633613463,TO CONFIRM: eps_r < 1 with stated 12.25 cm2 / 50 um (physically impossible for PVDF); stated area/thickness probably not the electrode geometry
PVDF/BaTiO3,490510,9.486063333333332e-11,9.482476666666668e-11,0.02415,measurement workbook,12.25,50,0.4373009470334328,0.4373009470334327,TO CONFIRM: eps_r < 1 with stated 12.25 cm2 / 50 um (physically impossible for PVDF); stated area/thickness probably not the electrode geometry
PVDF/BaTiO3,495510,9.484666666666668e-11,9.481076666666668e-11,0.02424,measurement workbook,12.25,50,0.4372365616678115,0.4372365616678115,TO CONFIRM: eps_r < 1 with stated 12.25 cm2 / 50 um (physically impossible for PVDF); stated area/thickness probably not the electrode geometry
PVDF/BaTiO3,500500,9.483626666666668e-11,9.48e-11,0.02436,measurement workbook,12.25,50,0.437188618388399,0.4371886183883989,TO CONFIRM: eps_r < 1 with stated 12.25 cm2 / 50 um (physically impossible for PVDF); stated area/thickness probably not the electrode geometry
PVDF/BaTiO3,505500,9.482653333333332e-11,9.479016666666665e-11,0.02446,measurement workbook,12.25,50,0.4371437483961283,0.4371437483961283,TO CONFIRM: eps_r < 1 with stated 12.25 cm2 / 50 um (physically impossible for PVDF); stated area/thickness probably not the electrode geometry
PVDF/BaTiO3,510490,9.481986666666667e-11,9.478276666666668e-11,0.02457,measurement workbook,12.25,50,0.43711301552471,0.43711301552471,TO CONFIRM: eps_r < 1 with stated 12.25 cm2 / 50 um (physically impossible for PVDF); stated area/thickness probably not the electrode geometry
PVDF/BaTiO3,515490,9.48035e-11,9.476636666666668e-11,0.02467,measurement workbook,12.25,50,0.4370375663253781,0.4370375663253781,TO CONFIRM: eps_r < 1 with stated 12.25 cm2 / 50 um (physically impossible for PVDF); stated area/thickness probably not the electrode geometry
PVDF/BaTiO3,520480,9.477176666666665e-11,9.473426666666664e-11,0.02477,measurement workbook,12.25,50,0.4368912778574272,0.4368912778574271,TO CONFIRM: eps_r < 1 with stated 12.25 cm2 / 50 um (physically impossible for PVDF); stated area/thickness probably not the electrode geometry
PVDF/BaTiO3,525480,9.477049999999999e-11,9.473226666666668e-11,0.02486,measurement workbook,12.25,50,0.4368854386118577,0.4368854386118576,TO CONFIRM: eps_r < 1 with stated 12.25 cm2 / 50 um (physically impossible for PVDF); stated area/thickness probably not the electrode geometry
PVDF/BaTiO3,530470,9.477606666666668e-11,9.473776666666667e-11,0.02496,measurement workbook,12.25,50,0.436911100559492,0.4369111005594919,TO CONFIRM: eps_r < 1 with stated 12.25 cm2 / 50 um (physically impossible for PVDF); stated area/thickness probably not the electrode geometry
PVDF/BaTiO3,535470,9.4765e-11,9.472633333333332e-11,0.02505,measurement workbook,12.25,50,0.4368600839929376,0.4368600839929375,TO CONFIRM: eps_r < 1 with stated 12.25 cm2 / 50 um (physically impossible for PVDF); stated area/thickness probably not the electrode geometry
PVDF/BaTiO3,540460,9.473953333333334e-11,9.470083333333332e-11,0.02513,measurement workbook,12.25,50,0.4367426844241198,0.4367426844241197,TO CONFIRM: eps_r < 1 with stated 12.25 cm2 / 50 um (physically impossible for PVDF); stated area/thickness probably not the electrode geometry
PVDF/BaTiO3,545460,9.472896666666667e-11,9.468989999999999e-11,0.02524,measurement workbook,12.25,50,0.4366939728229218,0.4366939728229217,TO CONFIRM: eps_r < 1 with stated 12.25 cm2 / 50 um (physically impossible for PVDF); stated area/thickness probably not the electrode geometry
PVDF/BaTiO3,550450,9.472663333333332e-11,9.468716666666667e-11,0.02533,measurement workbook,12.25,50,0.4366832163179254,0.4366832163179254,TO CONFIRM: eps_r < 1 with stated 12.25 cm2 / 50 um (physically impossible for PVDF); stated area/thickness probably not the electrode geometry
PVDF/BaTiO3,555450,9.469916666666667e-11,9.4659e-11,0.02543,measurement workbook,12.25,50,0.4365565968876821,0.436556596887682,TO CONFIRM: eps_r < 1 with stated 12.25 cm2 / 50 um (physically impossible for PVDF); stated area/thickness probably not the electrode geometry
PVDF/BaTiO3,560440,9.462153333333332e-11,9.458136666666668e-11,0.02552,measurement workbook,12.25,50,0.4361987126000163,0.4361987126000162,TO CONFIRM: eps_r < 1 with stated 12.25 cm2 / 50 um (physically impossible for PVDF); stated area/thickness probably not the electrode geometry
PVDF/BaTiO3,565440,9.458023333333334e-11,9.454e-11,0.02561,measurement workbook,12.25,50,0.4360083224615801,0.43600832246158,TO CONFIRM: eps_r < 1 with stated 12.25 cm2 / 50 um (physically impossible for PVDF); stated area/thickness probably not the electrode geometry
PVDF/BaTiO3,570430,9.45883e-11,9.454736666666667e-11,0.0257,measurement workbook,12.25,50,0.4360455092359962,0.4360455092359961,TO CONFIRM: eps_r < 1 with stated 12.25 cm2 / 50 um (physically impossible for PVDF); stated area/thickness probably not the electrode geometry
PVDF/BaTiO3,575430,9.45976e-11,9.45566e-11,0.0258,measurement workbook,12.25,50,0.4360883815916246,0.4360883815916245,TO CONFIRM: eps_r < 1 with stated 12.25 cm2 / 50 um (physically impossible for PVDF); stated area/thickness probably not the electrode geometry
PVDF/BaTiO3,580420,9.458913333333333e-11,9.454743333333331e-11,0.02586,measurement workbook,12.25,50,0.4360493508449235,0.4360493508449234,TO CONFIRM: eps_r < 1 with stated 12.25 cm2 / 50 um (physically impossible for PVDF); stated area/thickness probably not the electrode geometry
PVDF/BaTiO3,585420,9.455556666666666e-11,9.451416666666667e-11,0.02597,measurement workbook,12.25,50,0.4358946108373324,0.4358946108373324,TO CONFIRM: eps_r < 1 with stated 12.25 cm2 / 50 um (physically impossible for PVDF); stated area/thickness probably not the electrode geometry
PVDF/BaTiO3,590410,9.45131e-11,9.4471e-11,0.02604,measurement workbook,12.25,50,0.4356988424463981,0.435698842446398,TO CONFIRM: eps_r < 1 with stated 12.25 cm2 / 50 um (physically impossible for PVDF); stated area/thickness probably not the electrode geometry
PVDF/BaTiO3,595410,9.447453333333334e-11,9.443206666666666e-11,0.02613,measurement workbook,12.25,50,0.4355210527852433,0.4355210527852433,TO CONFIRM: eps_r < 1 with stated 12.25 cm2 / 50 um (physically impossible for PVDF); stated area/thickness probably not the electrode geometry
PVDF/BaTiO3,600400,9.443643333333334e-11,9.43936e-11,0.02621,measurement workbook,12.25,50,0.4353454144250879,0.4353454144250879,TO CONFIRM: eps_r < 1 with stated 12.25 cm2 / 50 um (physically impossible for PVDF); stated area/thickness probably not the electrode geometry
PVDF/BaTiO3,605400,9.441453333333334e-11,9.437166666666668e-11,0.02631,measurement workbook,12.25,50,0.4352444569424789,0.4352444569424787,TO CONFIRM: eps_r < 1 with stated 12.25 cm2 / 50 um (physically impossible for PVDF); stated area/thickness probably not the electrode geometry
PVDF/BaTiO3,610390,9.440459999999997e-11,9.436133333333334e-11,0.02639,measurement workbook,12.25,50,0.4351986649640655,0.4351986649640655,TO CONFIRM: eps_r < 1 with stated 12.25 cm2 / 50 um (physically impossible for PVDF); stated area/thickness probably not the electrode geometry
PVDF/BaTiO3,615390,9.439273333333332e-11,9.434946666666666e-11,0.02647,measurement workbook,12.25,50,0.435143960452941,0.435143960452941,TO CONFIRM: eps_r < 1 with stated 12.25 cm2 / 50 um (physically impossible for PVDF); stated area/thickness probably not the electrode geometry
PVDF/BaTiO3,620380,9.438266666666666e-11,9.433866666666668e-11,0.02656,measurement workbook,12.25,50,0.4350975538170994,0.4350975538170994,TO CONFIRM: eps_r < 1 with stated 12.25 cm2 / 50 um (physically impossible for PVDF); stated area/thickness probably not the electrode geometry
PVDF/BaTiO3,625380,9.437053333333334e-11,9.43265e-11,0.02664,measurement workbook,12.25,50,0.4350416199911182,0.4350416199911182,TO CONFIRM: eps_r < 1 with stated 12.25 cm2 / 50 um (physically impossible for PVDF); stated area/thickness probably not the electrode geometry
PVDF/BaTiO3,630370,9.435923333333334e-11,9.43148e-11,0.02674,measurement workbook,12.25,50,0.4349895277740643,0.4349895277740642,TO CONFIRM: eps_r < 1 with stated 12.25 cm2 / 50 um (physically impossible for PVDF); stated area/thickness probably not the electrode geometry
PVDF/BaTiO3,635370,9.434963333333333e-11,9.430483333333332e-11,0.0268,measurement workbook,12.25,50,0.434945272439222,0.4349452724392219,TO CONFIRM: eps_r < 1 with stated 12.25 cm2 / 50 um (physically impossible for PVDF); stated area/thickness probably not the electrode geometry
PVDF/BaTiO3,640360,9.434253333333333e-11,9.429736666666666e-11,0.02689,measurement workbook,12.25,50,0.4349125419311615,0.4349125419311614,TO CONFIRM: eps_r < 1 with stated 12.25 cm2 / 50 um (physically impossible for PVDF); stated area/thickness probably not the electrode geometry
PVDF/BaTiO3,645360,9.433626666666668e-11,9.42907e-11,0.02697,measurement workbook,12.25,50,0.4348836530320283,0.4348836530320283,TO CONFIRM: eps_r < 1 with stated 12.25 cm2 / 50 um (physically impossible for PVDF); stated area/thickness probably not the electrode geometry
PVDF/BaTiO3,650350,9.432713333333333e-11,9.42815e-11,0.02704,measurement workbook,12.25,50,0.4348415489981853,0.4348415489981852,TO CONFIRM: eps_r < 1 with stated 12.25 cm2 / 50 um (physically impossible for PVDF); stated area/thickness probably not the electrode geometry
PVDF/BaTiO3,655350,9.431566666666664e-11,9.427e-11,0.02713,measurement workbook,12.25,50,0.4347886884593457,0.4347886884593457,TO CONFIRM: eps_r < 1 with stated 12.25 cm2 / 50 um (physically impossible for PVDF); stated area/thickness probably not the electrode geometry
PVDF/BaTiO3,660340,9.430806666666666e-11,9.42617e-11,0.0272,measurement workbook,12.25,50,0.434753652985929,0.4347536529859289,TO CONFIRM: eps_r < 1 with stated 12.25 cm2 / 50 um (physically impossible for PVDF); stated area/thickness probably not the electrode geometry
PVDF/BaTiO3,665340,9.430253333333334e-11,9.42561e-11,0.02729,measurement workbook,12.25,50,0.4347281447026518,0.4347281447026517,TO CONFIRM: eps_r < 1 with stated 12.25 cm2 / 50 um (physically impossible for PVDF); stated area/thickness probably not the electrode geometry
PVDF/BaTiO3,670330,9.429876666666668e-11,9.425196666666665e-11,0.02736,measurement workbook,12.25,50,0.4347107806303005,0.4347107806303004,TO CONFIRM: eps_r < 1 with stated 12.25 cm2 / 50 um (physically impossible for PVDF); stated area/thickness probably not the electrode geometry
PVDF/BaTiO3,675330,9.42936e-11,9.424643333333331e-11,0.02744,measurement workbook,12.25,50,0.4346869626549513,0.4346869626549512,TO CONFIRM: eps_r < 1 with stated 12.25 cm2 / 50 um (physically impossible for PVDF); stated area/thickness probably not the electrode geometry
PVDF/BaTiO3,680320,9.428883333333334e-11,9.42416e-11,0.02752,measurement workbook,12.25,50,0.4346649886518873,0.4346649886518872,TO CONFIRM: eps_r < 1 with stated 12.25 cm2 / 50 um (physically impossible for PVDF); stated area/thickness probably not the electrode geometry
PVDF/BaTiO3,685320,9.427926666666668e-11,9.423133333333332e-11,0.02759,measurement workbook,12.25,50,0.434620886981402,0.4346208869814019,TO CONFIRM: eps_r < 1 with stated 12.25 cm2 / 50 um (physically impossible for PVDF); stated area/thickness probably not the electrode geometry
PVDF/BaTiO3,690310,9.42698e-11,9.42218e-11,0.02767,measurement workbook,12.25,50,0.4345772463039881,0.4345772463039881,TO CONFIRM: eps_r < 1 with stated 12.25 cm2 / 50 um (physically impossible for PVDF); stated area/thickness probably not the electrode geometry
PVDF/BaTiO3,695310,9.42626e-11,9.421456666666667e-11,0.02775,measurement workbook,12.25,50,0.4345440548028564,0.4345440548028563,TO CONFIRM: eps_r < 1 with stated 12.25 cm2 / 50 um (physically impossible for PVDF); stated area/thickness probably not the electrode geometry
PVDF/BaTiO3,700300,9.42662e-11,9.421776666666666e-11,0.02784,measurement workbook,12.25,50,0.4345606505534222,0.4345606505534222,TO CONFIRM: eps_r < 1 with stated 12.25 cm2 / 50 um (physically impossible for PVDF); stated area/thickness probably not the electrode geometry
PVDF/BaTiO3,705300,9.426083333333332e-11,9.421203333333332e-11,0.02792,measurement workbook,12.25,50,0.4345359105919305,0.4345359105919304,TO CONFIRM: eps_r < 1 with stated 12.25 cm2 / 50 um (physically impossible for PVDF); stated area/thickness probably not the electrode geometry
PVDF/BaTiO3,710290,9.425646666666664e-11,9.420726666666666e-11,0.02799,measurement workbook,12.25,50,0.4345157805611514,0.4345157805611513,TO CONFIRM: eps_r < 1 with stated 12.25 cm2 / 50 um (physically impossible for PVDF); stated area/thickness probably not the electrode geometry
PVDF/BaTiO3,715290,9.42492e-11,9.419929999999999e-11,0.02808,measurement workbook,12.25,50,0.4344822817313056,0.4344822817313055,TO CONFIRM: eps_r < 1 with stated 12.25 cm2 / 50 um (physically impossible for PVDF); stated area/thickness probably not the electrode geometry
PVDF/BaTiO3,720280,9.423953333333334e-11,9.418956666666665e-11,0.02814,measurement workbook,12.25,50,0.4344377190677491,0.434437719067749,TO CONFIRM: eps_r < 1 with stated 12.25 cm2 / 50 um (physically impossible for PVDF); stated area/thickness probably not the electrode geometry
PVDF/BaTiO3,725280,9.42349e-11,9.418456666666667e-11,0.02822,measurement workbook,12.25,50,0.4344163597221134,0.4344163597221134,TO CONFIRM: eps_r < 1 with stated 12.25 cm2 / 50 um (physically impossible for PVDF); stated area/thickness probably not the electrode geometry
PVDF/BaTiO3,730270,9.423056666666665e-11,9.41802e-11,0.0283,measurement workbook,12.25,50,0.4343963833556915,0.4343963833556915,TO CONFIRM: eps_r < 1 with stated 12.25 cm2 / 50 um (physically impossible for PVDF); stated area/thickness probably not the electrode geometry
PVDF/BaTiO3,735270,9.42262e-11,9.41751e-11,0.02837,measurement workbook,12.25,50,0.4343762533249126,0.4343762533249126,TO CONFIRM: eps_r < 1 with stated 12.25 cm2 / 50 um (physically impossible for PVDF); stated area/thickness probably not the electrode geometry
PVDF/BaTiO3,740260,9.42209e-11,9.416976666666666e-11,0.02846,measurement workbook,12.25,50,0.434351820692135,0.434351820692135,TO CONFIRM: eps_r < 1 with stated 12.25 cm2 / 50 um (physically impossible for PVDF); stated area/thickness probably not the electrode geometry
PVDF/BaTiO3,745260,9.421453333333332e-11,9.416296666666666e-11,0.02854,measurement workbook,12.25,50,0.4343224707999306,0.4343224707999305,TO CONFIRM: eps_r < 1 with stated 12.25 cm2 / 50 um (physically impossible for PVDF); stated area/thickness probably not the electrode geometry
PVDF/BaTiO3,750250,9.4208e-11,9.415673333333334e-11,0.0286,measurement workbook,12.25,50,0.4342923525859407,0.4342923525859407,TO CONFIRM: eps_r < 1 with stated 12.25 cm2 / 50 um (physically impossible for PVDF); stated area/thickness probably not the electrode geometry
PVDF/BaTiO3,755250,9.420006666666666e-11,9.41481e-11,0.02868,measurement workbook,12.25,50,0.4342557804689528,0.4342557804689528,TO CONFIRM: eps_r < 1 with stated 12.25 cm2 / 50 um (physically impossible for PVDF); stated area/thickness probably not the electrode geometry
PVDF/BaTiO3,760240,9.41927e-11,9.414036666666668e-11,0.02876,measurement workbook,12.25,50,0.4342218206460357,0.4342218206460356,TO CONFIRM: eps_r < 1 with stated 12.25 cm2 / 50 um (physically impossible for PVDF); stated area/thickness probably not the electrode geometry
PVDF/BaTiO3,765240,9.418656666666668e-11,9.413383333333331e-11,0.02883,measurement workbook,12.25,50,0.4341935464043309,0.4341935464043309,TO CONFIRM: eps_r < 1 with stated 12.25 cm2 / 50 um (physically impossible for PVDF); stated area/thickness probably not the electrode geometry
PVDF/BaTiO3,770230,9.418023333333332e-11,9.412713333333334e-11,0.02889,measurement workbook,12.25,50,0.4341643501764835,0.4341643501764834,TO CONFIRM: eps_r < 1 with stated 12.25 cm2 / 50 um (physically impossible for PVDF); stated area/thickness probably not the electrode geometry
PVDF/BaTiO3,775230,9.417223333333334e-11,9.411873333333336e-11,0.02898,measurement workbook,12.25,50,0.4341274707307816,0.4341274707307815,TO CONFIRM: eps_r < 1 with stated 12.25 cm2 / 50 um (physically impossible for PVDF); stated area/thickness probably not the electrode geometry
PVDF/BaTiO3,780220,9.416536666666665e-11,9.411183333333332e-11,0.02903,measurement workbook,12.25,50,0.4340958158732208,0.4340958158732207,TO CONFIRM: eps_r < 1 with stated 12.25 cm2 / 50 um (physically impossible for PVDF); stated area/thickness probably not the electrode geometry
PVDF/BaTiO3,785220,9.415703333333331e-11,9.410346666666668e-11,0.02911,measurement workbook,12.25,50,0.4340573997839479,0.4340573997839478,TO CONFIRM: eps_r < 1 with stated 12.25 cm2 / 50 um (physically impossible for PVDF); stated area/thickness probably not the electrode geometry
PVDF/BaTiO3,790210,9.415263333333336e-11,9.409866666666668e-11,0.02918,measurement workbook,12.25,50,0.4340371160888119,0.4340371160888118,TO CONFIRM: eps_r < 1 with stated 12.25 cm2 / 50 um (physically impossible for PVDF); stated area/thickness probably not the electrode geometry
PVDF/BaTiO3,795210,9.414493333333334e-11,9.40909e-11,0.02924,measurement workbook,12.25,50,0.4340016196223238,0.4340016196223237,TO CONFIRM: eps_r < 1 with stated 12.25 cm2 / 50 um (physically impossible for PVDF); stated area/thickness probably not the electrode geometry
PVDF/BaTiO3,800200,9.41404e-11,9.40857e-11,0.02931,measurement workbook,12.25,50,0.4339807212697593,0.4339807212697593,TO CONFIRM: eps_r < 1 with stated 12.25 cm2 / 50 um (physically impossible for PVDF); stated area/thickness probably not the electrode geometry
PVDF/BaTiO3,805200,9.413323333333332e-11,9.407816666666668e-11,0.02938,measurement workbook,12.25,50,0.4339476834329847,0.4339476834329846,TO CONFIRM: eps_r < 1 with stated 12.25 cm2 / 50 um (physically impossible for PVDF); stated area/thickness probably not the electrode geometry
PVDF/BaTiO3,810190,9.412306666666666e-11,9.406793333333332e-11,0.02944,measurement workbook,12.25,50,0.4339008158040718,0.4339008158040717,TO CONFIRM: eps_r < 1 with stated 12.25 cm2 / 50 um (physically impossible for PVDF); stated area/thickness probably not the electrode geometry
PVDF/BaTiO3,815190,9.4116e-11,9.40605e-11,0.02952,measurement workbook,12.25,50,0.4338682389603684,0.4338682389603683,TO CONFIRM: eps_r < 1 with stated 12.25 cm2 / 50 um (physically impossible for PVDF); stated area/thickness probably not the electrode geometry
PVDF/BaTiO3,820180,9.411133333333334e-11,9.405543333333332e-11,0.02959,measurement workbook,12.25,50,0.4338467259503757,0.4338467259503756,TO CONFIRM: eps_r < 1 with stated 12.25 cm2 / 50 um (physically impossible for PVDF); stated area/thickness probably not the electrode geometry
PVDF/BaTiO3,825180,9.410623333333334e-11,9.405029999999999e-11,0.02964,measurement workbook,12.25,50,0.4338232153037407,0.4338232153037406,TO CONFIRM: eps_r < 1 with stated 12.25 cm2 / 50 um (physically impossible for PVDF); stated area/thickness probably not the electrode geometry
PVDF/BaTiO3,830170,9.410376666666666e-11,9.404776666666667e-11,0.02972,measurement workbook,12.25,50,0.4338118441413158,0.4338118441413158,TO CONFIRM: eps_r < 1 with stated 12.25 cm2 / 50 um (physically impossible for PVDF); stated area/thickness probably not the electrode geometry
PVDF/BaTiO3,835170,9.40952e-11,9.40388e-11,0.02978,measurement workbook,12.25,50,0.4337723524015434,0.4337723524015434,TO CONFIRM: eps_r < 1 with stated 12.25 cm2 / 50 um (physically impossible for PVDF); stated area/thickness probably not the electrode geometry
PVDF/BaTiO3,840160,9.408973333333332e-11,9.403333333333332e-11,0.02986,measurement workbook,12.25,50,0.4337471514469804,0.4337471514469803,TO CONFIRM: eps_r < 1 with stated 12.25 cm2 / 50 um (physically impossible for PVDF); stated area/thickness probably not the electrode geometry
PVDF/BaTiO3,845160,9.408506666666666e-11,9.402793333333331e-11,0.02993,measurement workbook,12.25,50,0.4337256384369876,0.4337256384369876,TO CONFIRM: eps_r < 1 with stated 12.25 cm2 / 50 um (physically impossible for PVDF); stated area/thickness probably not the electrode geometry
PVDF/BaTiO3,850150,9.407953333333334e-11,9.402203333333332e-11,0.02997,measurement workbook,12.25,50,0.4337001301537104,0.4337001301537104,TO CONFIRM: eps_r < 1 with stated 12.25 cm2 / 50 um (physically impossible for PVDF); stated area/thickness probably not the electrode geometry
PVDF/BaTiO3,855150,9.40736e-11,9.401576666666668e-11,0.03005,measurement workbook,12.25,50,0.4336727778981482,0.4336727778981481,TO CONFIRM: eps_r < 1 with stated 12.25 cm2 / 50 um (physically impossible for PVDF); stated area/thickness probably not the electrode geometry
PVDF/BaTiO3,860140,9.406206666666664e-11,9.400383333333332e-11,0.03012,measurement workbook,12.25,50,0.4336196100305945,0.4336196100305944,TO CONFIRM: eps_r < 1 with stated 12.25 cm2 / 50 um (physically impossible for PVDF); stated area/thickness probably not the electrode geometry
PVDF/BaTiO3,865140,9.40561e-11,9.399750000000002e-11,0.03019,measurement workbook,12.25,50,0.4335921041106751,0.4335921041106751,TO CONFIRM: eps_r < 1 with stated 12.25 cm2 / 50 um (physically impossible for PVDF); stated area/thickness probably not the electrode geometry
PVDF/BaTiO3,870130,9.405073333333332e-11,9.39924e-11,0.03025,measurement workbook,12.25,50,0.4335673641491835,0.4335673641491834,TO CONFIRM: eps_r < 1 with stated 12.25 cm2 / 50 um (physically impossible for PVDF); stated area/thickness probably not the electrode geometry
PVDF/BaTiO3,875130,9.40439e-11,9.398516666666666e-11,0.03031,measurement workbook,12.25,50,0.4335358629559798,0.4335358629559798,TO CONFIRM: eps_r < 1 with stated 12.25 cm2 / 50 um (physically impossible for PVDF); stated area/thickness probably not the electrode geometry
PVDF/BaTiO3,880120,9.403846666666668e-11,9.39794e-11,0.03036,measurement workbook,12.25,50,0.4335108156657739,0.4335108156657739,TO CONFIRM: eps_r < 1 with stated 12.25 cm2 / 50 um (physically impossible for PVDF); stated area/thickness probably not the electrode geometry
PVDF/BaTiO3,885120,9.403176666666665e-11,9.397233333333334e-11,0.03044,measurement workbook,12.25,50,0.4334799291299985,0.4334799291299984,TO CONFIRM: eps_r < 1 with stated 12.25 cm2 / 50 um (physically impossible for PVDF); stated area/thickness probably not the electrode geometry
PVDF/BaTiO3,890110,9.402463333333332e-11,9.39648e-11,0.03049,measurement workbook,12.25,50,0.433447044957581,0.4334470449575809,TO CONFIRM: eps_r < 1 with stated 12.25 cm2 / 50 um (physically impossible for PVDF); stated area/thickness probably not the electrode geometry
PVDF/BaTiO3,895110,9.401943333333333e-11,9.395956666666668e-11,0.03056,measurement workbook,12.25,50,0.4334230733178748,0.4334230733178747,TO CONFIRM: eps_r < 1 with stated 12.25 cm2 / 50 um (physically impossible for PVDF); stated area/thickness probably not the electrode geometry
PVDF/BaTiO3,900100,9.401473333333332e-11,9.39545e-11,0.03062,measurement workbook,12.25,50,0.4334014066435249,0.4334014066435248,TO CONFIRM: eps_r < 1 with stated 12.25 cm2 / 50 um (physically impossible for PVDF); stated area/thickness probably not the electrode geometry
PVDF/BaTiO3,905100,9.40083e-11,9.3948e-11,0.03068,measurement workbook,12.25,50,0.4333717494226062,0.4333717494226062,TO CONFIRM: eps_r < 1 with stated 12.25 cm2 / 50 um (physically impossible for PVDF); stated area/thickness probably not the electrode geometry
PVDF/BaTiO3,910090,9.40027e-11,9.394203333333332e-11,0.03073,measurement workbook,12.25,50,0.4333459338106149,0.4333459338106148,TO CONFIRM: eps_r < 1 with stated 12.25 cm2 / 50 um (physically impossible for PVDF); stated area/thickness probably not the electrode geometry
PVDF/BaTiO3,915090,9.399683333333331e-11,9.393579999999999e-11,0.03079,measurement workbook,12.25,50,0.4333188888837667,0.4333188888837667,TO CONFIRM: eps_r < 1 with stated 12.25 cm2 / 50 um (physically impossible for PVDF); stated area/thickness probably not the electrode geometry
PVDF/BaTiO3,920080,9.399086666666668e-11,9.392946666666667e-11,0.03087,measurement workbook,12.25,50,0.4332913829638474,0.4332913829638473,TO CONFIRM: eps_r < 1 with stated 12.25 cm2 / 50 um (physically impossible for PVDF); stated area/thickness probably not the electrode geometry
PVDF/BaTiO3,925080,9.39847e-11,9.39236e-11,0.03092,measurement workbook,12.25,50,0.4332629550577855,0.4332629550577855,TO CONFIRM: eps_r < 1 with stated 12.25 cm2 / 50 um (physically impossible for PVDF); stated area/thickness probably not the electrode geometry
PVDF/BaTiO3,930070,9.39784e-11,9.39166e-11,0.03098,measurement workbook,12.25,50,0.4332339124942951,0.4332339124942951,TO CONFIRM: eps_r < 1 with stated 12.25 cm2 / 50 um (physically impossible for PVDF); stated area/thickness probably not the electrode geometry
PVDF/BaTiO3,935070,9.397206666666667e-11,9.390986666666667e-11,0.03102,measurement workbook,12.25,50,0.4332047162664479,0.4332047162664478,TO CONFIRM: eps_r < 1 with stated 12.25 cm2 / 50 um (physically impossible for PVDF); stated area/thickness probably not the electrode geometry
PVDF/BaTiO3,940060,9.396453333333332e-11,9.39023e-11,0.03109,measurement workbook,12.25,50,0.4331699881217452,0.4331699881217452,TO CONFIRM: eps_r < 1 with stated 12.25 cm2 / 50 um (physically impossible for PVDF); stated area/thickness probably not the electrode geometry
PVDF/BaTiO3,945060,9.39597e-11,9.38974e-11,0.03115,measurement workbook,12.25,50,0.433147706789967,0.4331477067899669,TO CONFIRM: eps_r < 1 with stated 12.25 cm2 / 50 um (physically impossible for PVDF); stated area/thickness probably not the electrode geometry
PVDF/BaTiO3,950050,9.39506e-11,9.38876e-11,0.0312,measurement workbook,12.25,50,0.433105756420481,0.433105756420481,TO CONFIRM: eps_r < 1 with stated 12.25 cm2 / 50 um (physically impossible for PVDF); stated area/thickness probably not the electrode geometry
PVDF/BaTiO3,955050,9.394363333333334e-11,9.388026666666668e-11,0.03125,measurement workbook,12.25,50,0.433073640569849,0.4330736405698489,TO CONFIRM: eps_r < 1 with stated 12.25 cm2 / 50 um (physically impossible for PVDF); stated area/thickness probably not the electrode geometry
PVDF/BaTiO3,960040,9.393713333333332e-11,9.387376666666665e-11,0.03133,measurement workbook,12.25,50,0.4330436760202161,0.433043676020216,TO CONFIRM: eps_r < 1 with stated 12.25 cm2 / 50 um (physically impossible for PVDF); stated area/thickness probably not the electrode geometry
PVDF/BaTiO3,965040,9.393146666666664e-11,9.38677e-11,0.03139,measurement workbook,12.25,50,0.4330175530795105,0.4330175530795104,TO CONFIRM: eps_r < 1 with stated 12.25 cm2 / 50 um (physically impossible for PVDF); stated area/thickness probably not the electrode geometry
PVDF/BaTiO3,970030,9.392623333333331e-11,9.386206666666666e-11,0.03143,measurement workbook,12.25,50,0.4329934277754472,0.4329934277754471,TO CONFIRM: eps_r < 1 with stated 12.25 cm2 / 50 um (physically impossible for PVDF); stated area/thickness probably not the electrode geometry
PVDF/BaTiO3,975030,9.39168e-11,9.38526e-11,0.03148,measurement workbook,12.25,50,0.4329499407623903,0.4329499407623903,TO CONFIRM: eps_r < 1 with stated 12.25 cm2 / 50 um (physically impossible for PVDF); stated area/thickness probably not the electrode geometry
PVDF/BaTiO3,980020,9.391063333333334e-11,9.384643333333336e-11,0.03154,measurement workbook,12.25,50,0.4329215128563284,0.4329215128563284,TO CONFIRM: eps_r < 1 with stated 12.25 cm2 / 50 um (physically impossible for PVDF); stated area/thickness probably not the electrode geometry
PVDF/BaTiO3,985020,9.390446666666668e-11,9.383953333333332e-11,0.03159,measurement workbook,12.25,50,0.4328930849502665,0.4328930849502664,TO CONFIRM: eps_r < 1 with stated 12.25 cm2 / 50 um (physically impossible for PVDF); stated area/thickness probably not the electrode geometry
PVDF/BaTiO3,990010,9.389766666666667e-11,9.38327e-11,0.03166,measurement workbook,12.25,50,0.4328617374214199,0.4328617374214198,TO CONFIRM: eps_r < 1 with stated 12.25 cm2 / 50 um (physically impossible for PVDF); stated area/thickness probably not the electrode geometry
PVDF/BaTiO3,995010,9.38902e-11,9.382523333333334e-11,0.03171,measurement workbook,12.25,50,0.4328273166054315,0.4328273166054314,TO CONFIRM: eps_r < 1 with stated 12.25 cm2 / 50 um (physically impossible for PVDF); stated area/thickness probably not the electrode geometry
PVDF/BaTiO3,1000000,9.388186666666666e-11,9.381646666666667e-11,0.03176,measurement workbook,12.25,50,0.4327889005161586,0.4327889005161585,TO CONFIRM: eps_r < 1 with stated 12.25 cm2 / 50 um (physically impossible for PVDF); stated area/thickness probably not the electrode geometry
PVDF/BaTiO3/1wt%MWCNT,1000,9.545493333333334e-11,9.54529e-11,0.00602,measurement workbook,12.25,50,0.440040628856015,0.4400406288560149,TO CONFIRM: eps_r < 1 with stated 12.25 cm2 / 50 um (physically impossible for PVDF); stated area/thickness probably not the electrode geometry
PVDF/BaTiO3/1wt%MWCNT,5995,9.50855e-11,9.508399999999999e-11,0.00552,measurement workbook,12.25,50,0.4383375667863712,0.4383375667863712,TO CONFIRM: eps_r < 1 with stated 12.25 cm2 / 50 um (physically impossible for PVDF); stated area/thickness probably not the electrode geometry
PVDF/BaTiO3/1wt%MWCNT,10990,9.495503333333331e-11,9.495316666666665e-11,0.00594,measurement workbook,12.25,50,0.4377361244927155,0.4377361244927154,TO CONFIRM: eps_r < 1 with stated 12.25 cm2 / 50 um (physically impossible for PVDF); stated area/thickness probably not the electrode geometry
PVDF/BaTiO3/1wt%MWCNT,15985,9.487206666666667e-11,9.487e-11,0.00622,measurement workbook,12.25,50,0.4373536539079152,0.4373536539079151,TO CONFIRM: eps_r < 1 with stated 12.25 cm2 / 50 um (physically impossible for PVDF); stated area/thickness probably not the electrode geometry
PVDF/BaTiO3/1wt%MWCNT,20980,9.480493333333331e-11,9.480226666666668e-11,0.007,measurement workbook,12.25,50,0.437044173892733,0.4370441738927329,TO CONFIRM: eps_r < 1 with stated 12.25 cm2 / 50 um (physically impossible for PVDF); stated area/thickness probably not the electrode geometry
PVDF/BaTiO3/1wt%MWCNT,25975,9.474086666666665e-11,9.473803333333334e-11,0.00715,measurement workbook,12.25,50,0.4367488309984034,0.4367488309984034,TO CONFIRM: eps_r < 1 with stated 12.25 cm2 / 50 um (physically impossible for PVDF); stated area/thickness probably not the electrode geometry
PVDF/BaTiO3/1wt%MWCNT,30970,9.468873333333331e-11,9.468563333333332e-11,0.00748,measurement workbook,12.25,50,0.4365084999439125,0.4365084999439125,TO CONFIRM: eps_r < 1 with stated 12.25 cm2 / 50 um (physically impossible for PVDF); stated area/thickness probably not the electrode geometry
PVDF/BaTiO3/1wt%MWCNT,35965,9.464486666666668e-11,9.464113333333331e-11,0.0081,measurement workbook,12.25,50,0.4363062776499803,0.4363062776499802,TO CONFIRM: eps_r < 1 with stated 12.25 cm2 / 50 um (physically impossible for PVDF); stated area/thickness probably not the electrode geometry
PVDF/BaTiO3/1wt%MWCNT,40960,9.459006666666667e-11,9.458613333333333e-11,0.00831,measurement workbook,12.25,50,0.4360536534469221,0.436053653446922,TO CONFIRM: eps_r < 1 with stated 12.25 cm2 / 50 um (physically impossible for PVDF); stated area/thickness probably not the electrode geometry
PVDF/BaTiO3/1wt%MWCNT,45955,9.455296666666666e-11,9.45487e-11,0.00866,measurement workbook,12.25,50,0.4358826250174793,0.4358826250174792,TO CONFIRM: eps_r < 1 with stated 12.25 cm2 / 50 um (physically impossible for PVDF); stated area/thickness probably not the electrode geometry
PVDF/BaTiO3/1wt%MWCNT,50950,9.451703333333334e-11,9.451246666666666e-11,0.00902,measurement workbook,12.25,50,0.4357169748405348,0.4357169748405348,TO CONFIRM: eps_r < 1 with stated 12.25 cm2 / 50 um (physically impossible for PVDF); stated area/thickness probably not the electrode geometry
PVDF/BaTiO3/1wt%MWCNT,55945,9.449026666666668e-11,9.448506666666665e-11,0.00939,measurement workbook,12.25,50,0.4355935823617904,0.4355935823617904,TO CONFIRM: eps_r < 1 with stated 12.25 cm2 / 50 um (physically impossible for PVDF); stated area/thickness probably not the electrode geometry
PVDF/BaTiO3/1wt%MWCNT,60940,9.44544e-11,9.444883333333331e-11,0.00974,measurement workbook,12.25,50,0.4354282395135601,0.43542823951356,TO CONFIRM: eps_r < 1 with stated 12.25 cm2 / 50 um (physically impossible for PVDF); stated area/thickness probably not the electrode geometry
PVDF/BaTiO3/1wt%MWCNT,65935,9.44161e-11,9.441033333333336e-11,0.01002,measurement workbook,12.25,50,0.4352516791672621,0.4352516791672621,TO CONFIRM: eps_r < 1 with stated 12.25 cm2 / 50 um (physically impossible for PVDF); stated area/thickness probably not the electrode geometry
PVDF/BaTiO3/1wt%MWCNT,70930,9.43844e-11,9.43783e-11,0.01024,measurement workbook,12.25,50,0.4351055443636682,0.4351055443636681,TO CONFIRM: eps_r < 1 with stated 12.25 cm2 / 50 um (physically impossible for PVDF); stated area/thickness probably not the electrode geometry
PVDF/BaTiO3/1wt%MWCNT,75925,9.435786666666666e-11,9.435136666666666e-11,0.01055,measurement workbook,12.25,50,0.4349832275354234,0.4349832275354234,TO CONFIRM: eps_r < 1 with stated 12.25 cm2 / 50 um (physically impossible for PVDF); stated area/thickness probably not the electrode geometry
PVDF/BaTiO3/1wt%MWCNT,80920,9.433196666666665e-11,9.432513333333331e-11,0.01082,measurement workbook,12.25,50,0.4348638303299635,0.4348638303299634,TO CONFIRM: eps_r < 1 with stated 12.25 cm2 / 50 um (physically impossible for PVDF); stated area/thickness probably not the electrode geometry
PVDF/BaTiO3/1wt%MWCNT,85915,9.430466666666666e-11,9.429743333333334e-11,0.0111,measurement workbook,12.25,50,0.4347379792215056,0.4347379792215056,TO CONFIRM: eps_r < 1 with stated 12.25 cm2 / 50 um (physically impossible for PVDF); stated area/thickness probably not the electrode geometry
PVDF/BaTiO3/1wt%MWCNT,90910,9.428243333333331e-11,9.42748e-11,0.01138,measurement workbook,12.25,50,0.4346354850953257,0.4346354850953256,TO CONFIRM: eps_r < 1 with stated 12.25 cm2 / 50 um (physically impossible for PVDF); stated area/thickness probably not the electrode geometry
PVDF/BaTiO3/1wt%MWCNT,95905,9.426956666666665e-11,9.426146666666668e-11,0.01168,measurement workbook,12.25,50,0.4345761706534884,0.4345761706534884,TO CONFIRM: eps_r < 1 with stated 12.25 cm2 / 50 um (physically impossible for PVDF); stated area/thickness probably not the electrode geometry
PVDF/BaTiO3/1wt%MWCNT,100900,9.423293333333331e-11,9.42245e-11,0.012,measurement workbook,12.25,50,0.434407293525045,0.4344072935250449,TO CONFIRM: eps_r < 1 with stated 12.25 cm2 / 50 um (physically impossible for PVDF); stated area/thickness probably not the electrode geometry
PVDF/BaTiO3/1wt%MWCNT,105900,9.421066666666668e-11,9.42018e-11,0.01221,measurement workbook,12.25,50,0.434304645734508,0.4343046457345079,TO CONFIRM: eps_r < 1 with stated 12.25 cm2 / 50 um (physically impossible for PVDF); stated area/thickness probably not the electrode geometry
PVDF/BaTiO3/1wt%MWCNT,110890,9.418913333333331e-11,9.41799e-11,0.01249,measurement workbook,12.25,50,0.4342053785598269,0.4342053785598268,TO CONFIRM: eps_r < 1 with stated 12.25 cm2 / 50 um (physically impossible for PVDF); stated area/thickness probably not the electrode geometry
PVDF/BaTiO3/1wt%MWCNT,115890,9.416369999999999e-11,9.415416666666666e-11,0.01271,measurement workbook,12.25,50,0.4340881326553661,0.4340881326553661,TO CONFIRM: eps_r < 1 with stated 12.25 cm2 / 50 um (physically impossible for PVDF); stated area/thickness probably not the electrode geometry
PVDF/BaTiO3/1wt%MWCNT,120880,9.414103333333332e-11,9.413116666666666e-11,0.01293,measurement workbook,12.25,50,0.4339836408925441,0.433983640892544,TO CONFIRM: eps_r < 1 with stated 12.25 cm2 / 50 um (physically impossible for PVDF); stated area/thickness probably not the electrode geometry
PVDF/BaTiO3/1wt%MWCNT,125880,9.41165e-11,9.410626666666668e-11,0.01315,measurement workbook,12.25,50,0.4338705439257248,0.4338705439257247,TO CONFIRM: eps_r < 1 with stated 12.25 cm2 / 50 um (physically impossible for PVDF); stated area/thickness probably not the electrode geometry
PVDF/BaTiO3/1wt%MWCNT,130870,9.40937e-11,9.408323333333331e-11,0.01332,measurement workbook,12.25,50,0.4337654375054744,0.4337654375054743,TO CONFIRM: eps_r < 1 with stated 12.25 cm2 / 50 um (physically impossible for PVDF); stated area/thickness probably not the electrode geometry
PVDF/BaTiO3/1wt%MWCNT,135870,9.40677e-11,9.405693333333333e-11,0.01352,measurement workbook,12.25,50,0.4336455793069431,0.433645579306943,TO CONFIRM: eps_r < 1 with stated 12.25 cm2 / 50 um (physically impossible for PVDF); stated area/thickness probably not the electrode geometry
PVDF/BaTiO3/1wt%MWCNT,140860,9.406156666666665e-11,9.40502e-11,0.01381,measurement workbook,12.25,50,0.4336173050652382,0.4336173050652381,TO CONFIRM: eps_r < 1 with stated 12.25 cm2 / 50 um (physically impossible for PVDF); stated area/thickness probably not the electrode geometry
PVDF/BaTiO3/1wt%MWCNT,145860,9.404143333333331e-11,9.40297e-11,0.01402,measurement workbook,12.25,50,0.433524491793555,0.4335244917935549,TO CONFIRM: eps_r < 1 with stated 12.25 cm2 / 50 um (physically impossible for PVDF); stated area/thickness probably not the electrode geometry
PVDF/BaTiO3/1wt%MWCNT,150850,9.402056666666666e-11,9.40085e-11,0.01424,measurement workbook,12.25,50,0.4334282979060158,0.4334282979060157,TO CONFIRM: eps_r < 1 with stated 12.25 cm2 / 50 um (physically impossible for PVDF); stated area/thickness probably not the electrode geometry
PVDF/BaTiO3/1wt%MWCNT,155850,9.4e-11,9.398756666666667e-11,0.01442,measurement workbook,12.25,50,0.4333334869976905,0.4333334869976904,TO CONFIRM: eps_r < 1 with stated 12.25 cm2 / 50 um (physically impossible for PVDF); stated area/thickness probably not the electrode geometry
PVDF/BaTiO3/1wt%MWCNT,160840,9.39811e-11,9.396833333333331e-11,0.01465,measurement workbook,12.25,50,0.4332463593072197,0.4332463593072196,TO CONFIRM: eps_r < 1 with stated 12.25 cm2 / 50 um (physically impossible for PVDF); stated area/thickness probably not the electrode geometry
PVDF/BaTiO3/1wt%MWCNT,165840,9.396096666666667e-11,9.394786666666666e-11,0.01482,measurement workbook,12.25,50,0.4331535460355365,0.4331535460355364,TO CONFIRM: eps_r < 1 with stated 12.25 cm2 / 50 um (physically impossible for PVDF); stated area/thickness probably not the electrode geometry
PVDF/BaTiO3/1wt%MWCNT,170830,9.39409e-11,9.392746666666666e-11,0.01497,measurement workbook,12.25,50,0.4330610400925674,0.4330610400925673,TO CONFIRM: eps_r < 1 with stated 12.25 cm2 / 50 um (physically impossible for PVDF); stated area/thickness probably not the electrode geometry
PVDF/BaTiO3/1wt%MWCNT,175830,9.39199e-11,9.39061e-11,0.01521,measurement workbook,12.25,50,0.4329642315475999,0.4329642315475998,TO CONFIRM: eps_r < 1 with stated 12.25 cm2 / 50 um (physically impossible for PVDF); stated area/thickness probably not the electrode geometry
PVDF/BaTiO3/1wt%MWCNT,180820,9.389843333333334e-11,9.388436666666667e-11,0.01538,measurement workbook,12.25,50,0.432865271701633,0.4328652717016329,TO CONFIRM: eps_r < 1 with stated 12.25 cm2 / 50 um (physically impossible for PVDF); stated area/thickness probably not the electrode geometry
PVDF/BaTiO3/1wt%MWCNT,185820,9.388283333333332e-11,9.386833333333331e-11,0.01555,measurement workbook,12.25,50,0.4327933567825142,0.4327933567825141,TO CONFIRM: eps_r < 1 with stated 12.25 cm2 / 50 um (physically impossible for PVDF); stated area/thickness probably not the electrode geometry
PVDF/BaTiO3/1wt%MWCNT,190810,9.386026666666668e-11,9.384553333333332e-11,0.01571,measurement workbook,12.25,50,0.4326893260127634,0.4326893260127634,TO CONFIRM: eps_r < 1 with stated 12.25 cm2 / 50 um (physically impossible for PVDF); stated area/thickness probably not the electrode geometry
PVDF/BaTiO3/1wt%MWCNT,195810,9.384246666666664e-11,9.38274e-11,0.01589,measurement workbook,12.25,50,0.4326072692460765,0.4326072692460764,TO CONFIRM: eps_r < 1 with stated 12.25 cm2 / 50 um (physically impossible for PVDF); stated area/thickness probably not the electrode geometry
PVDF/BaTiO3/1wt%MWCNT,200800,9.38381e-11,9.382253333333334e-11,0.01614,measurement workbook,12.25,50,0.4325871392152977,0.4325871392152976,TO CONFIRM: eps_r < 1 with stated 12.25 cm2 / 50 um (physically impossible for PVDF); stated area/thickness probably not the electrode geometry
PVDF/BaTiO3/1wt%MWCNT,205800,9.38202e-11,9.38043e-11,0.01632,measurement workbook,12.25,50,0.4325046214555396,0.4325046214555395,TO CONFIRM: eps_r < 1 with stated 12.25 cm2 / 50 um (physically impossible for PVDF); stated area/thickness probably not the electrode geometry
PVDF/BaTiO3/1wt%MWCNT,210790,9.379786666666665e-11,9.37817e-11,0.01651,measurement workbook,12.25,50,0.4324016663362883,0.4324016663362883,TO CONFIRM: eps_r < 1 with stated 12.25 cm2 / 50 um (physically impossible for PVDF); stated area/thickness probably not the electrode geometry
PVDF/BaTiO3/1wt%MWCNT,215790,9.377656666666667e-11,9.376003333333332e-11,0.01666,measurement workbook,12.25,50,0.4323034748121069,0.4323034748121069,TO CONFIRM: eps_r < 1 with stated 12.25 cm2 / 50 um (physically impossible for PVDF); stated area/thickness probably not the electrode geometry
PVDF/BaTiO3/1wt%MWCNT,220780,9.37604e-11,9.37436e-11,0.01681,measurement workbook,12.25,50,0.4322289475989176,0.4322289475989176,TO CONFIRM: eps_r < 1 with stated 12.25 cm2 / 50 um (physically impossible for PVDF); stated area/thickness probably not the electrode geometry
PVDF/BaTiO3/1wt%MWCNT,225780,9.374396666666667e-11,9.372686666666665e-11,0.01702,measurement workbook,12.25,50,0.4321531910708716,0.4321531910708715,TO CONFIRM: eps_r < 1 with stated 12.25 cm2 / 50 um (physically impossible for PVDF); stated area/thickness probably not the electrode geometry
PVDF/BaTiO3/1wt%MWCNT,230770,9.372776666666664e-11,9.37103e-11,0.01717,measurement workbook,12.25,50,0.4320785101933251,0.432078510193325,TO CONFIRM: eps_r < 1 with stated 12.25 cm2 / 50 um (physically impossible for PVDF); stated area/thickness probably not the electrode geometry
PVDF/BaTiO3/1wt%MWCNT,235770,9.371073333333334e-11,9.369296666666666e-11,0.01736,measurement workbook,12.25,50,0.4319999877068515,0.4319999877068514,TO CONFIRM: eps_r < 1 with stated 12.25 cm2 / 50 um (physically impossible for PVDF); stated area/thickness probably not the electrode geometry
PVDF/BaTiO3/1wt%MWCNT,240760,9.369273333333334e-11,9.36747e-11,0.01748,measurement workbook,12.25,50,0.4319170089540221,0.431917008954022,TO CONFIRM: eps_r < 1 with stated 12.25 cm2 / 50 um (physically impossible for PVDF); stated area/thickness probably not the electrode geometry
PVDF/BaTiO3/1wt%MWCNT,245760,9.367806666666668e-11,9.365969999999997e-11,0.01762,measurement workbook,12.25,50,0.4318493966369019,0.4318493966369018,TO CONFIRM: eps_r < 1 with stated 12.25 cm2 / 50 um (physically impossible for PVDF); stated area/thickness probably not the electrode geometry
PVDF/BaTiO3/1wt%MWCNT,250750,9.366056666666667e-11,9.364183333333332e-11,0.01777,measurement workbook,12.25,50,0.431768722849429,0.4317687228494289,TO CONFIRM: eps_r < 1 with stated 12.25 cm2 / 50 um (physically impossible for PVDF); stated area/thickness probably not the electrode geometry
PVDF/BaTiO3/1wt%MWCNT,255750,9.364316666666667e-11,9.362413333333334e-11,0.01794,measurement workbook,12.25,50,0.4316885100550273,0.4316885100550272,TO CONFIRM: eps_r < 1 with stated 12.25 cm2 / 50 um (physically impossible for PVDF); stated area/thickness probably not the electrode geometry
PVDF/BaTiO3/1wt%MWCNT,260740,9.36278e-11,9.360843333333332e-11,0.01811,measurement workbook,12.25,50,0.4316176707864081,0.431617670786408,TO CONFIRM: eps_r < 1 with stated 12.25 cm2 / 50 um (physically impossible for PVDF); stated area/thickness probably not the electrode geometry
PVDF/BaTiO3/1wt%MWCNT,265740,9.361153333333331e-11,9.359193333333332e-11,0.01822,measurement workbook,12.25,50,0.4315426825801475,0.4315426825801474,TO CONFIRM: eps_r < 1 with stated 12.25 cm2 / 50 um (physically impossible for PVDF); stated area/thickness probably not the electrode geometry
PVDF/BaTiO3/1wt%MWCNT,270730,9.35966e-11,9.35767e-11,0.01837,measurement workbook,12.25,50,0.4314738409481706,0.4314738409481706,TO CONFIRM: eps_r < 1 with stated 12.25 cm2 / 50 um (physically impossible for PVDF); stated area/thickness probably not the electrode geometry
PVDF/BaTiO3/1wt%MWCNT,275730,9.3582e-11,9.356176666666665e-11,0.01852,measurement workbook,12.25,50,0.4314065359597646,0.4314065359597645,TO CONFIRM: eps_r < 1 with stated 12.25 cm2 / 50 um (physically impossible for PVDF); stated area/thickness probably not the electrode geometry
PVDF/BaTiO3/1wt%MWCNT,280720,9.356716666666668e-11,9.354666666666666e-11,0.01864,measurement workbook,12.25,50,0.4313381553208588,0.4313381553208588,TO CONFIRM: eps_r < 1 with stated 12.25 cm2 / 50 um (physically impossible for PVDF); stated area/thickness probably not the electrode geometry
PVDF/BaTiO3/1wt%MWCNT,285720,9.354756666666667e-11,9.352673333333332e-11,0.0188,measurement workbook,12.25,50,0.4312478006788892,0.4312478006788891,TO CONFIRM: eps_r < 1 with stated 12.25 cm2 / 50 um (physically impossible for PVDF); stated area/thickness probably not the electrode geometry
PVDF/BaTiO3/1wt%MWCNT,290710,9.353166666666667e-11,9.351056666666668e-11,0.01894,measurement workbook,12.25,50,0.4311745027805566,0.4311745027805566,TO CONFIRM: eps_r < 1 with stated 12.25 cm2 / 50 um (physically impossible for PVDF); stated area/thickness probably not the electrode geometry
PVDF/BaTiO3/1wt%MWCNT,295710,9.351656666666668e-11,9.34952e-11,0.01906,measurement workbook,12.25,50,0.4311048928267942,0.4311048928267941,TO CONFIRM: eps_r < 1 with stated 12.25 cm2 / 50 um (physically impossible for PVDF); stated area/thickness probably not the electrode geometry
PVDF/BaTiO3/1wt%MWCNT,300700,9.351043333333332e-11,9.34886e-11,0.01925,measurement workbook,12.25,50,0.4310766185850894,0.4310766185850893,TO CONFIRM: eps_r < 1 with stated 12.25 cm2 / 50 um (physically impossible for PVDF); stated area/thickness probably not the electrode geometry
PVDF/BaTiO3/1wt%MWCNT,305700,9.34976e-11,9.347546666666667e-11,0.01938,measurement workbook,12.25,50,0.4310174578076091,0.4310174578076091,TO CONFIRM: eps_r < 1 with stated 12.25 cm2 / 50 um (physically impossible for PVDF); stated area/thickness probably not the electrode geometry
PVDF/BaTiO3/1wt%MWCNT,310690,9.348309999999999e-11,9.346059999999999e-11,0.01954,measurement workbook,12.25,50,0.4309506138122743,0.4309506138122743,TO CONFIRM: eps_r < 1 with stated 12.25 cm2 / 50 um (physically impossible for PVDF); stated area/thickness probably not the electrode geometry
PVDF/BaTiO3/1wt%MWCNT,315690,9.346863333333332e-11,9.344586666666667e-11,0.01966,measurement workbook,12.25,50,0.4308839234812968,0.4308839234812967,TO CONFIRM: eps_r < 1 with stated 12.25 cm2 / 50 um (physically impossible for PVDF); stated area/thickness probably not the electrode geometry
PVDF/BaTiO3/1wt%MWCNT,320680,9.34547e-11,9.34316e-11,0.01978,measurement workbook,12.25,50,0.4308196917800326,0.4308196917800326,TO CONFIRM: eps_r < 1 with stated 12.25 cm2 / 50 um (physically impossible for PVDF); stated area/thickness probably not the electrode geometry
PVDF/BaTiO3/1wt%MWCNT,325680,9.344076666666667e-11,9.341736666666666e-11,0.01995,measurement workbook,12.25,50,0.4307554600787683,0.4307554600787683,TO CONFIRM: eps_r < 1 with stated 12.25 cm2 / 50 um (physically impossible for PVDF); stated area/thickness probably not the electrode geometry
PVDF/BaTiO3/1wt%MWCNT,330670,9.342716666666668e-11,9.34035e-11,0.02007,measurement workbook,12.25,50,0.4306927650210751,0.430692765021075,TO CONFIRM: eps_r < 1 with stated 12.25 cm2 / 50 um (physically impossible for PVDF); stated area/thickness probably not the electrode geometry
PVDF/BaTiO3/1wt%MWCNT,335670,9.341366666666668e-11,9.338966666666666e-11,0.02022,measurement workbook,12.25,50,0.4306305309564531,0.430630530956453,TO CONFIRM: eps_r < 1 with stated 12.25 cm2 / 50 um (physically impossible for PVDF); stated area/thickness probably not the electrode geometry
PVDF/BaTiO3/1wt%MWCNT,340660,9.340173333333336e-11,9.337746666666666e-11,0.02033,measurement workbook,12.25,50,0.4305755191166144,0.4305755191166143,TO CONFIRM: eps_r < 1 with stated 12.25 cm2 / 50 um (physically impossible for PVDF); stated area/thickness probably not the electrode geometry
PVDF/BaTiO3/1wt%MWCNT,345660,9.338653333333334e-11,9.336196666666668e-11,0.02045,measurement workbook,12.25,50,0.4305054481697807,0.4305054481697806,TO CONFIRM: eps_r < 1 with stated 12.25 cm2 / 50 um (physically impossible for PVDF); stated area/thickness probably not the electrode geometry
PVDF/BaTiO3/1wt%MWCNT,350650,9.337413333333334e-11,9.334923333333331e-11,0.02058,measurement workbook,12.25,50,0.4304482850289427,0.4304482850289426,TO CONFIRM: eps_r < 1 with stated 12.25 cm2 / 50 um (physically impossible for PVDF); stated area/thickness probably not the electrode geometry
PVDF/BaTiO3/1wt%MWCNT,355650,9.336163333333336e-11,9.333646666666668e-11,0.02071,measurement workbook,12.25,50,0.4303906608950335,0.4303906608950334,TO CONFIRM: eps_r < 1 with stated 12.25 cm2 / 50 um (physically impossible for PVDF); stated area/thickness probably not the electrode geometry
PVDF/BaTiO3/1wt%MWCNT,360640,9.334783333333332e-11,9.332236666666667e-11,0.02082,measurement workbook,12.25,50,0.4303270438511976,0.4303270438511975,TO CONFIRM: eps_r < 1 with stated 12.25 cm2 / 50 um (physically impossible for PVDF); stated area/thickness probably not the electrode geometry
PVDF/BaTiO3/1wt%MWCNT,365640,9.333553333333334e-11,9.330983333333334e-11,0.02096,measurement workbook,12.25,50,0.4302703417034308,0.4302703417034308,TO CONFIRM: eps_r < 1 with stated 12.25 cm2 / 50 um (physically impossible for PVDF); stated area/thickness probably not the electrode geometry
PVDF/BaTiO3/1wt%MWCNT,370630,9.332236666666667e-11,9.329633333333331e-11,0.02108,measurement workbook,12.25,50,0.4302096442823798,0.4302096442823797,TO CONFIRM: eps_r < 1 with stated 12.25 cm2 / 50 um (physically impossible for PVDF); stated area/thickness probably not the electrode geometry
PVDF/BaTiO3/1wt%MWCNT,375630,9.330846666666666e-11,9.328213333333334e-11,0.02119,measurement workbook,12.25,50,0.4301455662454727,0.4301455662454726,TO CONFIRM: eps_r < 1 with stated 12.25 cm2 / 50 um (physically impossible for PVDF); stated area/thickness probably not the electrode geometry
PVDF/BaTiO3/1wt%MWCNT,380620,9.32944e-11,9.32678e-11,0.02131,measurement workbook,12.25,50,0.4300807198867801,0.4300807198867801,TO CONFIRM: eps_r < 1 with stated 12.25 cm2 / 50 um (physically impossible for PVDF); stated area/thickness probably not the electrode geometry
PVDF/BaTiO3/1wt%MWCNT,385620,9.328143333333332e-11,9.325456666666668e-11,0.02144,measurement workbook,12.25,50,0.4300209444518716,0.4300209444518715,TO CONFIRM: eps_r < 1 with stated 12.25 cm2 / 50 um (physically impossible for PVDF); stated area/thickness probably not the electrode geometry
PVDF/BaTiO3/1wt%MWCNT,390610,9.326863333333334e-11,9.32415e-11,0.02154,measurement workbook,12.25,50,0.4299619373387485,0.4299619373387484,TO CONFIRM: eps_r < 1 with stated 12.25 cm2 / 50 um (physically impossible for PVDF); stated area/thickness probably not the electrode geometry
PVDF/BaTiO3/1wt%MWCNT,395610,9.325606666666668e-11,9.322863333333333e-11,0.02167,measurement workbook,12.25,50,0.429904005876125,0.429904005876125,TO CONFIRM: eps_r < 1 with stated 12.25 cm2 / 50 um (physically impossible for PVDF); stated area/thickness probably not the electrode geometry
PVDF/BaTiO3/1wt%MWCNT,400600,9.32514e-11,9.322353333333332e-11,0.02181,measurement workbook,12.25,50,0.4298824928661322,0.4298824928661321,TO CONFIRM: eps_r < 1 with stated 12.25 cm2 / 50 um (physically impossible for PVDF); stated area/thickness probably not the electrode geometry
PVDF/BaTiO3/1wt%MWCNT,405600,9.32378e-11,9.320963333333334e-11,0.02194,measurement workbook,12.25,50,0.429819797808439,0.4298197978084389,TO CONFIRM: eps_r < 1 with stated 12.25 cm2 / 50 um (physically impossible for PVDF); stated area/thickness probably not the electrode geometry
PVDF/BaTiO3/1wt%MWCNT,410590,9.32251e-11,9.319666666666668e-11,0.02203,measurement workbook,12.25,50,0.4297612516883872,0.4297612516883871,TO CONFIRM: eps_r < 1 with stated 12.25 cm2 / 50 um (physically impossible for PVDF); stated area/thickness probably not the electrode geometry
PVDF/BaTiO3/1wt%MWCNT,415590,9.321023333333332e-11,9.318146666666668e-11,0.02218,measurement workbook,12.25,50,0.4296927173851244,0.4296927173851243,TO CONFIRM: eps_r < 1 with stated 12.25 cm2 / 50 um (physically impossible for PVDF); stated area/thickness probably not the electrode geometry
PVDF/BaTiO3/1wt%MWCNT,420580,9.319413333333333e-11,9.316516666666668e-11,0.02226,measurement workbook,12.25,50,0.4296184975006493,0.4296184975006492,TO CONFIRM: eps_r < 1 with stated 12.25 cm2 / 50 um (physically impossible for PVDF); stated area/thickness probably not the electrode geometry
PVDF/BaTiO3/1wt%MWCNT,425580,9.318093333333334e-11,9.31517e-11,0.0224,measurement workbook,12.25,50,0.4295576464152411,0.429557646415241,TO CONFIRM: eps_r < 1 with stated 12.25 cm2 / 50 um (physically impossible for PVDF); stated area/thickness probably not the electrode geometry
PVDF/BaTiO3/1wt%MWCNT,430570,9.316716666666666e-11,9.31376e-11,0.0225,measurement workbook,12.25,50,0.4294941830357622,0.4294941830357622,TO CONFIRM: eps_r < 1 with stated 12.25 cm2 / 50 um (physically impossible for PVDF); stated area/thickness probably not the electrode geometry
PVDF/BaTiO3/1wt%MWCNT,435570,9.31543e-11,9.312446666666666e-11,0.02261,measurement workbook,12.25,50,0.429434868593925,0.429434868593925,TO CONFIRM: eps_r < 1 with stated 12.25 cm2 / 50 um (physically impossible for PVDF); stated area/thickness probably not the electrode geometry
PVDF/BaTiO3/1wt%MWCNT,440560,9.314203333333332e-11,9.311196666666668e-11,0.02272,measurement workbook,12.25,50,0.4293783201105154,0.4293783201105153,TO CONFIRM: eps_r < 1 with stated 12.25 cm2 / 50 um (physically impossible for PVDF); stated area/thickness probably not the electrode geometry
PVDF/BaTiO3/1wt%MWCNT,445560,9.312936666666668e-11,9.309903333333334e-11,0.02283,measurement workbook,12.25,50,0.4293199276548207,0.4293199276548207,TO CONFIRM: eps_r < 1 with stated 12.25 cm2 / 50 um (physically impossible for PVDF); stated area/thickness probably not the electrode geometry
PVDF/BaTiO3/1wt%MWCNT,450550,9.3118e-11,9.308736666666666e-11,0.02294,measurement workbook,12.25,50,0.4292675281090525,0.4292675281090525,TO CONFIRM: eps_r < 1 with stated 12.25 cm2 / 50 um (physically impossible for PVDF); stated area/thickness probably not the electrode geometry
PVDF/BaTiO3/1wt%MWCNT,455550,9.310603333333332e-11,9.30751e-11,0.02304,measurement workbook,12.25,50,0.4292123626048567,0.4292123626048567,TO CONFIRM: eps_r < 1 with stated 12.25 cm2 / 50 um (physically impossible for PVDF); stated area/thickness probably not the electrode geometry
PVDF/BaTiO3/1wt%MWCNT,460540,9.309443333333332e-11,9.306326666666668e-11,0.02316,measurement workbook,12.25,50,0.429158887408589,0.4291588874085889,TO CONFIRM: eps_r < 1 with stated 12.25 cm2 / 50 um (physically impossible for PVDF); stated area/thickness probably not the electrode geometry
PVDF/BaTiO3/1wt%MWCNT,465540,9.3082e-11,9.305053333333334e-11,0.02327,measurement workbook,12.25,50,0.4291015706033939,0.4291015706033938,TO CONFIRM: eps_r < 1 with stated 12.25 cm2 / 50 um (physically impossible for PVDF); stated area/thickness probably not the electrode geometry
PVDF/BaTiO3/1wt%MWCNT,470530,9.307006666666667e-11,9.303836666666665e-11,0.02337,measurement workbook,12.25,50,0.4290465587635552,0.4290465587635551,TO CONFIRM: eps_r < 1 with stated 12.25 cm2 / 50 um (physically impossible for PVDF); stated area/thickness probably not the electrode geometry
PVDF/BaTiO3/1wt%MWCNT,475530,9.30568e-11,9.30248e-11,0.02347,measurement workbook,12.25,50,0.4289854003494328,0.4289854003494326,TO CONFIRM: eps_r < 1 with stated 12.25 cm2 / 50 um (physically impossible for PVDF); stated area/thickness probably not the electrode geometry
PVDF/BaTiO3/1wt%MWCNT,480520,9.30461e-11,9.301386666666666e-11,0.02356,measurement workbook,12.25,50,0.4289360740908064,0.4289360740908063,TO CONFIRM: eps_r < 1 with stated 12.25 cm2 / 50 um (physically impossible for PVDF); stated area/thickness probably not the electrode geometry
PVDF/BaTiO3/1wt%MWCNT,485520,9.30343e-11,9.300173333333331e-11,0.02367,measurement workbook,12.25,50,0.4288816769083961,0.428881676908396,TO CONFIRM: eps_r < 1 with stated 12.25 cm2 / 50 um (physically impossible for PVDF); stated area/thickness probably not the electrode geometry
PVDF/BaTiO3/1wt%MWCNT,490510,9.302123333333334e-11,9.29885e-11,0.02377,measurement workbook,12.25,50,0.4288214404804163,0.4288214404804162,TO CONFIRM: eps_r < 1 with stated 12.25 cm2 / 50 um (physically impossible for PVDF); stated area/thickness probably not the electrode geometry
PVDF/BaTiO3/1wt%MWCNT,495510,9.301106666666667e-11,9.297796666666668e-11,0.02388,measurement workbook,12.25,50,0.4287745728515034,0.4287745728515034,TO CONFIRM: eps_r < 1 with stated 12.25 cm2 / 50 um (physically impossible for PVDF); stated area/thickness probably not the electrode geometry
PVDF/BaTiO3/1wt%MWCNT,500500,9.30083e-11,9.297483333333332e-11,0.024,measurement workbook,12.25,50,0.4287618187098648,0.4287618187098648,TO CONFIRM: eps_r < 1 with stated 12.25 cm2 / 50 um (physically impossible for PVDF); stated area/thickness probably not the electrode geometry
PVDF/BaTiO3/1wt%MWCNT,505500,9.29984e-11,9.296466666666668e-11,0.02411,measurement workbook,12.25,50,0.4287161803958086,0.4287161803958086,TO CONFIRM: eps_r < 1 with stated 12.25 cm2 / 50 um (physically impossible for PVDF); stated area/thickness probably not the electrode geometry
PVDF/BaTiO3/1wt%MWCNT,510490,9.298809999999997e-11,9.295406666666666e-11,0.0242,measurement workbook,12.25,50,0.4286686981094673,0.4286686981094673,TO CONFIRM: eps_r < 1 with stated 12.25 cm2 / 50 um (physically impossible for PVDF); stated area/thickness probably not the electrode geometry
PVDF/BaTiO3/1wt%MWCNT,515490,9.29776e-11,9.294326666666667e-11,0.02431,measurement workbook,12.25,50,0.4286202938369836,0.4286202938369836,TO CONFIRM: eps_r < 1 with stated 12.25 cm2 / 50 um (physically impossible for PVDF); stated area/thickness probably not the electrode geometry
PVDF/BaTiO3/1wt%MWCNT,520480,9.296793333333332e-11,9.29333e-11,0.02441,measurement workbook,12.25,50,0.4285757311734271,0.428575731173427,TO CONFIRM: eps_r < 1 with stated 12.25 cm2 / 50 um (physically impossible for PVDF); stated area/thickness probably not the electrode geometry
PVDF/BaTiO3/1wt%MWCNT,525480,9.29586e-11,9.292373333333333e-11,0.02452,measurement workbook,12.25,50,0.4285327051534415,0.4285327051534414,TO CONFIRM: eps_r < 1 with stated 12.25 cm2 / 50 um (physically impossible for PVDF); stated area/thickness probably not the electrode geometry
PVDF/BaTiO3/1wt%MWCNT,530470,9.29484e-11,9.291323333333333e-11,0.0246,measurement workbook,12.25,50,0.4284856838601716,0.4284856838601715,TO CONFIRM: eps_r < 1 with stated 12.25 cm2 / 50 um (physically impossible for PVDF); stated area/thickness probably not the electrode geometry
PVDF/BaTiO3/1wt%MWCNT,535470,9.293856666666667e-11,9.290313333333332e-11,0.02471,measurement workbook,12.25,50,0.4284403528748296,0.4284403528748295,TO CONFIRM: eps_r < 1 with stated 12.25 cm2 / 50 um (physically impossible for PVDF); stated area/thickness probably not the electrode geometry
PVDF/BaTiO3/1wt%MWCNT,540460,9.292886666666664e-11,9.28932e-11,0.0248,measurement workbook,12.25,50,0.428395636546916,0.428395636546916,TO CONFIRM: eps_r < 1 with stated 12.25 cm2 / 50 um (physically impossible for PVDF); stated area/thickness probably not the electrode geometry
PVDF/BaTiO3/1wt%MWCNT,545460,9.29185e-11,9.288253333333334e-11,0.02491,measurement workbook,12.25,50,0.4283478469318606,0.4283478469318605,TO CONFIRM: eps_r < 1 with stated 12.25 cm2 / 50 um (physically impossible for PVDF); stated area/thickness probably not the electrode geometry
PVDF/BaTiO3/1wt%MWCNT,550450,9.29094e-11,9.287313333333332e-11,0.025,measurement workbook,12.25,50,0.4283058965623748,0.4283058965623746,TO CONFIRM: eps_r < 1 with stated 12.25 cm2 / 50 um (physically impossible for PVDF); stated area/thickness probably not the electrode geometry
PVDF/BaTiO3/1wt%MWCNT,555450,9.290033333333332e-11,9.28638e-11,0.02509,measurement workbook,12.25,50,0.4282640998572458,0.4282640998572458,TO CONFIRM: eps_r < 1 with stated 12.25 cm2 / 50 um (physically impossible for PVDF); stated area/thickness probably not the electrode geometry
PVDF/BaTiO3/1wt%MWCNT,560440,9.288993333333331e-11,9.28532e-11,0.02519,measurement workbook,12.25,50,0.4282161565778332,0.4282161565778332,TO CONFIRM: eps_r < 1 with stated 12.25 cm2 / 50 um (physically impossible for PVDF); stated area/thickness probably not the electrode geometry
PVDF/BaTiO3/1wt%MWCNT,565440,9.287983333333336e-11,9.28427e-11,0.02528,measurement workbook,12.25,50,0.4281695962776347,0.4281695962776347,TO CONFIRM: eps_r < 1 with stated 12.25 cm2 / 50 um (physically impossible for PVDF); stated area/thickness probably not the electrode geometry
PVDF/BaTiO3/1wt%MWCNT,570430,9.28703e-11,9.283293333333334e-11,0.02539,measurement workbook,12.25,50,0.4281256482715065,0.4281256482715064,TO CONFIRM: eps_r < 1 with stated 12.25 cm2 / 50 um (physically impossible for PVDF); stated area/thickness probably not the electrode geometry
PVDF/BaTiO3/1wt%MWCNT,575430,9.28599e-11,9.282226666666668e-11,0.02547,measurement workbook,12.25,50,0.4280777049920939,0.4280777049920939,TO CONFIRM: eps_r < 1 with stated 12.25 cm2 / 50 um (physically impossible for PVDF); stated area/thickness probably not the electrode geometry
PVDF/BaTiO3/1wt%MWCNT,580420,9.285023333333332e-11,9.28123e-11,0.02556,measurement workbook,12.25,50,0.4280331423285375,0.4280331423285374,TO CONFIRM: eps_r < 1 with stated 12.25 cm2 / 50 um (physically impossible for PVDF); stated area/thickness probably not the electrode geometry
PVDF/BaTiO3/1wt%MWCNT,585420,9.28406e-11,9.280246666666667e-11,0.02566,measurement workbook,12.25,50,0.4279887333293382,0.427988733329338,TO CONFIRM: eps_r < 1 with stated 12.25 cm2 / 50 um (physically impossible for PVDF); stated area/thickness probably not the electrode geometry
PVDF/BaTiO3/1wt%MWCNT,590410,9.283176666666666e-11,9.279336666666668e-11,0.02574,measurement workbook,12.25,50,0.4279480122747088,0.4279480122747088,TO CONFIRM: eps_r < 1 with stated 12.25 cm2 / 50 um (physically impossible for PVDF); stated area/thickness probably not the electrode geometry
PVDF/BaTiO3/1wt%MWCNT,595410,9.282213333333332e-11,9.27834e-11,0.02584,measurement workbook,12.25,50,0.4279036032755094,0.4279036032755093,TO CONFIRM: eps_r < 1 with stated 12.25 cm2 / 50 um (physically impossible for PVDF); stated area/thickness probably not the electrode geometry
PVDF/BaTiO3/1wt%MWCNT,600400,9.28123e-11,9.277336666666665e-11,0.02593,measurement workbook,12.25,50,0.4278582722901675,0.4278582722901675,TO CONFIRM: eps_r < 1 with stated 12.25 cm2 / 50 um (physically impossible for PVDF); stated area/thickness probably not the electrode geometry
PVDF/BaTiO3/1wt%MWCNT,605400,9.280313333333331e-11,9.276393333333331e-11,0.02602,measurement workbook,12.25,50,0.4278160145919673,0.4278160145919673,TO CONFIRM: eps_r < 1 with stated 12.25 cm2 / 50 um (physically impossible for PVDF); stated area/thickness probably not the electrode geometry
PVDF/BaTiO3/1wt%MWCNT,610390,9.279366666666667e-11,9.275416666666667e-11,0.02612,measurement workbook,12.25,50,0.4277723739145534,0.4277723739145534,TO CONFIRM: eps_r < 1 with stated 12.25 cm2 / 50 um (physically impossible for PVDF); stated area/thickness probably not the electrode geometry
PVDF/BaTiO3/1wt%MWCNT,615390,9.27839e-11,9.274416666666665e-11,0.02619,measurement workbook,12.25,50,0.4277273502579256,0.4277273502579256,TO CONFIRM: eps_r < 1 with stated 12.25 cm2 / 50 um (physically impossible for PVDF); stated area/thickness probably not the electrode geometry
PVDF/BaTiO3/1wt%MWCNT,620380,9.277586666666667e-11,9.273583333333331e-11,0.02628,measurement workbook,12.25,50,0.4276903171478666,0.4276903171478666,TO CONFIRM: eps_r < 1 with stated 12.25 cm2 / 50 um (physically impossible for PVDF); stated area/thickness probably not the electrode geometry
PVDF/BaTiO3/1wt%MWCNT,625380,9.276676666666668e-11,9.272653333333332e-11,0.02637,measurement workbook,12.25,50,0.4276483667783807,0.4276483667783806,TO CONFIRM: eps_r < 1 with stated 12.25 cm2 / 50 um (physically impossible for PVDF); stated area/thickness probably not the electrode geometry
PVDF/BaTiO3/1wt%MWCNT,630370,9.27577e-11,9.271716666666665e-11,0.02647,measurement workbook,12.25,50,0.4276065700732517,0.4276065700732517,TO CONFIRM: eps_r < 1 with stated 12.25 cm2 / 50 um (physically impossible for PVDF); stated area/thickness probably not the electrode geometry
PVDF/BaTiO3/1wt%MWCNT,635370,9.27486e-11,9.27078e-11,0.02655,measurement workbook,12.25,50,0.4275646197037658,0.4275646197037658,TO CONFIRM: eps_r < 1 with stated 12.25 cm2 / 50 um (physically impossible for PVDF); stated area/thickness probably not the electrode geometry
PVDF/BaTiO3/1wt%MWCNT,640360,9.273946666666665e-11,9.269846666666666e-11,0.02664,measurement workbook,12.25,50,0.4275225156699228,0.4275225156699228,TO CONFIRM: eps_r < 1 with stated 12.25 cm2 / 50 um (physically impossible for PVDF); stated area/thickness probably not the electrode geometry
PVDF/BaTiO3/1wt%MWCNT,645360,9.273056666666666e-11,9.26893e-11,0.02673,measurement workbook,12.25,50,0.4274814872865794,0.4274814872865793,TO CONFIRM: eps_r < 1 with stated 12.25 cm2 / 50 um (physically impossible for PVDF); stated area/thickness probably not the electrode geometry
PVDF/BaTiO3/1wt%MWCNT,650350,9.272163333333334e-11,9.26801e-11,0.0268,measurement workbook,12.25,50,0.427440305238879,0.4274403052388789,TO CONFIRM: eps_r < 1 with stated 12.25 cm2 / 50 um (physically impossible for PVDF); stated area/thickness probably not the electrode geometry
PVDF/BaTiO3/1wt%MWCNT,655350,9.271273333333332e-11,9.2671e-11,0.02688,measurement workbook,12.25,50,0.4273992768555356,0.4273992768555354,TO CONFIRM: eps_r < 1 with stated 12.25 cm2 / 50 um (physically impossible for PVDF); stated area/thickness probably not the electrode geometry
PVDF/BaTiO3/1wt%MWCNT,660340,9.270283333333334e-11,9.26608e-11,0.02697,measurement workbook,12.25,50,0.4273536385414795,0.4273536385414794,TO CONFIRM: eps_r < 1 with stated 12.25 cm2 / 50 um (physically impossible for PVDF); stated area/thickness probably not the electrode geometry
PVDF/BaTiO3/1wt%MWCNT,665340,9.2694e-11,9.265176666666665e-11,0.02706,measurement workbook,12.25,50,0.4273129174868502,0.4273129174868501,TO CONFIRM: eps_r < 1 with stated 12.25 cm2 / 50 um (physically impossible for PVDF); stated area/thickness probably not the electrode geometry
PVDF/BaTiO3/1wt%MWCNT,670330,9.268533333333332e-11,9.26428e-11,0.02714,measurement workbook,12.25,50,0.4272729647540064,0.4272729647540063,TO CONFIRM: eps_r < 1 with stated 12.25 cm2 / 50 um (physically impossible for PVDF); stated area/thickness probably not the electrode geometry
PVDF/BaTiO3/1wt%MWCNT,675330,9.26764e-11,9.263363333333333e-11,0.02722,measurement workbook,12.25,50,0.427231782706306,0.4272317827063059,TO CONFIRM: eps_r < 1 with stated 12.25 cm2 / 50 um (physically impossible for PVDF); stated area/thickness probably not the electrode geometry
PVDF/BaTiO3/1wt%MWCNT,680320,9.26671e-11,9.26241e-11,0.02731,measurement workbook,12.25,50,0.4271889103506774,0.4271889103506773,TO CONFIRM: eps_r < 1 with stated 12.25 cm2 / 50 um (physically impossible for PVDF); stated area/thickness probably not the electrode geometry
PVDF/BaTiO3/1wt%MWCNT,685320,9.265719999999999e-11,9.261386666666668e-11,0.02739,measurement workbook,12.25,50,0.4271432720366213,0.4271432720366212,TO CONFIRM: eps_r < 1 with stated 12.25 cm2 / 50 um (physically impossible for PVDF); stated area/thickness probably not the electrode geometry
PVDF/BaTiO3/1wt%MWCNT,690310,9.264806666666667e-11,9.260453333333334e-11,0.02748,measurement workbook,12.25,50,0.4271011680027783,0.4271011680027783,TO CONFIRM: eps_r < 1 with stated 12.25 cm2 / 50 um (physically impossible for PVDF); stated area/thickness probably not the electrode geometry
PVDF/BaTiO3/1wt%MWCNT,695310,9.263973333333334e-11,9.25959e-11,0.02755,measurement workbook,12.25,50,0.4270627519135054,0.4270627519135054,TO CONFIRM: eps_r < 1 with stated 12.25 cm2 / 50 um (physically impossible for PVDF); stated area/thickness probably not the electrode geometry
PVDF/BaTiO3/1wt%MWCNT,700300,9.263996666666668e-11,9.259586666666668e-11,0.02765,measurement workbook,12.25,50,0.4270638275640051,0.427063827564005,TO CONFIRM: eps_r < 1 with stated 12.25 cm2 / 50 um (physically impossible for PVDF); stated area/thickness probably not the electrode geometry
PVDF/BaTiO3/1wt%MWCNT,705300,9.263323333333332e-11,9.258883333333332e-11,0.02773,measurement workbook,12.25,50,0.4270327873638726,0.4270327873638725,TO CONFIRM: eps_r < 1 with stated 12.25 cm2 / 50 um (physically impossible for PVDF); stated area/thickness probably not the electrode geometry
PVDF/BaTiO3/1wt%MWCNT,710290,9.262589999999999e-11,9.258126666666668e-11,0.02782,measurement workbook,12.25,50,0.4269989812053125,0.4269989812053124,TO CONFIRM: eps_r < 1 with stated 12.25 cm2 / 50 um (physically impossible for PVDF); stated area/thickness probably not the electrode geometry
PVDF/BaTiO3/1wt%MWCNT,715290,9.261836666666668e-11,9.257336666666666e-11,0.0279,measurement workbook,12.25,50,0.4269642530606098,0.4269642530606098,TO CONFIRM: eps_r < 1 with stated 12.25 cm2 / 50 um (physically impossible for PVDF); stated area/thickness probably not the electrode geometry
PVDF/BaTiO3/1wt%MWCNT,720280,9.260989999999997e-11,9.256466666666666e-11,0.02798,measurement workbook,12.25,50,0.4269252223139086,0.4269252223139085,TO CONFIRM: eps_r < 1 with stated 12.25 cm2 / 50 um (physically impossible for PVDF); stated area/thickness probably not the electrode geometry
PVDF/BaTiO3/1wt%MWCNT,725280,9.26017e-11,9.25562e-11,0.02805,measurement workbook,12.25,50,0.4268874208820641,0.4268874208820641,TO CONFIRM: eps_r < 1 with stated 12.25 cm2 / 50 um (physically impossible for PVDF); stated area/thickness probably not the electrode geometry
PVDF/BaTiO3/1wt%MWCNT,730270,9.25958e-11,9.254999999999999e-11,0.02814,measurement workbook,12.25,50,0.4268602222908591,0.426860222290859,TO CONFIRM: eps_r < 1 with stated 12.25 cm2 / 50 um (physically impossible for PVDF); stated area/thickness probably not the electrode geometry
PVDF/BaTiO3/1wt%MWCNT,735270,9.258876666666668e-11,9.254276666666666e-11,0.02823,measurement workbook,12.25,50,0.4268277991115127,0.4268277991115127,TO CONFIRM: eps_r < 1 with stated 12.25 cm2 / 50 um (physically impossible for PVDF); stated area/thickness probably not the electrode geometry
PVDF/BaTiO3/1wt%MWCNT,740260,9.258056666666665e-11,9.253423333333331e-11,0.02829,measurement workbook,12.25,50,0.4267899976796682,0.4267899976796682,TO CONFIRM: eps_r < 1 with stated 12.25 cm2 / 50 um (physically impossible for PVDF); stated area/thickness probably not the electrode geometry
PVDF/BaTiO3/1wt%MWCNT,745260,9.25734e-11,9.252676666666665e-11,0.02837,measurement workbook,12.25,50,0.4267569598428937,0.4267569598428936,TO CONFIRM: eps_r < 1 with stated 12.25 cm2 / 50 um (physically impossible for PVDF); stated area/thickness probably not the electrode geometry
PVDF/BaTiO3/1wt%MWCNT,750250,9.25656e-11,9.251863333333334e-11,0.02847,measurement workbook,12.25,50,0.4267210023833342,0.4267210023833341,TO CONFIRM: eps_r < 1 with stated 12.25 cm2 / 50 um (physically impossible for PVDF); stated area/thickness probably not the electrode geometry
PVDF/BaTiO3/1wt%MWCNT,755250,9.256013333333332e-11,9.251306666666668e-11,0.02854,measurement workbook,12.25,50,0.4266958014287712,0.4266958014287711,TO CONFIRM: eps_r < 1 with stated 12.25 cm2 / 50 um (physically impossible for PVDF); stated area/thickness probably not the electrode geometry
PVDF/BaTiO3/1wt%MWCNT,760240,9.255243333333334e-11,9.25051e-11,0.02861,measurement workbook,12.25,50,0.4266603049622831,0.4266603049622831,TO CONFIRM: eps_r < 1 with stated 12.25 cm2 / 50 um (physically impossible for PVDF); stated area/thickness probably not the electrode geometry
PVDF/BaTiO3/1wt%MWCNT,765240,9.254556666666666e-11,9.249796666666666e-11,0.02869,measurement workbook,12.25,50,0.4266286501047223,0.4266286501047222,TO CONFIRM: eps_r < 1 with stated 12.25 cm2 / 50 um (physically impossible for PVDF); stated area/thickness probably not the electrode geometry
PVDF/BaTiO3/1wt%MWCNT,770230,9.253913333333332e-11,9.249123333333333e-11,0.02875,measurement workbook,12.25,50,0.4265989928838036,0.4265989928838036,TO CONFIRM: eps_r < 1 with stated 12.25 cm2 / 50 um (physically impossible for PVDF); stated area/thickness probably not the electrode geometry
PVDF/BaTiO3/1wt%MWCNT,775230,9.25325e-11,9.248436666666668e-11,0.02884,measurement workbook,12.25,50,0.4265684136767425,0.4265684136767423,TO CONFIRM: eps_r < 1 with stated 12.25 cm2 / 50 um (physically impossible for PVDF); stated area/thickness probably not the electrode geometry
PVDF/BaTiO3/1wt%MWCNT,780220,9.252426666666668e-11,9.247593333333334e-11,0.02891,measurement workbook,12.25,50,0.4265304585805409,0.4265304585805408,TO CONFIRM: eps_r < 1 with stated 12.25 cm2 / 50 um (physically impossible for PVDF); stated area/thickness probably not the electrode geometry
PVDF/BaTiO3/1wt%MWCNT,785220,9.251766666666666e-11,9.2469e-11,0.02898,measurement workbook,12.25,50,0.4265000330378368,0.4265000330378367,TO CONFIRM: eps_r < 1 with stated 12.25 cm2 / 50 um (physically impossible for PVDF); stated area/thickness probably not the electrode geometry
PVDF/BaTiO3/1wt%MWCNT,790210,9.251049999999999e-11,9.246163333333332e-11,0.02908,measurement workbook,12.25,50,0.4264669952010621,0.426466995201062,TO CONFIRM: eps_r < 1 with stated 12.25 cm2 / 50 um (physically impossible for PVDF); stated area/thickness probably not the electrode geometry
PVDF/BaTiO3/1wt%MWCNT,795210,9.250233333333331e-11,9.245313333333332e-11,0.02915,measurement workbook,12.25,50,0.4264293474335747,0.4264293474335747,TO CONFIRM: eps_r < 1 with stated 12.25 cm2 / 50 um (physically impossible for PVDF); stated area/thickness probably not the electrode geometry
PVDF/BaTiO3/1wt%MWCNT,800200,9.24956e-11,9.24462e-11,0.0292,measurement workbook,12.25,50,0.4263983072334423,0.4263983072334422,TO CONFIRM: eps_r < 1 with stated 12.25 cm2 / 50 um (physically impossible for PVDF); stated area/thickness probably not the electrode geometry
PVDF/BaTiO3/1wt%MWCNT,805200,9.248803333333332e-11,9.243836666666667e-11,0.02931,measurement workbook,12.25,50,0.4263634254243826,0.4263634254243825,TO CONFIRM: eps_r < 1 with stated 12.25 cm2 / 50 um (physically impossible for PVDF); stated area/thickness probably not the electrode geometry
PVDF/BaTiO3/1wt%MWCNT,810190,9.248186666666667e-11,9.243193333333334e-11,0.02936,measurement workbook,12.25,50,0.4263349975183207,0.4263349975183206,TO CONFIRM: eps_r < 1 with stated 12.25 cm2 / 50 um (physically impossible for PVDF); stated area/thickness probably not the electrode geometry
PVDF/BaTiO3/1wt%MWCNT,815190,9.247316666666665e-11,9.242306666666668e-11,0.02944,measurement workbook,12.25,50,0.4262948911211198,0.4262948911211197,TO CONFIRM: eps_r < 1 with stated 12.25 cm2 / 50 um (physically impossible for PVDF); stated area/thickness probably not the electrode geometry
PVDF/BaTiO3/1wt%MWCNT,820180,9.24671e-11,9.241666666666667e-11,0.0295,measurement workbook,12.25,50,0.4262669242081291,0.4262669242081291,TO CONFIRM: eps_r < 1 with stated 12.25 cm2 / 50 um (physically impossible for PVDF); stated area/thickness probably not the electrode geometry
PVDF/BaTiO3/1wt%MWCNT,825180,9.24573e-11,9.240663333333331e-11,0.02958,measurement workbook,12.25,50,0.4262217468871442,0.4262217468871441,TO CONFIRM: eps_r < 1 with stated 12.25 cm2 / 50 um (physically impossible for PVDF); stated area/thickness probably not the electrode geometry
PVDF/BaTiO3/1wt%MWCNT,830170,9.245159999999998e-11,9.240063333333334e-11,0.02964,measurement workbook,12.25,50,0.4261954702820816,0.4261954702820815,TO CONFIRM: eps_r < 1 with stated 12.25 cm2 / 50 um (physically impossible for PVDF); stated area/thickness probably not the electrode geometry
PVDF/BaTiO3/1wt%MWCNT,835170,9.244606666666666e-11,9.239486666666666e-11,0.02971,measurement workbook,12.25,50,0.4261699619988045,0.4261699619988044,TO CONFIRM: eps_r < 1 with stated 12.25 cm2 / 50 um (physically impossible for PVDF); stated area/thickness probably not the electrode geometry
PVDF/BaTiO3/1wt%MWCNT,840160,9.243713333333331e-11,9.23857e-11,0.02975,measurement workbook,12.25,50,0.426128779951104,0.426128779951104,TO CONFIRM: eps_r < 1 with stated 12.25 cm2 / 50 um (physically impossible for PVDF); stated area/thickness probably not the electrode geometry
PVDF/BaTiO3/1wt%MWCNT,845160,9.243033333333332e-11,9.237866666666668e-11,0.02986,measurement workbook,12.25,50,0.4260974324222573,0.4260974324222573,TO CONFIRM: eps_r < 1 with stated 12.25 cm2 / 50 um (physically impossible for PVDF); stated area/thickness probably not the electrode geometry
PVDF/BaTiO3/1wt%MWCNT,850150,9.242333333333332e-11,9.237146666666666e-11,0.02993,measurement workbook,12.25,50,0.4260651629072682,0.4260651629072681,TO CONFIRM: eps_r < 1 with stated 12.25 cm2 / 50 um (physically impossible for PVDF); stated area/thickness probably not the electrode geometry
PVDF/BaTiO3/1wt%MWCNT,855150,9.241626666666666e-11,9.236413333333332e-11,0.02999,measurement workbook,12.25,50,0.4260325860635647,0.4260325860635647,TO CONFIRM: eps_r < 1 with stated 12.25 cm2 / 50 um (physically impossible for PVDF); stated area/thickness probably not the electrode geometry
PVDF/BaTiO3/1wt%MWCNT,860140,9.24084e-11,9.235606666666665e-11,0.03006,measurement workbook,12.25,50,0.4259963212752912,0.4259963212752912,TO CONFIRM: eps_r < 1 with stated 12.25 cm2 / 50 um (physically impossible for PVDF); stated area/thickness probably not the electrode geometry
PVDF/BaTiO3/1wt%MWCNT,865140,9.240046666666668e-11,9.23478e-11,0.03013,measurement workbook,12.25,50,0.4259597491583035,0.4259597491583035,TO CONFIRM: eps_r < 1 with stated 12.25 cm2 / 50 um (physically impossible for PVDF); stated area/thickness probably not the electrode geometry
PVDF/BaTiO3/1wt%MWCNT,870130,9.239476666666668e-11,9.234193333333331e-11,0.03017,measurement workbook,12.25,50,0.4259334725532409,0.4259334725532409,TO CONFIRM: eps_r < 1 with stated 12.25 cm2 / 50 um (physically impossible for PVDF); stated area/thickness probably not the electrode geometry
PVDF/BaTiO3/1wt%MWCNT,875130,9.238683333333332e-11,9.23337e-11,0.03025,measurement workbook,12.25,50,0.4258969004362531,0.425896900436253,TO CONFIRM: eps_r < 1 with stated 12.25 cm2 / 50 um (physically impossible for PVDF); stated area/thickness probably not the electrode geometry
PVDF/BaTiO3/1wt%MWCNT,880120,9.237886666666668e-11,9.232549999999999e-11,0.03032,measurement workbook,12.25,50,0.4258601746549083,0.4258601746549082,TO CONFIRM: eps_r < 1 with stated 12.25 cm2 / 50 um (physically impossible for PVDF); stated area/thickness probably not the electrode geometry
PVDF/BaTiO3/1wt%MWCNT,885120,9.237246666666666e-11,9.23189e-11,0.03038,measurement workbook,12.25,50,0.4258306710983466,0.4258306710983466,TO CONFIRM: eps_r < 1 with stated 12.25 cm2 / 50 um (physically impossible for PVDF); stated area/thickness probably not the electrode geometry
PVDF/BaTiO3/1wt%MWCNT,890110,9.236473333333332e-11,9.231093333333332e-11,0.03046,measurement workbook,12.25,50,0.4257950209675015,0.4257950209675014,TO CONFIRM: eps_r < 1 with stated 12.25 cm2 / 50 um (physically impossible for PVDF); stated area/thickness probably not the electrode geometry
PVDF/BaTiO3/1wt%MWCNT,895110,9.235816666666666e-11,9.23041e-11,0.0305,measurement workbook,12.25,50,0.4257647490891545,0.4257647490891545,TO CONFIRM: eps_r < 1 with stated 12.25 cm2 / 50 um (physically impossible for PVDF); stated area/thickness probably not the electrode geometry
PVDF/BaTiO3/1wt%MWCNT,900100,9.235053333333331e-11,9.229626666666665e-11,0.03057,measurement workbook,12.25,50,0.4257295599513805,0.4257295599513805,TO CONFIRM: eps_r < 1 with stated 12.25 cm2 / 50 um (physically impossible for PVDF); stated area/thickness probably not the electrode geometry
PVDF/BaTiO3/1wt%MWCNT,905100,9.23436e-11,9.228909999999997e-11,0.03064,measurement workbook,12.25,50,0.4256975977651056,0.4256975977651055,TO CONFIRM: eps_r < 1 with stated 12.25 cm2 / 50 um (physically impossible for PVDF); stated area/thickness probably not the electrode geometry
PVDF/BaTiO3/1wt%MWCNT,910090,9.233599999999999e-11,9.22812e-11,0.03071,measurement workbook,12.25,50,0.4256625622916888,0.4256625622916887,TO CONFIRM: eps_r < 1 with stated 12.25 cm2 / 50 um (physically impossible for PVDF); stated area/thickness probably not the electrode geometry
PVDF/BaTiO3/1wt%MWCNT,915090,9.232886666666665e-11,9.22739e-11,0.03076,measurement workbook,12.25,50,0.4256296781192712,0.4256296781192711,TO CONFIRM: eps_r < 1 with stated 12.25 cm2 / 50 um (physically impossible for PVDF); stated area/thickness probably not the electrode geometry
PVDF/BaTiO3/1wt%MWCNT,920080,9.231676666666667e-11,9.226153333333334e-11,0.03083,measurement workbook,12.25,50,0.4255738979576471,0.425573897957647,TO CONFIRM: eps_r < 1 with stated 12.25 cm2 / 50 um (physically impossible for PVDF); stated area/thickness probably not the electrode geometry
PVDF/BaTiO3/1wt%MWCNT,925080,9.2307e-11,9.225153333333333e-11,0.03089,measurement workbook,12.25,50,0.4255288743010192,0.4255288743010192,TO CONFIRM: eps_r < 1 with stated 12.25 cm2 / 50 um (physically impossible for PVDF); stated area/thickness probably not the electrode geometry
PVDF/BaTiO3/1wt%MWCNT,930070,9.229806666666668e-11,9.224229999999999e-11,0.03096,measurement workbook,12.25,50,0.4254876922533188,0.4254876922533187,TO CONFIRM: eps_r < 1 with stated 12.25 cm2 / 50 um (physically impossible for PVDF); stated area/thickness probably not the electrode geometry
PVDF/BaTiO3/1wt%MWCNT,935070,9.228966666666668e-11,9.223373333333332e-11,0.03102,measurement workbook,12.25,50,0.4254489688353317,0.4254489688353317,TO CONFIRM: eps_r < 1 with stated 12.25 cm2 / 50 um (physically impossible for PVDF); stated area/thickness probably not the electrode geometry
PVDF/BaTiO3/1wt%MWCNT,940060,9.22822e-11,9.2226e-11,0.03106,measurement workbook,12.25,50,0.4254145480193433,0.4254145480193432,TO CONFIRM: eps_r < 1 with stated 12.25 cm2 / 50 um (physically impossible for PVDF); stated area/thickness probably not the electrode geometry
PVDF/BaTiO3/1wt%MWCNT,945060,9.22741e-11,9.22177e-11,0.03113,measurement workbook,12.25,50,0.42537720758057,0.42537720758057,TO CONFIRM: eps_r < 1 with stated 12.25 cm2 / 50 um (physically impossible for PVDF); stated area/thickness probably not the electrode geometry
PVDF/BaTiO3/1wt%MWCNT,950050,9.226703333333332e-11,9.221043333333334e-11,0.03119,measurement workbook,12.25,50,0.4253446307368667,0.4253446307368667,TO CONFIRM: eps_r < 1 with stated 12.25 cm2 / 50 um (physically impossible for PVDF); stated area/thickness probably not the electrode geometry
PVDF/BaTiO3/1wt%MWCNT,955050,9.225766666666665e-11,9.22008e-11,0.03125,measurement workbook,12.25,50,0.425301451052524,0.425301451052524,TO CONFIRM: eps_r < 1 with stated 12.25 cm2 / 50 um (physically impossible for PVDF); stated area/thickness probably not the electrode geometry
PVDF/BaTiO3/1wt%MWCNT,960040,9.225063333333334e-11,9.219356666666665e-11,0.03131,measurement workbook,12.25,50,0.4252690278731778,0.4252690278731777,TO CONFIRM: eps_r < 1 with stated 12.25 cm2 / 50 um (physically impossible for PVDF); stated area/thickness probably not the electrode geometry
PVDF/BaTiO3/1wt%MWCNT,965040,9.22424e-11,9.218513333333334e-11,0.03137,measurement workbook,12.25,50,0.4252310727769763,0.4252310727769762,TO CONFIRM: eps_r < 1 with stated 12.25 cm2 / 50 um (physically impossible for PVDF); stated area/thickness probably not the electrode geometry
PVDF/BaTiO3/1wt%MWCNT,970030,9.22355e-11,9.2178e-11,0.03142,measurement workbook,12.25,50,0.4251992642550583,0.4251992642550582,TO CONFIRM: eps_r < 1 with stated 12.25 cm2 / 50 um (physically impossible for PVDF); stated area/thickness probably not the electrode geometry
PVDF/BaTiO3/1wt%MWCNT,975030,9.22261e-11,9.216836666666667e-11,0.0315,measurement workbook,12.25,50,0.4251559309063585,0.4251559309063584,TO CONFIRM: eps_r < 1 with stated 12.25 cm2 / 50 um (physically impossible for PVDF); stated area/thickness probably not the electrode geometry
PVDF/BaTiO3/1wt%MWCNT,980020,9.221923333333336e-11,9.216123333333332e-11,0.03156,measurement workbook,12.25,50,0.4251242760487977,0.4251242760487976,TO CONFIRM: eps_r < 1 with stated 12.25 cm2 / 50 um (physically impossible for PVDF); stated area/thickness probably not the electrode geometry
PVDF/BaTiO3/1wt%MWCNT,985020,9.221206666666668e-11,9.215383333333334e-11,0.03162,measurement workbook,12.25,50,0.425091238212023,0.425091238212023,TO CONFIRM: eps_r < 1 with stated 12.25 cm2 / 50 um (physically impossible for PVDF); stated area/thickness probably not the electrode geometry
PVDF/BaTiO3/1wt%MWCNT,990010,9.220466666666667e-11,9.214623333333332e-11,0.03166,measurement workbook,12.25,50,0.4250571247247488,0.4250571247247487,TO CONFIRM: eps_r < 1 with stated 12.25 cm2 / 50 um (physically impossible for PVDF); stated area/thickness probably not the electrode geometry
PVDF/BaTiO3/1wt%MWCNT,995010,9.219753333333336e-11,9.213886666666668e-11,0.03172,measurement workbook,12.25,50,0.4250242405523313,0.4250242405523312,TO CONFIRM: eps_r < 1 with stated 12.25 cm2 / 50 um (physically impossible for PVDF); stated area/thickness probably not the electrode geometry
PVDF/BaTiO3/1wt%MWCNT,1000000,9.218986666666666e-11,9.213093333333331e-11,0.03179,measurement workbook,12.25,50,0.4249888977502001,0.4249888977502001,TO CONFIRM: eps_r < 1 with stated 12.25 cm2 / 50 um (physically impossible for PVDF); stated area/thickness probably not the electrode geometry
PVDF/BaTiO3/2wt%MWCNT,1000,1.4886300000000002e-10,1.48859e-10,0.00695,measurement workbook,12.25,50,0.6862481156908213,0.6862481156908212,TO CONFIRM: eps_r < 1 with stated 12.25 cm2 / 50 um (physically impossible for PVDF); stated area/thickness probably not the electrode geometry
PVDF/BaTiO3/2wt%MWCNT,5995,1.4811966666666666e-10,1.4811566666666667e-10,0.00613,measurement workbook,12.25,50,0.6828214005276835,0.6828214005276834,TO CONFIRM: eps_r < 1 with stated 12.25 cm2 / 50 um (physically impossible for PVDF); stated area/thickness probably not the electrode geometry
PVDF/BaTiO3/2wt%MWCNT,10990,1.4786499999999999e-10,1.4785966666666668e-10,0.00669,measurement workbook,12.25,50,0.6816474048395053,0.6816474048395053,TO CONFIRM: eps_r < 1 with stated 12.25 cm2 / 50 um (physically impossible for PVDF); stated area/thickness probably not the electrode geometry
PVDF/BaTiO3/2wt%MWCNT,15985,1.47663e-10,1.4765699999999998e-10,0.00713,measurement workbook,12.25,50,0.6807161988355316,0.6807161988355315,TO CONFIRM: eps_r < 1 with stated 12.25 cm2 / 50 um (physically impossible for PVDF); stated area/thickness probably not the electrode geometry
PVDF/BaTiO3/2wt%MWCNT,20980,1.4751766666666666e-10,1.4751000000000002e-10,0.00788,measurement workbook,12.25,50,0.6800462222386131,0.680046222238613,TO CONFIRM: eps_r < 1 with stated 12.25 cm2 / 50 um (physically impossible for PVDF); stated area/thickness probably not the electrode geometry
PVDF/BaTiO3/2wt%MWCNT,25975,1.474013333333333e-10,1.47393e-10,0.0081,measurement workbook,12.25,50,0.6795099336323641,0.679509933632364,TO CONFIRM: eps_r < 1 with stated 12.25 cm2 / 50 um (physically impossible for PVDF); stated area/thickness probably not the electrode geometry
PVDF/BaTiO3/2wt%MWCNT,30970,1.4730499999999996e-10,1.472963333333333e-10,0.0086,measurement workbook,12.25,50,0.67906584364037,0.6790658436403699,TO CONFIRM: eps_r < 1 with stated 12.25 cm2 / 50 um (physically impossible for PVDF); stated area/thickness probably not the electrode geometry
PVDF/BaTiO3/2wt%MWCNT,35965,1.4721399999999998e-10,1.4720366666666666e-10,0.00913,measurement workbook,12.25,50,0.6786463399455106,0.6786463399455105,TO CONFIRM: eps_r < 1 with stated 12.25 cm2 / 50 um (physically impossible for PVDF); stated area/thickness probably not the electrode geometry
PVDF/BaTiO3/2wt%MWCNT,40960,1.47118e-10,1.47107e-10,0.00945,measurement workbook,12.25,50,0.6782037865970875,0.6782037865970875,TO CONFIRM: eps_r < 1 with stated 12.25 cm2 / 50 um (physically impossible for PVDF); stated area/thickness probably not the electrode geometry
PVDF/BaTiO3/2wt%MWCNT,45955,1.4704266666666667e-10,1.47031e-10,0.00985,measurement workbook,12.25,50,0.677856505150061,0.6778565051500609,TO CONFIRM: eps_r < 1 with stated 12.25 cm2 / 50 um (physically impossible for PVDF); stated area/thickness probably not the electrode geometry
PVDF/BaTiO3/2wt%MWCNT,50950,1.4697466666666666e-10,1.46962e-10,0.01021,measurement workbook,12.25,50,0.6775430298615945,0.6775430298615944,TO CONFIRM: eps_r < 1 with stated 12.25 cm2 / 50 um (physically impossible for PVDF); stated area/thickness probably not the electrode geometry
PVDF/BaTiO3/2wt%MWCNT,55945,1.4691533333333332e-10,1.4690133333333336e-10,0.01069,measurement workbook,12.25,50,0.6772695073059718,0.6772695073059717,TO CONFIRM: eps_r < 1 with stated 12.25 cm2 / 50 um (physically impossible for PVDF); stated area/thickness probably not the electrode geometry
PVDF/BaTiO3/2wt%MWCNT,60940,1.4684633333333333e-10,1.4683166666666667e-10,0.01104,measurement workbook,12.25,50,0.6769514220867928,0.6769514220867927,TO CONFIRM: eps_r < 1 with stated 12.25 cm2 / 50 um (physically impossible for PVDF); stated area/thickness probably not the electrode geometry
PVDF/BaTiO3/2wt%MWCNT,65935,1.4678033333333335e-10,1.4676433333333332e-10,0.01141,measurement workbook,12.25,50,0.6766471666597519,0.6766471666597519,TO CONFIRM: eps_r < 1 with stated 12.25 cm2 / 50 um (physically impossible for PVDF); stated area/thickness probably not the electrode geometry
PVDF/BaTiO3/2wt%MWCNT,70930,1.4672166666666666e-10,1.4670499999999999e-10,0.01168,measurement workbook,12.25,50,0.6763767173912709,0.6763767173912708,TO CONFIRM: eps_r < 1 with stated 12.25 cm2 / 50 um (physically impossible for PVDF); stated area/thickness probably not the electrode geometry
PVDF/BaTiO3/2wt%MWCNT,75925,1.4667e-10,1.4665233333333334e-10,0.01205,measurement workbook,12.25,50,0.6761385376377794,0.6761385376377793,TO CONFIRM: eps_r < 1 with stated 12.25 cm2 / 50 um (physically impossible for PVDF); stated area/thickness probably not the electrode geometry
PVDF/BaTiO3/2wt%MWCNT,80920,1.4661899999999995e-10,1.466003333333333e-10,0.01236,measurement workbook,12.25,50,0.6759034311714295,0.6759034311714294,TO CONFIRM: eps_r < 1 with stated 12.25 cm2 / 50 um (physically impossible for PVDF); stated area/thickness probably not the electrode geometry
PVDF/BaTiO3/2wt%MWCNT,85915,1.4656966666666662e-10,1.4655033333333335e-10,0.01268,measurement workbook,12.25,50,0.6756760079229343,0.6756760079229341,TO CONFIRM: eps_r < 1 with stated 12.25 cm2 / 50 um (physically impossible for PVDF); stated area/thickness probably not the electrode geometry
PVDF/BaTiO3/2wt%MWCNT,90910,1.4652566666666668e-10,1.4650533333333335e-10,0.013,measurement workbook,12.25,50,0.6754731709715738,0.6754731709715737,TO CONFIRM: eps_r < 1 with stated 12.25 cm2 / 50 um (physically impossible for PVDF); stated area/thickness probably not the electrode geometry
PVDF/BaTiO3/2wt%MWCNT,95905,1.46489e-10,1.46467e-10,0.01339,measurement workbook,12.25,50,0.6753041401787732,0.675304140178773,TO CONFIRM: eps_r < 1 with stated 12.25 cm2 / 50 um (physically impossible for PVDF); stated area/thickness probably not the electrode geometry
PVDF/BaTiO3/2wt%MWCNT,100900,1.46431e-10,1.4640833333333334e-10,0.01372,measurement workbook,12.25,50,0.6750367641974342,0.6750367641974341,TO CONFIRM: eps_r < 1 with stated 12.25 cm2 / 50 um (physically impossible for PVDF); stated area/thickness probably not the electrode geometry
PVDF/BaTiO3/2wt%MWCNT,105900,1.4638733333333332e-10,1.4636366666666666e-10,0.01397,measurement workbook,12.25,50,0.6748354638896443,0.6748354638896442,TO CONFIRM: eps_r < 1 with stated 12.25 cm2 / 50 um (physically impossible for PVDF); stated area/thickness probably not the electrode geometry
PVDF/BaTiO3/2wt%MWCNT,110890,1.46342e-10,1.46317e-10,0.01421,measurement workbook,12.25,50,0.6746264803640002,0.6746264803640001,TO CONFIRM: eps_r < 1 with stated 12.25 cm2 / 50 um (physically impossible for PVDF); stated area/thickness probably not the electrode geometry
PVDF/BaTiO3/2wt%MWCNT,115890,1.4630166666666667e-10,1.4627666666666667e-10,0.01446,measurement workbook,12.25,50,0.6744405464919196,0.6744405464919195,TO CONFIRM: eps_r < 1 with stated 12.25 cm2 / 50 um (physically impossible for PVDF); stated area/thickness probably not the electrode geometry
PVDF/BaTiO3/2wt%MWCNT,120880,1.4625299999999999e-10,1.4622666666666668e-10,0.01474,measurement workbook,12.25,50,0.6742161965305661,0.6742161965305661,TO CONFIRM: eps_r < 1 with stated 12.25 cm2 / 50 um (physically impossible for PVDF); stated area/thickness probably not the electrode geometry
PVDF/BaTiO3/2wt%MWCNT,125880,1.4621e-10,1.46183e-10,0.015,measurement workbook,12.25,50,0.6740179695099183,0.6740179695099182,TO CONFIRM: eps_r < 1 with stated 12.25 cm2 / 50 um (physically impossible for PVDF); stated area/thickness probably not the electrode geometry
PVDF/BaTiO3/2wt%MWCNT,130870,1.46168e-10,1.4614033333333332e-10,0.01529,measurement workbook,12.25,50,0.6738243524199833,0.6738243524199832,TO CONFIRM: eps_r < 1 with stated 12.25 cm2 / 50 um (physically impossible for PVDF); stated area/thickness probably not the electrode geometry
PVDF/BaTiO3/2wt%MWCNT,135870,1.4612100000000002e-10,1.4609266666666666e-10,0.01553,measurement workbook,12.25,50,0.6736076856764844,0.6736076856764843,TO CONFIRM: eps_r < 1 with stated 12.25 cm2 / 50 um (physically impossible for PVDF); stated area/thickness probably not the electrode geometry
PVDF/BaTiO3/2wt%MWCNT,140860,1.4609566666666666e-10,1.460663333333333e-10,0.01584,measurement workbook,12.25,50,0.6734909007650949,0.6734909007650949,TO CONFIRM: eps_r < 1 with stated 12.25 cm2 / 50 um (physically impossible for PVDF); stated area/thickness probably not the electrode geometry
PVDF/BaTiO3/2wt%MWCNT,145860,1.46055e-10,1.4602466666666662e-10,0.01608,measurement workbook,12.25,50,0.6733034302494434,0.6733034302494434,TO CONFIRM: eps_r < 1 with stated 12.25 cm2 / 50 um (physically impossible for PVDF); stated area/thickness probably not the electrode geometry
PVDF/BaTiO3/2wt%MWCNT,150850,1.4601733333333335e-10,1.4598566666666668e-10,0.01634,measurement workbook,12.25,50,0.6731297895259302,0.6731297895259301,TO CONFIRM: eps_r < 1 with stated 12.25 cm2 / 50 um (physically impossible for PVDF); stated area/thickness probably not the electrode geometry
PVDF/BaTiO3/2wt%MWCNT,155850,1.459793333333333e-10,1.45947e-10,0.01657,measurement workbook,12.25,50,0.672954612158846,0.6729546121588459,TO CONFIRM: eps_r < 1 with stated 12.25 cm2 / 50 um (physically impossible for PVDF); stated area/thickness probably not the electrode geometry
PVDF/BaTiO3/2wt%MWCNT,160840,1.4593966666666664e-10,1.459063333333333e-10,0.01676,measurement workbook,12.25,50,0.6727717515739071,0.672771751573907,TO CONFIRM: eps_r < 1 with stated 12.25 cm2 / 50 um (physically impossible for PVDF); stated area/thickness probably not the electrode geometry
PVDF/BaTiO3/2wt%MWCNT,165840,1.45906e-10,1.4587199999999995e-10,0.01705,measurement workbook,12.25,50,0.672616550573245,0.6726165505732449,TO CONFIRM: eps_r < 1 with stated 12.25 cm2 / 50 um (physically impossible for PVDF); stated area/thickness probably not the electrode geometry
PVDF/BaTiO3/2wt%MWCNT,170830,1.45866e-10,1.458313333333333e-10,0.01723,measurement workbook,12.25,50,0.6724321533447353,0.6724321533447352,TO CONFIRM: eps_r < 1 with stated 12.25 cm2 / 50 um (physically impossible for PVDF); stated area/thickness probably not the electrode geometry
PVDF/BaTiO3/2wt%MWCNT,175830,1.45829e-10,1.4579366666666666e-10,0.01745,measurement workbook,12.25,50,0.6722615859083638,0.6722615859083637,TO CONFIRM: eps_r < 1 with stated 12.25 cm2 / 50 um (physically impossible for PVDF); stated area/thickness probably not the electrode geometry
PVDF/BaTiO3/2wt%MWCNT,180820,1.4579433333333335e-10,1.4575833333333335e-10,0.01764,measurement workbook,12.25,50,0.6721017749769889,0.6721017749769888,TO CONFIRM: eps_r < 1 with stated 12.25 cm2 / 50 um (physically impossible for PVDF); stated area/thickness probably not the electrode geometry
PVDF/BaTiO3/2wt%MWCNT,185820,1.4575833333333335e-10,1.4572166666666666e-10,0.01785,measurement workbook,12.25,50,0.6719358174713302,0.6719358174713301,TO CONFIRM: eps_r < 1 with stated 12.25 cm2 / 50 um (physically impossible for PVDF); stated area/thickness probably not the electrode geometry
PVDF/BaTiO3/2wt%MWCNT,190810,1.4572166666666666e-10,1.4568366666666665e-10,0.01807,measurement workbook,12.25,50,0.6717667866785296,0.6717667866785295,TO CONFIRM: eps_r < 1 with stated 12.25 cm2 / 50 um (physically impossible for PVDF); stated area/thickness probably not the electrode geometry
PVDF/BaTiO3/2wt%MWCNT,195810,1.4568700000000002e-10,1.4564866666666666e-10,0.01831,measurement workbook,12.25,50,0.6716069757471547,0.6716069757471547,TO CONFIRM: eps_r < 1 with stated 12.25 cm2 / 50 um (physically impossible for PVDF); stated area/thickness probably not the electrode geometry
PVDF/BaTiO3/2wt%MWCNT,200800,1.456713333333333e-10,1.4563199999999998e-10,0.01854,measurement workbook,12.25,50,0.6715347534993216,0.6715347534993215,TO CONFIRM: eps_r < 1 with stated 12.25 cm2 / 50 um (physically impossible for PVDF); stated area/thickness probably not the electrode geometry
PVDF/BaTiO3/2wt%MWCNT,205800,1.4564300000000003e-10,1.45602e-10,0.01878,measurement workbook,12.25,50,0.6714041387957941,0.671404138795794,TO CONFIRM: eps_r < 1 with stated 12.25 cm2 / 50 um (physically impossible for PVDF); stated area/thickness probably not the electrode geometry
PVDF/BaTiO3/2wt%MWCNT,210790,1.45609e-10,1.4556766666666666e-10,0.01898,measurement workbook,12.25,50,0.6712474011515608,0.6712474011515607,TO CONFIRM: eps_r < 1 with stated 12.25 cm2 / 50 um (physically impossible for PVDF); stated area/thickness probably not the electrode geometry
PVDF/BaTiO3/2wt%MWCNT,215790,1.4557933333333331e-10,1.45537e-10,0.01917,measurement workbook,12.25,50,0.6711106398737493,0.6711106398737492,TO CONFIRM: eps_r < 1 with stated 12.25 cm2 / 50 um (physically impossible for PVDF); stated area/thickness probably not the electrode geometry
PVDF/BaTiO3/2wt%MWCNT,220780,1.4554733333333335e-10,1.4550433333333334e-10,0.01936,measurement workbook,12.25,50,0.6709631220909418,0.6709631220909418,TO CONFIRM: eps_r < 1 with stated 12.25 cm2 / 50 um (physically impossible for PVDF); stated area/thickness probably not the electrode geometry
PVDF/BaTiO3/2wt%MWCNT,225780,1.4552e-10,1.45476e-10,0.01956,measurement workbook,12.25,50,0.6708371173181268,0.6708371173181267,TO CONFIRM: eps_r < 1 with stated 12.25 cm2 / 50 um (physically impossible for PVDF); stated area/thickness probably not the electrode geometry
PVDF/BaTiO3/2wt%MWCNT,230770,1.45491e-10,1.4544666666666663e-10,0.01975,measurement workbook,12.25,50,0.6707034293274573,0.6707034293274572,TO CONFIRM: eps_r < 1 with stated 12.25 cm2 / 50 um (physically impossible for PVDF); stated area/thickness probably not the electrode geometry
PVDF/BaTiO3/2wt%MWCNT,235770,1.454603333333333e-10,1.4541499999999998e-10,0.01994,measurement workbook,12.25,50,0.6705620581189331,0.670562058118933,TO CONFIRM: eps_r < 1 with stated 12.25 cm2 / 50 um (physically impossible for PVDF); stated area/thickness probably not the electrode geometry
PVDF/BaTiO3/2wt%MWCNT,240760,1.454303333333333e-10,1.4538433333333335e-10,0.02011,measurement workbook,12.25,50,0.6704237601975509,0.6704237601975508,TO CONFIRM: eps_r < 1 with stated 12.25 cm2 / 50 um (physically impossible for PVDF); stated area/thickness probably not the electrode geometry
PVDF/BaTiO3/2wt%MWCNT,245760,1.454033333333333e-10,1.4535633333333334e-10,0.0203,measurement workbook,12.25,50,0.6702992920683069,0.6702992920683067,TO CONFIRM: eps_r < 1 with stated 12.25 cm2 / 50 um (physically impossible for PVDF); stated area/thickness probably not the electrode geometry
PVDF/BaTiO3/2wt%MWCNT,250750,1.4537433333333334e-10,1.4532733333333332e-10,0.02048,measurement workbook,12.25,50,0.6701656040776375,0.6701656040776374,TO CONFIRM: eps_r < 1 with stated 12.25 cm2 / 50 um (physically impossible for PVDF); stated area/thickness probably not the electrode geometry
PVDF/BaTiO3/2wt%MWCNT,255750,1.453456666666667e-10,1.45297e-10,0.02068,measurement workbook,12.25,50,0.6700334527305389,0.6700334527305388,TO CONFIRM: eps_r < 1 with stated 12.25 cm2 / 50 um (physically impossible for PVDF); stated area/thickness probably not the electrode geometry
PVDF/BaTiO3/2wt%MWCNT,260740,1.4531566666666667e-10,1.4526633333333332e-10,0.02085,measurement workbook,12.25,50,0.6698951548091565,0.6698951548091565,TO CONFIRM: eps_r < 1 with stated 12.25 cm2 / 50 um (physically impossible for PVDF); stated area/thickness probably not the electrode geometry
PVDF/BaTiO3/2wt%MWCNT,265740,1.45288e-10,1.45238e-10,0.02102,measurement workbook,12.25,50,0.6697676133927708,0.6697676133927708,TO CONFIRM: eps_r < 1 with stated 12.25 cm2 / 50 um (physically impossible for PVDF); stated area/thickness probably not the electrode geometry
PVDF/BaTiO3/2wt%MWCNT,270730,1.45262e-10,1.4521166666666668e-10,0.02119,measurement workbook,12.25,50,0.6696477551942395,0.6696477551942394,TO CONFIRM: eps_r < 1 with stated 12.25 cm2 / 50 um (physically impossible for PVDF); stated area/thickness probably not the electrode geometry
PVDF/BaTiO3/2wt%MWCNT,275730,1.45234e-10,1.4518266666666666e-10,0.02136,measurement workbook,12.25,50,0.6695186771342828,0.6695186771342827,TO CONFIRM: eps_r < 1 with stated 12.25 cm2 / 50 um (physically impossible for PVDF); stated area/thickness probably not the electrode geometry
PVDF/BaTiO3/2wt%MWCNT,280720,1.4520433333333335e-10,1.45152e-10,0.02153,measurement workbook,12.25,50,0.6693819158564716,0.6693819158564714,TO CONFIRM: eps_r < 1 with stated 12.25 cm2 / 50 um (physically impossible for PVDF); stated area/thickness probably not the electrode geometry
PVDF/BaTiO3/2wt%MWCNT,285720,1.45179e-10,1.45126e-10,0.02171,measurement workbook,12.25,50,0.669265130945082,0.6692651309450819,TO CONFIRM: eps_r < 1 with stated 12.25 cm2 / 50 um (physically impossible for PVDF); stated area/thickness probably not the electrode geometry
PVDF/BaTiO3/2wt%MWCNT,290710,1.4515133333333334e-10,1.45098e-10,0.02186,measurement workbook,12.25,50,0.6691375895286962,0.6691375895286961,TO CONFIRM: eps_r < 1 with stated 12.25 cm2 / 50 um (physically impossible for PVDF); stated area/thickness probably not the electrode geometry
PVDF/BaTiO3/2wt%MWCNT,295710,1.4512433333333334e-10,1.4507033333333334e-10,0.02201,measurement workbook,12.25,50,0.6690131213994521,0.669013121399452,TO CONFIRM: eps_r < 1 with stated 12.25 cm2 / 50 um (physically impossible for PVDF); stated area/thickness probably not the electrode geometry
PVDF/BaTiO3/2wt%MWCNT,300700,1.4511333333333335e-10,1.45058e-10,0.02224,measurement workbook,12.25,50,0.668962412161612,0.6689624121616119,TO CONFIRM: eps_r < 1 with stated 12.25 cm2 / 50 um (physically impossible for PVDF); stated area/thickness probably not the electrode geometry
PVDF/BaTiO3/2wt%MWCNT,305700,1.450896666666667e-10,1.45034e-10,0.02238,measurement workbook,12.25,50,0.6688533104680773,0.6688533104680772,TO CONFIRM: eps_r < 1 with stated 12.25 cm2 / 50 um (physically impossible for PVDF); stated area/thickness probably not the electrode geometry
PVDF/BaTiO3/2wt%MWCNT,310690,1.4506666666666668e-10,1.4501e-10,0.02255,measurement workbook,12.25,50,0.6687472820616841,0.668747282061684,TO CONFIRM: eps_r < 1 with stated 12.25 cm2 / 50 um (physically impossible for PVDF); stated area/thickness probably not the electrode geometry
PVDF/BaTiO3/2wt%MWCNT,315690,1.4504333333333334e-10,1.4498633333333334e-10,0.02274,measurement workbook,12.25,50,0.6686397170117201,0.66863971701172,TO CONFIRM: eps_r < 1 with stated 12.25 cm2 / 50 um (physically impossible for PVDF); stated area/thickness probably not the electrode geometry
PVDF/BaTiO3/2wt%MWCNT,320680,1.4502033333333335e-10,1.4496233333333335e-10,0.02289,measurement workbook,12.25,50,0.6685336886053271,0.668533688605327,TO CONFIRM: eps_r < 1 with stated 12.25 cm2 / 50 um (physically impossible for PVDF); stated area/thickness probably not the electrode geometry
PVDF/BaTiO3/2wt%MWCNT,325680,1.4499700000000002e-10,1.44938e-10,0.02303,measurement workbook,12.25,50,0.6684261235553631,0.668426123555363,TO CONFIRM: eps_r < 1 with stated 12.25 cm2 / 50 um (physically impossible for PVDF); stated area/thickness probably not the electrode geometry
PVDF/BaTiO3/2wt%MWCNT,330670,1.4497333333333334e-10,1.44914e-10,0.02318,measurement workbook,12.25,50,0.6683170218618282,0.6683170218618281,TO CONFIRM: eps_r < 1 with stated 12.25 cm2 / 50 um (physically impossible for PVDF); stated area/thickness probably not the electrode geometry
PVDF/BaTiO3/2wt%MWCNT,335670,1.4494933333333334e-10,1.44889e-10,0.02337,measurement workbook,12.25,50,0.6682063835247223,0.6682063835247223,TO CONFIRM: eps_r < 1 with stated 12.25 cm2 / 50 um (physically impossible for PVDF); stated area/thickness probably not the electrode geometry
PVDF/BaTiO3/2wt%MWCNT,340660,1.4492733333333336e-10,1.4486666666666667e-10,0.0235,measurement workbook,12.25,50,0.668104965049042,0.668104965049042,TO CONFIRM: eps_r < 1 with stated 12.25 cm2 / 50 um (physically impossible for PVDF); stated area/thickness probably not the electrode geometry
PVDF/BaTiO3/2wt%MWCNT,345660,1.4490533333333335e-10,1.44844e-10,0.02366,measurement workbook,12.25,50,0.6680035465733617,0.6680035465733616,TO CONFIRM: eps_r < 1 with stated 12.25 cm2 / 50 um (physically impossible for PVDF); stated area/thickness probably not the electrode geometry
PVDF/BaTiO3/2wt%MWCNT,350650,1.4488333333333334e-10,1.4482066666666666e-10,0.02381,measurement workbook,12.25,50,0.6679021280976815,0.6679021280976813,TO CONFIRM: eps_r < 1 with stated 12.25 cm2 / 50 um (physically impossible for PVDF); stated area/thickness probably not the electrode geometry
PVDF/BaTiO3/2wt%MWCNT,355650,1.4485933333333331e-10,1.4479633333333334e-10,0.02395,measurement workbook,12.25,50,0.6677914897605756,0.6677914897605755,TO CONFIRM: eps_r < 1 with stated 12.25 cm2 / 50 um (physically impossible for PVDF); stated area/thickness probably not the electrode geometry
PVDF/BaTiO3/2wt%MWCNT,360640,1.448373333333333e-10,1.4477366666666667e-10,0.0241,measurement workbook,12.25,50,0.6676900712848953,0.6676900712848952,TO CONFIRM: eps_r < 1 with stated 12.25 cm2 / 50 um (physically impossible for PVDF); stated area/thickness probably not the electrode geometry
PVDF/BaTiO3/2wt%MWCNT,365640,1.448146666666667e-10,1.4474999999999997e-10,0.02425,measurement workbook,12.25,50,0.6675855795220732,0.6675855795220731,TO CONFIRM: eps_r < 1 with stated 12.25 cm2 / 50 um (physically impossible for PVDF); stated area/thickness probably not the electrode geometry
PVDF/BaTiO3/2wt%MWCNT,370630,1.4479266666666663e-10,1.4472766666666666e-10,0.02439,measurement workbook,12.25,50,0.6674841610463929,0.6674841610463927,TO CONFIRM: eps_r < 1 with stated 12.25 cm2 / 50 um (physically impossible for PVDF); stated area/thickness probably not the electrode geometry
PVDF/BaTiO3/2wt%MWCNT,375630,1.4477e-10,1.447043333333333e-10,0.02455,measurement workbook,12.25,50,0.6673796692835707,0.6673796692835706,TO CONFIRM: eps_r < 1 with stated 12.25 cm2 / 50 um (physically impossible for PVDF); stated area/thickness probably not the electrode geometry
PVDF/BaTiO3/2wt%MWCNT,380620,1.44747e-10,1.4468066666666667e-10,0.02468,measurement workbook,12.25,50,0.6672736408771776,0.6672736408771774,TO CONFIRM: eps_r < 1 with stated 12.25 cm2 / 50 um (physically impossible for PVDF); stated area/thickness probably not the electrode geometry
PVDF/BaTiO3/2wt%MWCNT,385620,1.4472600000000002e-10,1.446586666666667e-10,0.02482,measurement workbook,12.25,50,0.6671768323322101,0.66717683233221,TO CONFIRM: eps_r < 1 with stated 12.25 cm2 / 50 um (physically impossible for PVDF); stated area/thickness probably not the electrode geometry
PVDF/BaTiO3/2wt%MWCNT,390610,1.4470333333333335e-10,1.4463566666666662e-10,0.02496,measurement workbook,12.25,50,0.667072340569388,0.6670723405693879,TO CONFIRM: eps_r < 1 with stated 12.25 cm2 / 50 um (physically impossible for PVDF); stated area/thickness probably not the electrode geometry
PVDF/BaTiO3/2wt%MWCNT,395610,1.4468133333333329e-10,1.4461266666666666e-10,0.02508,measurement workbook,12.25,50,0.6669709220937076,0.6669709220937075,TO CONFIRM: eps_r < 1 with stated 12.25 cm2 / 50 um (physically impossible for PVDF); stated area/thickness probably not the electrode geometry
PVDF/BaTiO3/2wt%MWCNT,400600,1.4467266666666666e-10,1.4460333333333332e-10,0.02527,measurement workbook,12.25,50,0.6669309693608638,0.6669309693608637,TO CONFIRM: eps_r < 1 with stated 12.25 cm2 / 50 um (physically impossible for PVDF); stated area/thickness probably not the electrode geometry
PVDF/BaTiO3/2wt%MWCNT,405600,1.4465266666666667e-10,1.4458299999999998e-10,0.0254,measurement workbook,12.25,50,0.666838770746609,0.6668387707466089,TO CONFIRM: eps_r < 1 with stated 12.25 cm2 / 50 um (physically impossible for PVDF); stated area/thickness probably not the electrode geometry
PVDF/BaTiO3/2wt%MWCNT,410590,1.4463166666666667e-10,1.44561e-10,0.02554,measurement workbook,12.25,50,0.6667419622016416,0.6667419622016415,TO CONFIRM: eps_r < 1 with stated 12.25 cm2 / 50 um (physically impossible for PVDF); stated area/thickness probably not the electrode geometry
PVDF/BaTiO3/2wt%MWCNT,415590,1.4460966666666666e-10,1.445383333333333e-10,0.02567,measurement workbook,12.25,50,0.6666405437259614,0.6666405437259613,TO CONFIRM: eps_r < 1 with stated 12.25 cm2 / 50 um (physically impossible for PVDF); stated area/thickness probably not the electrode geometry
PVDF/BaTiO3/2wt%MWCNT,420580,1.4458866666666666e-10,1.4451666666666666e-10,0.0258,measurement workbook,12.25,50,0.6665437351809936,0.6665437351809935,TO CONFIRM: eps_r < 1 with stated 12.25 cm2 / 50 um (physically impossible for PVDF); stated area/thickness probably not the electrode geometry
PVDF/BaTiO3/2wt%MWCNT,425580,1.44568e-10,1.4449466666666666e-10,0.02596,measurement workbook,12.25,50,0.6664484632795971,0.666448463279597,TO CONFIRM: eps_r < 1 with stated 12.25 cm2 / 50 um (physically impossible for PVDF); stated area/thickness probably not the electrode geometry
PVDF/BaTiO3/2wt%MWCNT,430570,1.4454699999999998e-10,1.4447366666666666e-10,0.02606,measurement workbook,12.25,50,0.6663516547346293,0.6663516547346292,TO CONFIRM: eps_r < 1 with stated 12.25 cm2 / 50 um (physically impossible for PVDF); stated area/thickness probably not the electrode geometry
PVDF/BaTiO3/2wt%MWCNT,435570,1.44527e-10,1.4445266666666668e-10,0.02621,measurement workbook,12.25,50,0.6662594561203745,0.6662594561203744,TO CONFIRM: eps_r < 1 with stated 12.25 cm2 / 50 um (physically impossible for PVDF); stated area/thickness probably not the electrode geometry
PVDF/BaTiO3/2wt%MWCNT,440560,1.44506e-10,1.44431e-10,0.02633,measurement workbook,12.25,50,0.6661626475754069,0.6661626475754068,TO CONFIRM: eps_r < 1 with stated 12.25 cm2 / 50 um (physically impossible for PVDF); stated area/thickness probably not the electrode geometry
PVDF/BaTiO3/2wt%MWCNT,445560,1.4448566666666668e-10,1.4441033333333331e-10,0.02648,measurement workbook,12.25,50,0.6660689123175814,0.6660689123175813,TO CONFIRM: eps_r < 1 with stated 12.25 cm2 / 50 um (physically impossible for PVDF); stated area/thickness probably not the electrode geometry
PVDF/BaTiO3/2wt%MWCNT,450550,1.44467e-10,1.44391e-10,0.02659,measurement workbook,12.25,50,0.6659828602776101,0.66598286027761,TO CONFIRM: eps_r < 1 with stated 12.25 cm2 / 50 um (physically impossible for PVDF); stated area/thickness probably not the electrode geometry
PVDF/BaTiO3/2wt%MWCNT,455550,1.4444600000000002e-10,1.4436933333333335e-10,0.02671,measurement workbook,12.25,50,0.6658860517326426,0.6658860517326425,TO CONFIRM: eps_r < 1 with stated 12.25 cm2 / 50 um (physically impossible for PVDF); stated area/thickness probably not the electrode geometry
PVDF/BaTiO3/2wt%MWCNT,460540,1.4442566666666666e-10,1.4434833333333335e-10,0.02685,measurement workbook,12.25,50,0.6657923164748167,0.6657923164748166,TO CONFIRM: eps_r < 1 with stated 12.25 cm2 / 50 um (physically impossible for PVDF); stated area/thickness probably not the electrode geometry
PVDF/BaTiO3/2wt%MWCNT,465540,1.4440533333333332e-10,1.44327e-10,0.02698,measurement workbook,12.25,50,0.665698581216991,0.6656985812169909,TO CONFIRM: eps_r < 1 with stated 12.25 cm2 / 50 um (physically impossible for PVDF); stated area/thickness probably not the electrode geometry
PVDF/BaTiO3/2wt%MWCNT,470530,1.4438533333333336e-10,1.443063333333333e-10,0.02709,measurement workbook,12.25,50,0.6656063826027363,0.6656063826027362,TO CONFIRM: eps_r < 1 with stated 12.25 cm2 / 50 um (physically impossible for PVDF); stated area/thickness probably not the electrode geometry
PVDF/BaTiO3/2wt%MWCNT,475530,1.44364e-10,1.442853333333333e-10,0.02723,measurement workbook,12.25,50,0.6655080374141978,0.6655080374141977,TO CONFIRM: eps_r < 1 with stated 12.25 cm2 / 50 um (physically impossible for PVDF); stated area/thickness probably not the electrode geometry
PVDF/BaTiO3/2wt%MWCNT,480520,1.4434433333333332e-10,1.4426466666666667e-10,0.02734,measurement workbook,12.25,50,0.6654173754435138,0.6654173754435136,TO CONFIRM: eps_r < 1 with stated 12.25 cm2 / 50 um (physically impossible for PVDF); stated area/thickness probably not the electrode geometry
PVDF/BaTiO3/2wt%MWCNT,485520,1.4432566666666668e-10,1.4424533333333332e-10,0.02748,measurement workbook,12.25,50,0.6653313234035427,0.6653313234035426,TO CONFIRM: eps_r < 1 with stated 12.25 cm2 / 50 um (physically impossible for PVDF); stated area/thickness probably not the electrode geometry
PVDF/BaTiO3/2wt%MWCNT,490510,1.443056666666667e-10,1.442246666666667e-10,0.02759,measurement workbook,12.25,50,0.6652391247892879,0.6652391247892878,TO CONFIRM: eps_r < 1 with stated 12.25 cm2 / 50 um (physically impossible for PVDF); stated area/thickness probably not the electrode geometry
PVDF/BaTiO3/2wt%MWCNT,495510,1.4428633333333334e-10,1.4420466666666668e-10,0.02772,measurement workbook,12.25,50,0.6651499994621748,0.6651499994621747,TO CONFIRM: eps_r < 1 with stated 12.25 cm2 / 50 um (physically impossible for PVDF); stated area/thickness probably not the electrode geometry
PVDF/BaTiO3/2wt%MWCNT,500500,1.4428133333333335e-10,1.4419866666666668e-10,0.02784,measurement workbook,12.25,50,0.6651269498086112,0.6651269498086111,TO CONFIRM: eps_r < 1 with stated 12.25 cm2 / 50 um (physically impossible for PVDF); stated area/thickness probably not the electrode geometry
PVDF/BaTiO3/2wt%MWCNT,505500,1.4426533333333329e-10,1.4418166666666666e-10,0.02796,measurement workbook,12.25,50,0.6650531909172072,0.665053190917207,TO CONFIRM: eps_r < 1 with stated 12.25 cm2 / 50 um (physically impossible for PVDF); stated area/thickness probably not the electrode geometry
PVDF/BaTiO3/2wt%MWCNT,510490,1.44247e-10,1.4416333333333334e-10,0.02809,measurement workbook,12.25,50,0.664968675520807,0.664968675520807,TO CONFIRM: eps_r < 1 with stated 12.25 cm2 / 50 um (physically impossible for PVDF); stated area/thickness probably not the electrode geometry
PVDF/BaTiO3/2wt%MWCNT,515490,1.4423033333333332e-10,1.4414566666666666e-10,0.0282,measurement workbook,12.25,50,0.6648918433422611,0.6648918433422611,TO CONFIRM: eps_r < 1 with stated 12.25 cm2 / 50 um (physically impossible for PVDF); stated area/thickness probably not the electrode geometry
PVDF/BaTiO3/2wt%MWCNT,520480,1.44214e-10,1.4412866666666667e-10,0.02831,measurement workbook,12.25,50,0.6648165478072865,0.6648165478072864,TO CONFIRM: eps_r < 1 with stated 12.25 cm2 / 50 um (physically impossible for PVDF); stated area/thickness probably not the electrode geometry
PVDF/BaTiO3/2wt%MWCNT,525480,1.441983333333333e-10,1.4411233333333334e-10,0.02844,measurement workbook,12.25,50,0.6647443255594535,0.6647443255594535,TO CONFIRM: eps_r < 1 with stated 12.25 cm2 / 50 um (physically impossible for PVDF); stated area/thickness probably not the electrode geometry
PVDF/BaTiO3/2wt%MWCNT,530470,1.4418133333333331e-10,1.4409499999999998e-10,0.02856,measurement workbook,12.25,50,0.6646659567373367,0.6646659567373367,TO CONFIRM: eps_r < 1 with stated 12.25 cm2 / 50 um (physically impossible for PVDF); stated area/thickness probably not the electrode geometry
PVDF/BaTiO3/2wt%MWCNT,535470,1.44164e-10,1.4407633333333334e-10,0.02867,measurement workbook,12.25,50,0.6645860512716494,0.6645860512716493,TO CONFIRM: eps_r < 1 with stated 12.25 cm2 / 50 um (physically impossible for PVDF); stated area/thickness probably not the electrode geometry
PVDF/BaTiO3/2wt%MWCNT,540460,1.4414766666666663e-10,1.4406e-10,0.02878,measurement workbook,12.25,50,0.6645107557366746,0.6645107557366746,TO CONFIRM: eps_r < 1 with stated 12.25 cm2 / 50 um (physically impossible for PVDF); stated area/thickness probably not the electrode geometry
PVDF/BaTiO3/2wt%MWCNT,545460,1.441293333333333e-10,1.4404099999999998e-10,0.0289,measurement workbook,12.25,50,0.6644262403402743,0.6644262403402742,TO CONFIRM: eps_r < 1 with stated 12.25 cm2 / 50 um (physically impossible for PVDF); stated area/thickness probably not the electrode geometry
PVDF/BaTiO3/2wt%MWCNT,550450,1.44113e-10,1.44024e-10,0.02901,measurement workbook,12.25,50,0.6643509448052995,0.6643509448052995,TO CONFIRM: eps_r < 1 with stated 12.25 cm2 / 50 um (physically impossible for PVDF); stated area/thickness probably not the electrode geometry
PVDF/BaTiO3/2wt%MWCNT,555450,1.4409766666666666e-10,1.4400866666666667e-10,0.02911,measurement workbook,12.25,50,0.6642802592010376,0.6642802592010375,TO CONFIRM: eps_r < 1 with stated 12.25 cm2 / 50 um (physically impossible for PVDF); stated area/thickness probably not the electrode geometry
PVDF/BaTiO3/2wt%MWCNT,560440,1.4408066666666665e-10,1.4399e-10,0.02922,measurement workbook,12.25,50,0.6642018903789209,0.6642018903789207,TO CONFIRM: eps_r < 1 with stated 12.25 cm2 / 50 um (physically impossible for PVDF); stated area/thickness probably not the electrode geometry
PVDF/BaTiO3/2wt%MWCNT,565440,1.4406433333333334e-10,1.4397333333333334e-10,0.02934,measurement workbook,12.25,50,0.6641265948439463,0.6641265948439462,TO CONFIRM: eps_r < 1 with stated 12.25 cm2 / 50 um (physically impossible for PVDF); stated area/thickness probably not the electrode geometry
PVDF/BaTiO3/2wt%MWCNT,570430,1.4404733333333335e-10,1.4395566666666666e-10,0.02946,measurement workbook,12.25,50,0.6640482260218297,0.6640482260218296,TO CONFIRM: eps_r < 1 with stated 12.25 cm2 / 50 um (physically impossible for PVDF); stated area/thickness probably not the electrode geometry
PVDF/BaTiO3/2wt%MWCNT,575430,1.4403133333333335e-10,1.43939e-10,0.02955,measurement workbook,12.25,50,0.6639744671304258,0.6639744671304257,TO CONFIRM: eps_r < 1 with stated 12.25 cm2 / 50 um (physically impossible for PVDF); stated area/thickness probably not the electrode geometry
PVDF/BaTiO3/2wt%MWCNT,580420,1.4401600000000003e-10,1.4392333333333332e-10,0.02965,measurement workbook,12.25,50,0.6639037815261639,0.6639037815261638,TO CONFIRM: eps_r < 1 with stated 12.25 cm2 / 50 um (physically impossible for PVDF); stated area/thickness probably not the electrode geometry
PVDF/BaTiO3/2wt%MWCNT,585420,1.4399866666666667e-10,1.4390533333333333e-10,0.02977,measurement workbook,12.25,50,0.6638238760604762,0.6638238760604761,TO CONFIRM: eps_r < 1 with stated 12.25 cm2 / 50 um (physically impossible for PVDF); stated area/thickness probably not the electrode geometry
PVDF/BaTiO3/2wt%MWCNT,590410,1.43983e-10,1.4388866666666663e-10,0.02987,measurement workbook,12.25,50,0.6637516538126433,0.6637516538126432,TO CONFIRM: eps_r < 1 with stated 12.25 cm2 / 50 um (physically impossible for PVDF); stated area/thickness probably not the electrode geometry
PVDF/BaTiO3/2wt%MWCNT,595410,1.4396766666666668e-10,1.43873e-10,0.02997,measurement workbook,12.25,50,0.6636809682083814,0.6636809682083813,TO CONFIRM: eps_r < 1 with stated 12.25 cm2 / 50 um (physically impossible for PVDF); stated area/thickness probably not the electrode geometry
PVDF/BaTiO3/2wt%MWCNT,600400,1.43951e-10,1.43856e-10,0.03008,measurement workbook,12.25,50,0.6636041360298354,0.6636041360298353,TO CONFIRM: eps_r < 1 with stated 12.25 cm2 / 50 um (physically impossible for PVDF); stated area/thickness probably not the electrode geometry
PVDF/BaTiO3/2wt%MWCNT,605400,1.4393566666666667e-10,1.4383966666666662e-10,0.03019,measurement workbook,12.25,50,0.6635334504255734,0.6635334504255733,TO CONFIRM: eps_r < 1 with stated 12.25 cm2 / 50 um (physically impossible for PVDF); stated area/thickness probably not the electrode geometry
PVDF/BaTiO3/2wt%MWCNT,610390,1.4392e-10,1.4382366666666666e-10,0.03029,measurement workbook,12.25,50,0.6634612281777406,0.6634612281777404,TO CONFIRM: eps_r < 1 with stated 12.25 cm2 / 50 um (physically impossible for PVDF); stated area/thickness probably not the electrode geometry
PVDF/BaTiO3/2wt%MWCNT,615390,1.43904e-10,1.43807e-10,0.03038,measurement workbook,12.25,50,0.6633874692863367,0.6633874692863366,TO CONFIRM: eps_r < 1 with stated 12.25 cm2 / 50 um (physically impossible for PVDF); stated area/thickness probably not the electrode geometry
PVDF/BaTiO3/2wt%MWCNT,620380,1.43889e-10,1.437913333333333e-10,0.03049,measurement workbook,12.25,50,0.6633183203256455,0.6633183203256454,TO CONFIRM: eps_r < 1 with stated 12.25 cm2 / 50 um (physically impossible for PVDF); stated area/thickness probably not the electrode geometry
PVDF/BaTiO3/2wt%MWCNT,625380,1.438733333333333e-10,1.4377500000000003e-10,0.03058,measurement workbook,12.25,50,0.6632460980778127,0.6632460980778125,TO CONFIRM: eps_r < 1 with stated 12.25 cm2 / 50 um (physically impossible for PVDF); stated area/thickness probably not the electrode geometry
PVDF/BaTiO3/2wt%MWCNT,630370,1.4385800000000002e-10,1.4375866666666668e-10,0.0307,measurement workbook,12.25,50,0.6631754124735507,0.6631754124735506,TO CONFIRM: eps_r < 1 with stated 12.25 cm2 / 50 um (physically impossible for PVDF); stated area/thickness probably not the electrode geometry
PVDF/BaTiO3/2wt%MWCNT,635370,1.4384199999999998e-10,1.4374233333333332e-10,0.0308,measurement workbook,12.25,50,0.6631016535821466,0.6631016535821465,TO CONFIRM: eps_r < 1 with stated 12.25 cm2 / 50 um (physically impossible for PVDF); stated area/thickness probably not the electrode geometry
PVDF/BaTiO3/2wt%MWCNT,640360,1.438266666666667e-10,1.4372633333333334e-10,0.03089,measurement workbook,12.25,50,0.6630309679778847,0.6630309679778846,TO CONFIRM: eps_r < 1 with stated 12.25 cm2 / 50 um (physically impossible for PVDF); stated area/thickness probably not the electrode geometry
PVDF/BaTiO3/2wt%MWCNT,645360,1.4381333333333334e-10,1.4371266666666667e-10,0.03098,measurement workbook,12.25,50,0.662969502235048,0.662969502235048,TO CONFIRM: eps_r < 1 with stated 12.25 cm2 / 50 um (physically impossible for PVDF); stated area/thickness probably not the electrode geometry
PVDF/BaTiO3/2wt%MWCNT,650350,1.4379333333333335e-10,1.436923333333333e-10,0.03109,measurement workbook,12.25,50,0.6628773036207934,0.6628773036207933,TO CONFIRM: eps_r < 1 with stated 12.25 cm2 / 50 um (physically impossible for PVDF); stated area/thickness probably not the electrode geometry
PVDF/BaTiO3/2wt%MWCNT,655350,1.4378133333333335e-10,1.43679e-10,0.03117,measurement workbook,12.25,50,0.6628219844522404,0.6628219844522404,TO CONFIRM: eps_r < 1 with stated 12.25 cm2 / 50 um (physically impossible for PVDF); stated area/thickness probably not the electrode geometry
PVDF/BaTiO3/2wt%MWCNT,660340,1.4376333333333332e-10,1.43661e-10,0.03128,measurement workbook,12.25,50,0.662739005699411,0.6627390056994109,TO CONFIRM: eps_r < 1 with stated 12.25 cm2 / 50 um (physically impossible for PVDF); stated area/thickness probably not the electrode geometry
PVDF/BaTiO3/2wt%MWCNT,665340,1.4374866666666667e-10,1.436456666666667e-10,0.03136,measurement workbook,12.25,50,0.6626713933822908,0.6626713933822906,TO CONFIRM: eps_r < 1 with stated 12.25 cm2 / 50 um (physically impossible for PVDF); stated area/thickness probably not the electrode geometry
PVDF/BaTiO3/2wt%MWCNT,670330,1.43731e-10,1.4362766666666666e-10,0.03146,measurement workbook,12.25,50,0.6625899512730324,0.6625899512730323,TO CONFIRM: eps_r < 1 with stated 12.25 cm2 / 50 um (physically impossible for PVDF); stated area/thickness probably not the electrode geometry
PVDF/BaTiO3/2wt%MWCNT,675330,1.4371566666666667e-10,1.4361166666666666e-10,0.03156,measurement workbook,12.25,50,0.6625192656687704,0.6625192656687703,TO CONFIRM: eps_r < 1 with stated 12.25 cm2 / 50 um (physically impossible for PVDF); stated area/thickness probably not the electrode geometry
PVDF/BaTiO3/2wt%MWCNT,680320,1.43701e-10,1.4359633333333334e-10,0.03165,measurement workbook,12.25,50,0.6624516533516501,0.66245165335165,TO CONFIRM: eps_r < 1 with stated 12.25 cm2 / 50 um (physically impossible for PVDF); stated area/thickness probably not the electrode geometry
PVDF/BaTiO3/2wt%MWCNT,685320,1.4368533333333335e-10,1.435803333333333e-10,0.03175,measurement workbook,12.25,50,0.6623794311038174,0.6623794311038173,TO CONFIRM: eps_r < 1 with stated 12.25 cm2 / 50 um (physically impossible for PVDF); stated area/thickness probably not the electrode geometry
PVDF/BaTiO3/2wt%MWCNT,690310,1.4366766666666667e-10,1.435616666666667e-10,0.03184,measurement workbook,12.25,50,0.6622979889945587,0.6622979889945587,TO CONFIRM: eps_r < 1 with stated 12.25 cm2 / 50 um (physically impossible for PVDF); stated area/thickness probably not the electrode geometry
PVDF/BaTiO3/2wt%MWCNT,695310,1.436563333333333e-10,1.4354966666666667e-10,0.03195,measurement workbook,12.25,50,0.6622457431131478,0.6622457431131477,TO CONFIRM: eps_r < 1 with stated 12.25 cm2 / 50 um (physically impossible for PVDF); stated area/thickness probably not the electrode geometry
PVDF/BaTiO3/2wt%MWCNT,700300,1.43654e-10,1.4354699999999999e-10,0.03203,measurement workbook,12.25,50,0.6622349866081513,0.6622349866081512,TO CONFIRM: eps_r < 1 with stated 12.25 cm2 / 50 um (physically impossible for PVDF); stated area/thickness probably not the electrode geometry
PVDF/BaTiO3/2wt%MWCNT,705300,1.4364e-10,1.435323333333333e-10,0.03211,measurement workbook,12.25,50,0.662170447578173,0.6621704475781729,TO CONFIRM: eps_r < 1 with stated 12.25 cm2 / 50 um (physically impossible for PVDF); stated area/thickness probably not the electrode geometry
PVDF/BaTiO3/2wt%MWCNT,710290,1.4362733333333332e-10,1.4351966666666667e-10,0.03223,measurement workbook,12.25,50,0.6621120551224782,0.6621120551224782,TO CONFIRM: eps_r < 1 with stated 12.25 cm2 / 50 um (physically impossible for PVDF); stated area/thickness probably not the electrode geometry
PVDF/BaTiO3/2wt%MWCNT,715290,1.43613e-10,1.4350433333333332e-10,0.03231,measurement workbook,12.25,50,0.6620459794489291,0.662045979448929,TO CONFIRM: eps_r < 1 with stated 12.25 cm2 / 50 um (physically impossible for PVDF); stated area/thickness probably not the electrode geometry
PVDF/BaTiO3/2wt%MWCNT,720280,1.43599e-10,1.4348933333333335e-10,0.0324,measurement workbook,12.25,50,0.6619814404189505,0.6619814404189504,TO CONFIRM: eps_r < 1 with stated 12.25 cm2 / 50 um (physically impossible for PVDF); stated area/thickness probably not the electrode geometry
PVDF/BaTiO3/2wt%MWCNT,725280,1.4358966666666667e-10,1.4348e-10,0.03251,measurement workbook,12.25,50,0.661938414398965,0.6619384143989648,TO CONFIRM: eps_r < 1 with stated 12.25 cm2 / 50 um (physically impossible for PVDF); stated area/thickness probably not the electrode geometry
PVDF/BaTiO3/2wt%MWCNT,730270,1.4357733333333335e-10,1.4346666666666663e-10,0.03261,measurement workbook,12.25,50,0.6618815585868413,0.6618815585868413,TO CONFIRM: eps_r < 1 with stated 12.25 cm2 / 50 um (physically impossible for PVDF); stated area/thickness probably not the electrode geometry
PVDF/BaTiO3/2wt%MWCNT,735270,1.4356366666666666e-10,1.43452e-10,0.0327,measurement workbook,12.25,50,0.6618185562004337,0.6618185562004336,TO CONFIRM: eps_r < 1 with stated 12.25 cm2 / 50 um (physically impossible for PVDF); stated area/thickness probably not the electrode geometry
PVDF/BaTiO3/2wt%MWCNT,740260,1.4355066666666662e-10,1.43439e-10,0.03279,measurement workbook,12.25,50,0.661758627101168,0.6617586271011678,TO CONFIRM: eps_r < 1 with stated 12.25 cm2 / 50 um (physically impossible for PVDF); stated area/thickness probably not the electrode geometry
PVDF/BaTiO3/2wt%MWCNT,745260,1.4353933333333334e-10,1.4342666666666667e-10,0.03287,measurement workbook,12.25,50,0.661706381219757,0.6617063812197569,TO CONFIRM: eps_r < 1 with stated 12.25 cm2 / 50 um (physically impossible for PVDF); stated area/thickness probably not the electrode geometry
PVDF/BaTiO3/2wt%MWCNT,750250,1.4352666666666668e-10,1.4341366666666666e-10,0.03296,measurement workbook,12.25,50,0.6616479887640623,0.6616479887640622,TO CONFIRM: eps_r < 1 with stated 12.25 cm2 / 50 um (physically impossible for PVDF); stated area/thickness probably not the electrode geometry
PVDF/BaTiO3/2wt%MWCNT,755250,1.4351333333333332e-10,1.433993333333333e-10,0.03307,measurement workbook,12.25,50,0.6615865230212257,0.6615865230212256,TO CONFIRM: eps_r < 1 with stated 12.25 cm2 / 50 um (physically impossible for PVDF); stated area/thickness probably not the electrode geometry
PVDF/BaTiO3/2wt%MWCNT,760240,1.435023333333333e-10,1.43388e-10,0.03314,measurement workbook,12.25,50,0.6615358137833856,0.6615358137833854,TO CONFIRM: eps_r < 1 with stated 12.25 cm2 / 50 um (physically impossible for PVDF); stated area/thickness probably not the electrode geometry
PVDF/BaTiO3/2wt%MWCNT,765240,1.4349133333333334e-10,1.4337666666666666e-10,0.03322,measurement workbook,12.25,50,0.6614851045455454,0.6614851045455453,TO CONFIRM: eps_r < 1 with stated 12.25 cm2 / 50 um (physically impossible for PVDF); stated area/thickness probably not the electrode geometry
PVDF/BaTiO3/2wt%MWCNT,770230,1.4347666666666666e-10,1.4336100000000002e-10,0.03334,measurement workbook,12.25,50,0.6614174922284252,0.661417492228425,TO CONFIRM: eps_r < 1 with stated 12.25 cm2 / 50 um (physically impossible for PVDF); stated area/thickness probably not the electrode geometry
PVDF/BaTiO3/2wt%MWCNT,775230,1.4346233333333332e-10,1.4334633333333334e-10,0.03342,measurement workbook,12.25,50,0.6613514165548758,0.6613514165548757,TO CONFIRM: eps_r < 1 with stated 12.25 cm2 / 50 um (physically impossible for PVDF); stated area/thickness probably not the electrode geometry
PVDF/BaTiO3/2wt%MWCNT,780220,1.4345033333333333e-10,1.4333366666666662e-10,0.03348,measurement workbook,12.25,50,0.661296097386323,0.6612960973863229,TO CONFIRM: eps_r < 1 with stated 12.25 cm2 / 50 um (physically impossible for PVDF); stated area/thickness probably not the electrode geometry
PVDF/BaTiO3/2wt%MWCNT,785220,1.434406666666667e-10,1.4332366666666667e-10,0.03358,measurement workbook,12.25,50,0.6612515347227667,0.6612515347227665,TO CONFIRM: eps_r < 1 with stated 12.25 cm2 / 50 um (physically impossible for PVDF); stated area/thickness probably not the electrode geometry
PVDF/BaTiO3/2wt%MWCNT,790210,1.43428e-10,1.4331033333333334e-10,0.03366,measurement workbook,12.25,50,0.6611931422670718,0.6611931422670717,TO CONFIRM: eps_r < 1 with stated 12.25 cm2 / 50 um (physically impossible for PVDF); stated area/thickness probably not the electrode geometry
PVDF/BaTiO3/2wt%MWCNT,795210,1.4341633333333334e-10,1.4329866666666666e-10,0.03376,measurement workbook,12.25,50,0.6611393597420899,0.6611393597420898,TO CONFIRM: eps_r < 1 with stated 12.25 cm2 / 50 um (physically impossible for PVDF); stated area/thickness probably not the electrode geometry
PVDF/BaTiO3/2wt%MWCNT,800200,1.43404e-10,1.432853333333333e-10,0.03384,measurement workbook,12.25,50,0.661082503929966,0.6610825039299659,TO CONFIRM: eps_r < 1 with stated 12.25 cm2 / 50 um (physically impossible for PVDF); stated area/thickness probably not the electrode geometry
PVDF/BaTiO3/2wt%MWCNT,805200,1.43393e-10,1.432733333333333e-10,0.03394,measurement workbook,12.25,50,0.6610317946921258,0.6610317946921257,TO CONFIRM: eps_r < 1 with stated 12.25 cm2 / 50 um (physically impossible for PVDF); stated area/thickness probably not the electrode geometry
PVDF/BaTiO3/2wt%MWCNT,810190,1.4338e-10,1.4326033333333335e-10,0.03399,measurement workbook,12.25,50,0.6609718655928603,0.6609718655928601,TO CONFIRM: eps_r < 1 with stated 12.25 cm2 / 50 um (physically impossible for PVDF); stated area/thickness probably not the electrode geometry
PVDF/BaTiO3/2wt%MWCNT,815190,1.433663333333333e-10,1.432463333333333e-10,0.03408,measurement workbook,12.25,50,0.6609088632064527,0.6609088632064526,TO CONFIRM: eps_r < 1 with stated 12.25 cm2 / 50 um (physically impossible for PVDF); stated area/thickness probably not the electrode geometry
PVDF/BaTiO3/2wt%MWCNT,820180,1.4335333333333332e-10,1.4323233333333334e-10,0.03415,measurement workbook,12.25,50,0.660848934107187,0.6608489341071869,TO CONFIRM: eps_r < 1 with stated 12.25 cm2 / 50 um (physically impossible for PVDF); stated area/thickness probably not the electrode geometry
PVDF/BaTiO3/2wt%MWCNT,825180,1.43343e-10,1.43221e-10,0.03423,measurement workbook,12.25,50,0.6608012981564888,0.6608012981564887,TO CONFIRM: eps_r < 1 with stated 12.25 cm2 / 50 um (physically impossible for PVDF); stated area/thickness probably not the electrode geometry
PVDF/BaTiO3/2wt%MWCNT,830170,1.4333066666666667e-10,1.4320833333333334e-10,0.03431,measurement workbook,12.25,50,0.660744442344365,0.6607444423443649,TO CONFIRM: eps_r < 1 with stated 12.25 cm2 / 50 um (physically impossible for PVDF); stated area/thickness probably not the electrode geometry
PVDF/BaTiO3/2wt%MWCNT,835170,1.433183333333333e-10,1.431953333333333e-10,0.03441,measurement workbook,12.25,50,0.6606875865322411,0.660687586532241,TO CONFIRM: eps_r < 1 with stated 12.25 cm2 / 50 um (physically impossible for PVDF); stated area/thickness probably not the electrode geometry
PVDF/BaTiO3/2wt%MWCNT,840160,1.4330766666666663e-10,1.4318433333333332e-10,0.03448,measurement workbook,12.25,50,0.6606384139379717,0.6606384139379716,TO CONFIRM: eps_r < 1 with stated 12.25 cm2 / 50 um (physically impossible for PVDF); stated area/thickness probably not the electrode geometry
PVDF/BaTiO3/2wt%MWCNT,845160,1.43295e-10,1.4317100000000002e-10,0.03452,measurement workbook,12.25,50,0.6605800214822772,0.6605800214822771,TO CONFIRM: eps_r < 1 with stated 12.25 cm2 / 50 um (physically impossible for PVDF); stated area/thickness probably not the electrode geometry
PVDF/BaTiO3/2wt%MWCNT,850150,1.4328066666666668e-10,1.4315666666666668e-10,0.03465,measurement workbook,12.25,50,0.660513945808728,0.6605139458087279,TO CONFIRM: eps_r < 1 with stated 12.25 cm2 / 50 um (physically impossible for PVDF); stated area/thickness probably not the electrode geometry
PVDF/BaTiO3/2wt%MWCNT,855150,1.4327066666666668e-10,1.4314533333333335e-10,0.03472,measurement workbook,12.25,50,0.6604678465016005,0.6604678465016004,TO CONFIRM: eps_r < 1 with stated 12.25 cm2 / 50 um (physically impossible for PVDF); stated area/thickness probably not the electrode geometry
PVDF/BaTiO3/2wt%MWCNT,860140,1.43259e-10,1.4313366666666666e-10,0.03479,measurement workbook,12.25,50,0.6604140639766184,0.6604140639766183,TO CONFIRM: eps_r < 1 with stated 12.25 cm2 / 50 um (physically impossible for PVDF); stated area/thickness probably not the electrode geometry
PVDF/BaTiO3/2wt%MWCNT,865140,1.43245e-10,1.4311833333333332e-10,0.03486,measurement workbook,12.25,50,0.6603495249466401,0.6603495249466401,TO CONFIRM: eps_r < 1 with stated 12.25 cm2 / 50 um (physically impossible for PVDF); stated area/thickness probably not the electrode geometry
PVDF/BaTiO3/2wt%MWCNT,870130,1.4323066666666667e-10,1.431043333333333e-10,0.03495,measurement workbook,12.25,50,0.6602834492730908,0.6602834492730908,TO CONFIRM: eps_r < 1 with stated 12.25 cm2 / 50 um (physically impossible for PVDF); stated area/thickness probably not the electrode geometry
PVDF/BaTiO3/2wt%MWCNT,875130,1.43223e-10,1.4309600000000002e-10,0.03503,measurement workbook,12.25,50,0.6602481064709598,0.6602481064709597,TO CONFIRM: eps_r < 1 with stated 12.25 cm2 / 50 um (physically impossible for PVDF); stated area/thickness probably not the electrode geometry
PVDF/BaTiO3/2wt%MWCNT,880120,1.4320966666666667e-10,1.43082e-10,0.0351,measurement workbook,12.25,50,0.6601866407281233,0.6601866407281232,TO CONFIRM: eps_r < 1 with stated 12.25 cm2 / 50 um (physically impossible for PVDF); stated area/thickness probably not the electrode geometry
PVDF/BaTiO3/2wt%MWCNT,885120,1.431983333333333e-10,1.4307033333333335e-10,0.03517,measurement workbook,12.25,50,0.6601343948467121,0.660134394846712,TO CONFIRM: eps_r < 1 with stated 12.25 cm2 / 50 um (physically impossible for PVDF); stated area/thickness probably not the electrode geometry
PVDF/BaTiO3/2wt%MWCNT,890110,1.4318266666666667e-10,1.4305366666666668e-10,0.03524,measurement workbook,12.25,50,0.6600621725988792,0.6600621725988791,TO CONFIRM: eps_r < 1 with stated 12.25 cm2 / 50 um (physically impossible for PVDF); stated area/thickness probably not the electrode geometry
PVDF/BaTiO3/2wt%MWCNT,895110,1.4317433333333334e-10,1.4304500000000002e-10,0.03532,measurement workbook,12.25,50,0.6600237565096063,0.6600237565096062,TO CONFIRM: eps_r < 1 with stated 12.25 cm2 / 50 um (physically impossible for PVDF); stated area/thickness probably not the electrode geometry
PVDF/BaTiO3/2wt%MWCNT,900100,1.4316066666666666e-10,1.4303066666666666e-10,0.03539,measurement workbook,12.25,50,0.6599607541231989,0.6599607541231988,TO CONFIRM: eps_r < 1 with stated 12.25 cm2 / 50 um (physically impossible for PVDF); stated area/thickness probably not the electrode geometry
PVDF/BaTiO3/2wt%MWCNT,905100,1.4314966666666667e-10,1.4301966666666667e-10,0.03546,measurement workbook,12.25,50,0.6599100448853588,0.6599100448853588,TO CONFIRM: eps_r < 1 with stated 12.25 cm2 / 50 um (physically impossible for PVDF); stated area/thickness probably not the electrode geometry
PVDF/BaTiO3/2wt%MWCNT,910090,1.4313666666666666e-10,1.43006e-10,0.03553,measurement workbook,12.25,50,0.6598501157860931,0.659850115786093,TO CONFIRM: eps_r < 1 with stated 12.25 cm2 / 50 um (physically impossible for PVDF); stated area/thickness probably not the electrode geometry
PVDF/BaTiO3/2wt%MWCNT,915090,1.4312499999999998e-10,1.4299366666666668e-10,0.03561,measurement workbook,12.25,50,0.659796333261111,0.6597963332611109,TO CONFIRM: eps_r < 1 with stated 12.25 cm2 / 50 um (physically impossible for PVDF); stated area/thickness probably not the electrode geometry
PVDF/BaTiO3/2wt%MWCNT,920080,1.431163333333333e-10,1.4298466666666663e-10,0.03568,measurement workbook,12.25,50,0.6597563805282673,0.6597563805282672,TO CONFIRM: eps_r < 1 with stated 12.25 cm2 / 50 um (physically impossible for PVDF); stated area/thickness probably not the electrode geometry
PVDF/BaTiO3/2wt%MWCNT,925080,1.4310399999999998e-10,1.429716666666667e-10,0.03576,measurement workbook,12.25,50,0.6596995247161436,0.6596995247161435,TO CONFIRM: eps_r < 1 with stated 12.25 cm2 / 50 um (physically impossible for PVDF); stated area/thickness probably not the electrode geometry
PVDF/BaTiO3/2wt%MWCNT,930070,1.43095e-10,1.42962e-10,0.03581,measurement workbook,12.25,50,0.6596580353397289,0.6596580353397289,TO CONFIRM: eps_r < 1 with stated 12.25 cm2 / 50 um (physically impossible for PVDF); stated area/thickness probably not the electrode geometry
PVDF/BaTiO3/2wt%MWCNT,935070,1.4307866666666668e-10,1.42946e-10,0.03589,measurement workbook,12.25,50,0.6595827398047542,0.6595827398047541,TO CONFIRM: eps_r < 1 with stated 12.25 cm2 / 50 um (physically impossible for PVDF); stated area/thickness probably not the electrode geometry
PVDF/BaTiO3/2wt%MWCNT,940060,1.4306566666666668e-10,1.4293166666666666e-10,0.03597,measurement workbook,12.25,50,0.6595228107054886,0.6595228107054885,TO CONFIRM: eps_r < 1 with stated 12.25 cm2 / 50 um (physically impossible for PVDF); stated area/thickness probably not the electrode geometry
PVDF/BaTiO3/2wt%MWCNT,945060,1.4305433333333334e-10,1.4291999999999998e-10,0.03604,measurement workbook,12.25,50,0.6594705648240775,0.6594705648240774,TO CONFIRM: eps_r < 1 with stated 12.25 cm2 / 50 um (physically impossible for PVDF); stated area/thickness probably not the electrode geometry
PVDF/BaTiO3/2wt%MWCNT,950050,1.43043e-10,1.4290799999999998e-10,0.03611,measurement workbook,12.25,50,0.6594183189426663,0.6594183189426662,TO CONFIRM: eps_r < 1 with stated 12.25 cm2 / 50 um (physically impossible for PVDF); stated area/thickness probably not the electrode geometry
PVDF/BaTiO3/2wt%MWCNT,955050,1.4303033333333332e-10,1.4289499999999998e-10,0.03617,measurement workbook,12.25,50,0.6593599264869715,0.6593599264869714,TO CONFIRM: eps_r < 1 with stated 12.25 cm2 / 50 um (physically impossible for PVDF); stated area/thickness probably not the electrode geometry
PVDF/BaTiO3/2wt%MWCNT,960040,1.4301933333333332e-10,1.4288333333333335e-10,0.03624,measurement workbook,12.25,50,0.6593092172491315,0.6593092172491314,TO CONFIRM: eps_r < 1 with stated 12.25 cm2 / 50 um (physically impossible for PVDF); stated area/thickness probably not the electrode geometry
PVDF/BaTiO3/2wt%MWCNT,965040,1.4300733333333332e-10,1.4287066666666666e-10,0.03631,measurement workbook,12.25,50,0.6592538980805784,0.6592538980805784,TO CONFIRM: eps_r < 1 with stated 12.25 cm2 / 50 um (physically impossible for PVDF); stated area/thickness probably not the electrode geometry
PVDF/BaTiO3/2wt%MWCNT,970030,1.4299466666666666e-10,1.42858e-10,0.03638,measurement workbook,12.25,50,0.6591955056248838,0.6591955056248837,TO CONFIRM: eps_r < 1 with stated 12.25 cm2 / 50 um (physically impossible for PVDF); stated area/thickness probably not the electrode geometry
PVDF/BaTiO3/2wt%MWCNT,975030,1.42983e-10,1.4284566666666668e-10,0.03644,measurement workbook,12.25,50,0.6591417230999019,0.6591417230999018,TO CONFIRM: eps_r < 1 with stated 12.25 cm2 / 50 um (physically impossible for PVDF); stated area/thickness probably not the electrode geometry
PVDF/BaTiO3/2wt%MWCNT,980020,1.4297133333333335e-10,1.4283366666666668e-10,0.03652,measurement workbook,12.25,50,0.65908794057492,0.6590879405749199,TO CONFIRM: eps_r < 1 with stated 12.25 cm2 / 50 um (physically impossible for PVDF); stated area/thickness probably not the electrode geometry
PVDF/BaTiO3/2wt%MWCNT,985020,1.4295666666666667e-10,1.4281866666666668e-10,0.03656,measurement workbook,12.25,50,0.6590203282577998,0.6590203282577997,TO CONFIRM: eps_r < 1 with stated 12.25 cm2 / 50 um (physically impossible for PVDF); stated area/thickness probably not the electrode geometry
PVDF/BaTiO3/2wt%MWCNT,990010,1.429443333333333e-10,1.4280533333333335e-10,0.03663,measurement workbook,12.25,50,0.6589634724456759,0.6589634724456758,TO CONFIRM: eps_r < 1 with stated 12.25 cm2 / 50 um (physically impossible for PVDF); stated area/thickness probably not the electrode geometry
PVDF/BaTiO3/2wt%MWCNT,995010,1.4293266666666667e-10,1.4279333333333335e-10,0.0367,measurement workbook,12.25,50,0.658909689920694,0.6589096899206939,TO CONFIRM: eps_r < 1 with stated 12.25 cm2 / 50 um (physically impossible for PVDF); stated area/thickness probably not the electrode geometry
PVDF/BaTiO3/2wt%MWCNT,1000000,1.4291933333333332e-10,1.4278e-10,0.03677,measurement workbook,12.25,50,0.6588482241778573,0.6588482241778572,TO CONFIRM: eps_r < 1 with stated 12.25 cm2 / 50 um (physically impossible for PVDF); stated area/thickness probably not the electrode geometry
PVDF/BaTiO3/3wt%MWCNT,1000,2.6925200000000004e-10,2.683116666666667e-10,0.00657,measurement workbook,12.25,50,1.2412330642670444,1.2412330642670442,TO CONFIRM: stated 12.25 cm2 / 50 um; poling state not stated
PVDF/BaTiO3/3wt%MWCNT,5995,2.534723333333333e-10,2.5274633333333326e-10,0.00623,measurement workbook,12.25,50,1.168489894263556,1.168489894263556,TO CONFIRM: stated 12.25 cm2 / 50 um; poling state not stated
PVDF/BaTiO3/3wt%MWCNT,10990,2.48462e-10,2.47767e-10,0.00685,measurement workbook,12.25,50,1.1453926047491507,1.1453926047491505,TO CONFIRM: stated 12.25 cm2 / 50 um; poling state not stated
PVDF/BaTiO3/3wt%MWCNT,15985,2.4547466666666665e-10,2.4479033333333326e-10,0.00745,measurement workbook,12.25,50,1.1316212050666214,1.1316212050666212,TO CONFIRM: stated 12.25 cm2 / 50 um; poling state not stated
PVDF/BaTiO3/3wt%MWCNT,20980,2.4333800000000004e-10,2.42651e-10,0.00828,measurement workbook,12.25,50,1.121771319777064,1.1217713197770638,TO CONFIRM: stated 12.25 cm2 / 50 um; poling state not stated
PVDF/BaTiO3/3wt%MWCNT,25975,2.416613333333333e-10,2.4097633333333326e-10,0.00851,measurement workbook,12.25,50,1.1140420026153677,1.1140420026153672,TO CONFIRM: stated 12.25 cm2 / 50 um; poling state not stated
PVDF/BaTiO3/3wt%MWCNT,30970,2.403e-10,2.3961300000000004e-10,0.00888,measurement workbook,12.25,50,1.1077663502717554,1.1077663502717552,TO CONFIRM: stated 12.25 cm2 / 50 um; poling state not stated
PVDF/BaTiO3/3wt%MWCNT,35965,2.39138e-10,2.384446666666667e-10,0.0096,measurement workbook,12.25,50,1.10240961078355,1.1024096107835497,TO CONFIRM: stated 12.25 cm2 / 50 um; poling state not stated
PVDF/BaTiO3/3wt%MWCNT,40960,2.3810933333333333e-10,2.37416e-10,0.00991,measurement workbook,12.25,50,1.09766752872371,1.09766752872371,TO CONFIRM: stated 12.25 cm2 / 50 um; poling state not stated
PVDF/BaTiO3/3wt%MWCNT,45955,2.3722233333333327e-10,2.365256666666666e-10,0.01031,measurement workbook,12.25,50,1.0935785201815085,1.0935785201815085,TO CONFIRM: stated 12.25 cm2 / 50 um; poling state not stated
PVDF/BaTiO3/3wt%MWCNT,50950,2.36423e-10,2.3572266666666664e-10,0.01072,measurement workbook,12.25,50,1.0898936488984572,1.0898936488984572,TO CONFIRM: stated 12.25 cm2 / 50 um; poling state not stated
PVDF/BaTiO3/3wt%MWCNT,55945,2.357086666666667e-10,2.350023333333333e-10,0.01126,measurement workbook,12.25,50,1.086600621725989,1.0866006217259887,TO CONFIRM: stated 12.25 cm2 / 50 um; poling state not stated
PVDF/BaTiO3/3wt%MWCNT,60940,2.35035e-10,2.3432466666666664e-10,0.0116,measurement workbook,12.25,50,1.083495065069172,1.083495065069172,TO CONFIRM: stated 12.25 cm2 / 50 um; poling state not stated
PVDF/BaTiO3/3wt%MWCNT,65935,2.34407e-10,2.33694e-10,0.01189,measurement workbook,12.25,50,1.0806000285815704,1.0806000285815702,TO CONFIRM: stated 12.25 cm2 / 50 um; poling state not stated
PVDF/BaTiO3/3wt%MWCNT,70930,2.338306666666667e-10,2.331146666666666e-10,0.0122,measurement workbook,12.25,50,1.0779431718474606,1.0779431718474606,TO CONFIRM: stated 12.25 cm2 / 50 um; poling state not stated
PVDF/BaTiO3/3wt%MWCNT,75925,2.3330800000000003e-10,2.3258666666666662e-10,0.01258,measurement workbook,12.25,50,1.075533714728268,1.0755337147282678,TO CONFIRM: stated 12.25 cm2 / 50 um; poling state not stated
PVDF/BaTiO3/3wt%MWCNT,80920,2.32809e-10,2.3208333333333328e-10,0.01293,measurement workbook,12.25,50,1.0732333593026098,1.0732333593026095,TO CONFIRM: stated 12.25 cm2 / 50 um; poling state not stated
PVDF/BaTiO3/3wt%MWCNT,85915,2.3233666666666668e-10,2.3160766666666668e-10,0.01328,measurement workbook,12.25,50,1.071055935362625,1.0710559353626248,TO CONFIRM: stated 12.25 cm2 / 50 um; poling state not stated
PVDF/BaTiO3/3wt%MWCNT,90910,2.3189566666666667e-10,2.3116233333333326e-10,0.01361,measurement workbook,12.25,50,1.069022955918306,1.069022955918306,TO CONFIRM: stated 12.25 cm2 / 50 um; poling state not stated
PVDF/BaTiO3/3wt%MWCNT,95905,2.31472e-10,2.3073366666666668e-10,0.01394,measurement workbook,12.25,50,1.0670698819396744,1.0670698819396742,TO CONFIRM: stated 12.25 cm2 / 50 um; poling state not stated
PVDF/BaTiO3/3wt%MWCNT,100900,2.3105733333333332e-10,2.3031466666666662e-10,0.01423,measurement workbook,12.25,50,1.0651582973374578,1.0651582973374578,TO CONFIRM: stated 12.25 cm2 / 50 um; poling state not stated
PVDF/BaTiO3/3wt%MWCNT,105900,2.3067466666666664e-10,2.299283333333333e-10,0.01456,measurement workbook,12.25,50,1.0633942305180488,1.0633942305180486,TO CONFIRM: stated 12.25 cm2 / 50 um; poling state not stated
PVDF/BaTiO3/3wt%MWCNT,110890,2.3030766666666662e-10,2.2955633333333332e-10,0.01483,measurement workbook,12.25,50,1.0617023859464725,1.0617023859464725,TO CONFIRM: stated 12.25 cm2 / 50 um; poling state not stated
PVDF/BaTiO3/3wt%MWCNT,115890,2.299553333333333e-10,2.29201e-10,0.01508,measurement workbook,12.25,50,1.0600781536920167,1.0600781536920163,TO CONFIRM: stated 12.25 cm2 / 50 um; poling state not stated
PVDF/BaTiO3/3wt%MWCNT,120880,2.2962066666666667e-10,2.2886266666666663e-10,0.01534,measurement workbook,12.25,50,1.0585353635468195,1.058535363546819,TO CONFIRM: stated 12.25 cm2 / 50 um; poling state not stated
PVDF/BaTiO3/3wt%MWCNT,125880,2.2929966666666663e-10,2.28538e-10,0.01563,measurement workbook,12.25,50,1.0570555757880291,1.0570555757880291,TO CONFIRM: stated 12.25 cm2 / 50 um; poling state not stated
PVDF/BaTiO3/3wt%MWCNT,130870,2.2898433333333332e-10,2.2822e-10,0.01587,measurement workbook,12.25,50,1.055601910969945,1.0556019109699448,TO CONFIRM: stated 12.25 cm2 / 50 um; poling state not stated
PVDF/BaTiO3/3wt%MWCNT,135870,2.2868233333333332e-10,2.2791500000000003e-10,0.01608,measurement workbook,12.25,50,1.054209711894697,1.0542097118946967,TO CONFIRM: stated 12.25 cm2 / 50 um; poling state not stated
PVDF/BaTiO3/3wt%MWCNT,140860,2.28416e-10,2.2764333333333332e-10,0.01644,measurement workbook,12.25,50,1.0529819336815367,1.0529819336815367,TO CONFIRM: stated 12.25 cm2 / 50 um; poling state not stated
PVDF/BaTiO3/3wt%MWCNT,145860,2.2813799999999998e-10,2.273613333333333e-10,0.01671,measurement workbook,12.25,50,1.0517003729433947,1.0517003729433945,TO CONFIRM: stated 12.25 cm2 / 50 um; poling state not stated
PVDF/BaTiO3/3wt%MWCNT,150850,2.27869e-10,2.2708766666666668e-10,0.01691,measurement workbook,12.25,50,1.0504603015816671,1.0504603015816671,TO CONFIRM: stated 12.25 cm2 / 50 um; poling state not stated
PVDF/BaTiO3/3wt%MWCNT,155850,2.2760566666666668e-10,2.2682166666666667e-10,0.01718,measurement workbook,12.25,50,1.0492463531606455,1.0492463531606453,TO CONFIRM: stated 12.25 cm2 / 50 um; poling state not stated
PVDF/BaTiO3/3wt%MWCNT,160840,2.2735666666666663e-10,2.26569e-10,0.01742,measurement workbook,12.25,50,1.0480984804131726,1.0480984804131726,TO CONFIRM: stated 12.25 cm2 / 50 um; poling state not stated
PVDF/BaTiO3/3wt%MWCNT,165840,2.2712433333333331e-10,2.263333333333333e-10,0.01757,measurement workbook,12.25,50,1.0470274398442458,1.0470274398442458,TO CONFIRM: stated 12.25 cm2 / 50 um; poling state not stated
PVDF/BaTiO3/3wt%MWCNT,170830,2.269203333333333e-10,2.261263333333333e-10,0.01783,measurement workbook,12.25,50,1.0460870139788467,1.0460870139788463,TO CONFIRM: stated 12.25 cm2 / 50 um; poling state not stated
PVDF/BaTiO3/3wt%MWCNT,175830,2.26704e-10,2.2590566666666667e-10,0.01808,measurement workbook,12.25,50,1.0450897323013235,1.0450897323013235,TO CONFIRM: stated 12.25 cm2 / 50 um; poling state not stated
PVDF/BaTiO3/3wt%MWCNT,180820,2.2650566666666667e-10,2.25704e-10,0.01827,measurement workbook,12.25,50,1.04417542937663,1.04417542937663,TO CONFIRM: stated 12.25 cm2 / 50 um; poling state not stated
PVDF/BaTiO3/3wt%MWCNT,185820,2.2636566666666664e-10,2.2556033333333331e-10,0.01849,measurement workbook,12.25,50,1.043530039076846,1.0435300390768458,TO CONFIRM: stated 12.25 cm2 / 50 um; poling state not stated
PVDF/BaTiO3/3wt%MWCNT,190810,2.2625033333333334e-10,2.2544099999999998e-10,0.01869,measurement workbook,12.25,50,1.04299836040131,1.04299836040131,TO CONFIRM: stated 12.25 cm2 / 50 um; poling state not stated
PVDF/BaTiO3/3wt%MWCNT,195810,2.26144e-10,2.253313333333333e-10,0.0189,measurement workbook,12.25,50,1.0425081711021882,1.0425081711021882,TO CONFIRM: stated 12.25 cm2 / 50 um; poling state not stated
PVDF/BaTiO3/3wt%MWCNT,200800,2.261763333333333e-10,2.25356e-10,0.01914,measurement workbook,12.25,50,1.042657225528567,1.0426572255285669,TO CONFIRM: stated 12.25 cm2 / 50 um; poling state not stated
PVDF/BaTiO3/3wt%MWCNT,205800,2.2612966666666663e-10,2.253053333333333e-10,0.01938,measurement workbook,12.25,50,1.042442095428639,1.0424420954286389,TO CONFIRM: stated 12.25 cm2 / 50 um; poling state not stated
PVDF/BaTiO3/3wt%MWCNT,210790,2.2605466666666663e-10,2.2522566666666663e-10,0.01958,measurement workbook,12.25,50,1.0420963506251832,1.0420963506251832,TO CONFIRM: stated 12.25 cm2 / 50 um; poling state not stated
PVDF/BaTiO3/3wt%MWCNT,215790,2.2592066666666662e-10,2.2508833333333327e-10,0.01977,measurement workbook,12.25,50,1.0414786199096762,1.041478619909676,TO CONFIRM: stated 12.25 cm2 / 50 um; poling state not stated
PVDF/BaTiO3/3wt%MWCNT,220780,2.2575800000000004e-10,2.24922e-10,0.01998,measurement workbook,12.25,50,1.0407287378470704,1.0407287378470702,TO CONFIRM: stated 12.25 cm2 / 50 um; poling state not stated
PVDF/BaTiO3/3wt%MWCNT,225780,2.256173333333333e-10,2.2477766666666664e-10,0.02014,measurement workbook,12.25,50,1.0400802742601447,1.0400802742601445,TO CONFIRM: stated 12.25 cm2 / 50 um; poling state not stated
PVDF/BaTiO3/3wt%MWCNT,230770,2.2552366666666663e-10,2.246803333333333e-10,0.02035,measurement workbook,12.25,50,1.0396484774167178,1.0396484774167176,TO CONFIRM: stated 12.25 cm2 / 50 um; poling state not stated
PVDF/BaTiO3/3wt%MWCNT,235770,2.253853333333333e-10,2.2453833333333336e-10,0.02056,measurement workbook,12.25,50,1.0390107703347886,1.0390107703347884,TO CONFIRM: stated 12.25 cm2 / 50 um; poling state not stated
PVDF/BaTiO3/3wt%MWCNT,240760,2.25373e-10,2.245216666666667e-10,0.02072,measurement workbook,12.25,50,1.038953914522665,1.0389539145226647,TO CONFIRM: stated 12.25 cm2 / 50 um; poling state not stated
PVDF/BaTiO3/3wt%MWCNT,245760,2.253543333333333e-10,2.2449866666666662e-10,0.0209,measurement workbook,12.25,50,1.0388678624826937,1.0388678624826937,TO CONFIRM: stated 12.25 cm2 / 50 um; poling state not stated
PVDF/BaTiO3/3wt%MWCNT,250750,2.2532833333333326e-10,2.2446833333333328e-10,0.02107,measurement workbook,12.25,50,1.0387480042841624,1.038748004284162,TO CONFIRM: stated 12.25 cm2 / 50 um; poling state not stated
PVDF/BaTiO3/3wt%MWCNT,255750,2.252113333333333e-10,2.24348e-10,0.02127,measurement workbook,12.25,50,1.0382086423907717,1.0382086423907713,TO CONFIRM: stated 12.25 cm2 / 50 um; poling state not stated
PVDF/BaTiO3/3wt%MWCNT,260740,2.2515866666666667e-10,2.242913333333333e-10,0.02144,measurement workbook,12.25,50,1.0379658527065672,1.0379658527065672,TO CONFIRM: stated 12.25 cm2 / 50 um; poling state not stated
PVDF/BaTiO3/3wt%MWCNT,265740,2.2496166666666664e-10,2.2409099999999998e-10,0.02161,measurement workbook,12.25,50,1.037057696356157,1.037057696356157,TO CONFIRM: stated 12.25 cm2 / 50 um; poling state not stated
PVDF/BaTiO3/3wt%MWCNT,270730,2.2472066666666664e-10,2.2384766666666667e-10,0.02177,measurement workbook,12.25,50,1.0359467030543863,1.0359467030543863,TO CONFIRM: stated 12.25 cm2 / 50 um; poling state not stated
PVDF/BaTiO3/3wt%MWCNT,275730,2.2451266666666664e-10,2.2363733333333328e-10,0.02193,measurement workbook,12.25,50,1.0349878374661363,1.034987837466136,TO CONFIRM: stated 12.25 cm2 / 50 um; poling state not stated
PVDF/BaTiO3/3wt%MWCNT,280720,2.2428266666666663e-10,2.23405e-10,0.0221,measurement workbook,12.25,50,1.0339275534022057,1.0339275534022054,TO CONFIRM: stated 12.25 cm2 / 50 um; poling state not stated
PVDF/BaTiO3/3wt%MWCNT,285720,2.24098e-10,2.2321699999999998e-10,0.02225,measurement workbook,12.25,50,1.0330762528639197,1.0330762528639197,TO CONFIRM: stated 12.25 cm2 / 50 um; poling state not stated
PVDF/BaTiO3/3wt%MWCNT,290710,2.23894e-10,2.23011e-10,0.02241,measurement workbook,12.25,50,1.0321358269985204,1.03213582699852,TO CONFIRM: stated 12.25 cm2 / 50 um; poling state not stated
PVDF/BaTiO3/3wt%MWCNT,295710,2.23717e-10,2.2283133333333332e-10,0.02258,measurement workbook,12.25,50,1.031319869262365,1.0313198692623649,TO CONFIRM: stated 12.25 cm2 / 50 um; poling state not stated
PVDF/BaTiO3/3wt%MWCNT,300700,2.235673333333333e-10,2.226783333333333e-10,0.02279,measurement workbook,12.25,50,1.030629916299025,1.030629916299025,TO CONFIRM: stated 12.25 cm2 / 50 um; poling state not stated
PVDF/BaTiO3/3wt%MWCNT,305700,2.234113333333333e-10,2.225193333333333e-10,0.02295,measurement workbook,12.25,50,1.0299107671078371,1.029910767107837,TO CONFIRM: stated 12.25 cm2 / 50 um; poling state not stated
PVDF/BaTiO3/3wt%MWCNT,310690,2.2326866666666664e-10,2.2237333333333327e-10,0.0231,measurement workbook,12.25,50,1.0292530836594858,1.0292530836594858,TO CONFIRM: stated 12.25 cm2 / 50 um; poling state not stated
PVDF/BaTiO3/3wt%MWCNT,315690,2.2312333333333332e-10,2.2222566666666664e-10,0.02326,measurement workbook,12.25,50,1.0285831070625675,1.0285831070625675,TO CONFIRM: stated 12.25 cm2 / 50 um; poling state not stated
PVDF/BaTiO3/3wt%MWCNT,320680,2.2297233333333327e-10,2.220716666666667e-10,0.0234,measurement workbook,12.25,50,1.0278870075249436,1.027887007524943,TO CONFIRM: stated 12.25 cm2 / 50 um; poling state not stated
PVDF/BaTiO3/3wt%MWCNT,325680,2.2284266666666663e-10,2.2193999999999999e-10,0.02356,measurement workbook,12.25,50,1.0272892531758582,1.027289253175858,TO CONFIRM: stated 12.25 cm2 / 50 um; poling state not stated
PVDF/BaTiO3/3wt%MWCNT,330670,2.22724e-10,2.218173333333333e-10,0.02372,measurement workbook,12.25,50,1.0267422080646127,1.0267422080646127,TO CONFIRM: stated 12.25 cm2 / 50 um; poling state not stated
PVDF/BaTiO3/3wt%MWCNT,335670,2.2259699999999999e-10,2.21688e-10,0.02387,measurement workbook,12.25,50,1.0261567468640946,1.0261567468640944,TO CONFIRM: stated 12.25 cm2 / 50 um; poling state not stated
PVDF/BaTiO3/3wt%MWCNT,340660,2.2246933333333332e-10,2.215573333333333e-10,0.02401,measurement workbook,12.25,50,1.025568212376435,1.0255682123764347,TO CONFIRM: stated 12.25 cm2 / 50 um; poling state not stated
PVDF/BaTiO3/3wt%MWCNT,345660,2.2234433333333336e-10,2.2142966666666663e-10,0.02416,measurement workbook,12.25,50,1.024991971037342,1.024991971037342,TO CONFIRM: stated 12.25 cm2 / 50 um; poling state not stated
PVDF/BaTiO3/3wt%MWCNT,350650,2.222293333333333e-10,2.2131233333333332e-10,0.02432,measurement workbook,12.25,50,1.0244618290053769,1.0244618290053766,TO CONFIRM: stated 12.25 cm2 / 50 um; poling state not stated
PVDF/BaTiO3/3wt%MWCNT,355650,2.2211033333333332e-10,2.2119066666666668e-10,0.02443,measurement workbook,12.25,50,1.0239132472505603,1.0239132472505603,TO CONFIRM: stated 12.25 cm2 / 50 um; poling state not stated
PVDF/BaTiO3/3wt%MWCNT,360640,2.2198466666666664e-10,2.2106299999999998e-10,0.0246,measurement workbook,12.25,50,1.023333932624326,1.0233339326243258,TO CONFIRM: stated 12.25 cm2 / 50 um; poling state not stated
PVDF/BaTiO3/3wt%MWCNT,365640,2.21865e-10,2.2094e-10,0.02474,measurement workbook,12.25,50,1.022782277582368,1.022782277582368,TO CONFIRM: stated 12.25 cm2 / 50 um; poling state not stated
PVDF/BaTiO3/3wt%MWCNT,370630,2.21763e-10,2.20836e-10,0.02488,measurement workbook,12.25,50,1.0223120646496684,1.0223120646496682,TO CONFIRM: stated 12.25 cm2 / 50 um; poling state not stated
PVDF/BaTiO3/3wt%MWCNT,375630,2.21656e-10,2.2072566666666662e-10,0.02501,measurement workbook,12.25,50,1.0218188020634051,1.021818802063405,TO CONFIRM: stated 12.25 cm2 / 50 um; poling state not stated
PVDF/BaTiO3/3wt%MWCNT,380620,2.2155766666666667e-10,2.2062466666666668e-10,0.02514,measurement workbook,12.25,50,1.0213654922099855,1.0213654922099855,TO CONFIRM: stated 12.25 cm2 / 50 um; poling state not stated
PVDF/BaTiO3/3wt%MWCNT,385620,2.21454e-10,2.205183333333333e-10,0.0253,measurement workbook,12.25,50,1.0208875960594312,1.020887596059431,TO CONFIRM: stated 12.25 cm2 / 50 um; poling state not stated
PVDF/BaTiO3/3wt%MWCNT,390610,2.2138133333333327e-10,2.2044266666666667e-10,0.02542,measurement workbook,12.25,50,1.020552607760972,1.020552607760972,TO CONFIRM: stated 12.25 cm2 / 50 um; poling state not stated
PVDF/BaTiO3/3wt%MWCNT,395610,2.213173333333333e-10,2.203756666666667e-10,0.02555,measurement workbook,12.25,50,1.0202575721953568,1.0202575721953566,TO CONFIRM: stated 12.25 cm2 / 50 um; poling state not stated
PVDF/BaTiO3/3wt%MWCNT,400600,2.2126566666666667e-10,2.2032066666666663e-10,0.0257,measurement workbook,12.25,50,1.020019392441865,1.020019392441865,TO CONFIRM: stated 12.25 cm2 / 50 um; poling state not stated
PVDF/BaTiO3/3wt%MWCNT,405600,2.21094e-10,2.2014766666666662e-10,0.02582,measurement workbook,12.25,50,1.0192280210028446,1.0192280210028444,TO CONFIRM: stated 12.25 cm2 / 50 um; poling state not stated
PVDF/BaTiO3/3wt%MWCNT,410590,2.2094e-10,2.199913333333333e-10,0.02598,measurement workbook,12.25,50,1.0185180916730825,1.018518091673082,TO CONFIRM: stated 12.25 cm2 / 50 um; poling state not stated
PVDF/BaTiO3/3wt%MWCNT,415590,2.2078133333333331e-10,2.1983066666666667e-10,0.02609,measurement workbook,12.25,50,1.0177866493333272,1.0177866493333272,TO CONFIRM: stated 12.25 cm2 / 50 um; poling state not stated
PVDF/BaTiO3/3wt%MWCNT,420580,2.2048933333333326e-10,2.1953766666666664e-10,0.02623,measurement workbook,12.25,50,1.016440549565207,1.016440549565207,TO CONFIRM: stated 12.25 cm2 / 50 um; poling state not stated
PVDF/BaTiO3/3wt%MWCNT,425580,2.2020366666666664e-10,2.1925166666666664e-10,0.02636,measurement workbook,12.25,50,1.0151236460249335,1.0151236460249335,TO CONFIRM: stated 12.25 cm2 / 50 um; poling state not stated
PVDF/BaTiO3/3wt%MWCNT,430570,2.2011733333333328e-10,2.1916366666666666e-10,0.02648,measurement workbook,12.25,50,1.014725655340067,1.0147256553400668,TO CONFIRM: stated 12.25 cm2 / 50 um; poling state not stated
PVDF/BaTiO3/3wt%MWCNT,435570,2.20039e-10,2.1908300000000003e-10,0.02659,measurement workbook,12.25,50,1.0143645441009024,1.0143645441009022,TO CONFIRM: stated 12.25 cm2 / 50 um; poling state not stated
PVDF/BaTiO3/3wt%MWCNT,440560,2.199523333333333e-10,2.18994e-10,0.02672,measurement workbook,12.25,50,1.0139650167724643,1.0139650167724643,TO CONFIRM: stated 12.25 cm2 / 50 um; poling state not stated
PVDF/BaTiO3/3wt%MWCNT,445560,2.1987033333333336e-10,2.1891033333333326e-10,0.02685,measurement workbook,12.25,50,1.01358700245402,1.01358700245402,TO CONFIRM: stated 12.25 cm2 / 50 um; poling state not stated
PVDF/BaTiO3/3wt%MWCNT,450550,2.19802e-10,2.188393333333333e-10,0.02697,measurement workbook,12.25,50,1.0132719905219827,1.0132719905219825,TO CONFIRM: stated 12.25 cm2 / 50 um; poling state not stated
PVDF/BaTiO3/3wt%MWCNT,455550,2.197193333333333e-10,2.1875433333333327e-10,0.02709,measurement workbook,12.25,50,1.012890902916396,1.0128909029163955,TO CONFIRM: stated 12.25 cm2 / 50 um; poling state not stated
PVDF/BaTiO3/3wt%MWCNT,460540,2.1962233333333327e-10,2.18655e-10,0.02721,measurement workbook,12.25,50,1.01244373963726,1.01244373963726,TO CONFIRM: stated 12.25 cm2 / 50 um; poling state not stated
PVDF/BaTiO3/3wt%MWCNT,465540,2.195353333333333e-10,2.1856566666666667e-10,0.02733,measurement workbook,12.25,50,1.0120426756652516,1.0120426756652514,TO CONFIRM: stated 12.25 cm2 / 50 um; poling state not stated
PVDF/BaTiO3/3wt%MWCNT,470530,2.1944799999999999e-10,2.1847633333333326e-10,0.02745,measurement workbook,12.25,50,1.011640075049672,1.011640075049672,TO CONFIRM: stated 12.25 cm2 / 50 um; poling state not stated
PVDF/BaTiO3/3wt%MWCNT,475530,2.1942933333333327e-10,2.18455e-10,0.02756,measurement workbook,12.25,50,1.0115540230097009,1.0115540230097009,TO CONFIRM: stated 12.25 cm2 / 50 um; poling state not stated
PVDF/BaTiO3/3wt%MWCNT,480520,2.1942733333333328e-10,2.1845e-10,0.02768,measurement workbook,12.25,50,1.0115448031482754,1.0115448031482752,TO CONFIRM: stated 12.25 cm2 / 50 um; poling state not stated
PVDF/BaTiO3/3wt%MWCNT,485520,2.1938066666666663e-10,2.1840033333333336e-10,0.02778,measurement workbook,12.25,50,1.0113296730483474,1.0113296730483472,TO CONFIRM: stated 12.25 cm2 / 50 um; poling state not stated
PVDF/BaTiO3/3wt%MWCNT,490510,2.19298e-10,2.1831566666666662e-10,0.0279,measurement workbook,12.25,50,1.010948585442761,1.010948585442761,TO CONFIRM: stated 12.25 cm2 / 50 um; poling state not stated
PVDF/BaTiO3/3wt%MWCNT,495510,2.1919466666666664e-10,2.1821e-10,0.02801,measurement workbook,12.25,50,1.0104722259357777,1.0104722259357772,TO CONFIRM: stated 12.25 cm2 / 50 um; poling state not stated
PVDF/BaTiO3/3wt%MWCNT,500500,2.1911466666666668e-10,2.1812766666666664e-10,0.02814,measurement workbook,12.25,50,1.0101034314787585,1.0101034314787585,TO CONFIRM: stated 12.25 cm2 / 50 um; poling state not stated
PVDF/BaTiO3/3wt%MWCNT,505500,2.19028e-10,2.1803933333333331e-10,0.02825,measurement workbook,12.25,50,1.0097039041503206,1.0097039041503206,TO CONFIRM: stated 12.25 cm2 / 50 um; poling state not stated
PVDF/BaTiO3/3wt%MWCNT,510490,2.1894766666666667e-10,2.1795566666666664e-10,0.02836,measurement workbook,12.25,50,1.0093335730497306,1.0093335730497304,TO CONFIRM: stated 12.25 cm2 / 50 um; poling state not stated
PVDF/BaTiO3/3wt%MWCNT,515490,2.1886833333333327e-10,2.1787433333333327e-10,0.02847,measurement workbook,12.25,50,1.008967851879853,1.0089678518798528,TO CONFIRM: stated 12.25 cm2 / 50 um; poling state not stated
PVDF/BaTiO3/3wt%MWCNT,520480,2.187936666666667e-10,2.1779766666666663e-10,0.02858,measurement workbook,12.25,50,1.0086236437199685,1.0086236437199685,TO CONFIRM: stated 12.25 cm2 / 50 um; poling state not stated
PVDF/BaTiO3/3wt%MWCNT,525480,2.1870533333333326e-10,2.1770733333333328e-10,0.0287,measurement workbook,12.25,50,1.008216433173676,1.0082164331736758,TO CONFIRM: stated 12.25 cm2 / 50 um; poling state not stated
PVDF/BaTiO3/3wt%MWCNT,530470,2.1861599999999998e-10,2.176156666666667e-10,0.02881,measurement workbook,12.25,50,1.007804612696671,1.007804612696671,TO CONFIRM: stated 12.25 cm2 / 50 um; poling state not stated
PVDF/BaTiO3/3wt%MWCNT,535470,2.185316666666667e-10,2.175293333333333e-10,0.02891,measurement workbook,12.25,50,1.0074158418732302,1.00741584187323,TO CONFIRM: stated 12.25 cm2 / 50 um; poling state not stated
PVDF/BaTiO3/3wt%MWCNT,540460,2.1844866666666663e-10,2.174443333333333e-10,0.02902,measurement workbook,12.25,50,1.0070332176240724,1.0070332176240724,TO CONFIRM: stated 12.25 cm2 / 50 um; poling state not stated
PVDF/BaTiO3/3wt%MWCNT,545460,2.1844566666666668e-10,2.1743866666666667e-10,0.02912,measurement workbook,12.25,50,1.0070193878319345,1.0070193878319342,TO CONFIRM: stated 12.25 cm2 / 50 um; poling state not stated
PVDF/BaTiO3/3wt%MWCNT,550450,2.1849233333333327e-10,2.1748166666666668e-10,0.02921,measurement workbook,12.25,50,1.007234517931862,1.007234517931862,TO CONFIRM: stated 12.25 cm2 / 50 um; poling state not stated
PVDF/BaTiO3/3wt%MWCNT,555450,2.1850866666666662e-10,2.17495e-10,0.02933,measurement workbook,12.25,50,1.0073098134668368,1.0073098134668368,TO CONFIRM: stated 12.25 cm2 / 50 um; poling state not stated
PVDF/BaTiO3/3wt%MWCNT,560440,2.1847733333333327e-10,2.17461e-10,0.02942,measurement workbook,12.25,50,1.007165368971171,1.007165368971171,TO CONFIRM: stated 12.25 cm2 / 50 um; poling state not stated
PVDF/BaTiO3/3wt%MWCNT,565440,2.18382e-10,2.1736366666666662e-10,0.02953,measurement workbook,12.25,50,1.0067258889098898,1.0067258889098898,TO CONFIRM: stated 12.25 cm2 / 50 um; poling state not stated
PVDF/BaTiO3/3wt%MWCNT,570430,2.1827666666666662e-10,2.1725633333333332e-10,0.02963,measurement workbook,12.25,50,1.006240309541481,1.0062403095414807,TO CONFIRM: stated 12.25 cm2 / 50 um; poling state not stated
PVDF/BaTiO3/3wt%MWCNT,575430,2.18196e-10,2.1717433333333329e-10,0.02973,measurement workbook,12.25,50,1.0058684417973198,1.0058684417973198,TO CONFIRM: stated 12.25 cm2 / 50 um; poling state not stated
PVDF/BaTiO3/3wt%MWCNT,580420,2.18213e-10,2.171883333333333e-10,0.02983,measurement workbook,12.25,50,1.0059468106194365,1.0059468106194362,TO CONFIRM: stated 12.25 cm2 / 50 um; poling state not stated
PVDF/BaTiO3/3wt%MWCNT,585420,2.1820466666666668e-10,2.17177e-10,0.02992,measurement workbook,12.25,50,1.0059083945301637,1.0059083945301637,TO CONFIRM: stated 12.25 cm2 / 50 um; poling state not stated
PVDF/BaTiO3/3wt%MWCNT,590410,2.1812166666666664e-10,2.1709266666666668e-10,0.03002,measurement workbook,12.25,50,1.005525770281006,1.005525770281006,TO CONFIRM: stated 12.25 cm2 / 50 um; poling state not stated
PVDF/BaTiO3/3wt%MWCNT,595410,2.1802266666666667e-10,2.1699133333333332e-10,0.03012,measurement workbook,12.25,50,1.0050693871404448,1.0050693871404446,TO CONFIRM: stated 12.25 cm2 / 50 um; poling state not stated
PVDF/BaTiO3/3wt%MWCNT,600400,2.1799733333333326e-10,2.1696366666666666e-10,0.03022,measurement workbook,12.25,50,1.0049526022290551,1.0049526022290551,TO CONFIRM: stated 12.25 cm2 / 50 um; poling state not stated
PVDF/BaTiO3/3wt%MWCNT,605400,2.18004e-10,2.1696733333333332e-10,0.03031,measurement workbook,12.25,50,1.0049833351004736,1.0049833351004736,TO CONFIRM: stated 12.25 cm2 / 50 um; poling state not stated
PVDF/BaTiO3/3wt%MWCNT,610390,2.1808166666666663e-10,2.1704166666666668e-10,0.03041,measurement workbook,12.25,50,1.0053413730524965,1.0053413730524965,TO CONFIRM: stated 12.25 cm2 / 50 um; poling state not stated
PVDF/BaTiO3/3wt%MWCNT,615390,2.1813566666666668e-10,2.1709166666666667e-10,0.0305,measurement workbook,12.25,50,1.0055903093109846,1.0055903093109846,TO CONFIRM: stated 12.25 cm2 / 50 um; poling state not stated
PVDF/BaTiO3/3wt%MWCNT,620380,2.1794566666666663e-10,2.1690166666666667e-10,0.03059,measurement workbook,12.25,50,1.0047144224755635,1.0047144224755633,TO CONFIRM: stated 12.25 cm2 / 50 um; poling state not stated
PVDF/BaTiO3/3wt%MWCNT,625380,2.17727e-10,2.16682e-10,0.03069,measurement workbook,12.25,50,1.0037063842930445,1.003706384293044,TO CONFIRM: stated 12.25 cm2 / 50 um; poling state not stated
PVDF/BaTiO3/3wt%MWCNT,630370,2.1761266666666667e-10,2.1656633333333332e-10,0.03077,measurement workbook,12.25,50,1.0031793155482207,1.0031793155482207,TO CONFIRM: stated 12.25 cm2 / 50 um; poling state not stated
PVDF/BaTiO3/3wt%MWCNT,635370,2.1748366666666662e-10,2.1643633333333331e-10,0.03086,measurement workbook,12.25,50,1.002584634486277,1.0025846344862768,TO CONFIRM: stated 12.25 cm2 / 50 um; poling state not stated
PVDF/BaTiO3/3wt%MWCNT,640360,2.17206e-10,2.1615866666666663e-10,0.03095,measurement workbook,12.25,50,1.001304610391706,1.0013046103917058,TO CONFIRM: stated 12.25 cm2 / 50 um; poling state not stated
PVDF/BaTiO3/3wt%MWCNT,645360,2.1698500000000003e-10,2.159373333333333e-10,0.03104,measurement workbook,12.25,50,1.00028581570419,1.00028581570419,TO CONFIRM: stated 12.25 cm2 / 50 um; poling state not stated
PVDF/BaTiO3/3wt%MWCNT,650350,2.1682666666666667e-10,2.1577866666666668e-10,0.03114,measurement workbook,12.25,50,0.999555910008006,0.9995559100080058,TO CONFIRM: eps_r < 1 with stated 12.25 cm2 / 50 um (physically impossible for PVDF); stated area/thickness probably not the electrode geometry
PVDF/BaTiO3/3wt%MWCNT,655350,2.167116666666667e-10,2.15662e-10,0.03122,measurement workbook,12.25,50,0.9990257679760408,0.9990257679760408,TO CONFIRM: eps_r < 1 with stated 12.25 cm2 / 50 um (physically impossible for PVDF); stated area/thickness probably not the electrode geometry
PVDF/BaTiO3/3wt%MWCNT,660340,2.1660666666666667e-10,2.1555566666666668e-10,0.03131,measurement workbook,12.25,50,0.998541725251203,0.9985417252512028,TO CONFIRM: eps_r < 1 with stated 12.25 cm2 / 50 um (physically impossible for PVDF); stated area/thickness probably not the electrode geometry
PVDF/BaTiO3/3wt%MWCNT,665340,2.1652166666666664e-10,2.1546933333333332e-10,0.03139,measurement workbook,12.25,50,0.9981498811406198,0.9981498811406196,TO CONFIRM: eps_r < 1 with stated 12.25 cm2 / 50 um (physically impossible for PVDF); stated area/thickness probably not the electrode geometry
PVDF/BaTiO3/3wt%MWCNT,670330,2.1647333333333332e-10,2.1541866666666664e-10,0.03146,measurement workbook,12.25,50,0.9979270678228374,0.9979270678228372,TO CONFIRM: eps_r < 1 with stated 12.25 cm2 / 50 um (physically impossible for PVDF); stated area/thickness probably not the electrode geometry
PVDF/BaTiO3/3wt%MWCNT,675330,2.1642966666666668e-10,2.1537333333333332e-10,0.03156,measurement workbook,12.25,50,0.9977257675150476,0.9977257675150476,TO CONFIRM: eps_r < 1 with stated 12.25 cm2 / 50 um (physically impossible for PVDF); stated area/thickness probably not the electrode geometry
PVDF/BaTiO3/3wt%MWCNT,680320,2.1633166666666664e-10,2.15273e-10,0.03164,measurement workbook,12.25,50,0.9972739943051988,0.9972739943051988,TO CONFIRM: eps_r < 1 with stated 12.25 cm2 / 50 um (physically impossible for PVDF); stated area/thickness probably not the electrode geometry
PVDF/BaTiO3/3wt%MWCNT,685320,2.1624133333333332e-10,2.1518166666666662e-10,0.03173,measurement workbook,12.25,50,0.9968575638974816,0.9968575638974814,TO CONFIRM: eps_r < 1 with stated 12.25 cm2 / 50 um (physically impossible for PVDF); stated area/thickness probably not the electrode geometry
PVDF/BaTiO3/3wt%MWCNT,690310,2.161693333333333e-10,2.1510766666666666e-10,0.03183,measurement workbook,12.25,50,0.996525648886164,0.996525648886164,TO CONFIRM: eps_r < 1 with stated 12.25 cm2 / 50 um (physically impossible for PVDF); stated area/thickness probably not the electrode geometry
PVDF/BaTiO3/3wt%MWCNT,695310,2.1610599999999998e-10,2.1504233333333327e-10,0.03191,measurement workbook,12.25,50,0.9962336866076902,0.99623368660769,TO CONFIRM: eps_r < 1 with stated 12.25 cm2 / 50 um (physically impossible for PVDF); stated area/thickness probably not the electrode geometry
PVDF/BaTiO3/3wt%MWCNT,700300,2.1607866666666664e-10,2.1501266666666667e-10,0.03201,measurement workbook,12.25,50,0.9961076818348754,0.9961076818348752,TO CONFIRM: eps_r < 1 with stated 12.25 cm2 / 50 um (physically impossible for PVDF); stated area/thickness probably not the electrode geometry
PVDF/BaTiO3/3wt%MWCNT,705300,2.1609933333333332e-10,2.1503133333333328e-10,0.03208,measurement workbook,12.25,50,0.996202953736272,0.996202953736272,TO CONFIRM: eps_r < 1 with stated 12.25 cm2 / 50 um (physically impossible for PVDF); stated area/thickness probably not the electrode geometry
PVDF/BaTiO3/3wt%MWCNT,710290,2.16113e-10,2.1504233333333335e-10,0.03214,measurement workbook,12.25,50,0.9962659561226797,0.9962659561226794,TO CONFIRM: eps_r < 1 with stated 12.25 cm2 / 50 um (physically impossible for PVDF); stated area/thickness probably not the electrode geometry
PVDF/BaTiO3/3wt%MWCNT,715290,2.1622633333333327e-10,2.15152e-10,0.03225,measurement workbook,12.25,50,0.9967884149367902,0.99678841493679,TO CONFIRM: eps_r < 1 with stated 12.25 cm2 / 50 um (physically impossible for PVDF); stated area/thickness probably not the electrode geometry
PVDF/BaTiO3/3wt%MWCNT,720280,2.1626233333333327e-10,2.15215e-10,0.03234,measurement workbook,12.25,50,0.9969543724424488,0.9969543724424488,TO CONFIRM: eps_r < 1 with stated 12.25 cm2 / 50 um (physically impossible for PVDF); stated area/thickness probably not the electrode geometry
PVDF/BaTiO3/3wt%MWCNT,725280,2.16261e-10,2.152113333333333e-10,0.03242,measurement workbook,12.25,50,0.9969482258681652,0.9969482258681652,TO CONFIRM: eps_r < 1 with stated 12.25 cm2 / 50 um (physically impossible for PVDF); stated area/thickness probably not the electrode geometry
PVDF/BaTiO3/3wt%MWCNT,730270,2.16219e-10,2.15167e-10,0.0325,measurement workbook,12.25,50,0.9967546087782302,0.99675460877823,TO CONFIRM: eps_r < 1 with stated 12.25 cm2 / 50 um (physically impossible for PVDF); stated area/thickness probably not the electrode geometry
PVDF/BaTiO3/3wt%MWCNT,735270,2.161673333333333e-10,2.1511333333333326e-10,0.03257,measurement workbook,12.25,50,0.9965164290247384,0.9965164290247384,TO CONFIRM: eps_r < 1 with stated 12.25 cm2 / 50 um (physically impossible for PVDF); stated area/thickness probably not the electrode geometry
PVDF/BaTiO3/3wt%MWCNT,740260,2.1611166666666664e-10,2.1505666666666663e-10,0.03266,measurement workbook,12.25,50,0.996259809548396,0.9962598095483955,TO CONFIRM: eps_r < 1 with stated 12.25 cm2 / 50 um (physically impossible for PVDF); stated area/thickness probably not the electrode geometry
PVDF/BaTiO3/3wt%MWCNT,745260,2.1606166666666667e-10,2.1500433333333328e-10,0.03275,measurement workbook,12.25,50,0.996029313012759,0.9960293130127588,TO CONFIRM: eps_r < 1 with stated 12.25 cm2 / 50 um (physically impossible for PVDF); stated area/thickness probably not the electrode geometry
PVDF/BaTiO3/3wt%MWCNT,750250,2.1600233333333331e-10,2.1494366666666667e-10,0.03283,measurement workbook,12.25,50,0.9957557904571362,0.995755790457136,TO CONFIRM: eps_r < 1 with stated 12.25 cm2 / 50 um (physically impossible for PVDF); stated area/thickness probably not the electrode geometry
PVDF/BaTiO3/3wt%MWCNT,755250,2.15909e-10,2.1484933333333327e-10,0.03291,measurement workbook,12.25,50,0.9953255302572804,0.9953255302572802,TO CONFIRM: eps_r < 1 with stated 12.25 cm2 / 50 um (physically impossible for PVDF); stated area/thickness probably not the electrode geometry
PVDF/BaTiO3/3wt%MWCNT,760240,2.157783333333333e-10,2.147173333333333e-10,0.033,measurement workbook,12.25,50,0.994723165977482,0.994723165977482,TO CONFIRM: eps_r < 1 with stated 12.25 cm2 / 50 um (physically impossible for PVDF); stated area/thickness probably not the electrode geometry
PVDF/BaTiO3/3wt%MWCNT,765240,2.156343333333333e-10,2.145723333333333e-10,0.03306,measurement workbook,12.25,50,0.9940593359548474,0.9940593359548472,TO CONFIRM: eps_r < 1 with stated 12.25 cm2 / 50 um (physically impossible for PVDF); stated area/thickness probably not the electrode geometry
PVDF/BaTiO3/3wt%MWCNT,770230,2.15534e-10,2.1447066666666662e-10,0.03314,measurement workbook,12.25,50,0.9935968062400024,0.9935968062400022,TO CONFIRM: eps_r < 1 with stated 12.25 cm2 / 50 um (physically impossible for PVDF); stated area/thickness probably not the electrode geometry
PVDF/BaTiO3/3wt%MWCNT,775230,2.15487e-10,2.1442199999999999e-10,0.03323,measurement workbook,12.25,50,0.9933801394965034,0.9933801394965032,TO CONFIRM: eps_r < 1 with stated 12.25 cm2 / 50 um (physically impossible for PVDF); stated area/thickness probably not the electrode geometry
PVDF/BaTiO3/3wt%MWCNT,780220,2.1545566666666667e-10,2.14389e-10,0.03331,measurement workbook,12.25,50,0.9932356950008376,0.9932356950008372,TO CONFIRM: eps_r < 1 with stated 12.25 cm2 / 50 um (physically impossible for PVDF); stated area/thickness probably not the electrode geometry
PVDF/BaTiO3/3wt%MWCNT,785220,2.15458e-10,2.1438966666666668e-10,0.03338,measurement workbook,12.25,50,0.993246451505834,0.993246451505834,TO CONFIRM: eps_r < 1 with stated 12.25 cm2 / 50 um (physically impossible for PVDF); stated area/thickness probably not the electrode geometry
PVDF/BaTiO3/3wt%MWCNT,790210,2.1540699999999998e-10,2.143366666666667e-10,0.03344,measurement workbook,12.25,50,0.993011345039484,0.993011345039484,TO CONFIRM: eps_r < 1 with stated 12.25 cm2 / 50 um (physically impossible for PVDF); stated area/thickness probably not the electrode geometry
PVDF/BaTiO3/3wt%MWCNT,795210,2.1526033333333328e-10,2.1418866666666663e-10,0.03353,measurement workbook,12.25,50,0.992335221868282,0.9923352218682818,TO CONFIRM: eps_r < 1 with stated 12.25 cm2 / 50 um (physically impossible for PVDF); stated area/thickness probably not the electrode geometry
PVDF/BaTiO3/3wt%MWCNT,800200,2.1516266666666664e-10,2.1409066666666662e-10,0.0336,measurement workbook,12.25,50,0.9918849853020044,0.9918849853020042,TO CONFIRM: eps_r < 1 with stated 12.25 cm2 / 50 um (physically impossible for PVDF); stated area/thickness probably not the electrode geometry
PVDF/BaTiO3/3wt%MWCNT,805200,2.15102e-10,2.1402833333333334e-10,0.03367,measurement workbook,12.25,50,0.991605316172098,0.991605316172098,TO CONFIRM: eps_r < 1 with stated 12.25 cm2 / 50 um (physically impossible for PVDF); stated area/thickness probably not the electrode geometry
PVDF/BaTiO3/3wt%MWCNT,810190,2.1504033333333336e-10,2.1396566666666663e-10,0.03375,measurement workbook,12.25,50,0.991321037111479,0.9913210371114788,TO CONFIRM: eps_r < 1 with stated 12.25 cm2 / 50 um (physically impossible for PVDF); stated area/thickness probably not the electrode geometry
PVDF/BaTiO3/3wt%MWCNT,815190,2.14979e-10,2.1390233333333326e-10,0.03381,measurement workbook,12.25,50,0.9910382946944308,0.9910382946944308,TO CONFIRM: eps_r < 1 with stated 12.25 cm2 / 50 um (physically impossible for PVDF); stated area/thickness probably not the electrode geometry
PVDF/BaTiO3/3wt%MWCNT,820180,2.1490766666666667e-10,2.1383e-10,0.03389,measurement workbook,12.25,50,0.9907094529702554,0.9907094529702553,TO CONFIRM: eps_r < 1 with stated 12.25 cm2 / 50 um (physically impossible for PVDF); stated area/thickness probably not the electrode geometry
PVDF/BaTiO3/3wt%MWCNT,825180,2.1478466666666663e-10,2.1370566666666668e-10,0.03393,measurement workbook,12.25,50,0.990142431492588,0.9901424314925878,TO CONFIRM: eps_r < 1 with stated 12.25 cm2 / 50 um (physically impossible for PVDF); stated area/thickness probably not the electrode geometry
PVDF/BaTiO3/3wt%MWCNT,830170,2.1465233333333331e-10,2.13573e-10,0.03404,measurement workbook,12.25,50,0.9895323839949354,0.9895323839949351,TO CONFIRM: eps_r < 1 with stated 12.25 cm2 / 50 um (physically impossible for PVDF); stated area/thickness probably not the electrode geometry
PVDF/BaTiO3/3wt%MWCNT,835170,2.1454266666666662e-10,2.1346233333333326e-10,0.03411,measurement workbook,12.25,50,0.9890268282601044,0.9890268282601044,TO CONFIRM: eps_r < 1 with stated 12.25 cm2 / 50 um (physically impossible for PVDF); stated area/thickness probably not the electrode geometry
PVDF/BaTiO3/3wt%MWCNT,840160,2.14493e-10,2.13411e-10,0.03414,measurement workbook,12.25,50,0.9887978683680384,0.9887978683680384,TO CONFIRM: eps_r < 1 with stated 12.25 cm2 / 50 um (physically impossible for PVDF); stated area/thickness probably not the electrode geometry
PVDF/BaTiO3/3wt%MWCNT,845160,2.1445066666666666e-10,2.1336766666666667e-10,0.03424,measurement workbook,12.25,50,0.9886027146345326,0.9886027146345324,TO CONFIRM: eps_r < 1 with stated 12.25 cm2 / 50 um (physically impossible for PVDF); stated area/thickness probably not the electrode geometry
PVDF/BaTiO3/3wt%MWCNT,850150,2.14397e-10,2.1331166666666666e-10,0.03433,measurement workbook,12.25,50,0.9883553150196154,0.9883553150196152,TO CONFIRM: eps_r < 1 with stated 12.25 cm2 / 50 um (physically impossible for PVDF); stated area/thickness probably not the electrode geometry
PVDF/BaTiO3/3wt%MWCNT,855150,2.1433999999999998e-10,2.132533333333333e-10,0.03437,measurement workbook,12.25,50,0.988092548968989,0.9880925489689888,TO CONFIRM: eps_r < 1 with stated 12.25 cm2 / 50 um (physically impossible for PVDF); stated area/thickness probably not the electrode geometry
PVDF/BaTiO3/3wt%MWCNT,860140,2.1429466666666664e-10,2.1320666666666664e-10,0.03445,measurement workbook,12.25,50,0.9878835654433448,0.9878835654433448,TO CONFIRM: eps_r < 1 with stated 12.25 cm2 / 50 um (physically impossible for PVDF); stated area/thickness probably not the electrode geometry
PVDF/BaTiO3/3wt%MWCNT,865140,2.142443333333333e-10,2.1315533333333327e-10,0.03452,measurement workbook,12.25,50,0.9876515322641368,0.9876515322641368,TO CONFIRM: eps_r < 1 with stated 12.25 cm2 / 50 um (physically impossible for PVDF); stated area/thickness probably not the electrode geometry
PVDF/BaTiO3/3wt%MWCNT,870130,2.14197e-10,2.13106e-10,0.03459,measurement workbook,12.25,50,0.9874333288770673,0.9874333288770668,TO CONFIRM: eps_r < 1 with stated 12.25 cm2 / 50 um (physically impossible for PVDF); stated area/thickness probably not the electrode geometry
PVDF/BaTiO3/3wt%MWCNT,875130,2.14164e-10,2.13071e-10,0.03465,measurement workbook,12.25,50,0.9872812011635465,0.9872812011635462,TO CONFIRM: eps_r < 1 with stated 12.25 cm2 / 50 um (physically impossible for PVDF); stated area/thickness probably not the electrode geometry
PVDF/BaTiO3/3wt%MWCNT,880120,2.1412233333333332e-10,2.13028e-10,0.03471,measurement workbook,12.25,50,0.9870891207171824,0.9870891207171822,TO CONFIRM: eps_r < 1 with stated 12.25 cm2 / 50 um (physically impossible for PVDF); stated area/thickness probably not the electrode geometry
PVDF/BaTiO3/3wt%MWCNT,885120,2.14078e-10,2.129823333333333e-10,0.03479,measurement workbook,12.25,50,0.9868847471222508,0.9868847471222508,TO CONFIRM: eps_r < 1 with stated 12.25 cm2 / 50 um (physically impossible for PVDF); stated area/thickness probably not the electrode geometry
PVDF/BaTiO3/3wt%MWCNT,890110,2.1403366666666667e-10,2.12937e-10,0.03486,measurement workbook,12.25,50,0.9866803735273192,0.9866803735273192,TO CONFIRM: eps_r < 1 with stated 12.25 cm2 / 50 um (physically impossible for PVDF); stated area/thickness probably not the electrode geometry
PVDF/BaTiO3/3wt%MWCNT,895110,2.1397866666666664e-10,2.1288066666666663e-10,0.0349,measurement workbook,12.25,50,0.9864268273381184,0.9864268273381184,TO CONFIRM: eps_r < 1 with stated 12.25 cm2 / 50 um (physically impossible for PVDF); stated area/thickness probably not the electrode geometry
PVDF/BaTiO3/3wt%MWCNT,900100,2.1392933333333332e-10,2.1282933333333326e-10,0.03496,measurement workbook,12.25,50,0.9861994040896234,0.9861994040896233,TO CONFIRM: eps_r < 1 with stated 12.25 cm2 / 50 um (physically impossible for PVDF); stated area/thickness probably not the electrode geometry
PVDF/BaTiO3/3wt%MWCNT,905100,2.1388566666666667e-10,2.1278433333333332e-10,0.03504,measurement workbook,12.25,50,0.9859981037818336,0.9859981037818334,TO CONFIRM: eps_r < 1 with stated 12.25 cm2 / 50 um (physically impossible for PVDF); stated area/thickness probably not the electrode geometry
PVDF/BaTiO3/3wt%MWCNT,910090,2.1380399999999998e-10,2.1272366666666663e-10,0.03509,measurement workbook,12.25,50,0.9856216261069596,0.9856216261069596,TO CONFIRM: eps_r < 1 with stated 12.25 cm2 / 50 um (physically impossible for PVDF); stated area/thickness probably not the electrode geometry
PVDF/BaTiO3/3wt%MWCNT,915090,2.1376966666666666e-10,2.1268833333333332e-10,0.03516,measurement workbook,12.25,50,0.9854633518191556,0.9854633518191556,TO CONFIRM: eps_r < 1 with stated 12.25 cm2 / 50 um (physically impossible for PVDF); stated area/thickness probably not the electrode geometry
PVDF/BaTiO3/3wt%MWCNT,920080,2.1372566666666664e-10,2.12642e-10,0.0352,measurement workbook,12.25,50,0.9852605148677948,0.9852605148677948,TO CONFIRM: eps_r < 1 with stated 12.25 cm2 / 50 um (physically impossible for PVDF); stated area/thickness probably not the electrode geometry
PVDF/BaTiO3/3wt%MWCNT,925080,2.13681e-10,2.12597e-10,0.03528,measurement workbook,12.25,50,0.9850546046292926,0.9850546046292924,TO CONFIRM: eps_r < 1 with stated 12.25 cm2 / 50 um (physically impossible for PVDF); stated area/thickness probably not the electrode geometry
PVDF/BaTiO3/3wt%MWCNT,930070,2.1363266666666662e-10,2.12547e-10,0.03535,measurement workbook,12.25,50,0.98483179131151,0.9848317913115098,TO CONFIRM: eps_r < 1 with stated 12.25 cm2 / 50 um (physically impossible for PVDF); stated area/thickness probably not the electrode geometry
PVDF/BaTiO3/3wt%MWCNT,935070,2.1358633333333332e-10,2.12499e-10,0.03539,measurement workbook,12.25,50,0.984618197855153,0.9846181978551528,TO CONFIRM: eps_r < 1 with stated 12.25 cm2 / 50 um (physically impossible for PVDF); stated area/thickness probably not the electrode geometry
PVDF/BaTiO3/3wt%MWCNT,940060,2.1353266666666667e-10,2.12444e-10,0.03546,measurement workbook,12.25,50,0.984370798240236,0.9843707982402355,TO CONFIRM: eps_r < 1 with stated 12.25 cm2 / 50 um (physically impossible for PVDF); stated area/thickness probably not the electrode geometry
PVDF/BaTiO3/3wt%MWCNT,945060,2.1348466666666667e-10,2.1239466666666667e-10,0.03552,measurement workbook,12.25,50,0.9841495215660242,0.984149521566024,TO CONFIRM: eps_r < 1 with stated 12.25 cm2 / 50 um (physically impossible for PVDF); stated area/thickness probably not the electrode geometry
PVDF/BaTiO3/3wt%MWCNT,950050,2.1344566666666662e-10,2.1235433333333327e-10,0.03559,measurement workbook,12.25,50,0.9839697342682272,0.9839697342682272,TO CONFIRM: eps_r < 1 with stated 12.25 cm2 / 50 um (physically impossible for PVDF); stated area/thickness probably not the electrode geometry
PVDF/BaTiO3/3wt%MWCNT,955050,2.134163333333333e-10,2.1232399999999998e-10,0.03564,measurement workbook,12.25,50,0.9838345096339868,0.9838345096339868,TO CONFIRM: eps_r < 1 with stated 12.25 cm2 / 50 um (physically impossible for PVDF); stated area/thickness probably not the electrode geometry
PVDF/BaTiO3/3wt%MWCNT,960040,2.133523333333333e-10,2.122583333333333e-10,0.03569,measurement workbook,12.25,50,0.9835394740683716,0.9835394740683716,TO CONFIRM: eps_r < 1 with stated 12.25 cm2 / 50 um (physically impossible for PVDF); stated area/thickness probably not the electrode geometry
PVDF/BaTiO3/3wt%MWCNT,965040,2.1329666666666663e-10,2.122013333333333e-10,0.03575,measurement workbook,12.25,50,0.9832828545920288,0.9832828545920288,TO CONFIRM: eps_r < 1 with stated 12.25 cm2 / 50 um (physically impossible for PVDF); stated area/thickness probably not the electrode geometry
PVDF/BaTiO3/3wt%MWCNT,970030,2.1324866666666666e-10,2.1215266666666667e-10,0.03581,measurement workbook,12.25,50,0.9830615779178172,0.9830615779178172,TO CONFIRM: eps_r < 1 with stated 12.25 cm2 / 50 um (physically impossible for PVDF); stated area/thickness probably not the electrode geometry
PVDF/BaTiO3/3wt%MWCNT,975030,2.1313633333333336e-10,2.1203933333333336e-10,0.03586,measurement workbook,12.25,50,0.9825437290344196,0.9825437290344192,TO CONFIRM: eps_r < 1 with stated 12.25 cm2 / 50 um (physically impossible for PVDF); stated area/thickness probably not the electrode geometry
PVDF/BaTiO3/3wt%MWCNT,980020,2.1300799999999998e-10,2.1191133333333332e-10,0.03591,measurement workbook,12.25,50,0.9819521212596176,0.9819521212596172,TO CONFIRM: eps_r < 1 with stated 12.25 cm2 / 50 um (physically impossible for PVDF); stated area/thickness probably not the electrode geometry
PVDF/BaTiO3/3wt%MWCNT,985020,2.1291766666666664e-10,2.1182033333333334e-10,0.03598,measurement workbook,12.25,50,0.9815356908518998,0.9815356908518996,TO CONFIRM: eps_r < 1 with stated 12.25 cm2 / 50 um (physically impossible for PVDF); stated area/thickness probably not the electrode geometry
PVDF/BaTiO3/3wt%MWCNT,990010,2.1285266666666667e-10,2.1175433333333327e-10,0.03603,measurement workbook,12.25,50,0.981236045355572,0.9812360453555716,TO CONFIRM: eps_r < 1 with stated 12.25 cm2 / 50 um (physically impossible for PVDF); stated area/thickness probably not the electrode geometry
PVDF/BaTiO3/3wt%MWCNT,995010,2.1280400000000004e-10,2.117043333333333e-10,0.03608,measurement workbook,12.25,50,0.9810116953942184,0.9810116953942184,TO CONFIRM: eps_r < 1 with stated 12.25 cm2 / 50 um (physically impossible for PVDF); stated area/thickness probably not the electrode geometry
PVDF/BaTiO3/3wt%MWCNT,1000000,2.127553333333333e-10,2.11655e-10,0.03615,measurement workbook,12.25,50,0.980787345432865,0.9807873454328648,TO CONFIRM: eps_r < 1 with stated 12.25 cm2 / 50 um (physically impossible for PVDF); stated area/thickness probably not the electrode geometry
