rowset,freq_input,model,condition_id,held_out_level_Hz,freq_input_Hz,y_true,y_pred
n75,nominal,gp,0,5,5.0,0.0285867300932331,0.08220887273908584
n75,nominal,gp,1,10,10.0,0.04758108870069616,0.05113067953931377
n75,nominal,gp,2,15,15.0,0.09970584338151171,0.1098159129534445
n75,nominal,gp,3,20,20.0,0.12449860187870826,0.09617974461615025
n75,nominal,gp,4,25,25.0,0.06728802355531271,0.1457364007714923
n75,nominal,gp,5,5,5.0,0.04413070420233045,0.09566950551872147
n75,nominal,gp,6,10,10.0,0.06288524587147142,0.054981231765632445
n75,nominal,gp,7,15,15.0,0.08858324894292931,0.14349894415488368
n75,nominal,gp,8,20,20.0,0.14464805659401586,0.0944748248225708
n75,nominal,gp,9,25,25.0,0.06458239815053043,0.19450401250271349
n75,nominal,gp,10,5,5.0,0.06096340286567238,0.1165437560107783
n75,nominal,gp,11,10,10.0,0.10309990786795749,0.06514642118419849
n75,nominal,gp,12,15,15.0,0.11646764333639503,0.1937301610417484
n75,nominal,gp,13,20,20.0,0.19816971960190574,0.0993726781024741
n75,nominal,gp,14,25,25.0,0.054410883145570466,0.26952928975305157
n75,nominal,gp,15,5,5.0,0.051198809900038535,0.08775409696171288
n75,nominal,gp,16,10,10.0,0.07477487482962646,0.06258546004900364
n75,nominal,gp,17,15,15.0,0.11404227815252285,0.12703797290099544
n75,nominal,gp,18,20,20.0,0.15396210578545416,0.10124808039754649
n75,nominal,gp,19,25,25.0,0.05931999506358712,0.16121699387525262
n75,nominal,gp,20,5,5.0,0.06265781094812338,0.0986711131572722
n75,nominal,gp,21,10,10.0,0.06877412380526063,0.06787664435365617
n75,nominal,gp,22,15,15.0,0.11713961371317501,0.15849920528222772
n75,nominal,gp,23,20,20.0,0.1564763730463234,0.10964154522523122
n75,nominal,gp,24,25,25.0,0.06493091158272947,0.21229762086658407
n75,nominal,gp,25,5,5.0,0.06926367781436776,0.11679340642449731
n75,nominal,gp,26,10,10.0,0.10133133054775115,0.07577406983323293
n75,nominal,gp,27,15,15.0,0.13889884652540044,0.20655614880704198
n75,nominal,gp,28,20,20.0,0.23779048252794935,0.12054270459187127
n75,nominal,gp,29,25,25.0,0.08545289382525174,0.2894592265372872
n75,nominal,gp,30,5,5.0,0.009760861316943245,0.07403317795197648
n75,nominal,gp,31,10,10.0,0.014508188418088559,0.02971834771825109
n75,nominal,gp,32,15,15.0,0.03661213381504203,0.07018914687102865
n75,nominal,gp,33,20,20.0,0.05173321710386965,0.0518178479376222
n75,nominal,gp,34,25,25.0,0.033288813695527796,0.09694072450321478
n75,nominal,gp,35,5,5.0,0.06215695226201519,0.10174657341407665
n75,nominal,gp,36,10,10.0,0.08430580345539967,0.058854676258216096
n75,nominal,gp,37,15,15.0,0.14015088192737288,0.17682130648656266
n75,nominal,gp,38,20,20.0,0.18613447552206322,0.1152192473152759
n75,nominal,gp,39,25,25.0,0.06196232957271379,0.2514077459087755
n75,nominal,gp,40,5,5.0,0.06556874834127399,0.12897504165788906
n75,nominal,gp,41,10,10.0,0.1269725677875253,0.07993256205413427
n75,nominal,gp,42,15,15.0,0.17011573761311774,0.25837698658047353
n75,nominal,gp,43,20,20.0,0.27313629962814373,0.1511295381237509
n75,nominal,gp,44,25,25.0,0.08560325096733562,0.3639251334775361
n75,nominal,gp,45,5,5.0,0.037556732705441444,0.07961049240813134
n75,nominal,gp,46,10,10.0,0.04360056804280307,0.029218415682407933
n75,nominal,gp,47,15,15.0,0.04924463602686128,0.08032799769195645
n75,nominal,gp,48,20,20.0,0.061947249263179266,0.058831592250642786
n75,nominal,gp,49,25,25.0,0.05520203246912867,0.12356372601676487
n75,nominal,gp,50,5,5.0,0.06464104772693736,0.1121029274179228
n75,nominal,gp,51,10,10.0,0.1061907400375857,0.06360031325513472
n75,nominal,gp,52,15,15.0,0.14594201959443942,0.2380673540163526
n75,nominal,gp,53,20,20.0,0.3247159319617053,0.14375935486514563
n75,nominal,gp,54,25,25.0,0.09618234522660388,0.38445790689629394
n75,nominal,gp,55,5,5.0,0.10129747255604984,0.14152108909428393
n75,nominal,gp,56,10,10.0,0.16435945135408164,0.09486052995437548
n75,nominal,gp,57,15,15.0,0.23351523325410375,0.33124112902528924
n75,nominal,gp,58,20,20.0,0.4337970382398568,0.20445956638951812
n75,nominal,gp,59,25,25.0,0.137571433960762,0.509453456608629
n75,nominal,gp,60,5,5.0,0.027809194807435544,0.07809776707641003
n75,nominal,gp,61,10,10.0,0.03376385751429354,0.037345206716510204
n75,nominal,gp,62,15,15.0,0.06472638287800421,0.09084694733782823
n75,nominal,gp,63,20,20.0,0.09895912208822974,0.06199559772713853
n75,nominal,gp,64,25,25.0,0.032306508405576646,0.14480019617323509
n75,nominal,gp,65,5,5.0,0.07333766405647854,0.10453808440164186
n75,nominal,gp,66,10,10.0,0.08429763716173058,0.06476763772362255
n75,nominal,gp,67,15,15.0,0.14387655045817369,0.20906411296447053
n75,nominal,gp,68,20,20.0,0.2713050081144946,0.1354419976094738
n75,nominal,gp,69,25,25.0,0.09371781676772084,0.3395851837086607
n75,nominal,gp,70,5,5.0,0.08715895279312774,0.13144882216277012
n75,nominal,gp,71,10,10.0,0.13480771178358023,0.08794831030911693
n75,nominal,gp,72,15,15.0,0.1801699290495756,0.2750303550556453
n75,nominal,gp,73,20,20.0,0.3279096638054766,0.172152713143582
n75,nominal,gp,74,25,25.0,0.11806648579826695,0.4203971045444361
n75,nominal,lawgp,0,5,5.0,0.0285867300932331,0.023039830906420703
n75,nominal,lawgp,1,10,10.0,0.04758108870069616,0.047079534447145466
n75,nominal,lawgp,2,15,15.0,0.09970584338151171,0.11576441777203499
n75,nominal,lawgp,3,20,20.0,0.12449860187870826,0.08339022410705878
n75,nominal,lawgp,4,25,25.0,0.06728802355531271,0.17356027236571878
n75,nominal,lawgp,5,5,5.0,0.04413070420233045,0.03750813624408671
n75,nominal,lawgp,6,10,10.0,0.06288524587147142,0.051465301502081146
n75,nominal,lawgp,7,15,15.0,0.08858324894292931,0.17336332775116112
n75,nominal,lawgp,8,20,20.0,0.14464805659401586,0.08910961053554255
n75,nominal,lawgp,9,25,25.0,0.06458239815053043,0.25018989712904116
n75,nominal,lawgp,10,5,5.0,0.06096340286567238,0.05441052140774459
n75,nominal,lawgp,11,10,10.0,0.10309990786795749,0.061088377752292936
n75,nominal,lawgp,12,15,15.0,0.11646764333639503,0.25860630756997327
n75,nominal,lawgp,13,20,20.0,0.19816971960190574,0.11004982949210998
n75,nominal,lawgp,14,25,25.0,0.054410883145570466,0.364137983482527
n75,nominal,lawgp,15,5,5.0,0.051198809900038535,0.02844233650092397
n75,nominal,lawgp,16,10,10.0,0.07477487482962646,0.05795247658302836
n75,nominal,lawgp,17,15,15.0,0.11404227815252285,0.13323682488736946
n75,nominal,lawgp,18,20,20.0,0.15396210578545416,0.0889136846149367
n75,nominal,lawgp,19,25,25.0,0.05931999506358712,0.18439076597112797
n75,nominal,lawgp,20,5,5.0,0.06265781094812338,0.039125118656285596
n75,nominal,lawgp,21,10,10.0,0.06877412380526063,0.0661921861210134
n75,nominal,lawgp,22,15,15.0,0.11713961371317501,0.18105469177008088
n75,nominal,lawgp,23,20,20.0,0.1564763730463234,0.09886504508207841
n75,nominal,lawgp,24,25,25.0,0.06493091158272947,0.2589999034603185
n75,nominal,lawgp,25,5,5.0,0.06926367781436776,0.0536364865744538
n75,nominal,lawgp,26,10,10.0,0.10133133054775115,0.07021724730607828
n75,nominal,lawgp,27,15,15.0,0.13889884652540044,0.2686028244662946
n75,nominal,lawgp,28,20,20.0,0.23779048252794935,0.124728065628705
n75,nominal,lawgp,29,25,25.0,0.08545289382525174,0.37762077609287364
n75,nominal,lawgp,30,5,5.0,0.009760861316943245,0.019623633299922234
n75,nominal,lawgp,31,10,10.0,0.014508188418088559,0.023852314725892367
n75,nominal,lawgp,32,15,15.0,0.03661213381504203,0.08743344551081006
n75,nominal,lawgp,33,20,20.0,0.05173321710386965,0.042594177903316405
n75,nominal,lawgp,34,25,25.0,0.033288813695527796,0.1375594839163361
n75,nominal,lawgp,35,5,5.0,0.06215695226201519,0.0480495092754803
n75,nominal,lawgp,36,10,10.0,0.08430580345539967,0.06995045313310974
n75,nominal,lawgp,37,15,15.0,0.14015088192737288,0.2285677747639586
n75,nominal,lawgp,38,20,20.0,0.18613447552206322,0.11168650493181831
n75,nominal,lawgp,39,25,25.0,0.06196232957271379,0.33160727058812806
n75,nominal,lawgp,40,5,5.0,0.06556874834127399,0.070504211618419
n75,nominal,lawgp,41,10,10.0,0.1269725677875253,0.08170436538520454
n75,nominal,lawgp,42,15,15.0,0.17011573761311774,0.35185574089453714
n75,nominal,lawgp,43,20,20.0,0.27313629962814373,0.1529759778009019
n75,nominal,lawgp,44,25,25.0,0.08560325096733562,0.4967620371468118
n75,nominal,lawgp,45,5,5.0,0.037556732705441444,0.028531429776171475
n75,nominal,lawgp,46,10,10.0,0.04360056804280307,0.032380388457691575
n75,nominal,lawgp,47,15,15.0,0.04924463602686128,0.1125717178119243
n75,nominal,lawgp,48,20,20.0,0.061947249263179266,0.06155718515530484
n75,nominal,lawgp,49,25,25.0,0.05520203246912867,0.16214814636239455
n75,nominal,lawgp,50,5,5.0,0.06464104772693736,0.06004715961481007
n75,nominal,lawgp,51,10,10.0,0.1061907400375857,0.06211732818989413
n75,nominal,lawgp,52,15,15.0,0.14594201959443942,0.3172556656799509
n75,nominal,lawgp,53,20,20.0,0.3247159319617053,0.1358509977813298
n75,nominal,lawgp,54,25,25.0,0.09618234522660388,0.45680532638470106
n75,nominal,lawgp,55,5,5.0,0.10129747255604984,0.08453420816643542
n75,nominal,lawgp,56,10,10.0,0.16435945135408164,0.10035845556308251
n75,nominal,lawgp,57,15,15.0,0.23351523325410375,0.46177795020458356
n75,nominal,lawgp,58,20,20.0,0.4337970382398568,0.2062308292064778
n75,nominal,lawgp,59,25,25.0,0.137571433960762,0.6554291205705584
n75,nominal,lawgp,60,5,5.0,0.027809194807435544,0.024442622445588626
n75,nominal,lawgp,61,10,10.0,0.03376385751429354,0.03328605539646351
n75,nominal,lawgp,62,15,15.0,0.06472638287800421,0.1248068466807332
n75,nominal,lawgp,63,20,20.0,0.09895912208822974,0.055711715417515184
n75,nominal,lawgp,64,25,25.0,0.032306508405576646,0.18524649304304977
n75,nominal,lawgp,65,5,5.0,0.07333766405647854,0.05068317859067388
n75,nominal,lawgp,66,10,10.0,0.08429763716173058,0.06681546046322798
n75,nominal,lawgp,67,15,15.0,0.14387655045817369,0.27838546437050177
n75,nominal,lawgp,68,20,20.0,0.2713050081144946,0.12868705384817464
n75,nominal,lawgp,69,25,25.0,0.09371781676772084,0.41250201399602143
n75,nominal,lawgp,70,5,5.0,0.08715895279312774,0.07372343522306268
n75,nominal,lawgp,71,10,10.0,0.13480771178358023,0.08662683000338048
n75,nominal,lawgp,72,15,15.0,0.1801699290495756,0.3981919012459791
n75,nominal,lawgp,73,20,20.0,0.3279096638054766,0.1741169384727541
n75,nominal,lawgp,74,25,25.0,0.11806648579826695,0.5671516893881166
n75,nominal,prod,0,5,5.0,0.0285867300932331,0.08905268346021422
n75,nominal,prod,1,10,10.0,0.04758108870069616,0.07100712533523007
n75,nominal,prod,2,15,15.0,0.09970584338151171,0.10671488847269406
n75,nominal,prod,3,20,20.0,0.12449860187870826,0.09055232927891316
n75,nominal,prod,4,25,25.0,0.06728802355531271,0.13516079362305397
n75,nominal,prod,5,5,5.0,0.04413070420233045,0.09518876741801993
n75,nominal,prod,6,10,10.0,0.06288524587147142,0.07416285524480376
n75,nominal,prod,7,15,15.0,0.08858324894292931,0.11799279541812288
n75,nominal,prod,8,20,20.0,0.14464805659401586,0.0909680203315924
n75,nominal,prod,9,25,25.0,0.06458239815053043,0.16218196638084648
n75,nominal,prod,10,5,5.0,0.06096340286567238,0.11414211771589151
n75,nominal,prod,11,10,10.0,0.10309990786795749,0.08145271956556893
n75,nominal,prod,12,15,15.0,0.11646764333639503,0.1684738168806285
n75,nominal,prod,13,20,20.0,0.19816971960190574,0.1003635151535218
n75,nominal,prod,14,25,25.0,0.054410883145570466,0.23838776811901538
n75,nominal,prod,15,5,5.0,0.051198809900038535,0.09404428873908405
n75,nominal,prod,16,10,10.0,0.07477487482962646,0.08089915255002816
n75,nominal,prod,17,15,15.0,0.11404227815252285,0.12264400845812018
n75,nominal,prod,18,20,20.0,0.15396210578545416,0.09739736435258854
n75,nominal,prod,19,25,25.0,0.05931999506358712,0.14965495488289643
n75,nominal,prod,20,5,5.0,0.06265781094812338,0.09785623704906639
n75,nominal,prod,21,10,10.0,0.06877412380526063,0.08591046111205476
n75,nominal,prod,22,15,15.0,0.11713961371317501,0.13094763676113524
n75,nominal,prod,23,20,20.0,0.1564763730463234,0.10396504874872015
n75,nominal,prod,24,25,25.0,0.06493091158272947,0.17913524438638473
n75,nominal,prod,25,5,5.0,0.06926367781436776,0.11405136949234122
n75,nominal,prod,26,10,10.0,0.10133133054775115,0.09088187565883765
n75,nominal,prod,27,15,15.0,0.13889884652540044,0.17966577595907585
n75,nominal,prod,28,20,20.0,0.23779048252794935,0.1157444375237579
n75,nominal,prod,29,25,25.0,0.08545289382525174,0.2564684551408424
n75,nominal,prod,30,5,5.0,0.009760861316943245,0.0763042843065203
n75,nominal,prod,31,10,10.0,0.014508188418088559,0.04962278256822272
n75,nominal,prod,32,15,15.0,0.03661213381504203,0.05520296872658478
n75,nominal,prod,33,20,20.0,0.05173321710386965,0.04975818193285468
n75,nominal,prod,34,25,25.0,0.033288813695527796,0.06477599607165876
n75,nominal,prod,35,5,5.0,0.06215695226201519,0.10164000132468524
n75,nominal,prod,36,10,10.0,0.08430580345539967,0.08611190661039236
n75,nominal,prod,37,15,15.0,0.14015088192737288,0.15005357302126326
n75,nominal,prod,38,20,20.0,0.18613447552206322,0.10760472025096163
n75,nominal,prod,39,25,25.0,0.06196232957271379,0.21208858885626747
n75,nominal,prod,40,5,5.0,0.06556874834127399,0.12363113076549585
n75,nominal,prod,41,10,10.0,0.1269725677875253,0.10149745551413084
n75,nominal,prod,42,15,15.0,0.17011573761311774,0.2176063347479482
n75,nominal,prod,43,20,20.0,0.27313629962814373,0.1473080517994475
n75,nominal,prod,44,25,25.0,0.08560325096733562,0.3104903757192208
n75,nominal,prod,45,5,5.0,0.037556732705441444,0.08923414251528422
n75,nominal,prod,46,10,10.0,0.04360056804280307,0.05382542135171012
n75,nominal,prod,47,15,15.0,0.04924463602686128,0.07115308514901951
n75,nominal,prod,48,20,20.0,0.061947249263179266,0.05841876600996348
n75,nominal,prod,49,25,25.0,0.05520203246912867,0.09688029049596981
n75,nominal,prod,50,5,5.0,0.06464104772693736,0.11617828284641571
n75,nominal,prod,51,10,10.0,0.1061907400375857,0.08963421521407836
n75,nominal,prod,52,15,15.0,0.14594201959443942,0.22619737879326215
n75,nominal,prod,53,20,20.0,0.3247159319617053,0.14095551610562926
n75,nominal,prod,54,25,25.0,0.09618234522660388,0.3628369734407691
n75,nominal,prod,55,5,5.0,0.10129747255604984,0.13937305187135027
n75,nominal,prod,56,10,10.0,0.16435945135408164,0.1194122482801928
n75,nominal,prod,57,15,15.0,0.23351523325410375,0.3058814134534072
n75,nominal,prod,58,20,20.0,0.4337970382398568,0.19703834609034032
n75,nominal,prod,59,25,25.0,0.137571433960762,0.48145388302775594
n75,nominal,prod,60,5,5.0,0.027809194807435544,0.08346792743819642
n75,nominal,prod,61,10,10.0,0.03376385751429354,0.05990864053541311
n75,nominal,prod,62,15,15.0,0.06472638287800421,0.08521579607790578
n75,nominal,prod,63,20,20.0,0.09895912208822974,0.057712180356811665
n75,nominal,prod,64,25,25.0,0.032306508405576646,0.12018398095532298
n75,nominal,prod,65,5,5.0,0.07333766405647854,0.10503886177188118
n75,nominal,prod,66,10,10.0,0.08429763716173058,0.08752218545645568
n75,nominal,prod,67,15,15.0,0.14387655045817369,0.191140576570175
n75,nominal,prod,68,20,20.0,0.2713050081144946,0.1283084228124037
n75,nominal,prod,69,25,25.0,0.09371781676772084,0.315446705515128
n75,nominal,prod,70,5,5.0,0.08715895279312774,0.12771914365873013
n75,nominal,prod,71,10,10.0,0.13480771178358023,0.10700156354533476
n75,nominal,prod,72,15,15.0,0.1801699290495756,0.24085553127758508
n75,nominal,prod,73,20,20.0,0.3279096638054766,0.16898131196200766
n75,nominal,prod,74,25,25.0,0.11806648579826695,0.3773550417664168
n75,nominal,lorspec,0,5,5.0,0.0285867300932331,0.08625237609360015
n75,nominal,lorspec,1,10,10.0,0.04758108870069616,0.07563149402377532
n75,nominal,lorspec,2,15,15.0,0.09970584338151171,0.09306094825510645
n75,nominal,lorspec,3,20,20.0,0.12449860187870826,0.07731518639445581
n75,nominal,lorspec,4,25,25.0,0.06728802355531271,0.1461305675764686
n75,nominal,lorspec,5,5,5.0,0.04413070420233045,0.09038836337228945
n75,nominal,lorspec,6,10,10.0,0.06288524587147142,0.08042015042101397
n75,nominal,lorspec,7,15,15.0,0.08858324894292931,0.10279987631840329
n75,nominal,lorspec,8,20,20.0,0.14464805659401586,0.07997337065143235
n75,nominal,lorspec,9,25,25.0,0.06458239815053043,0.15769131971713385
n75,nominal,lorspec,10,5,5.0,0.06096340286567238,0.10960921409856512
n75,nominal,lorspec,11,10,10.0,0.10309990786795749,0.09401303297157033
n75,nominal,lorspec,12,15,15.0,0.11646764333639503,0.1417210431994172
n75,nominal,lorspec,13,20,20.0,0.19816971960190574,0.09215129759950284
n75,nominal,lorspec,14,25,25.0,0.054410883145570466,0.2187472012805966
n75,nominal,lorspec,15,5,5.0,0.051198809900038535,0.09319857929101744
n75,nominal,lorspec,16,10,10.0,0.07477487482962646,0.0869544884249567
n75,nominal,lorspec,17,15,15.0,0.11404227815252285,0.10651031820232458
n75,nominal,lorspec,18,20,20.0,0.15396210578545416,0.08544574795298947
n75,nominal,lorspec,19,25,25.0,0.05931999506358712,0.16191950113770667
n75,nominal,lorspec,20,5,5.0,0.06265781094812338,0.09573230374243152
n75,nominal,lorspec,21,10,10.0,0.06877412380526063,0.09401350724448566
n75,nominal,lorspec,22,15,15.0,0.11713961371317501,0.11488987621867452
n75,nominal,lorspec,23,20,20.0,0.1564763730463234,0.09201137055143023
n75,nominal,lorspec,24,25,25.0,0.06493091158272947,0.17560325519249445
n75,nominal,lorspec,25,5,5.0,0.06926367781436776,0.1124360666378641
n75,nominal,lorspec,26,10,10.0,0.10133133054775115,0.10575850215399266
n75,nominal,lorspec,27,15,15.0,0.13889884652540044,0.1530753689343717
n75,nominal,lorspec,28,20,20.0,0.23779048252794935,0.10466912338204394
n75,nominal,lorspec,29,25,25.0,0.08545289382525174,0.23777806758011438
n75,nominal,lorspec,30,5,5.0,0.009760861316943245,0.06818561927482185
n75,nominal,lorspec,31,10,10.0,0.014508188418088559,0.04760275874444153
n75,nominal,lorspec,32,15,15.0,0.03661213381504203,0.04948292677100405
n75,nominal,lorspec,33,20,20.0,0.05173321710386965,0.042495711169339076
n75,nominal,lorspec,34,25,25.0,0.033288813695527796,0.07218510526645847
n75,nominal,lorspec,35,5,5.0,0.06215695226201519,0.10059539402095831
n75,nominal,lorspec,36,10,10.0,0.08430580345539967,0.09730847518290621
n75,nominal,lorspec,37,15,15.0,0.14015088192737288,0.12765062550337797
n75,nominal,lorspec,38,20,20.0,0.18613447552206322,0.09414457568449625
n75,nominal,lorspec,39,25,25.0,0.06196232957271379,0.20510515244598093
n75,nominal,lorspec,40,5,5.0,0.06556874834127399,0.12433092593071234
n75,nominal,lorspec,41,10,10.0,0.1269725677875253,0.11986977261517924
n75,nominal,lorspec,42,15,15.0,0.17011573761311774,0.18186925735194648
n75,nominal,lorspec,43,20,20.0,0.27313629962814373,0.13115365042451124
n75,nominal,lorspec,44,25,25.0,0.08560325096733562,0.28810991443537215
n75,nominal,lorspec,45,5,5.0,0.037556732705441444,0.07949941653603823
n75,nominal,lorspec,46,10,10.0,0.04360056804280307,0.05499757519837
n75,nominal,lorspec,47,15,15.0,0.04924463602686128,0.06567962255554502
n75,nominal,lorspec,48,20,20.0,0.061947249263179266,0.05273005843601168
n75,nominal,lorspec,49,25,25.0,0.05520203246912867,0.0892659162805404
n75,nominal,lorspec,50,5,5.0,0.06464104772693736,0.11382689832762903
n75,nominal,lorspec,51,10,10.0,0.1061907400375857,0.11317195235184475
n75,nominal,lorspec,52,15,15.0,0.14594201959443942,0.18990663294438576
n75,nominal,lorspec,53,20,20.0,0.3247159319617053,0.12505431279647872
n75,nominal,lorspec,54,25,25.0,0.09618234522660388,0.3285058498227343
n75,nominal,lorspec,55,5,5.0,0.10129747255604984,0.1431387985558807
n75,nominal,lorspec,56,10,10.0,0.16435945135408164,0.15297892728600332
n75,nominal,lorspec,57,15,15.0,0.23351523325410375,0.25634586168867884
n75,nominal,lorspec,58,20,20.0,0.4337970382398568,0.17552384761266432
n75,nominal,lorspec,59,25,25.0,0.137571433960762,0.4372941693201457
n75,nominal,lorspec,60,5,5.0,0.027809194807435544,0.07690085829194451
n75,nominal,lorspec,61,10,10.0,0.03376385751429354,0.0627576241521508
n75,nominal,lorspec,62,15,15.0,0.06472638287800421,0.07360619233856398
n75,nominal,lorspec,63,20,20.0,0.09895912208822974,0.05074257969273767
n75,nominal,lorspec,64,25,25.0,0.032306508405576646,0.11869976874607958
n75,nominal,lorspec,65,5,5.0,0.07333766405647854,0.10228245444324884
n75,nominal,lorspec,66,10,10.0,0.08429763716173058,0.10745542639359022
n75,nominal,lorspec,67,15,15.0,0.14387655045817369,0.16310843336428427
n75,nominal,lorspec,68,20,20.0,0.2713050081144946,0.11305616746291045
n75,nominal,lorspec,69,25,25.0,0.09371781676772084,0.2862336155463351
n75,nominal,lorspec,70,5,5.0,0.08715895279312774,0.12766735323500328
n75,nominal,lorspec,71,10,10.0,0.13480771178358023,0.13073432184599598
n75,nominal,lorspec,72,15,15.0,0.1801699290495756,0.20519031837706075
n75,nominal,lorspec,73,20,20.0,0.3279096638054766,0.15156593072824687
n75,nominal,lorspec,74,25,25.0,0.11806648579826695,0.33957230663026255
n75,nominal,tr_lor_mean,0,5,5.0,0.0285867300932331,0.10139038268714769
n75,nominal,tr_lor_mean,1,10,10.0,0.04758108870069616,0.02674859103956285
n75,nominal,tr_lor_mean,2,15,15.0,0.09970584338151171,0.010695306452490689
n75,nominal,tr_lor_mean,3,20,20.0,0.12449860187870826,0.005525987574305003
n75,nominal,tr_lor_mean,4,25,25.0,0.06728802355531271,0.00366692422115152
n75,nominal,tr_lor_mean,5,5,5.0,0.04413070420233045,0.20278076537429537
n75,nominal,tr_lor_mean,6,10,10.0,0.06288524587147142,0.0534971820791257
n75,nominal,tr_lor_mean,7,15,15.0,0.08858324894292931,0.021390612904981378
n75,nominal,tr_lor_mean,8,20,20.0,0.14464805659401586,0.011051975148610007
n75,nominal,tr_lor_mean,9,25,25.0,0.06458239815053043,0.00733384844230304
n75,nominal,tr_lor_mean,10,5,5.0,0.06096340286567238,0.3041711480614431
n75,nominal,tr_lor_mean,11,10,10.0,0.10309990786795749,0.08024577311868855
n75,nominal,tr_lor_mean,12,15,15.0,0.11646764333639503,0.03208591935747206
n75,nominal,tr_lor_mean,13,20,20.0,0.19816971960190574,0.016577962722915007
n75,nominal,tr_lor_mean,14,25,25.0,0.054410883145570466,0.01100077266345456
n75,nominal,tr_lor_mean,15,5,5.0,0.051198809900038535,0.10139038268714769
n75,nominal,tr_lor_mean,16,10,10.0,0.07477487482962646,0.02674859103956285
n75,nominal,tr_lor_mean,17,15,15.0,0.11404227815252285,0.010695306452490689
n75,nominal,tr_lor_mean,18,20,20.0,0.15396210578545416,0.005525987574305003
n75,nominal,tr_lor_mean,19,25,25.0,0.05931999506358712,0.00366692422115152
n75,nominal,tr_lor_mean,20,5,5.0,0.06265781094812338,0.20278076537429537
n75,nominal,tr_lor_mean,21,10,10.0,0.06877412380526063,0.0534971820791257
n75,nominal,tr_lor_mean,22,15,15.0,0.11713961371317501,0.021390612904981378
n75,nominal,tr_lor_mean,23,20,20.0,0.1564763730463234,0.011051975148610007
n75,nominal,tr_lor_mean,24,25,25.0,0.06493091158272947,0.00733384844230304
n75,nominal,tr_lor_mean,25,5,5.0,0.06926367781436776,0.3041711480614431
n75,nominal,tr_lor_mean,26,10,10.0,0.10133133054775115,0.08024577311868855
n75,nominal,tr_lor_mean,27,15,15.0,0.13889884652540044,0.03208591935747206
n75,nominal,tr_lor_mean,28,20,20.0,0.23779048252794935,0.016577962722915007
n75,nominal,tr_lor_mean,29,25,25.0,0.08545289382525174,0.01100077266345456
n75,nominal,tr_lor_mean,30,5,5.0,0.009760861316943245,0.13511756622255958
n75,nominal,tr_lor_mean,31,10,10.0,0.014508188418088559,0.03355469712205342
n75,nominal,tr_lor_mean,32,15,15.0,0.03661213381504203,0.01345263648215948
n75,nominal,tr_lor_mean,33,20,20.0,0.05173321710386965,0.006837503597637849
n75,nominal,tr_lor_mean,34,25,25.0,0.033288813695527796,0.004643890008990388
n75,nominal,tr_lor_mean,35,5,5.0,0.06215695226201519,0.27023513244511915
n75,nominal,tr_lor_mean,36,10,10.0,0.08430580345539967,0.06710939424410683
n75,nominal,tr_lor_mean,37,15,15.0,0.14015088192737288,0.02690527296431896
n75,nominal,tr_lor_mean,38,20,20.0,0.18613447552206322,0.013675007195275698
n75,nominal,tr_lor_mean,39,25,25.0,0.06196232957271379,0.009287780017980776
n75,nominal,tr_lor_mean,40,5,5.0,0.06556874834127399,0.4053526986676787
n75,nominal,tr_lor_mean,41,10,10.0,0.1269725677875253,0.10066409136616025
n75,nominal,tr_lor_mean,42,15,15.0,0.17011573761311774,0.040357909446478435
n75,nominal,tr_lor_mean,43,20,20.0,0.27313629962814373,0.020512510792913545
n75,nominal,tr_lor_mean,44,25,25.0,0.08560325096733562,0.013931670026971163
n75,nominal,tr_lor_mean,45,5,5.0,0.037556732705441444,0.1483549081982138
n75,nominal,tr_lor_mean,46,10,10.0,0.04360056804280307,0.03728175424257783
n75,nominal,tr_lor_mean,47,15,15.0,0.04924463602686128,0.01483904994893815
n75,nominal,tr_lor_mean,48,20,20.0,0.061947249263179266,0.007457894716665523
n75,nominal,tr_lor_mean,49,25,25.0,0.05520203246912867,0.005101097555229106
n75,nominal,tr_lor_mean,50,5,5.0,0.06464104772693736,0.2967098163964276
n75,nominal,tr_lor_mean,51,10,10.0,0.1061907400375857,0.07456350848515567
n75,nominal,tr_lor_mean,52,15,15.0,0.14594201959443942,0.0296780998978763
n75,nominal,tr_lor_mean,53,20,20.0,0.3247159319617053,0.014915789433331045
n75,nominal,tr_lor_mean,54,25,25.0,0.09618234522660388,0.010202195110458213
n75,nominal,tr_lor_mean,55,5,5.0,0.10129747255604984,0.44506472459464136
n75,nominal,tr_lor_mean,56,10,10.0,0.16435945135408164,0.11184526272773353
n75,nominal,tr_lor_mean,57,15,15.0,0.23351523325410375,0.04451714984681445
n75,nominal,tr_lor_mean,58,20,20.0,0.4337970382398568,0.02237368414999657
n75,nominal,tr_lor_mean,59,25,25.0,0.137571433960762,0.015303292665687319
n75,nominal,tr_lor_mean,60,5,5.0,0.027809194807435544,0.14110240861411033
n75,nominal,tr_lor_mean,61,10,10.0,0.03376385751429354,0.037929762401136116
n75,nominal,tr_lor_mean,62,15,15.0,0.06472638287800421,0.014854546852826701
n75,nominal,tr_lor_mean,63,20,20.0,0.09895912208822974,0.007387160931388025
n75,nominal,tr_lor_mean,64,25,25.0,0.032306508405576646,0.005038546859867675
n75,nominal,tr_lor_mean,65,5,5.0,0.07333766405647854,0.28220481722822066
n75,nominal,tr_lor_mean,66,10,10.0,0.08429763716173058,0.07585952480227223
n75,nominal,tr_lor_mean,67,15,15.0,0.14387655045817369,0.029709093705653403
n75,nominal,tr_lor_mean,68,20,20.0,0.2713050081144946,0.01477432186277605
n75,nominal,tr_lor_mean,69,25,25.0,0.09371781676772084,0.01007709371973535
n75,nominal,tr_lor_mean,70,5,5.0,0.08715895279312774,0.42330722584233116
n75,nominal,tr_lor_mean,71,10,10.0,0.13480771178358023,0.11378928720340832
n75,nominal,tr_lor_mean,72,15,15.0,0.1801699290495756,0.044563640558480104
n75,nominal,tr_lor_mean,73,20,20.0,0.3279096638054766,0.02216148279416407
n75,nominal,tr_lor_mean,74,25,25.0,0.11806648579826695,0.015115640579603025
n75,nominal,tr_lor_gp,0,5,5.0,0.0285867300932331,0.09345172908416643
n75,nominal,tr_lor_gp,1,10,10.0,0.04758108870069616,0.04159997122579111
n75,nominal,tr_lor_gp,2,15,15.0,0.09970584338151171,0.10665824321835025
n75,nominal,tr_lor_gp,3,20,20.0,0.12449860187870826,0.0964317981328277
n75,nominal,tr_lor_gp,4,25,25.0,0.06728802355531271,0.14248940509541322
n75,nominal,tr_lor_gp,5,5,5.0,0.04413070420233045,0.16836442824999373
n75,nominal,tr_lor_gp,6,10,10.0,0.06288524587147142,0.04515899857001802
n75,nominal,tr_lor_gp,7,15,15.0,0.08858324894292931,0.1424409869506507
n75,nominal,tr_lor_gp,8,20,20.0,0.14464805659401586,0.10110870021499008
n75,nominal,tr_lor_gp,9,25,25.0,0.06458239815053043,0.19688411929816527
n75,nominal,tr_lor_gp,10,5,5.0,0.06096340286567238,0.255422278942085
n75,nominal,tr_lor_gp,11,10,10.0,0.10309990786795749,0.05514363367611344
n75,nominal,tr_lor_gp,12,15,15.0,0.11646764333639503,0.19237247359904167
n75,nominal,tr_lor_gp,13,20,20.0,0.19816971960190574,0.10842671681815169
n75,nominal,tr_lor_gp,14,25,25.0,0.054410883145570466,0.28249070984090896
n75,nominal,tr_lor_gp,15,5,5.0,0.051198809900038535,0.09901298125421586
n75,nominal,tr_lor_gp,16,10,10.0,0.07477487482962646,0.05391710019482944
n75,nominal,tr_lor_gp,17,15,15.0,0.11404227815252285,0.12328020167995622
n75,nominal,tr_lor_gp,18,20,20.0,0.15396210578545416,0.10417091785307991
n75,nominal,tr_lor_gp,19,25,25.0,0.05931999506358712,0.1594979688827147
n75,nominal,tr_lor_gp,20,5,5.0,0.06265781094812338,0.17140888432307982
n75,nominal,tr_lor_gp,21,10,10.0,0.06877412380526063,0.05870952797022536
n75,nominal,tr_lor_gp,22,15,15.0,0.11713961371317501,0.15745792185432464
n75,nominal,tr_lor_gp,23,20,20.0,0.1564763730463234,0.11363239501708125
n75,nominal,tr_lor_gp,24,25,25.0,0.06493091158272947,0.2160912903801758
n75,nominal,tr_lor_gp,25,5,5.0,0.06926367781436776,0.25567417371540935
n75,nominal,tr_lor_gp,26,10,10.0,0.10133133054775115,0.06655564242155043
n75,nominal,tr_lor_gp,27,15,15.0,0.13889884652540044,0.20519097209008608
n75,nominal,tr_lor_gp,28,20,20.0,0.23779048252794935,0.12345994399036994
n75,nominal,tr_lor_gp,29,25,25.0,0.08545289382525174,0.3026432983924691
n75,nominal,tr_lor_gp,30,5,5.0,0.009760861316943245,0.10201340734429237
n75,nominal,tr_lor_gp,31,10,10.0,0.014508188418088559,0.019151050215496124
n75,nominal,tr_lor_gp,32,15,15.0,0.03661213381504203,0.06801045470182199
n75,nominal,tr_lor_gp,33,20,20.0,0.05173321710386965,0.05975981451345533
n75,nominal,tr_lor_gp,34,25,25.0,0.033288813695527796,0.08735614350375939
n75,nominal,tr_lor_gp,35,5,5.0,0.06215695226201519,0.21264954938118744
n75,nominal,tr_lor_gp,36,10,10.0,0.08430580345539967,0.04817464983937987
n75,nominal,tr_lor_gp,37,15,15.0,0.14015088192737288,0.17531555935010212
n75,nominal,tr_lor_gp,38,20,20.0,0.18613447552206322,0.1171471586917879
n75,nominal,tr_lor_gp,39,25,25.0,0.06196232957271379,0.2583660454006415
n75,nominal,tr_lor_gp,40,5,5.0,0.06556874834127399,0.32986059916422517
n75,nominal,tr_lor_gp,41,10,10.0,0.1269725677875253,0.07005978528831935
n75,nominal,tr_lor_gp,42,15,15.0,0.17011573761311774,0.2575511563072494
n75,nominal,tr_lor_gp,43,20,20.0,0.27313629962814373,0.15895147018980796
n75,nominal,tr_lor_gp,44,25,25.0,0.08560325096733562,0.38372564390499125
n75,nominal,tr_lor_gp,45,5,5.0,0.037556732705441444,0.11358392809699008
n75,nominal,tr_lor_gp,46,10,10.0,0.04360056804280307,0.017446768385547054
n75,nominal,tr_lor_gp,47,15,15.0,0.04924463602686128,0.07757699273010166
n75,nominal,tr_lor_gp,48,20,20.0,0.061947249263179266,0.0646623356314235
n75,nominal,tr_lor_gp,49,25,25.0,0.05520203246912867,0.11921477563287858
n75,nominal,tr_lor_gp,50,5,5.0,0.06464104772693736,0.2372692945592336
n75,nominal,tr_lor_gp,51,10,10.0,0.1061907400375857,0.051906857434975556
n75,nominal,tr_lor_gp,52,15,15.0,0.14594201959443942,0.2343166525420189
n75,nominal,tr_lor_gp,53,20,20.0,0.3247159319617053,0.14872615922504948
n75,nominal,tr_lor_gp,54,25,25.0,0.09618234522660388,0.4058967533071167
n75,nominal,tr_lor_gp,55,5,5.0,0.10129747255604984,0.3657890328652832
n75,nominal,tr_lor_gp,56,10,10.0,0.16435945135408164,0.08418258360063173
n75,nominal,tr_lor_gp,57,15,15.0,0.23351523325410375,0.3281836339145072
n75,nominal,tr_lor_gp,58,20,20.0,0.4337970382398568,0.20709303283197303
n75,nominal,tr_lor_gp,59,25,25.0,0.137571433960762,0.5455065044242363
n75,nominal,tr_lor_gp,60,5,5.0,0.027809194807435544,0.10735201637603292
n75,nominal,tr_lor_gp,61,10,10.0,0.03376385751429354,0.023857744377575582
n75,nominal,tr_lor_gp,62,15,15.0,0.06472638287800421,0.08593409410589276
n75,nominal,tr_lor_gp,63,20,20.0,0.09895912208822974,0.06636885126629188
n75,nominal,tr_lor_gp,64,25,25.0,0.032306508405576646,0.14223238567791643
n75,nominal,tr_lor_gp,65,5,5.0,0.07333766405647854,0.22252646556779385
n75,nominal,tr_lor_gp,66,10,10.0,0.08429763716173058,0.05276554197851016
n75,nominal,tr_lor_gp,67,15,15.0,0.14387655045817369,0.2052421318012586
n75,nominal,tr_lor_gp,68,20,20.0,0.2713050081144946,0.13818862756508157
n75,nominal,tr_lor_gp,69,25,25.0,0.09371781676772084,0.35833359995230224
n75,nominal,tr_lor_gp,70,5,5.0,0.08715895279312774,0.34579067457071433
n75,nominal,tr_lor_gp,71,10,10.0,0.13480771178358023,0.07911596622354514
n75,nominal,tr_lor_gp,72,15,15.0,0.1801699290495756,0.27230093771511066
n75,nominal,tr_lor_gp,73,20,20.0,0.3279096638054766,0.1806187988589231
n75,nominal,tr_lor_gp,74,25,25.0,0.11806648579826695,0.44832324586695255
n75,nominal,tr_pow_mean,0,5,5.0,0.0285867300932331,0.03285681583073765
n75,nominal,tr_pow_mean,1,10,10.0,0.04758108870069616,0.039544073166879815
n75,nominal,tr_pow_mean,2,15,15.0,0.09970584338151171,0.04210080171820166
n75,nominal,tr_pow_mean,3,20,20.0,0.12449860187870826,0.03829811894090601
n75,nominal,tr_pow_mean,4,25,25.0,0.06728802355531271,0.058867432279952656
n75,nominal,tr_pow_mean,5,5,5.0,0.04413070420233045,0.0657136316614753
n75,nominal,tr_pow_mean,6,10,10.0,0.06288524587147142,0.07908814633375963
n75,nominal,tr_pow_mean,7,15,15.0,0.08858324894292931,0.08420160343640332
n75,nominal,tr_pow_mean,8,20,20.0,0.14464805659401586,0.07659623788181202
n75,nominal,tr_pow_mean,9,25,25.0,0.06458239815053043,0.11773486455990531
n75,nominal,tr_pow_mean,10,5,5.0,0.06096340286567238,0.09857044749221297
n75,nominal,tr_pow_mean,11,10,10.0,0.10309990786795749,0.11863221950063944
n75,nominal,tr_pow_mean,12,15,15.0,0.11646764333639503,0.12630240515460497
n75,nominal,tr_pow_mean,13,20,20.0,0.19816971960190574,0.11489435682271804
n75,nominal,tr_pow_mean,14,25,25.0,0.054410883145570466,0.17660229683985795
n75,nominal,tr_pow_mean,15,5,5.0,0.051198809900038535,0.03285681583073765
n75,nominal,tr_pow_mean,16,10,10.0,0.07477487482962646,0.039544073166879815
n75,nominal,tr_pow_mean,17,15,15.0,0.11404227815252285,0.04210080171820166
n75,nominal,tr_pow_mean,18,20,20.0,0.15396210578545416,0.03829811894090601
n75,nominal,tr_pow_mean,19,25,25.0,0.05931999506358712,0.058867432279952656
n75,nominal,tr_pow_mean,20,5,5.0,0.06265781094812338,0.0657136316614753
n75,nominal,tr_pow_mean,21,10,10.0,0.06877412380526063,0.07908814633375963
n75,nominal,tr_pow_mean,22,15,15.0,0.11713961371317501,0.08420160343640332
n75,nominal,tr_pow_mean,23,20,20.0,0.1564763730463234,0.07659623788181202
n75,nominal,tr_pow_mean,24,25,25.0,0.06493091158272947,0.11773486455990531
n75,nominal,tr_pow_mean,25,5,5.0,0.06926367781436776,0.09857044749221297
n75,nominal,tr_pow_mean,26,10,10.0,0.10133133054775115,0.11863221950063944
n75,nominal,tr_pow_mean,27,15,15.0,0.13889884652540044,0.12630240515460497
n75,nominal,tr_pow_mean,28,20,20.0,0.23779048252794935,0.11489435682271804
n75,nominal,tr_pow_mean,29,25,25.0,0.08545289382525174,0.17660229683985795
n75,nominal,tr_pow_mean,30,5,5.0,0.009760861316943245,0.04475299178537942
n75,nominal,tr_pow_mean,31,10,10.0,0.014508188418088559,0.053459673351455655
n75,nominal,tr_pow_mean,32,15,15.0,0.03661213381504203,0.05701334614322758
n75,nominal,tr_pow_mean,33,20,20.0,0.05173321710386965,0.048999491416530844
n75,nominal,tr_pow_mean,34,25,25.0,0.033288813695527796,0.07965438744308462
n75,nominal,tr_pow_mean,35,5,5.0,0.06215695226201519,0.08950598357075884
n75,nominal,tr_pow_mean,36,10,10.0,0.08430580345539967,0.10691934670291131
n75,nominal,tr_pow_mean,37,15,15.0,0.14015088192737288,0.11402669228645516
n75,nominal,tr_pow_mean,38,20,20.0,0.18613447552206322,0.09799898283306169
n75,nominal,tr_pow_mean,39,25,25.0,0.06196232957271379,0.15930877488616924
n75,nominal,tr_pow_mean,40,5,5.0,0.06556874834127399,0.13425897535613826
n75,nominal,tr_pow_mean,41,10,10.0,0.1269725677875253,0.16037902005436697
n75,nominal,tr_pow_mean,42,15,15.0,0.17011573761311774,0.17104003842968277
n75,nominal,tr_pow_mean,43,20,20.0,0.27313629962814373,0.1469984742495925
n75,nominal,tr_pow_mean,44,25,25.0,0.08560325096733562,0.23896316232925388
n75,nominal,tr_pow_mean,45,5,5.0,0.037556732705441444,0.05014050771690727
n75,nominal,tr_pow_mean,46,10,10.0,0.04360056804280307,0.06022980122406091
n75,nominal,tr_pow_mean,47,15,15.0,0.04924463602686128,0.06436180572979111
n75,nominal,tr_pow_mean,48,20,20.0,0.061947249263179266,0.05388596506897556
n75,nominal,tr_pow_mean,49,25,25.0,0.05520203246912867,0.08882922155329397
n75,nominal,tr_pow_mean,50,5,5.0,0.06464104772693736,0.10028101543381454
n75,nominal,tr_pow_mean,51,10,10.0,0.1061907400375857,0.12045960244812182
n75,nominal,tr_pow_mean,52,15,15.0,0.14594201959443942,0.12872361145958222
n75,nominal,tr_pow_mean,53,20,20.0,0.3247159319617053,0.10777193013795112
n75,nominal,tr_pow_mean,54,25,25.0,0.09618234522660388,0.17765844310658793
n75,nominal,tr_pow_mean,55,5,5.0,0.10129747255604984,0.15042152315072183
n75,nominal,tr_pow_mean,56,10,10.0,0.16435945135408164,0.18068940367218272
n75,nominal,tr_pow_mean,57,15,15.0,0.23351523325410375,0.1930854171893733
n75,nominal,tr_pow_mean,58,20,20.0,0.4337970382398568,0.16165789520692667
n75,nominal,tr_pow_mean,59,25,25.0,0.137571433960762,0.2664876646598819
n75,nominal,tr_pow_mean,60,5,5.0,0.027809194807435544,0.04901936362532122
n75,nominal,tr_pow_mean,61,10,10.0,0.03376385751429354,0.05985445678469559
n75,nominal,tr_pow_mean,62,15,15.0,0.06472638287800421,0.06414618047789222
n75,nominal,tr_pow_mean,63,20,20.0,0.09895912208822974,0.05295753989824017
n75,nominal,tr_pow_mean,64,25,25.0,0.032306508405576646,0.08639193461058067
n75,nominal,tr_pow_mean,65,5,5.0,0.07333766405647854,0.09803872725064244
n75,nominal,tr_pow_mean,66,10,10.0,0.08429763716173058,0.11970891356939117
n75,nominal,tr_pow_mean,67,15,15.0,0.14387655045817369,0.12829236095578445
n75,nominal,tr_pow_mean,68,20,20.0,0.2713050081144946,0.10591507979648034
n75,nominal,tr_pow_mean,69,25,25.0,0.09371781676772084,0.17278386922116135
n75,nominal,tr_pow_mean,70,5,5.0,0.08715895279312774,0.14705809087596367
n75,nominal,tr_pow_mean,71,10,10.0,0.13480771178358023,0.17956337035408676
n75,nominal,tr_pow_mean,72,15,15.0,0.1801699290495756,0.19243854143367664
n75,nominal,tr_pow_mean,73,20,20.0,0.3279096638054766,0.1588726196947205
n75,nominal,tr_pow_mean,74,25,25.0,0.11806648579826695,0.25917580383174205
n75,nominal,tr_pow_gp,0,5,5.0,0.0285867300932331,0.03534067457205299
n75,nominal,tr_pow_gp,1,10,10.0,0.04758108870069616,0.04094720514390236
n75,nominal,tr_pow_gp,2,15,15.0,0.09970584338151171,0.04207183357616981
n75,nominal,tr_pow_gp,3,20,20.0,0.12449860187870826,0.0911141080832061
n75,nominal,tr_pow_gp,4,25,25.0,0.06728802355531271,0.1199304655433665
n75,nominal,tr_pow_gp,5,5,5.0,0.04413070420233045,0.06819749040279063
n75,nominal,tr_pow_gp,6,10,10.0,0.06288524587147142,0.08049127831078218
n75,nominal,tr_pow_gp,7,15,15.0,0.08858324894292931,0.0841728071283641
n75,nominal,tr_pow_gp,8,20,20.0,0.14464805659401586,0.0880716011564252
n75,nominal,tr_pow_gp,9,25,25.0,0.06458239815053043,0.17497166909571643
n75,nominal,tr_pow_gp,10,5,5.0,0.06096340286567238,0.1010543062335283
n75,nominal,tr_pow_gp,11,10,10.0,0.10309990786795749,0.12003535147766199
n75,nominal,tr_pow_gp,12,15,15.0,0.11646764333639503,0.12627366256925612
n75,nominal,tr_pow_gp,13,20,20.0,0.19816971960190574,0.09156525770267307
n75,nominal,tr_pow_gp,14,25,25.0,0.054410883145570466,0.24987482675892167
n75,nominal,tr_pow_gp,15,5,5.0,0.051198809900038535,0.03534067457205299
n75,nominal,tr_pow_gp,16,10,10.0,0.07477487482962646,0.04094720514390236
n75,nominal,tr_pow_gp,17,15,15.0,0.11404227815252285,0.04207191351038715
n75,nominal,tr_pow_gp,18,20,20.0,0.15396210578545416,0.09460413819917746
n75,nominal,tr_pow_gp,19,25,25.0,0.05931999506358712,0.1331810568296833
n75,nominal,tr_pow_gp,20,5,5.0,0.06265781094812338,0.06819749040279063
n75,nominal,tr_pow_gp,21,10,10.0,0.06877412380526063,0.08049127831078218
n75,nominal,tr_pow_gp,22,15,15.0,0.11713961371317501,0.08417288946141906
n75,nominal,tr_pow_gp,23,20,20.0,0.1564763730463234,0.1040110981921255
n75,nominal,tr_pow_gp,24,25,25.0,0.06493091158272947,0.18939516725834682
n75,nominal,tr_pow_gp,25,5,5.0,0.06926367781436776,0.1010543062335283
n75,nominal,tr_pow_gp,26,10,10.0,0.10133133054775115,0.12003535147766199
n75,nominal,tr_pow_gp,27,15,15.0,0.13889884652540044,0.12627374037743014
n75,nominal,tr_pow_gp,28,20,20.0,0.23779048252794935,0.11573524662437153
n75,nominal,tr_pow_gp,29,25,25.0,0.08545289382525174,0.26766889703090896
n75,nominal,tr_pow_gp,30,5,5.0,0.009760861316943245,0.04723685052669476
n75,nominal,tr_pow_gp,31,10,10.0,0.014508188418088559,0.054862805328478204
n75,nominal,tr_pow_gp,32,15,15.0,0.03661213381504203,0.056984222025177216
n75,nominal,tr_pow_gp,33,20,20.0,0.05173321710386965,0.04842391848214472
n75,nominal,tr_pow_gp,34,25,25.0,0.033288813695527796,0.08499996003016615
n75,nominal,tr_pow_gp,35,5,5.0,0.06215695226201519,0.09198984231207417
n75,nominal,tr_pow_gp,36,10,10.0,0.08430580345539967,0.10832247867993386
n75,nominal,tr_pow_gp,37,15,15.0,0.14015088192737288,0.11399783034858071
n75,nominal,tr_pow_gp,38,20,20.0,0.18613447552206322,0.10889055715609611
n75,nominal,tr_pow_gp,39,25,25.0,0.06196232957271379,0.23340656470902363
n75,nominal,tr_pow_gp,40,5,5.0,0.06556874834127399,0.1367428340974536
n75,nominal,tr_pow_gp,41,10,10.0,0.1269725677875253,0.16178215203138951
n75,nominal,tr_pow_gp,42,15,15.0,0.17011573761311774,0.17101130921217847
n75,nominal,tr_pow_gp,43,20,20.0,0.27313629962814373,0.14019586846461632
n75,nominal,tr_pow_gp,44,25,25.0,0.08560325096733562,0.34926203690187113
n75,nominal,tr_pow_gp,45,5,5.0,0.037556732705441444,0.05262436645822261
n75,nominal,tr_pow_gp,46,10,10.0,0.04360056804280307,0.061632933201083456
n75,nominal,tr_pow_gp,47,15,15.0,0.04924463602686128,0.06433235897759212
n75,nominal,tr_pow_gp,48,20,20.0,0.061947249263179266,0.05633731385059293
n75,nominal,tr_pow_gp,49,25,25.0,0.05520203246912867,0.10948698337964155
n75,nominal,tr_pow_gp,50,5,5.0,0.06464104772693736,0.10276487417512987
n75,nominal,tr_pow_gp,51,10,10.0,0.1061907400375857,0.12186273442514436
n75,nominal,tr_pow_gp,52,15,15.0,0.14594201959443942,0.12869446845295218
n75,nominal,tr_pow_gp,53,20,20.0,0.3247159319617053,0.1325361578643985
n75,nominal,tr_pow_gp,54,25,25.0,0.09618234522660388,0.3555017755497334
n75,nominal,tr_pow_gp,55,5,5.0,0.10129747255604984,0.15290538189203717
n75,nominal,tr_pow_gp,56,10,10.0,0.16435945135408164,0.18209253564920527
n75,nominal,tr_pow_gp,57,15,15.0,0.23351523325410375,0.1930564573357162
n75,nominal,tr_pow_gp,58,20,20.0,0.4337970382398568,0.193133727700888
n75,nominal,tr_pow_gp,59,25,25.0,0.137571433960762,0.48611892040167676
n75,nominal,tr_pow_gp,60,5,5.0,0.027809194807435544,0.05150322236663656
n75,nominal,tr_pow_gp,61,10,10.0,0.03376385751429354,0.061257588761718135
n75,nominal,tr_pow_gp,62,15,15.0,0.06472638287800421,0.06411642110782408
n75,nominal,tr_pow_gp,63,20,20.0,0.09895912208822974,0.058687664435027806
n75,nominal,tr_pow_gp,64,25,25.0,0.032306508405576646,0.12638013546316715
n75,nominal,tr_pow_gp,65,5,5.0,0.07333766405647854,0.10052258599195778
n75,nominal,tr_pow_gp,66,10,10.0,0.08429763716173058,0.12111204554641372
n75,nominal,tr_pow_gp,67,15,15.0,0.14387655045817369,0.12826287516596233
n75,nominal,tr_pow_gp,68,20,20.0,0.2713050081144946,0.1279332151769437
n75,nominal,tr_pow_gp,69,25,25.0,0.09371781676772084,0.312482159007945
n75,nominal,tr_pow_gp,70,5,5.0,0.08715895279312774,0.149541949617279
n75,nominal,tr_pow_gp,71,10,10.0,0.13480771178358023,0.1809665023311093
n75,nominal,tr_pow_gp,72,15,15.0,0.1801699290495756,0.19240923230002632
n75,nominal,tr_pow_gp,73,20,20.0,0.3279096638054766,0.16237880028678403
n75,nominal,tr_pow_gp,74,25,25.0,0.11806648579826695,0.40650424254453743
n75,nominal,oracle_shape_gp,0,5,5.0,0.0285867300932331,0.021159812251784413
n75,nominal,oracle_shape_gp,1,10,10.0,0.04758108870069616,0.04135631059091528
n75,nominal,oracle_shape_gp,2,15,15.0,0.09970584338151171,0.09212734449613894
n75,nominal,oracle_shape_gp,3,20,20.0,0.12449860187870826,0.1088963719950895
n75,nominal,oracle_shape_gp,4,25,25.0,0.06728802355531271,0.05926811248951506
n75,nominal,oracle_shape_gp,5,5,5.0,0.04413070420233045,0.03518495973914604
n75,nominal,oracle_shape_gp,6,10,10.0,0.06288524587147142,0.05073543618142058
n75,nominal,oracle_shape_gp,7,15,15.0,0.08858324894292931,0.11528741533892914
n75,nominal,oracle_shape_gp,8,20,20.0,0.14464805659401586,0.13205199413998642
n75,nominal,oracle_shape_gp,9,25,25.0,0.06458239815053043,0.07716005039477364
n75,nominal,oracle_shape_gp,10,5,5.0,0.06096340286567238,0.05092090853896308
n75,nominal,oracle_shape_gp,11,10,10.0,0.10309990786795749,0.06303096470962291
n75,nominal,oracle_shape_gp,12,15,15.0,0.11646764333639503,0.17232770543120035
n75,nominal,oracle_shape_gp,13,20,20.0,0.19816971960190574,0.16632325169572665
n75,nominal,oracle_shape_gp,14,25,25.0,0.054410883145570466,0.10624578315415846
n75,nominal,oracle_shape_gp,15,5,5.0,0.051198809900038535,0.02542655547752023
n75,nominal,oracle_shape_gp,16,10,10.0,0.07477487482962646,0.049774150418817664
n75,nominal,oracle_shape_gp,17,15,15.0,0.11404227815252285,0.11646125273220463
n75,nominal,oracle_shape_gp,18,20,20.0,0.15396210578545416,0.11243553679561169
n75,nominal,oracle_shape_gp,19,25,25.0,0.05931999506358712,0.06772474934708761
n75,nominal,oracle_shape_gp,20,5,5.0,0.06265781094812338,0.03668319948115595
n75,nominal,oracle_shape_gp,21,10,10.0,0.06877412380526063,0.061540122830269856
n75,nominal,oracle_shape_gp,22,15,15.0,0.11713961371317501,0.12510607248719072
n75,nominal,oracle_shape_gp,23,20,20.0,0.1564763730463234,0.14488247555069508
n75,nominal,oracle_shape_gp,24,25,25.0,0.06493091158272947,0.08342045213303671
n75,nominal,oracle_shape_gp,25,5,5.0,0.06926367781436776,0.050462874039245355
n75,nominal,oracle_shape_gp,26,10,10.0,0.10133133054775115,0.07021322910289747
n75,nominal,oracle_shape_gp,27,15,15.0,0.13889884652540044,0.18545072469878893
n75,nominal,oracle_shape_gp,28,20,20.0,0.23779048252794935,0.18427704741048873
n75,nominal,oracle_shape_gp,29,25,25.0,0.08545289382525174,0.11729456196076021
n75,nominal,oracle_shape_gp,30,5,5.0,0.009760861316943245,0.019270809267200574
n75,nominal,oracle_shape_gp,31,10,10.0,0.014508188418088559,0.02605487985823355
n75,nominal,oracle_shape_gp,32,15,15.0,0.03661213381504203,0.03949700944447211
n75,nominal,oracle_shape_gp,33,20,20.0,0.05173321710386965,0.07633098266140068
n75,nominal,oracle_shape_gp,34,25,25.0,0.033288813695527796,0.034934004443125145
n75,nominal,oracle_shape_gp,35,5,5.0,0.06215695226201519,0.04545093927214015
n75,nominal,oracle_shape_gp,36,10,10.0,0.08430580345539967,0.06505693560369197
n75,nominal,oracle_shape_gp,37,15,15.0,0.14015088192737288,0.1510661271112552
n75,nominal,oracle_shape_gp,38,20,20.0,0.18613447552206322,0.16282155690387626
n75,nominal,oracle_shape_gp,39,25,25.0,0.06196232957271379,0.09816784829891861
n75,nominal,oracle_shape_gp,40,5,5.0,0.06556874834127399,0.06693912401363843
n75,nominal,oracle_shape_gp,41,10,10.0,0.1269725677875253,0.0848364084770389
n75,nominal,oracle_shape_gp,42,15,15.0,0.17011573761311774,0.2337356823782397
n75,nominal,oracle_shape_gp,43,20,20.0,0.27313629962814373,0.23301217200632351
n75,nominal,oracle_shape_gp,44,25,25.0,0.08560325096733562,0.14883624875175286
n75,nominal,oracle_shape_gp,45,5,5.0,0.037556732705441444,0.026312275025847705
n75,nominal,oracle_shape_gp,46,10,10.0,0.04360056804280307,0.030705094011997898
n75,nominal,oracle_shape_gp,47,15,15.0,0.04924463602686128,0.055346171817297736
n75,nominal,oracle_shape_gp,48,20,20.0,0.061947249263179266,0.08572996480112521
n75,nominal,oracle_shape_gp,49,25,25.0,0.05520203246912867,0.044551482629131986
n75,nominal,oracle_shape_gp,50,5,5.0,0.06464104772693736,0.05537062387127277
n75,nominal,oracle_shape_gp,51,10,10.0,0.1061907400375857,0.06575073080943888
n75,nominal,oracle_shape_gp,52,15,15.0,0.14594201959443942,0.2405067220218337
n75,nominal,oracle_shape_gp,53,20,20.0,0.3247159319617053,0.19241193768166395
n75,nominal,oracle_shape_gp,54,25,25.0,0.09618234522660388,0.1622300473342589
n75,nominal,oracle_shape_gp,55,5,5.0,0.10129747255604984,0.07913970006861783
n75,nominal,oracle_shape_gp,56,10,10.0,0.16435945135408164,0.10249497895988882
n75,nominal,oracle_shape_gp,57,15,15.0,0.23351523325410375,0.3374189828336368
n75,nominal,oracle_shape_gp,58,20,20.0,0.4337970382398568,0.2915525507297423
n75,nominal,oracle_shape_gp,59,25,25.0,0.137571433960762,0.22032771024559178
n75,nominal,oracle_shape_gp,60,5,5.0,0.027809194807435544,0.02309577186177057
n75,nominal,oracle_shape_gp,61,10,10.0,0.03376385751429354,0.03333356086103411
n75,nominal,oracle_shape_gp,62,15,15.0,0.06472638287800421,0.07573296680787041
n75,nominal,oracle_shape_gp,63,20,20.0,0.09895912208822974,0.08824686442430107
n75,nominal,oracle_shape_gp,64,25,25.0,0.032306508405576646,0.05722493283387487
n75,nominal,oracle_shape_gp,65,5,5.0,0.07333766405647854,0.047828146731449125
n75,nominal,oracle_shape_gp,66,10,10.0,0.08429763716173058,0.06680959584468599
n75,nominal,oracle_shape_gp,67,15,15.0,0.14387655045817369,0.19606284914172642
n75,nominal,oracle_shape_gp,68,20,20.0,0.2713050081144946,0.18731796783040267
n75,nominal,oracle_shape_gp,69,25,25.0,0.09371781676772084,0.14052154133445852
n75,nominal,oracle_shape_gp,70,5,5.0,0.08715895279312774,0.07017477484606588
n75,nominal,oracle_shape_gp,71,10,10.0,0.13480771178358023,0.09211922201252293
n75,nominal,oracle_shape_gp,72,15,15.0,0.1801699290495756,0.26378510065113103
n75,nominal,oracle_shape_gp,73,20,20.0,0.3279096638054766,0.2647304585283542
n75,nominal,oracle_shape_gp,74,25,25.0,0.11806648579826695,0.17996963185772705
n75,nominal,mf_ar1,0,5,5.0,0.0285867300932331,0.02271917299494107
n75,nominal,mf_ar1,1,10,10.0,0.04758108870069616,0.04664206521430213
n75,nominal,mf_ar1,2,15,15.0,0.09970584338151171,0.114917090472453
n75,nominal,mf_ar1,3,20,20.0,0.12449860187870826,0.0821564732387526
n75,nominal,mf_ar1,4,25,25.0,0.06728802355531271,0.17345776744404207
n75,nominal,mf_ar1,5,5,5.0,0.04413070420233045,0.03731296442789482
n75,nominal,mf_ar1,6,10,10.0,0.06288524587147142,0.05161053275430156
n75,nominal,mf_ar1,7,15,15.0,0.08858324894292931,0.17260407584095688
n75,nominal,mf_ar1,8,20,20.0,0.14464805659401586,0.08912388449486855
n75,nominal,mf_ar1,9,25,25.0,0.06458239815053043,0.251292135658902
n75,nominal,mf_ar1,10,5,5.0,0.06096340286567238,0.05419474936616302
n75,nominal,mf_ar1,11,10,10.0,0.10309990786795749,0.06101473967157357
n75,nominal,mf_ar1,12,15,15.0,0.11646764333639503,0.2582624993823065
n75,nominal,mf_ar1,13,20,20.0,0.19816971960190574,0.11123021748387896
n75,nominal,mf_ar1,14,25,25.0,0.054410883145570466,0.3664471348257959
n75,nominal,mf_ar1,15,5,5.0,0.051198809900038535,0.028076211148581297
n75,nominal,mf_ar1,16,10,10.0,0.07477487482962646,0.05740731211745781
n75,nominal,mf_ar1,17,15,15.0,0.11404227815252285,0.1332608573220438
n75,nominal,mf_ar1,18,20,20.0,0.15396210578545416,0.08830896107478879
n75,nominal,mf_ar1,19,25,25.0,0.05931999506358712,0.18465516914658778
n75,nominal,mf_ar1,20,5,5.0,0.06265781094812338,0.039059415821662266
n75,nominal,mf_ar1,21,10,10.0,0.06877412380526063,0.06627027757423992
n75,nominal,mf_ar1,22,15,15.0,0.11713961371317501,0.1816699387054994
n75,nominal,mf_ar1,23,20,20.0,0.1564763730463234,0.09899151986058442
n75,nominal,mf_ar1,24,25,25.0,0.06493091158272947,0.2623259290177489
n75,nominal,mf_ar1,25,5,5.0,0.06926367781436776,0.053689769609841204
n75,nominal,mf_ar1,26,10,10.0,0.10133133054775115,0.07022626069611389
n75,nominal,mf_ar1,27,15,15.0,0.13889884652540044,0.27046987362908836
n75,nominal,mf_ar1,28,20,20.0,0.23779048252794935,0.12546629085477548
n75,nominal,mf_ar1,29,25,25.0,0.08545289382525174,0.3827473467499797
n75,nominal,mf_ar1,30,5,5.0,0.009760861316943245,0.01995209815260521
n75,nominal,mf_ar1,31,10,10.0,0.014508188418088559,0.024526236399772514
n75,nominal,mf_ar1,32,15,15.0,0.03661213381504203,0.08778814934456759
n75,nominal,mf_ar1,33,20,20.0,0.05173321710386965,0.042687994155506725
n75,nominal,mf_ar1,34,25,25.0,0.033288813695527796,0.13989833927813367
n75,nominal,mf_ar1,35,5,5.0,0.06215695226201519,0.04825867634571085
n75,nominal,mf_ar1,36,10,10.0,0.08430580345539967,0.06944974171047147
n75,nominal,mf_ar1,37,15,15.0,0.14015088192737288,0.23143397173813554
n75,nominal,mf_ar1,38,20,20.0,0.18613447552206322,0.11204491925656014
n75,nominal,mf_ar1,39,25,25.0,0.06196232957271379,0.3352876653940054
n75,nominal,mf_ar1,40,5,5.0,0.06556874834127399,0.07082185413993575
n75,nominal,mf_ar1,41,10,10.0,0.1269725677875253,0.08171510191540915
n75,nominal,mf_ar1,42,15,15.0,0.17011573761311774,0.35657188336968
n75,nominal,mf_ar1,43,20,20.0,0.27313629962814373,0.15414217417093082
n75,nominal,mf_ar1,44,25,25.0,0.08560325096733562,0.5042033037258321
n75,nominal,mf_ar1,45,5,5.0,0.037556732705441444,0.02815200684284235
n75,nominal,mf_ar1,46,10,10.0,0.04360056804280307,0.032198316070036835
n75,nominal,mf_ar1,47,15,15.0,0.04924463602686128,0.1105887602940575
n75,nominal,mf_ar1,48,20,20.0,0.061947249263179266,0.06217975650345549
n75,nominal,mf_ar1,49,25,25.0,0.05520203246912867,0.16574658457305932
n75,nominal,mf_ar1,50,5,5.0,0.06464104772693736,0.059750093293367265
n75,nominal,mf_ar1,51,10,10.0,0.1061907400375857,0.06281682987837724
n75,nominal,mf_ar1,52,15,15.0,0.14594201959443942,0.31948406042755895
n75,nominal,mf_ar1,53,20,20.0,0.3247159319617053,0.13624354098960811
n75,nominal,mf_ar1,54,25,25.0,0.09618234522660388,0.4619454031436748
n75,nominal,mf_ar1,55,5,5.0,0.10129747255604984,0.08452194940889804
n75,nominal,mf_ar1,56,10,10.0,0.16435945135408164,0.10057676524535042
n75,nominal,mf_ar1,57,15,15.0,0.23351523325410375,0.4654565620629004
n75,nominal,mf_ar1,58,20,20.0,0.4337970382398568,0.20686561491526795
n75,nominal,mf_ar1,59,25,25.0,0.137571433960762,0.6644956520985196
n75,nominal,mf_ar1,60,5,5.0,0.027809194807435544,0.023740045664616433
n75,nominal,mf_ar1,61,10,10.0,0.03376385751429354,0.03327589087072129
n75,nominal,mf_ar1,62,15,15.0,0.06472638287800421,0.11889402508923538
n75,nominal,mf_ar1,63,20,20.0,0.09895912208822974,0.054796190195016845
n75,nominal,mf_ar1,64,25,25.0,0.032306508405576646,0.1790418734391752
n75,nominal,mf_ar1,65,5,5.0,0.07333766405647854,0.04936550634724583
n75,nominal,mf_ar1,66,10,10.0,0.08429763716173058,0.0661881494927031
n75,nominal,mf_ar1,67,15,15.0,0.14387655045817369,0.27151557728531545
n75,nominal,mf_ar1,68,20,20.0,0.2713050081144946,0.1268316628968688
n75,nominal,mf_ar1,69,25,25.0,0.09371781676772084,0.3990131394646758
n75,nominal,mf_ar1,70,5,5.0,0.08715895279312774,0.07166770137939173
n75,nominal,mf_ar1,71,10,10.0,0.13480771178358023,0.08591999807909902
n75,nominal,mf_ar1,72,15,15.0,0.1801699290495756,0.38553015099888954
n75,nominal,mf_ar1,73,20,20.0,0.3279096638054766,0.17153714411756946
n75,nominal,mf_ar1,74,25,25.0,0.11806648579826695,0.5463877244835561
n75,nominal,mf_nar,0,5,5.0,0.0285867300932331,0.04608535294218169
n75,nominal,mf_nar,1,10,10.0,0.04758108870069616,0.05012218873204524
n75,nominal,mf_nar,2,15,15.0,0.09970584338151171,0.1360610987105806
n75,nominal,mf_nar,3,20,20.0,0.12449860187870826,0.08169194141778077
n75,nominal,mf_nar,4,25,25.0,0.06728802355531271,0.15760638043247005
n75,nominal,mf_nar,5,5,5.0,0.04413070420233045,0.056358609220311634
n75,nominal,mf_nar,6,10,10.0,0.06288524587147142,0.05357955437508168
n75,nominal,mf_nar,7,15,15.0,0.08858324894292931,0.16927728661982241
n75,nominal,mf_nar,8,20,20.0,0.14464805659401586,0.09174395919673227
n75,nominal,mf_nar,9,25,25.0,0.06458239815053043,0.2148680947992689
n75,nominal,mf_nar,10,5,5.0,0.06096340286567238,0.1065750576134613
n75,nominal,mf_nar,11,10,10.0,0.10309990786795749,0.057879492942300076
n75,nominal,mf_nar,12,15,15.0,0.11646764333639503,0.2282835327557785
n75,nominal,mf_nar,13,20,20.0,0.19816971960190574,0.10450945158799192
n75,nominal,mf_nar,14,25,25.0,0.054410883145570466,0.2707887792684355
n75,nominal,mf_nar,15,5,5.0,0.051198809900038535,0.05572004213689234
n75,nominal,mf_nar,16,10,10.0,0.07477487482962646,0.06133068972747371
n75,nominal,mf_nar,17,15,15.0,0.11404227815252285,0.14930493123963723
n75,nominal,mf_nar,18,20,20.0,0.15396210578545416,0.09125230908091954
n75,nominal,mf_nar,19,25,25.0,0.05931999506358712,0.17676063045157606
n75,nominal,mf_nar,20,5,5.0,0.06265781094812338,0.06509082630744022
n75,nominal,mf_nar,21,10,10.0,0.06877412380526063,0.06747595942110061
n75,nominal,mf_nar,22,15,15.0,0.11713961371317501,0.18402907258053214
n75,nominal,mf_nar,23,20,20.0,0.1564763730463234,0.10305223978323992
n75,nominal,mf_nar,24,25,25.0,0.06493091158272947,0.23595472581978616
n75,nominal,mf_nar,25,5,5.0,0.06926367781436776,0.11470064059362416
n75,nominal,mf_nar,26,10,10.0,0.10133133054775115,0.07312043784906269
n75,nominal,mf_nar,27,15,15.0,0.13889884652540044,0.24167578748127144
n75,nominal,mf_nar,28,20,20.0,0.23779048252794935,0.11652536337455711
n75,nominal,mf_nar,29,25,25.0,0.08545289382525174,0.2843968979695484
n75,nominal,mf_nar,30,5,5.0,0.009760861316943245,0.016203507029083672
n75,nominal,mf_nar,31,10,10.0,0.014508188418088559,0.020555479867823495
n75,nominal,mf_nar,32,15,15.0,0.03661213381504203,0.07091845801832895
n75,nominal,mf_nar,33,20,20.0,0.05173321710386965,0.04975892391258547
n75,nominal,mf_nar,34,25,25.0,0.033288813695527796,0.10881278370018263
n75,nominal,mf_nar,35,5,5.0,0.06215695226201519,0.08023701154427654
n75,nominal,mf_nar,36,10,10.0,0.08430580345539967,0.0620532155405294
n75,nominal,mf_nar,37,15,15.0,0.14015088192737288,0.22673439751331614
n75,nominal,mf_nar,38,20,20.0,0.18613447552206322,0.10512342347125787
n75,nominal,mf_nar,39,25,25.0,0.06196232957271379,0.32407106516007433
n75,nominal,mf_nar,40,5,5.0,0.06556874834127399,0.148038827621797
n75,nominal,mf_nar,41,10,10.0,0.1269725677875253,0.07071565557299325
n75,nominal,mf_nar,42,15,15.0,0.17011573761311774,0.2977201530547779
n75,nominal,mf_nar,43,20,20.0,0.27313629962814373,0.15561969555756017
n75,nominal,mf_nar,44,25,25.0,0.08560325096733562,0.332623864960465
n75,nominal,mf_nar,45,5,5.0,0.037556732705441444,0.043499325049280904
n75,nominal,mf_nar,46,10,10.0,0.04360056804280307,0.04167062395322596
n75,nominal,mf_nar,47,15,15.0,0.04924463602686128,0.09488073082044328
n75,nominal,mf_nar,48,20,20.0,0.061947249263179266,0.060289963319063
n75,nominal,mf_nar,49,25,25.0,0.05520203246912867,0.1819418963336356
n75,nominal,mf_nar,50,5,5.0,0.06464104772693736,0.1115024076863692
n75,nominal,mf_nar,51,10,10.0,0.1061907400375857,0.07822104764287344
n75,nominal,mf_nar,52,15,15.0,0.14594201959443942,0.38419537833915635
n75,nominal,mf_nar,53,20,20.0,0.3247159319617053,0.14025419078756687
n75,nominal,mf_nar,54,25,25.0,0.09618234522660388,0.4851331229438484
n75,nominal,mf_nar,55,5,5.0,0.10129747255604984,0.18292139963282483
n75,nominal,mf_nar,56,10,10.0,0.16435945135408164,0.107223697950424
n75,nominal,mf_nar,57,15,15.0,0.23351523325410375,0.41432737449628126
n75,nominal,mf_nar,58,20,20.0,0.4337970382398568,0.2039366029465532
n75,nominal,mf_nar,59,25,25.0,0.137571433960762,0.34383166329877274
n75,nominal,mf_nar,60,5,5.0,0.027809194807435544,0.028392889837587768
n75,nominal,mf_nar,61,10,10.0,0.03376385751429354,0.03302560623019797
n75,nominal,mf_nar,62,15,15.0,0.06472638287800421,0.11837242349881462
n75,nominal,mf_nar,63,20,20.0,0.09895912208822974,0.05917881967881099
n75,nominal,mf_nar,64,25,25.0,0.032306508405576646,0.1966526110183458
n75,nominal,mf_nar,65,5,5.0,0.07333766405647854,0.08016723655592822
n75,nominal,mf_nar,66,10,10.0,0.08429763716173058,0.07797079272131063
n75,nominal,mf_nar,67,15,15.0,0.14387655045817369,0.31603333952164664
n75,nominal,mf_nar,68,20,20.0,0.2713050081144946,0.12547524903696067
n75,nominal,mf_nar,69,25,25.0,0.09371781676772084,0.4252136658761523
n75,nominal,mf_nar,70,5,5.0,0.08715895279312774,0.1426655664842083
n75,nominal,mf_nar,71,10,10.0,0.13480771178358023,0.09571861579270086
n75,nominal,mf_nar,72,15,15.0,0.1801699290495756,0.3422459989961893
n75,nominal,mf_nar,73,20,20.0,0.3279096638054766,0.1768855323058034
n75,nominal,mf_nar,74,25,25.0,0.11806648579826695,0.361321962213825
n75,measured,gp,0,5,5.0,0.0285867300932331,0.1207520063289718
n75,measured,gp,1,10,10.0,0.04758108870069616,0.11400582014011737
n75,measured,gp,2,15,15.384615384615383,0.09970584338151171,0.10446832183801477
n75,measured,gp,3,20,20.0,0.12449860187870826,0.07960164219422122
n75,measured,gp,4,25,25.0,0.06728802355531271,0.11636193858752177
n75,measured,gp,5,5,5.747126436781609,0.04413070420233045,0.12074667386774547
n75,measured,gp,6,10,11.235955056179776,0.06288524587147142,0.11400583586687024
n75,measured,gp,7,15,15.384615384615383,0.08858324894292931,0.10543432788009456
n75,measured,gp,8,20,20.0,0.14464805659401586,0.08186468626078884
n75,measured,gp,9,25,20.83333333333333,0.06458239815053043,0.12465891728059848
n75,measured,gp,10,5,5.0,0.06096340286567238,0.12137757128872939
n75,measured,gp,11,10,10.0,0.10309990786795749,0.11401654259701166
n75,measured,gp,12,15,19.23076923076923,0.11646764333639503,0.1054582487375706
n75,measured,gp,13,20,20.0,0.19816971960190574,0.08793129894318186
n75,measured,gp,14,25,15.384615384615383,0.054410883145570466,0.11636175286073613
n75,measured,gp,15,5,5.555555555555555,0.051198809900038535,0.12073725343002369
n75,measured,gp,16,10,9.70873786407767,0.07477487482962646,0.1140058201401027
n75,measured,gp,17,15,15.384615384615383,0.11404227815252285,0.10446832237319248
n75,measured,gp,18,20,20.0,0.15396210578545416,0.08172384821738815
n75,measured,gp,19,25,23.80952380952381,0.05931999506358712,0.11636214705191768
n75,measured,gp,20,5,5.58659217877095,0.06265781094812338,0.12074989754690475
n75,measured,gp,21,10,11.11111111111111,0.06877412380526063,0.1140058793319014
n75,measured,gp,22,15,14.999999999999998,0.11713961371317501,0.1026367479583875
n75,measured,gp,23,20,20.0,0.1564763730463234,0.08596854936921229
n75,measured,gp,24,25,24.390243902439025,0.06493091158272947,0.11636197096622508
n75,measured,gp,25,5,5.319148936170213,0.06926367781436776,0.12181952843868259
n75,measured,gp,26,10,10.0,0.10133133054775115,0.11401654260807075
n75,measured,gp,27,15,7.8125,0.13889884652540044,0.10420686506622594
n75,measured,gp,28,20,20.0,0.23779048252794935,0.0914921159196065
n75,measured,gp,29,25,23.25581395348837,0.08545289382525174,0.11636987362867188
n75,measured,gp,30,5,5.0,0.009760861316943245,0.12071891784077682
n75,measured,gp,31,10,10.20408163265306,0.014508188418088559,0.11400582014015664
n75,measured,gp,32,15,14.999999999999998,0.03661213381504203,0.10420944161152762
n75,measured,gp,33,20,19.23076923076923,0.05173321710386965,0.06342387054127663
n75,measured,gp,34,25,26.31578947368421,0.033288813695527796,0.11636193638834703
n75,measured,gp,35,5,5.0,0.06215695226201519,0.12073831881989097
n75,measured,gp,36,10,10.0,0.08430580345539967,0.11400582962230642
n75,measured,gp,37,15,15.151515151515152,0.14015088192737288,0.10272353889774716
n75,measured,gp,38,20,20.0,0.18613447552206322,0.09583825393205818
n75,measured,gp,39,25,25.0,0.06196232957271379,0.11636194285456268
n75,measured,gp,40,5,20.40816326530612,0.06556874834127399,0.1206328841878266
n75,measured,gp,41,10,10.0,0.1269725677875253,0.11401674876313313
n75,measured,gp,42,15,16.39344262295082,0.17011573761311774,0.11017337940883384
n75,measured,gp,43,20,15.625,0.27313629962814373,0.1450420852748909
n75,measured,gp,44,25,25.0,0.08560325096733562,0.11636191359677553
n75,measured,gp,45,5,5.0,0.037556732705441444,0.12074632287044626
n75,measured,gp,46,10,10.638297872340424,0.04360056804280307,0.11400582014025197
n75,measured,gp,47,15,14.492753623188406,0.04924463602686128,0.10420509121083205
n75,measured,gp,48,20,20.0,0.061947249263179266,0.06011808230669416
n75,measured,gp,49,25,25.0,0.05520203246912867,0.11636193135465173
n75,measured,gp,50,5,5.0,0.06464104772693736,0.1207562211223429
n75,measured,gp,51,10,10.638297872340424,0.1061907400375857,0.11400636764404316
n75,measured,gp,52,15,14.492753623188406,0.14594201959443942,0.10415568566556224
n75,measured,gp,53,20,20.0,0.3247159319617053,0.11540774780574216
n75,measured,gp,54,25,25.0,0.09618234522660388,0.11636195568585811
n75,measured,gp,55,5,5.0,0.10129747255604984,0.31443551642521045
n75,measured,gp,56,10,10.638297872340424,0.16435945135408164,0.21810820983611173
n75,measured,gp,57,15,10.638297872340424,0.23351523325410375,0.15292170911787
n75,measured,gp,58,20,5.747126436781609,0.4337970382398568,0.11913881454219846
n75,measured,gp,59,25,25.0,0.137571433960762,0.11636193639001347
n75,measured,gp,60,5,5.847953216374269,0.027809194807435544,0.12051484899065039
n75,measured,gp,61,10,10.0,0.03376385751429354,0.11400582014011168
n75,measured,gp,62,15,16.129032258064516,0.06472638287800421,0.11403908253431878
n75,measured,gp,63,20,18.867924528301888,0.09895912208822974,0.061631452739977124
n75,measured,gp,64,25,25.0,0.032306508405576646,0.11636193636944396
n75,measured,gp,65,5,5.617977528089888,0.07333766405647854,0.12073908234721938
n75,measured,gp,66,10,10.638297872340424,0.08429763716173058,0.11400614507960033
n75,measured,gp,67,15,17.094017094017094,0.14387655045817369,0.10337180640817806
n75,measured,gp,68,20,16.129032258064516,0.2713050081144946,0.11313865869785755
n75,measured,gp,69,25,17.54385964912281,0.09371781676772084,0.12424616282457797
n75,measured,gp,70,5,10.638297872340424,0.08715895279312774,0.1208930016639807
n75,measured,gp,71,10,15.384615384615383,0.13480771178358023,0.11313470142736476
n75,measured,gp,72,15,16.39344262295082,0.1801699290495756,0.11137258689229482
n75,measured,gp,73,20,5.747126436781609,0.3279096638054766,0.09468169287363654
n75,measured,gp,74,25,19.607843137254903,0.11806648579826695,0.11636708152344799
n75,measured,lawgp,0,5,5.0,0.0285867300932331,0.04530777748074776
n75,measured,lawgp,1,10,10.0,0.04758108870069616,0.05197284492418947
n75,measured,lawgp,2,15,15.384615384615383,0.09970584338151171,0.04986437995850874
n75,measured,lawgp,3,20,20.0,0.12449860187870826,0.03893230409724132
n75,measured,lawgp,4,25,25.0,0.06728802355531271,0.05232951320453047
n75,measured,lawgp,5,5,5.747126436781609,0.04413070420233045,0.08946567118045178
n75,measured,lawgp,6,10,11.235955056179776,0.06288524587147142,0.10458656480060599
n75,measured,lawgp,7,15,15.384615384615383,0.08858324894292931,0.08325890750018801
n75,measured,lawgp,8,20,20.0,0.14464805659401586,0.07450281525670022
n75,measured,lawgp,9,25,20.83333333333333,0.06458239815053043,0.11919756464223709
n75,measured,lawgp,10,5,5.0,0.06096340286567238,0.1269389202496502
n75,measured,lawgp,11,10,10.0,0.10309990786795749,0.15054553811657248
n75,measured,lawgp,12,15,19.23076923076923,0.11646764333639503,0.13938191249605233
n75,measured,lawgp,13,20,20.0,0.19816971960190574,0.11087815642732801
n75,measured,lawgp,14,25,15.384615384615383,0.054410883145570466,0.16834042773048793
n75,measured,lawgp,15,5,5.555555555555555,0.051198809900038535,0.04655286310319892
n75,measured,lawgp,16,10,9.70873786407767,0.07477487482962646,0.051506420234497904
n75,measured,lawgp,17,15,15.384615384615383,0.11404227815252285,0.049864380668724735
n75,measured,lawgp,18,20,20.0,0.15396210578545416,0.03893230409724207
n75,measured,lawgp,19,25,23.80952380952381,0.05931999506358712,0.05497444623424031
n75,measured,lawgp,20,5,5.58659217877095,0.06265781094812338,0.0887537405961878
n75,measured,lawgp,21,10,11.11111111111111,0.06877412380526063,0.10430087342378655
n75,measured,lawgp,22,15,14.999999999999998,0.11713961371317501,0.09884376175203706
n75,measured,lawgp,23,20,20.0,0.1564763730463234,0.0745028160959828
n75,measured,lawgp,24,25,24.390243902439025,0.06493091158272947,0.10477553110793733
n75,measured,lawgp,25,5,5.319148936170213,0.06926367781436776,0.1290789468500917
n75,measured,lawgp,26,10,10.0,0.10133133054775115,0.15054553811657045
n75,measured,lawgp,27,15,7.8125,0.13889884652540044,0.11632921193537196
n75,measured,lawgp,28,20,20.0,0.23779048252794935,0.11087815626684489
n75,measured,lawgp,29,25,23.25581395348837,0.08545289382525174,0.16294357756464628
n75,measured,lawgp,30,5,5.0,0.009760861316943245,0.06206818391732511
n75,measured,lawgp,31,10,10.20408163265306,0.014508188418088559,0.07281585532843476
n75,measured,lawgp,32,15,14.999999999999998,0.03661213381504203,0.07069106799852985
n75,measured,lawgp,33,20,19.23076923076923,0.05173321710386965,0.05369516379113193
n75,measured,lawgp,34,25,26.31578947368421,0.033288813695527796,0.06321068243540588
n75,measured,lawgp,35,5,5.0,0.06215695226201519,0.11964744509568354
n75,measured,lawgp,36,10,10.0,0.08430580345539967,0.1420664608306503
n75,measured,lawgp,37,15,15.151515151515152,0.14015088192737288,0.1382237623026427
n75,measured,lawgp,38,20,20.0,0.18613447552206322,0.10015440280393183
n75,measured,lawgp,39,25,25.0,0.06196232957271379,0.13204010237629563
n75,measured,lawgp,40,5,20.40816326530612,0.06556874834127399,0.18197854730829874
n75,measured,lawgp,41,10,10.0,0.1269725677875253,0.21175644313100095
n75,measured,lawgp,42,15,16.39344262295082,0.17011573761311774,0.20769293549602985
n75,measured,lawgp,43,20,15.625,0.27313629962814373,0.17346974258642217
n75,measured,lawgp,44,25,25.0,0.08560325096733562,0.19672749214589755
n75,measured,lawgp,45,5,5.0,0.037556732705441444,0.06802713435365873
n75,measured,lawgp,46,10,10.638297872340424,0.04360056804280307,0.07934828528851107
n75,measured,lawgp,47,15,14.492753623188406,0.04924463602686128,0.07672458866639367
n75,measured,lawgp,48,20,20.0,0.061947249263179266,0.05440026283065509
n75,measured,lawgp,49,25,25.0,0.05520203246912867,0.073526760723101
n75,measured,lawgp,50,5,5.0,0.06464104772693736,0.13156534894378907
n75,measured,lawgp,51,10,10.638297872340424,0.1061907400375857,0.14981220485384433
n75,measured,lawgp,52,15,14.492753623188406,0.14594201959443942,0.1510660164882268
n75,measured,lawgp,53,20,20.0,0.3247159319617053,0.10580767084596349
n75,measured,lawgp,54,25,25.0,0.09618234522660388,0.14438819862948563
n75,measured,lawgp,55,5,5.0,0.10129747255604984,0.274413537540522
n75,measured,lawgp,56,10,10.638297872340424,0.16435945135408164,0.2243542327511959
n75,measured,lawgp,57,15,10.638297872340424,0.23351523325410375,0.15113524006415147
n75,measured,lawgp,58,20,5.747126436781609,0.4337970382398568,0.1165738208642051
n75,measured,lawgp,59,25,25.0,0.137571433960762,0.2152496365341435
n75,measured,lawgp,60,5,5.847953216374269,0.027809194807435544,0.06590471509056453
n75,measured,lawgp,61,10,10.0,0.03376385751429354,0.0715067654109995
n75,measured,lawgp,62,15,16.129032258064516,0.06472638287800421,0.09079029564346378
n75,measured,lawgp,63,20,18.867924528301888,0.09895912208822974,0.05020620540295088
n75,measured,lawgp,64,25,25.0,0.032306508405576646,0.07085165758293446
n75,measured,lawgp,65,5,5.617977528089888,0.07333766405647854,0.12585844876113456
n75,measured,lawgp,66,10,10.638297872340424,0.08429763716173058,0.11797657043962458
n75,measured,lawgp,67,15,17.094017094017094,0.14387655045817369,0.13583328540419112
n75,measured,lawgp,68,20,16.129032258064516,0.2713050081144946,0.10767605885546261
n75,measured,lawgp,69,25,17.54385964912281,0.09371781676772084,0.1547004517029361
n75,measured,lawgp,70,5,10.638297872340424,0.08715895279312774,0.2248412286479797
n75,measured,lawgp,71,10,15.384615384615383,0.13480771178358023,0.2142411640810669
n75,measured,lawgp,72,15,16.39344262295082,0.1801699290495756,0.20449615403120036
n75,measured,lawgp,73,20,5.747126436781609,0.3279096638054766,0.10175043182378103
n75,measured,lawgp,74,25,19.607843137254903,0.11806648579826695,0.24134779913876336
n75,measured,prod,0,5,5.0,0.0285867300932331,0.26131234955066207
n75,measured,prod,1,10,10.0,0.04758108870069616,0.11400581445182253
n75,measured,prod,2,15,15.384615384615383,0.09970584338151171,0.10420685544854792
n75,measured,prod,3,20,20.0,0.12449860187870826,0.07768489716157256
n75,measured,prod,4,25,25.0,0.06728802355531271,0.12424972889496684
n75,measured,prod,5,5,5.747126436781609,0.04413070420233045,0.27105617498914236
n75,measured,prod,6,10,11.235955056179776,0.06288524587147142,0.11400592359450844
n75,measured,prod,7,15,15.384615384615383,0.08858324894292931,0.10542938203540299
n75,measured,prod,8,20,20.0,0.14464805659401586,0.0802572646348807
n75,measured,prod,9,25,20.83333333333333,0.06458239815053043,0.154723283862767
n75,measured,prod,10,5,5.0,0.06096340286567238,0.33937316761166836
n75,measured,prod,11,10,10.0,0.10309990786795749,0.1255608193350367
n75,measured,prod,12,15,19.23076923076923,0.11646764333639503,0.10805378195696792
n75,measured,prod,13,20,20.0,0.19816971960190574,0.08596985187229043
n75,measured,prod,14,25,15.384615384615383,0.054410883145570466,0.15325366426871098
n75,measured,prod,15,5,5.555555555555555,0.051198809900038535,0.24918424111961146
n75,measured,prod,16,10,9.70873786407767,0.07477487482962646,0.11400580315416847
n75,measured,prod,17,15,15.384615384615383,0.11404227815252285,0.10420685544854792
n75,measured,prod,18,20,20.0,0.15396210578545416,0.08161967012427718
n75,measured,prod,19,25,23.80952380952381,0.05931999506358712,0.12326544030995544
n75,measured,prod,20,5,5.58659217877095,0.06265781094812338,0.2933021644262038
n75,measured,prod,21,10,11.11111111111111,0.06877412380526063,0.11400588078145568
n75,measured,prod,22,15,14.999999999999998,0.11713961371317501,0.10429416605229073
n75,measured,prod,23,20,20.0,0.1564763730463234,0.08710126839097193
n75,measured,prod,24,25,24.390243902439025,0.06493091158272947,0.15901469556517767
n75,measured,prod,25,5,5.319148936170213,0.06926367781436776,0.3420790380029233
n75,measured,prod,26,10,10.0,0.10133133054775115,0.12556085131414776
n75,measured,prod,27,15,7.8125,0.13889884652540044,0.1042071776626296
n75,measured,prod,28,20,20.0,0.23779048252794935,0.09307537627765952
n75,measured,prod,29,25,23.25581395348837,0.08545289382525174,0.15279858459588058
n75,measured,prod,30,5,5.0,0.009760861316943245,0.273543165723132
n75,measured,prod,31,10,10.20408163265306,0.014508188418088559,0.11400581079463282
n75,measured,prod,32,15,14.999999999999998,0.03661213381504203,0.10420685544858609
n75,measured,prod,33,20,19.23076923076923,0.05173321710386965,0.05730883454868558
n75,measured,prod,34,25,26.31578947368421,0.033288813695527796,0.10954231216199681
n75,measured,prod,35,5,5.0,0.06215695226201519,0.31840823575345134
n75,measured,prod,36,10,10.0,0.08430580345539967,0.11400580989654274
n75,measured,prod,37,15,15.151515151515152,0.14015088192737288,0.10472281423933208
n75,measured,prod,38,20,20.0,0.18613447552206322,0.09169054234756968
n75,measured,prod,39,25,25.0,0.06196232957271379,0.1874396535978163
n75,measured,prod,40,5,20.40816326530612,0.06556874834127399,0.18066385131475954
n75,measured,prod,41,10,10.0,0.1269725677875253,0.14432009401478402
n75,measured,prod,42,15,16.39344262295082,0.17011573761311774,0.10987216331378567
n75,measured,prod,43,20,15.625,0.27313629962814373,0.14397717506512853
n75,measured,prod,44,25,25.0,0.08560325096733562,0.14103222325879264
n75,measured,prod,45,5,5.0,0.037556732705441444,0.2735465845682129
n75,measured,prod,46,10,10.638297872340424,0.04360056804280307,0.11400576179093036
n75,measured,prod,47,15,14.492753623188406,0.04924463602686128,0.10420685544852991
n75,measured,prod,48,20,20.0,0.061947249263179266,0.060206317176303384
n75,measured,prod,49,25,25.0,0.05520203246912867,0.09853765562378476
n75,measured,prod,50,5,5.0,0.06464104772693736,0.31841192571426674
n75,measured,prod,51,10,10.638297872340424,0.1061907400375857,0.11400584966134952
n75,measured,prod,52,15,14.492753623188406,0.14594201959443942,0.10421405077253434
n75,measured,prod,53,20,20.0,0.3247159319617053,0.11873633220483015
n75,measured,prod,54,25,25.0,0.09618234522660388,0.20807445316491557
n75,measured,prod,55,5,5.0,0.10129747255604984,0.3544515474729872
n75,measured,prod,56,10,10.638297872340424,0.16435945135408164,0.22343242551271986
n75,measured,prod,57,15,10.638297872340424,0.23351523325410375,0.15515515563317825
n75,measured,prod,58,20,5.747126436781609,0.4337970382398568,0.12319723507934716
n75,measured,prod,59,25,25.0,0.137571433960762,0.13301275300891297
n75,measured,prod,60,5,5.847953216374269,0.027809194807435544,0.2351110521641754
n75,measured,prod,61,10,10.0,0.03376385751429354,0.11400579244651438
n75,measured,prod,62,15,16.129032258064516,0.06472638287800421,0.10420685545814985
n75,measured,prod,63,20,18.867924528301888,0.09895912208822974,0.059371458389585546
n75,measured,prod,64,25,25.0,0.032306508405576646,0.10085568502171414
n75,measured,prod,65,5,5.617977528089888,0.07333766405647854,0.2918618060098594
n75,measured,prod,66,10,10.638297872340424,0.08429763716173058,0.11400583791525082
n75,measured,prod,67,15,17.094017094017094,0.14387655045817369,0.10339906476152817
n75,measured,prod,68,20,16.129032258064516,0.2713050081144946,0.11331435514626073
n75,measured,prod,69,25,17.54385964912281,0.09371781676772084,0.19676581143788624
n75,measured,prod,70,5,10.638297872340424,0.08715895279312774,0.13637350392239478
n75,measured,prod,71,10,15.384615384615383,0.13480771178358023,0.1504971138483185
n75,measured,prod,72,15,16.39344262295082,0.1801699290495756,0.10699168367079706
n75,measured,prod,73,20,5.747126436781609,0.3279096638054766,0.09305801891825415
n75,measured,prod,74,25,19.607843137254903,0.11806648579826695,0.14163947703984986
n75,measured,lorspec,0,5,5.0,0.0285867300932331,0.10967276165638236
n75,measured,lorspec,1,10,10.0,0.04758108870069616,0.0830540733272026
n75,measured,lorspec,2,15,15.384615384615383,0.09970584338151171,0.10421489919521625
n75,measured,lorspec,3,20,20.0,0.12449860187870826,0.07138256400646918
n75,measured,lorspec,4,25,25.0,0.06728802355531271,0.11636184488049975
n75,measured,lorspec,5,5,5.747126436781609,0.04413070420233045,0.11035196763667118
n75,measured,lorspec,6,10,11.235955056179776,0.06288524587147142,0.10366026970269711
n75,measured,lorspec,7,15,15.384615384615383,0.08858324894292931,0.10774184027388635
n75,measured,lorspec,8,20,20.0,0.14464805659401586,0.07550569325805437
n75,measured,lorspec,9,25,20.83333333333333,0.06458239815053043,0.12971369518399717
n75,measured,lorspec,10,5,5.0,0.06096340286567238,0.19999533488673318
n75,measured,lorspec,11,10,10.0,0.10309990786795749,0.0896614875479347
n75,measured,lorspec,12,15,19.23076923076923,0.11646764333639503,0.11510777724160833
n75,measured,lorspec,13,20,20.0,0.19816971960190574,0.08272016876910918
n75,measured,lorspec,14,25,15.384615384615383,0.054410883145570466,0.15261518583176803
n75,measured,lorspec,15,5,5.555555555555555,0.051198809900038535,0.10745555208244491
n75,measured,lorspec,16,10,9.70873786407767,0.07477487482962646,0.07993399141744101
n75,measured,lorspec,17,15,15.384615384615383,0.11404227815252285,0.10421489921432109
n75,measured,lorspec,18,20,20.0,0.15396210578545416,0.07638963075177227
n75,measured,lorspec,19,25,23.80952380952381,0.05931999506358712,0.11636079585751695
n75,measured,lorspec,20,5,5.58659217877095,0.06265781094812338,0.11088613100052165
n75,measured,lorspec,21,10,11.11111111111111,0.06877412380526063,0.10609457641204414
n75,measured,lorspec,22,15,14.999999999999998,0.11713961371317501,0.1050518641393501
n75,measured,lorspec,23,20,20.0,0.1564763730463234,0.08288666221207741
n75,measured,lorspec,24,25,24.390243902439025,0.06493091158272947,0.11636905134131309
n75,measured,lorspec,25,5,5.319148936170213,0.06926367781436776,0.20874531380600517
n75,measured,lorspec,26,10,10.0,0.10133133054775115,0.09114067684849124
n75,measured,lorspec,27,15,7.8125,0.13889884652540044,0.10415202829360373
n75,measured,lorspec,28,20,20.0,0.23779048252794935,0.09011112653342535
n75,measured,lorspec,29,25,23.25581395348837,0.08545289382525174,0.11630997419405897
n75,measured,lorspec,30,5,5.0,0.009760861316943245,0.10379685089170047
n75,measured,lorspec,31,10,10.20408163265306,0.014508188418088559,0.06995417191104847
n75,measured,lorspec,32,15,14.999999999999998,0.03661213381504203,0.10421091762375131
n75,measured,lorspec,33,20,19.23076923076923,0.05173321710386965,0.04938958640426361
n75,measured,lorspec,34,25,26.31578947368421,0.033288813695527796,0.11636193075811435
n75,measured,lorspec,35,5,5.0,0.06215695226201519,0.11416794446637682
n75,measured,lorspec,36,10,10.0,0.08430580345539967,0.11097484328974083
n75,measured,lorspec,37,15,15.151515151515152,0.14015088192737288,0.10740126936571247
n75,measured,lorspec,38,20,20.0,0.18613447552206322,0.08006077732646542
n75,measured,lorspec,39,25,25.0,0.06196232957271379,0.11636389083647039
n75,measured,lorspec,40,5,20.40816326530612,0.06556874834127399,0.18675034280629685
n75,measured,lorspec,41,10,10.0,0.1269725677875253,0.1534456976822957
n75,measured,lorspec,42,15,16.39344262295082,0.17011573761311774,0.11929605945605717
n75,measured,lorspec,43,20,15.625,0.27313629962814373,0.14406265632682455
n75,measured,lorspec,44,25,25.0,0.08560325096733562,0.11636064655078533
n75,measured,lorspec,45,5,5.0,0.037556732705441444,0.10348158876216916
n75,measured,lorspec,46,10,10.638297872340424,0.04360056804280307,0.07666711723015632
n75,measured,lorspec,47,15,14.492753623188406,0.04924463602686128,0.10420846824619015
n75,measured,lorspec,48,20,20.0,0.061947249263179266,0.0520170134777738
n75,measured,lorspec,49,25,25.0,0.05520203246912867,0.11636184485366736
n75,measured,lorspec,50,5,5.0,0.06464104772693736,0.11647016964285806
n75,measured,lorspec,51,10,10.638297872340424,0.1061907400375857,0.15299822894908655
n75,measured,lorspec,52,15,14.492753623188406,0.14594201959443942,0.10444050606370019
n75,measured,lorspec,53,20,20.0,0.3247159319617053,0.1083150828628681
n75,measured,lorspec,54,25,25.0,0.09618234522660388,0.11636389085054286
n75,measured,lorspec,55,5,5.0,0.10129747255604984,0.3377073311381733
n75,measured,lorspec,56,10,10.638297872340424,0.16435945135408164,0.23351516147104134
n75,measured,lorspec,57,15,10.638297872340424,0.23351523325410375,0.15485382138215892
n75,measured,lorspec,58,20,5.747126436781609,0.4337970382398568,0.12605531334300893
n75,measured,lorspec,59,25,25.0,0.137571433960762,0.11636064654832401
n75,measured,lorspec,60,5,5.847953216374269,0.027809194807435544,0.1006491708208904
n75,measured,lorspec,61,10,10.0,0.03376385751429354,0.07988886405307438
n75,measured,lorspec,62,15,16.129032258064516,0.06472638287800421,0.1045290184724711
n75,measured,lorspec,63,20,18.867924528301888,0.09895912208822974,0.0549021938220972
n75,measured,lorspec,64,25,25.0,0.032306508405576646,0.11636184484657934
n75,measured,lorspec,65,5,5.617977528089888,0.07333766405647854,0.1146328404268209
n75,measured,lorspec,66,10,10.638297872340424,0.08429763716173058,0.10542575102519666
n75,measured,lorspec,67,15,17.094017094017094,0.14387655045817369,0.1084704034436356
n75,measured,lorspec,68,20,16.129032258064516,0.2713050081144946,0.11802930288651992
n75,measured,lorspec,69,25,17.54385964912281,0.09371781676772084,0.12571190607440424
n75,measured,lorspec,70,5,10.638297872340424,0.08715895279312774,0.18120393991870198
n75,measured,lorspec,71,10,15.384615384615383,0.13480771178358023,0.14501309639177096
n75,measured,lorspec,72,15,16.39344262295082,0.1801699290495756,0.11242511465555317
n75,measured,lorspec,73,20,5.747126436781609,0.3279096638054766,0.09465214435913336
n75,measured,lorspec,74,25,19.607843137254903,0.11806648579826695,0.14637414141733157
n75,measured,tr_lor_mean,0,5,5.0,0.0285867300932331,0.08654686172103453
n75,measured,tr_lor_mean,1,10,10.0,0.04758108870069616,0.027518862076365145
n75,measured,tr_lor_mean,2,15,15.384615384615383,0.09970584338151171,0.010583091278920558
n75,measured,tr_lor_mean,3,20,20.0,0.12449860187870826,0.005713284896009891
n75,measured,tr_lor_mean,4,25,25.0,0.06728802355531271,0.0037197736171152088
n75,measured,tr_lor_mean,5,5,5.747126436781609,0.04413070420233045,0.1724313035314854
n75,measured,tr_lor_mean,6,10,11.235955056179776,0.06288524587147142,0.04444232830997419
n75,measured,tr_lor_mean,7,15,15.384615384615383,0.08858324894292931,0.021166182557841116
n75,measured,tr_lor_mean,8,20,20.0,0.14464805659401586,0.011426569792019782
n75,measured,tr_lor_mean,9,25,20.83333333333333,0.06458239815053043,0.011417934334602281
n75,measured,tr_lor_mean,10,5,5.0,0.06096340286567238,0.2596405851631036
n75,measured,tr_lor_mean,11,10,10.0,0.10309990786795749,0.08255658622909542
n75,measured,tr_lor_mean,12,15,19.23076923076923,0.11646764333639503,0.01884353100687149
n75,measured,tr_lor_mean,13,20,20.0,0.19816971960190574,0.01713985468802967
n75,measured,tr_lor_mean,14,25,15.384615384615383,0.054410883145570466,0.03485228643768088
n75,measured,tr_lor_mean,15,5,5.555555555555555,0.051198809900038535,0.08657755769419735
n75,measured,tr_lor_mean,16,10,9.70873786407767,0.07477487482962646,0.028910405348501773
n75,measured,tr_lor_mean,17,15,15.384615384615383,0.11404227815252285,0.010583091278920558
n75,measured,tr_lor_mean,18,20,20.0,0.15396210578545416,0.005713284896009891
n75,measured,tr_lor_mean,19,25,23.80952380952381,0.05931999506358712,0.004169944348249252
n75,measured,tr_lor_mean,20,5,5.58659217877095,0.06265781094812338,0.17306344579753674
n75,measured,tr_lor_mean,21,10,11.11111111111111,0.06877412380526063,0.04541756152662373
n75,measured,tr_lor_mean,22,15,14.999999999999998,0.11713961371317501,0.022432141128945326
n75,measured,tr_lor_mean,23,20,20.0,0.1564763730463234,0.011426569792019782
n75,measured,tr_lor_mean,24,25,24.390243902439025,0.06493091158272947,0.00788199878491781
n75,measured,tr_lor_mean,25,5,5.319148936170213,0.06926367781436776,0.2602861270671846
n75,measured,tr_lor_mean,26,10,10.0,0.10133133054775115,0.08255658622909542
n75,measured,tr_lor_mean,27,15,7.8125,0.13889884652540044,0.10869450730097513
n75,measured,tr_lor_mean,28,20,20.0,0.23779048252794935,0.01713985468802967
n75,measured,tr_lor_mean,29,25,23.25581395348837,0.08545289382525174,0.0132200251449536
n75,measured,tr_lor_mean,30,5,5.0,0.009760861316943245,0.12780132498983848
n75,measured,tr_lor_mean,31,10,10.20408163265306,0.014508188418088559,0.046049185135202675
n75,measured,tr_lor_mean,32,15,14.999999999999998,0.03661213381504203,0.018301369061115607
n75,measured,tr_lor_mean,33,20,19.23076923076923,0.05173321710386965,0.008640452792961315
n75,measured,tr_lor_mean,34,25,26.31578947368421,0.033288813695527796,0.005395615413997643
n75,measured,tr_lor_mean,35,5,5.0,0.06215695226201519,0.25560264997967697
n75,measured,tr_lor_mean,36,10,10.0,0.08430580345539967,0.09537294474370424
n75,measured,tr_lor_mean,37,15,15.151515151515152,0.14015088192737288,0.03576985803217824
n75,measured,tr_lor_mean,38,20,20.0,0.18613447552206322,0.015754213162333424
n75,measured,tr_lor_mean,39,25,25.0,0.06196232957271379,0.012163245071232646
n75,measured,tr_lor_mean,40,5,20.40816326530612,0.06556874834127399,0.04856240369497531
n75,measured,tr_lor_mean,41,10,10.0,0.1269725677875253,0.1430594171155564
n75,measured,tr_lor_mean,42,15,16.39344262295082,0.17011573761311774,0.044720148288653394
n75,measured,tr_lor_mean,43,20,15.625,0.27313629962814373,0.042141328159352
n75,measured,tr_lor_mean,44,25,25.0,0.08560325096733562,0.018244867606848965
n75,measured,tr_lor_mean,45,5,5.0,0.037556732705441444,0.14291307662512867
n75,measured,tr_lor_mean,46,10,10.638297872340424,0.04360056804280307,0.05138344870174625
n75,measured,tr_lor_mean,47,15,14.492753623188406,0.04924463602686128,0.024193135650722394
n75,measured,tr_lor_mean,48,20,20.0,0.061947249263179266,0.009214249917107044
n75,measured,tr_lor_mean,49,25,25.0,0.05520203246912867,0.007284647515415861
n75,measured,tr_lor_mean,50,5,5.0,0.06464104772693736,0.28582615325025734
n75,measured,tr_lor_mean,51,10,10.638297872340424,0.1061907400375857,0.1027668974034925
n75,measured,tr_lor_mean,52,15,14.492753623188406,0.14594201959443942,0.04838627130144479
n75,measured,tr_lor_mean,53,20,20.0,0.3247159319617053,0.018428499834214088
n75,measured,tr_lor_mean,54,25,25.0,0.09618234522660388,0.014569295030831722
n75,measured,tr_lor_mean,55,5,5.0,0.10129747255604984,0.428739229875386
n75,measured,tr_lor_mean,56,10,10.638297872340424,0.16435945135408164,0.15415034610523873
n75,measured,tr_lor_mean,57,15,10.638297872340424,0.23351523325410375,0.13858951371447029
n75,measured,tr_lor_mean,58,20,5.747126436781609,0.4337970382398568,0.2072900039672397
n75,measured,tr_lor_mean,59,25,25.0,0.137571433960762,0.021853942546247583
n75,measured,tr_lor_mean,60,5,5.847953216374269,0.027809194807435544,0.1309732037555236
n75,measured,tr_lor_mean,61,10,10.0,0.03376385751429354,0.056525157278483715
n75,measured,tr_lor_mean,62,15,16.129032258064516,0.06472638287800421,0.019814437294971957
n75,measured,tr_lor_mean,63,20,18.867924528301888,0.09895912208822974,0.011156951510712462
n75,measured,tr_lor_mean,64,25,25.0,0.032306508405576646,0.0073288485565138235
n75,measured,tr_lor_mean,65,5,5.617977528089888,0.07333766405647854,0.2635614196770078
n75,measured,tr_lor_mean,66,10,10.638297872340424,0.08429763716173058,0.10127959185784004
n75,measured,tr_lor_mean,67,15,17.094017094017094,0.14387655045817369,0.034606514583074184
n75,measured,tr_lor_mean,68,20,16.129032258064516,0.2713050081144946,0.03222523482644763
n75,measured,tr_lor_mean,69,25,17.54385964912281,0.09371781676772084,0.03372204137713616
n75,measured,tr_lor_mean,70,5,10.638297872340424,0.08715895279312774,0.2125905421779124
n75,measured,tr_lor_mean,71,10,15.384615384615383,0.13480771178358023,0.06941532941180774
n75,measured,tr_lor_mean,72,15,16.39344262295082,0.1801699290495756,0.05723763271436552
n75,measured,tr_lor_mean,73,20,5.747126436781609,0.3279096638054766,0.21877376988145367
n75,measured,tr_lor_mean,74,25,19.607843137254903,0.11806648579826695,0.038930787475252374
n75,measured,tr_lor_gp,0,5,5.0,0.0285867300932331,0.13200023791762783
n75,measured,tr_lor_gp,1,10,10.0,0.04758108870069616,0.08359657044168585
n75,measured,tr_lor_gp,2,15,15.384615384615383,0.09970584338151171,0.05963831442497652
n75,measured,tr_lor_gp,3,20,20.0,0.12449860187870826,0.0806288865138104
n75,measured,tr_lor_gp,4,25,25.0,0.06728802355531271,0.04659953803827411
n75,measured,tr_lor_gp,5,5,5.747126436781609,0.04413070420233045,0.2178596117139771
n75,measured,tr_lor_gp,6,10,11.235955056179776,0.06288524587147142,0.10420538640398595
n75,measured,tr_lor_gp,7,15,15.384615384615383,0.08858324894292931,0.06746798744498379
n75,measured,tr_lor_gp,8,20,20.0,0.14464805659401586,0.08634203100988516
n75,measured,tr_lor_gp,9,25,20.83333333333333,0.06458239815053043,0.08263743295606635
n75,measured,tr_lor_gp,10,5,5.0,0.06096340286567238,0.30096429615064324
n75,measured,tr_lor_gp,11,10,10.0,0.10309990786795749,0.14455130569187108
n75,measured,tr_lor_gp,12,15,19.23076923076923,0.11646764333639503,0.07474960993415065
n75,measured,tr_lor_gp,13,20,20.0,0.19816971960190574,0.09205508583063242
n75,measured,tr_lor_gp,14,25,15.384615384615383,0.054410883145570466,0.07773231576763115
n75,measured,tr_lor_gp,15,5,5.555555555555555,0.051198809900038535,0.13203855229211217
n75,measured,tr_lor_gp,16,10,9.70873786407767,0.07477487482962646,0.08431538312054544
n75,measured,tr_lor_gp,17,15,15.384615384615383,0.11404227815252285,0.059638448276906675
n75,measured,tr_lor_gp,18,20,20.0,0.15396210578545416,0.0807784320725063
n75,measured,tr_lor_gp,19,25,23.80952380952381,0.05931999506358712,0.04705280421216052
n75,measured,tr_lor_gp,20,5,5.58659217877095,0.06265781094812338,0.21849690080945808
n75,measured,tr_lor_gp,21,10,11.11111111111111,0.06877412380526063,0.10672514049845426
n75,measured,tr_lor_gp,22,15,14.999999999999998,0.11713961371317501,0.047816217595218154
n75,measured,tr_lor_gp,23,20,20.0,0.1564763730463234,0.08649157666461962
n75,measured,tr_lor_gp,24,25,24.390243902439025,0.06493091158272947,0.05076216841485144
n75,measured,tr_lor_gp,25,5,5.319148936170213,0.06926367781436776,0.2987632712676319
n75,measured,tr_lor_gp,26,10,10.0,0.10133133054775115,0.14464922571546035
n75,measured,tr_lor_gp,27,15,7.8125,0.13889884652540044,0.15117214575803242
n75,measured,tr_lor_gp,28,20,20.0,0.23779048252794935,0.0922046312196246
n75,measured,tr_lor_gp,29,25,23.25581395348837,0.08545289382525174,0.05613471257295159
n75,measured,tr_lor_gp,30,5,5.0,0.009760861316943245,0.17319963263156188
n75,measured,tr_lor_gp,31,10,10.20408163265306,0.014508188418088559,0.1030610818278041
n75,measured,tr_lor_gp,32,15,14.999999999999998,0.03661213381504203,0.05944214382318082
n75,measured,tr_lor_gp,33,20,19.23076923076923,0.05173321710386965,0.08167785086378039
n75,measured,tr_lor_gp,34,25,26.31578947368421,0.033288813695527796,0.04827532752807479
n75,measured,tr_lor_gp,35,5,5.0,0.06215695226201519,0.30097106839364307
n75,measured,tr_lor_gp,36,10,10.0,0.08430580345539967,0.15695836688886794
n75,measured,tr_lor_gp,37,15,15.151515151515152,0.14015088192737288,0.07704073916243925
n75,measured,tr_lor_gp,38,20,20.0,0.18613447552206322,0.08354983938853956
n75,measured,tr_lor_gp,39,25,25.0,0.06196232957271379,0.05504302634617335
n75,measured,tr_lor_gp,40,5,20.40816326530612,0.06556874834127399,0.09393406091276885
n75,measured,tr_lor_gp,41,10,10.0,0.1269725677875253,0.21039772865240777
n75,measured,tr_lor_gp,42,15,16.39344262295082,0.17011573761311774,0.13320033451365174
n75,measured,tr_lor_gp,43,20,15.625,0.27313629962814373,0.12041708568568502
n75,measured,tr_lor_gp,44,25,25.0,0.08560325096733562,0.061124564113639014
n75,measured,tr_lor_gp,45,5,5.0,0.037556732705441444,0.1883446889621001
n75,measured,tr_lor_gp,46,10,10.638297872340424,0.04360056804280307,0.10492326293573179
n75,measured,tr_lor_gp,47,15,14.492753623188406,0.04924463602686128,0.06601252640688166
n75,measured,tr_lor_gp,48,20,20.0,0.061947249263179266,0.08181459481821662
n75,measured,tr_lor_gp,49,25,25.0,0.05520203246912867,0.05016436345726245
n75,measured,tr_lor_gp,50,5,5.0,0.06464104772693736,0.33125478106275724
n75,measured,tr_lor_gp,51,10,10.638297872340424,0.1061907400375857,0.1594806860852264
n75,measured,tr_lor_gp,52,15,14.492753623188406,0.14594201959443942,0.0893920849902154
n75,measured,tr_lor_gp,53,20,20.0,0.3247159319617053,0.09102935491697113
n75,measured,tr_lor_gp,54,25,25.0,0.09618234522660388,0.05744915212510791
n75,measured,tr_lor_gp,55,5,5.0,0.10129747255604984,0.4500919396804414
n75,measured,tr_lor_gp,56,10,10.638297872340424,0.16435945135408164,0.23091524051193343
n75,measured,tr_lor_gp,57,15,10.638297872340424,0.23351523325410375,0.15899361869372008
n75,measured,tr_lor_gp,58,20,5.747126436781609,0.4337970382398568,0.16029510618455278
n75,measured,tr_lor_gp,59,25,25.0,0.137571433960762,0.0647336546791824
n75,measured,tr_lor_gp,60,5,5.847953216374269,0.027809194807435544,0.176117587883973
n75,measured,tr_lor_gp,61,10,10.0,0.03376385751429354,0.1069178963239405
n75,measured,tr_lor_gp,62,15,16.129032258064516,0.06472638287800421,0.16483934082549642
n75,measured,tr_lor_gp,63,20,18.867924528301888,0.09895912208822974,0.09729888921312847
n75,measured,tr_lor_gp,64,25,25.0,0.032306508405576646,0.05020856110802524
n75,measured,tr_lor_gp,65,5,5.617977528089888,0.07333766405647854,0.3089405156046385
n75,measured,tr_lor_gp,66,10,10.638297872340424,0.08429763716173058,0.108458457545462
n75,measured,tr_lor_gp,67,15,17.094017094017094,0.14387655045817369,0.08801588859936119
n75,measured,tr_lor_gp,68,20,16.129032258064516,0.2713050081144946,0.11469020001126956
n75,measured,tr_lor_gp,69,25,17.54385964912281,0.09371781676772084,0.10501457833452546
n75,measured,tr_lor_gp,70,5,10.638297872340424,0.08715895279312774,0.25790874311086953
n75,measured,tr_lor_gp,71,10,15.384615384615383,0.13480771178358023,0.18013404927094567
n75,measured,tr_lor_gp,72,15,16.39344262295082,0.1801699290495756,0.17548236139297965
n75,measured,tr_lor_gp,73,20,5.747126436781609,0.3279096638054766,0.1716479721645287
n75,measured,tr_lor_gp,74,25,19.607843137254903,0.11806648579826695,0.08182957077404891
n75,measured,tr_pow_mean,0,5,5.0,0.0285867300932331,0.03380752176151205
n75,measured,tr_pow_mean,1,10,10.0,0.04758108870069616,0.04038391542428167
n75,measured,tr_pow_mean,2,15,15.384615384615383,0.09970584338151171,0.04317665908900148
n75,measured,tr_pow_mean,3,20,20.0,0.12449860187870826,0.03889195695150489
n75,measured,tr_pow_mean,4,25,25.0,0.06728802355531271,0.05810717717511111
n75,measured,tr_pow_mean,5,5,5.747126436781609,0.04413070420233045,0.07033791115413668
n75,measured,tr_pow_mean,6,10,11.235955056179776,0.06288524587147142,0.08348072672790481
n75,measured,tr_pow_mean,7,15,15.384615384615383,0.08858324894292931,0.08635331817800296
n75,measured,tr_pow_mean,8,20,20.0,0.14464805659401586,0.07778391390300977
n75,measured,tr_pow_mean,9,25,20.83333333333333,0.06458239815053043,0.1103601027225046
n75,measured,tr_pow_mean,10,5,5.0,0.06096340286567238,0.10142256528453615
n75,measured,tr_pow_mean,11,10,10.0,0.10309990786795749,0.12115174627284502
n75,measured,tr_pow_mean,12,15,19.23076923076923,0.11646764333639503,0.13798885990498053
n75,measured,tr_pow_mean,13,20,20.0,0.19816971960190574,0.11667587085451467
n75,measured,tr_pow_mean,14,25,15.384615384615383,0.054410883145570466,0.15190590314237337
n75,measured,tr_pow_mean,15,5,5.555555555555555,0.051198809900038535,0.034832565789237394
n75,measured,tr_pow_mean,16,10,9.70873786407767,0.07477487482962646,0.040046918487776605
n75,measured,tr_pow_mean,17,15,15.384615384615383,0.11404227815252285,0.04317665908900148
n75,measured,tr_pow_mean,18,20,20.0,0.15396210578545416,0.03889195695150489
n75,measured,tr_pow_mean,19,25,23.80952380952381,0.05931999506358712,0.05730897841202573
n75,measured,tr_pow_mean,20,5,5.58659217877095,0.06265781094812338,0.06977524600491807
n75,measured,tr_pow_mean,21,10,11.11111111111111,0.06877412380526063,0.08321671140324226
n75,measured,tr_pow_mean,22,15,14.999999999999998,0.11713961371317501,0.08573573341967912
n75,measured,tr_pow_mean,23,20,20.0,0.1564763730463234,0.07778391390300977
n75,measured,tr_pow_mean,24,25,24.390243902439025,0.06493091158272947,0.11540366084131169
n75,measured,tr_pow_mean,25,5,5.319148936170213,0.06926367781436776,0.10321736661598835
n75,measured,tr_pow_mean,26,10,10.0,0.10133133054775115,0.12115174627284502
n75,measured,tr_pow_mean,27,15,7.8125,0.13889884652540044,0.10689021816868849
n75,measured,tr_pow_mean,28,20,20.0,0.23779048252794935,0.11667587085451467
n75,measured,tr_pow_mean,29,25,23.25581395348837,0.08545289382525174,0.17078385591632717
n75,measured,tr_pow_mean,30,5,5.0,0.009760861316943245,0.04472501912190905
n75,measured,tr_pow_mean,31,10,10.20408163265306,0.014508188418088559,0.05147002286461262
n75,measured,tr_pow_mean,32,15,14.999999999999998,0.03661213381504203,0.05412981714127167
n75,measured,tr_pow_mean,33,20,19.23076923076923,0.05173321710386965,0.046704076281207436
n75,measured,tr_pow_mean,34,25,26.31578947368421,0.033288813695527796,0.07778143229776091
n75,measured,tr_pow_mean,35,5,5.0,0.06215695226201519,0.0894500382438181
n75,measured,tr_pow_mean,36,10,10.0,0.08430580345539967,0.1023521505259958
n75,measured,tr_pow_mean,37,15,15.151515151515152,0.14015088192737288,0.10856853226335486
n75,measured,tr_pow_mean,38,20,20.0,0.18613447552206322,0.09445255059798977
n75,measured,tr_pow_mean,39,25,25.0,0.06196232957271379,0.1533171126330431
n75,measured,tr_pow_mean,40,5,20.40816326530612,0.06556874834127399,0.19991326817198043
n75,measured,tr_pow_mean,41,10,10.0,0.1269725677875253,0.1535282257889937
n75,measured,tr_pow_mean,42,15,16.39344262295082,0.17011573761311774,0.16653090200348616
n75,measured,tr_pow_mean,43,20,15.625,0.27313629962814373,0.1321025500357367
n75,measured,tr_pow_mean,44,25,25.0,0.08560325096733562,0.22997566894956462
n75,measured,tr_pow_mean,45,5,5.0,0.037556732705441444,0.04998409401017693
n75,measured,tr_pow_mean,46,10,10.638297872340424,0.04360056804280307,0.05892448432406244
n75,measured,tr_pow_mean,47,15,14.492753623188406,0.04924463602686128,0.06033133350474854
n75,measured,tr_pow_mean,48,20,20.0,0.061947249263179266,0.051651388869103296
n75,measured,tr_pow_mean,49,25,25.0,0.05520203246912867,0.08491082771579556
n75,measured,tr_pow_mean,50,5,5.0,0.06464104772693736,0.09996818802035386
n75,measured,tr_pow_mean,51,10,10.638297872340424,0.1061907400375857,0.11784896864812489
n75,measured,tr_pow_mean,52,15,14.492753623188406,0.14594201959443942,0.12066266700949708
n75,measured,tr_pow_mean,53,20,20.0,0.3247159319617053,0.10330277773820659
n75,measured,tr_pow_mean,54,25,25.0,0.09618234522660388,0.1698216554315911
n75,measured,tr_pow_mean,55,5,5.0,0.10129747255604984,0.1499522820305308
n75,measured,tr_pow_mean,56,10,10.638297872340424,0.16435945135408164,0.17677345297218733
n75,measured,tr_pow_mean,57,15,10.638297872340424,0.23351523325410375,0.16580457077007457
n75,measured,tr_pow_mean,58,20,5.747126436781609,0.4337970382398568,0.10880953362311589
n75,measured,tr_pow_mean,59,25,25.0,0.137571433960762,0.2547324831473867
n75,measured,tr_pow_mean,60,5,5.847953216374269,0.027809194807435544,0.05183648283485185
n75,measured,tr_pow_mean,61,10,10.0,0.03376385751429354,0.06055530688426533
n75,measured,tr_pow_mean,62,15,16.129032258064516,0.06472638287800421,0.06456091485422463
n75,measured,tr_pow_mean,63,20,18.867924528301888,0.09895912208822974,0.05131262035816077
n75,measured,tr_pow_mean,64,25,25.0,0.032306508405576646,0.08286399137293318
n75,measured,tr_pow_mean,65,5,5.617977528089888,0.07333766405647854,0.10250047878712698
n75,measured,tr_pow_mean,66,10,10.638297872340424,0.08429763716173058,0.12325382016678073
n75,measured,tr_pow_mean,67,15,17.094017094017094,0.14387655045817369,0.13126651702008899
n75,measured,tr_pow_mean,68,20,16.129032258064516,0.2713050081144946,0.09816202991495335
n75,measured,tr_pow_mean,69,25,17.54385964912281,0.09371781676772084,0.14989589148239785
n75,measured,tr_pow_mean,70,5,10.638297872340424,0.08715895279312774,0.1842590201734028
n75,measured,tr_pow_mean,71,10,15.384615384615383,0.13480771178358023,0.20526364744177597
n75,measured,tr_pow_mean,72,15,16.39344262295082,0.1801699290495756,0.1945776473557471
n75,measured,tr_pow_mean,73,20,5.747126436781609,0.3279096638054766,0.10989635425577944
n75,measured,tr_pow_mean,74,25,19.607843137254903,0.11806648579826695,0.23204661617523833
n75,measured,tr_pow_gp,0,5,5.0,0.0285867300932331,0.038255314872974996
n75,measured,tr_pow_gp,1,10,10.0,0.04758108870069616,0.04472449071313867
n75,measured,tr_pow_gp,2,15,15.384615384615383,0.09970584338151171,0.032320696985454256
n75,measured,tr_pow_gp,3,20,20.0,0.12449860187870826,0.04241825653473194
n75,measured,tr_pow_gp,4,25,25.0,0.06728802355531271,0.05909988646148061
n75,measured,tr_pow_gp,5,5,5.747126436781609,0.04413070420233045,0.0747783324302767
n75,measured,tr_pow_gp,6,10,11.235955056179776,0.06288524587147142,0.08782131458719347
n75,measured,tr_pow_gp,7,15,15.384615384615383,0.08858324894292931,0.04526739700246133
n75,measured,tr_pow_gp,8,20,20.0,0.14464805659401586,0.08131021348533947
n75,measured,tr_pow_gp,9,25,20.83333333333333,0.06458239815053043,0.11353123157643304
n75,measured,tr_pow_gp,10,5,5.0,0.06096340286567238,0.14182201031506672
n75,measured,tr_pow_gp,11,10,10.0,0.10309990786795749,0.12549232447674682
n75,measured,tr_pow_gp,12,15,19.23076923076923,0.11646764333639503,0.13987410689974947
n75,measured,tr_pow_gp,13,20,20.0,0.19816971960190574,0.12020217043682474
n75,measured,tr_pow_gp,14,25,15.384615384615383,0.054410883145570466,0.15289861253964374
n75,measured,tr_pow_gp,15,5,5.555555555555555,0.051198809900038535,0.039288935637514885
n75,measured,tr_pow_gp,16,10,9.70873786407767,0.07477487482962646,0.044387491257226304
n75,measured,tr_pow_gp,17,15,15.384615384615383,0.11404227815252285,0.03253248380980432
n75,measured,tr_pow_gp,18,20,20.0,0.15396210578545416,0.04241825653473195
n75,measured,tr_pow_gp,19,25,23.80952380952381,0.05931999506358712,0.058301687784367964
n75,measured,tr_pow_gp,20,5,5.58659217877095,0.06265781094812338,0.07421723369284623
n75,measured,tr_pow_gp,21,10,11.11111111111111,0.06877412380526063,0.08755787072682951
n75,measured,tr_pow_gp,22,15,14.999999999999998,0.11713961371317501,0.08887057141042669
n75,measured,tr_pow_gp,23,20,20.0,0.1564763730463234,0.08131021348533947
n75,measured,tr_pow_gp,24,25,24.390243902439025,0.06493091158272947,0.11639637012864885
n75,measured,tr_pow_gp,25,5,5.319148936170213,0.06926367781436776,0.154418861715086
n75,measured,tr_pow_gp,26,10,10.0,0.10133133054775115,0.12549232452942824
n75,measured,tr_pow_gp,27,15,7.8125,0.13889884652540044,0.11005706923590727
n75,measured,tr_pow_gp,28,20,20.0,0.23779048252794935,0.12020217043682474
n75,measured,tr_pow_gp,29,25,23.25581395348837,0.08545289382525174,0.17177656714105316
n75,measured,tr_pow_gp,30,5,5.0,0.009760861316943245,0.04917214440246735
n75,measured,tr_pow_gp,31,10,10.20408163265306,0.014508188418088559,0.05581124438882064
n75,measured,tr_pow_gp,32,15,14.999999999999998,0.03661213381504203,0.05727431604216995
n75,measured,tr_pow_gp,33,20,19.23076923076923,0.05173321710386965,0.05023037586927974
n75,measured,tr_pow_gp,34,25,26.31578947368421,0.033288813695527796,0.07877414158408991
n75,measured,tr_pow_gp,35,5,5.0,0.06215695226201519,0.09389434416677224
n75,measured,tr_pow_gp,36,10,10.0,0.08430580345539967,0.1066927258974169
n75,measured,tr_pow_gp,37,15,15.151515151515152,0.14015088192737288,0.11039701261159224
n75,measured,tr_pow_gp,38,20,20.0,0.18613447552206322,0.09797469358376931
n75,measured,tr_pow_gp,39,25,25.0,0.06196232957271379,0.1543098219193908
n75,measured,tr_pow_gp,40,5,20.40816326530612,0.06556874834127399,0.22902305739070555
n75,measured,tr_pow_gp,41,10,10.0,0.1269725677875253,0.1578688017614322
n75,measured,tr_pow_gp,42,15,16.39344262295082,0.17011573761311774,0.17022827609988098
n75,measured,tr_pow_gp,43,20,15.625,0.27313629962814373,0.13562924190509892
n75,measured,tr_pow_gp,44,25,25.0,0.08560325096733562,0.23096837823492183
n75,measured,tr_pow_gp,45,5,5.0,0.037556732705441444,0.05443019904612345
n75,measured,tr_pow_gp,46,10,10.638297872340424,0.04360056804280307,0.06404020075510952
n75,measured,tr_pow_gp,47,15,14.492753623188406,0.04924463602686128,0.06349818454891275
n75,measured,tr_pow_gp,48,20,20.0,0.061947249263179266,0.05517768845714947
n75,measured,tr_pow_gp,49,25,25.0,0.05520203246912867,0.08590353700211605
n75,measured,tr_pow_gp,50,5,5.0,0.06464104772693736,0.10441252007794088
n75,measured,tr_pow_gp,51,10,10.638297872340424,0.1061907400375857,0.13401721973493663
n75,measured,tr_pow_gp,52,15,14.492753623188406,0.14594201959443942,0.12382951804832779
n75,measured,tr_pow_gp,53,20,20.0,0.3247159319617053,0.1068290773262446
n75,measured,tr_pow_gp,54,25,25.0,0.09618234522660388,0.17081436471799472
n75,measured,tr_pow_gp,55,5,5.0,0.10129747255604984,0.2846235340036718
n75,measured,tr_pow_gp,56,10,10.638297872340424,0.16435945135408164,0.2333211275961689
n75,measured,tr_pow_gp,57,15,10.638297872340424,0.23351523325410375,0.16210444634328347
n75,measured,tr_pow_gp,58,20,5.747126436781609,0.4337970382398568,0.1123358331864671
n75,measured,tr_pow_gp,59,25,25.0,0.137571433960762,0.2557251924337155
n75,measured,tr_pow_gp,60,5,5.847953216374269,0.027809194807435544,0.05628093181020884
n75,measured,tr_pow_gp,61,10,10.0,0.03376385751429354,0.06489587498947744
n75,measured,tr_pow_gp,62,15,16.129032258064516,0.06472638287800421,0.14552804192811875
n75,measured,tr_pow_gp,63,20,18.867924528301888,0.09895912208822974,0.054838919861341325
n75,measured,tr_pow_gp,64,25,25.0,0.032306508405576646,0.08385670065926218
n75,measured,tr_pow_gp,65,5,5.617977528089888,0.07333766405647854,0.10694251438429618
n75,measured,tr_pow_gp,66,10,10.638297872340424,0.08429763716173058,0.09623062468311767
n75,measured,tr_pow_gp,67,15,17.094017094017094,0.14387655045817369,0.13443053321971105
n75,measured,tr_pow_gp,68,20,16.129032258064516,0.2713050081144946,0.10561169758489695
n75,measured,tr_pow_gp,69,25,17.54385964912281,0.09371781676772084,0.1485206711726416
n75,measured,tr_pow_gp,70,5,10.638297872340424,0.08715895279312774,0.1975719085434636
n75,measured,tr_pow_gp,71,10,15.384615384615383,0.13480771178358023,0.20808192161939648
n75,measured,tr_pow_gp,72,15,16.39344262295082,0.1801699290495756,0.19870738063908325
n75,measured,tr_pow_gp,73,20,5.747126436781609,0.3279096638054766,0.11274875418877808
n75,measured,tr_pow_gp,74,25,19.607843137254903,0.11806648579826695,0.2330393237966504
n75,measured,oracle_shape_gp,0,5,5.0,0.0285867300932331,0.038732619375769294
n75,measured,oracle_shape_gp,1,10,10.0,0.04758108870069616,0.049019194526473166
n75,measured,oracle_shape_gp,2,15,15.384615384615383,0.09970584338151171,0.049496309154057457
n75,measured,oracle_shape_gp,3,20,20.0,0.12449860187870826,0.03863577270928411
n75,measured,oracle_shape_gp,4,25,25.0,0.06728802355531271,0.03991265451725691
n75,measured,oracle_shape_gp,5,5,5.747126436781609,0.04413070420233045,0.07725097562677763
n75,measured,oracle_shape_gp,6,10,11.235955056179776,0.06288524587147142,0.09980822132959943
n75,measured,oracle_shape_gp,7,15,15.384615384615383,0.08858324894292931,0.08162458449075619
n75,measured,oracle_shape_gp,8,20,20.0,0.14464805659401586,0.07405249567233803
n75,measured,oracle_shape_gp,9,25,20.83333333333333,0.06458239815053043,0.09987221345754768
n75,measured,oracle_shape_gp,10,5,5.0,0.06096340286567238,0.10918008615787289
n75,measured,oracle_shape_gp,11,10,10.0,0.10309990786795749,0.14174832756196806
n75,measured,oracle_shape_gp,12,15,19.23076923076923,0.11646764333639503,0.13719437703622922
n75,measured,oracle_shape_gp,13,20,20.0,0.19816971960190574,0.11154103075105737
n75,measured,oracle_shape_gp,14,25,15.384615384615383,0.054410883145570466,0.16340024653138358
n75,measured,oracle_shape_gp,15,5,5.555555555555555,0.051198809900038535,0.03995766249473918
n75,measured,oracle_shape_gp,16,10,9.70873786407767,0.07477487482962646,0.04844718313838379
n75,measured,oracle_shape_gp,17,15,15.384615384615383,0.11404227815252285,0.049496310034837926
n75,measured,oracle_shape_gp,18,20,20.0,0.15396210578545416,0.038635772709334416
n75,measured,oracle_shape_gp,19,25,23.80952380952381,0.05931999506358712,0.042676692163596486
n75,measured,oracle_shape_gp,20,5,5.58659217877095,0.06265781094812338,0.07653757715290041
n75,measured,oracle_shape_gp,21,10,11.11111111111111,0.06877412380526063,0.09939759656205693
n75,measured,oracle_shape_gp,22,15,14.999999999999998,0.11713961371317501,0.09857715840974922
n75,measured,oracle_shape_gp,23,20,20.0,0.1564763730463234,0.07405249801421644
n75,measured,oracle_shape_gp,24,25,24.390243902439025,0.06493091158272947,0.08061076069179976
n75,measured,oracle_shape_gp,25,5,5.319148936170213,0.06926367781436776,0.1113043451933376
n75,measured,oracle_shape_gp,26,10,10.0,0.10133133054775115,0.14174832756196742
n75,measured,oracle_shape_gp,27,15,7.8125,0.13889884652540044,0.11810197255303381
n75,measured,oracle_shape_gp,28,20,20.0,0.23779048252794935,0.11154102993852365
n75,measured,oracle_shape_gp,29,25,23.25581395348837,0.08545289382525174,0.12781380962745373
n75,measured,oracle_shape_gp,30,5,5.0,0.009760861316943245,0.05365010529843949
n75,measured,oracle_shape_gp,31,10,10.20408163265306,0.014508188418088559,0.0679848232395462
n75,measured,oracle_shape_gp,32,15,14.999999999999998,0.03661213381504203,0.07079533466202084
n75,measured,oracle_shape_gp,33,20,19.23076923076923,0.05173321710386965,0.0520449394029046
n75,measured,oracle_shape_gp,34,25,26.31578947368421,0.033288813695527796,0.047608123570728834
n75,measured,oracle_shape_gp,35,5,5.0,0.06215695226201519,0.10378581899018108
n75,measured,oracle_shape_gp,36,10,10.0,0.08430580345539967,0.13222409629824547
n75,measured,oracle_shape_gp,37,15,15.151515151515152,0.14015088192737288,0.13838603355723786
n75,measured,oracle_shape_gp,38,20,20.0,0.18613447552206322,0.09907594294840696
n75,measured,oracle_shape_gp,39,25,25.0,0.06196232957271379,0.10096932610690466
n75,measured,oracle_shape_gp,40,5,20.40816326530612,0.06556874834127399,0.20135103057266035
n75,measured,oracle_shape_gp,41,10,10.0,0.1269725677875253,0.19700883096077515
n75,measured,oracle_shape_gp,42,15,16.39344262295082,0.17011573761311774,0.2069791616993022
n75,measured,oracle_shape_gp,43,20,15.625,0.27313629962814373,0.16298261507129114
n75,measured,oracle_shape_gp,44,25,25.0,0.08560325096733562,0.15043455198409975
n75,measured,oracle_shape_gp,45,5,5.0,0.037556732705441444,0.05837603736254976
n75,measured,oracle_shape_gp,46,10,10.638297872340424,0.04360056804280307,0.07504782870533057
n75,measured,oracle_shape_gp,47,15,14.492753623188406,0.04924463602686128,0.07696144485973364
n75,measured,oracle_shape_gp,48,20,20.0,0.061947249263179266,0.053949873426492156
n75,measured,oracle_shape_gp,49,25,25.0,0.05520203246912867,0.0558699251617688
n75,measured,oracle_shape_gp,50,5,5.0,0.06464104772693736,0.11323768183299496
n75,measured,oracle_shape_gp,51,10,10.638297872340424,0.1061907400375857,0.14412175974704944
n75,measured,oracle_shape_gp,52,15,14.492753623188406,0.14594201959443942,0.15150835196342805
n75,measured,oracle_shape_gp,53,20,20.0,0.3247159319617053,0.10556972769931847
n75,measured,oracle_shape_gp,54,25,25.0,0.09618234522660388,0.10970097597698097
n75,measured,oracle_shape_gp,55,5,5.0,0.10129747255604984,0.25514119484009773
n75,measured,oracle_shape_gp,56,10,10.638297872340424,0.16435945135408164,0.22343712001694724
n75,measured,oracle_shape_gp,57,15,10.638297872340424,0.23351523325410375,0.1516221170539987
n75,measured,oracle_shape_gp,58,20,5.747126436781609,0.4337970382398568,0.12120972532073221
n75,measured,oracle_shape_gp,59,25,25.0,0.137571433960762,0.16353202679155268
n75,measured,oracle_shape_gp,60,5,5.847953216374269,0.027809194807435544,0.05553919033856983
n75,measured,oracle_shape_gp,61,10,10.0,0.03376385751429354,0.06777299311287867
n75,measured,oracle_shape_gp,62,15,16.129032258064516,0.06472638287800421,0.09237301747133378
n75,measured,oracle_shape_gp,63,20,18.867924528301888,0.09895912208822974,0.05020033000225318
n75,measured,oracle_shape_gp,64,25,25.0,0.032306508405576646,0.053010129321887825
n75,measured,oracle_shape_gp,65,5,5.617977528089888,0.07333766405647854,0.10612984804386397
n75,measured,oracle_shape_gp,66,10,10.638297872340424,0.08429763716173058,0.11769852213428454
n75,measured,oracle_shape_gp,67,15,17.094017094017094,0.14387655045817369,0.1347312828286202
n75,measured,oracle_shape_gp,68,20,16.129032258064516,0.2713050081144946,0.10651648673642915
n75,measured,oracle_shape_gp,69,25,17.54385964912281,0.09371781676772084,0.14245441098349845
n75,measured,oracle_shape_gp,70,5,10.638297872340424,0.08715895279312774,0.2022517006457171
n75,measured,oracle_shape_gp,71,10,15.384615384615383,0.13480771178358023,0.2165135598944445
n75,measured,oracle_shape_gp,72,15,16.39344262295082,0.1801699290495756,0.20322193045862283
n75,measured,oracle_shape_gp,73,20,5.747126436781609,0.3279096638054766,0.11051178041139735
n75,measured,oracle_shape_gp,74,25,19.607843137254903,0.11806648579826695,0.20249610508355081
n75,measured,mf_ar1,0,5,5.0,0.0285867300932331,0.019978368814555395
n75,measured,mf_ar1,1,10,10.0,0.04758108870069616,0.025615567183899738
n75,measured,mf_ar1,2,15,15.384615384615383,0.09970584338151171,0.1269334440131822
n75,measured,mf_ar1,3,20,20.0,0.12449860187870826,0.09024068996027505
n75,measured,mf_ar1,4,25,25.0,0.06728802355531271,0.17247042218907144
n75,measured,mf_ar1,5,5,5.747126436781609,0.04413070420233045,0.030001800845377548
n75,measured,mf_ar1,6,10,11.235955056179776,0.06288524587147142,0.04659891819172397
n75,measured,mf_ar1,7,15,15.384615384615383,0.08858324894292931,0.18948541541961292
n75,measured,mf_ar1,8,20,20.0,0.14464805659401586,0.09248143972095083
n75,measured,mf_ar1,9,25,20.83333333333333,0.06458239815053043,0.2551489271073592
n75,measured,mf_ar1,10,5,5.0,0.06096340286567238,0.03963945623333427
n75,measured,mf_ar1,11,10,10.0,0.10309990786795749,0.06427743801596741
n75,measured,mf_ar1,12,15,19.23076923076923,0.11646764333639503,0.27474759914009966
n75,measured,mf_ar1,13,20,20.0,0.19816971960190574,0.1097725115157592
n75,measured,mf_ar1,14,25,15.384615384615383,0.054410883145570466,0.3872687993272839
n75,measured,mf_ar1,15,5,5.555555555555555,0.051198809900038535,0.02854241597429294
n75,measured,mf_ar1,16,10,9.70873786407767,0.07477487482962646,0.02565112895120007
n75,measured,mf_ar1,17,15,15.384615384615383,0.11404227815252285,0.12819040195324802
n75,measured,mf_ar1,18,20,20.0,0.15396210578545416,0.09269585481725223
n75,measured,mf_ar1,19,25,23.80952380952381,0.05931999506358712,0.18360324781806903
n75,measured,mf_ar1,20,5,5.58659217877095,0.06265781094812338,0.03870473635319849
n75,measured,mf_ar1,21,10,11.11111111111111,0.06877412380526063,0.046973395316667096
n75,measured,mf_ar1,22,15,14.999999999999998,0.11713961371317501,0.1917494801191509
n75,measured,mf_ar1,23,20,20.0,0.1564763730463234,0.10192521591584
n75,measured,mf_ar1,24,25,24.390243902439025,0.06493091158272947,0.2592839448547813
n75,measured,mf_ar1,25,5,5.319148936170213,0.06926367781436776,0.0486968581175615
n75,measured,mf_ar1,26,10,10.0,0.10133133054775115,0.06503243486610509
n75,measured,mf_ar1,27,15,7.8125,0.13889884652540044,0.26970711989638707
n75,measured,mf_ar1,28,20,20.0,0.23779048252794935,0.12300535048539556
n75,measured,mf_ar1,29,25,23.25581395348837,0.08545289382525174,0.38143410722504917
n75,measured,mf_ar1,30,5,5.0,0.009760861316943245,0.02377194213764473
n75,measured,mf_ar1,31,10,10.20408163265306,0.014508188418088559,0.033657000063085515
n75,measured,mf_ar1,32,15,14.999999999999998,0.03661213381504203,0.10600524868264799
n75,measured,mf_ar1,33,20,19.23076923076923,0.05173321710386965,0.043042036499941816
n75,measured,mf_ar1,34,25,26.31578947368421,0.033288813695527796,0.1498158097243008
n75,measured,mf_ar1,35,5,5.0,0.06215695226201519,0.03759066979212537
n75,measured,mf_ar1,36,10,10.0,0.08430580345539967,0.06124035535419428
n75,measured,mf_ar1,37,15,15.151515151515152,0.14015088192737288,0.24562187713426006
n75,measured,mf_ar1,38,20,20.0,0.18613447552206322,0.11429299281277881
n75,measured,mf_ar1,39,25,25.0,0.06196232957271379,0.3447372698976225
n75,measured,mf_ar1,40,5,20.40816326530612,0.06556874834127399,0.03824284648314412
n75,measured,mf_ar1,41,10,10.0,0.1269725677875253,0.08960465397249644
n75,measured,mf_ar1,42,15,16.39344262295082,0.17011573761311774,0.3769269231166471
n75,measured,mf_ar1,43,20,15.625,0.27313629962814373,0.16202221913912496
n75,measured,mf_ar1,44,25,25.0,0.08560325096733562,0.5236183193971616
n75,measured,mf_ar1,45,5,5.0,0.037556732705441444,0.03687266718055696
n75,measured,mf_ar1,46,10,10.638297872340424,0.04360056804280307,0.037849401401484725
n75,measured,mf_ar1,47,15,14.492753623188406,0.04924463602686128,0.1377965304766627
n75,measured,mf_ar1,48,20,20.0,0.061947249263179266,0.06090318012425928
n75,measured,mf_ar1,49,25,25.0,0.05520203246912867,0.16616572689714054
n75,measured,mf_ar1,50,5,5.0,0.06464104772693736,0.05244946973127076
n75,measured,mf_ar1,51,10,10.638297872340424,0.1061907400375857,0.07235268387142613
n75,measured,mf_ar1,52,15,14.492753623188406,0.14594201959443942,0.3148751788013003
n75,measured,mf_ar1,53,20,20.0,0.3247159319617053,0.13610182986080224
n75,measured,mf_ar1,54,25,25.0,0.09618234522660388,0.44983917653296324
n75,measured,mf_ar1,55,5,5.0,0.10129747255604984,0.06802556752425913
n75,measured,mf_ar1,56,10,10.638297872340424,0.16435945135408164,0.11209381810816851
n75,measured,mf_ar1,57,15,10.638297872340424,0.23351523325410375,0.4599136495653413
n75,measured,mf_ar1,58,20,5.747126436781609,0.4337970382398568,0.21418029391217844
n75,measured,mf_ar1,59,25,25.0,0.137571433960762,0.6137075005337196
n75,measured,mf_ar1,60,5,5.847953216374269,0.027809194807435544,0.0338139281370922
n75,measured,mf_ar1,61,10,10.0,0.03376385751429354,0.033929941488836365
n75,measured,mf_ar1,62,15,16.129032258064516,0.06472638287800421,0.13037632202791466
n75,measured,mf_ar1,63,20,18.867924528301888,0.09895912208822974,0.058763450131533536
n75,measured,mf_ar1,64,25,25.0,0.032306508405576646,0.1758411139189067
n75,measured,mf_ar1,65,5,5.617977528089888,0.07333766405647854,0.04806222960780076
n75,measured,mf_ar1,66,10,10.638297872340424,0.08429763716173058,0.06768845157594981
n75,measured,mf_ar1,67,15,17.094017094017094,0.14387655045817369,0.28495173971334403
n75,measured,mf_ar1,68,20,16.129032258064516,0.2713050081144946,0.12788429138135934
n75,measured,mf_ar1,69,25,17.54385964912281,0.09371781676772084,0.38962315088929356
n75,measured,mf_ar1,70,5,10.638297872340424,0.08715895279312774,0.06175691139136055
n75,measured,mf_ar1,71,10,15.384615384615383,0.13480771178358023,0.08464208488273314
n75,measured,mf_ar1,72,15,16.39344262295082,0.1801699290495756,0.40951333157507497
n75,measured,mf_ar1,73,20,5.747126436781609,0.3279096638054766,0.18974881383921355
n75,measured,mf_ar1,74,25,19.607843137254903,0.11806648579826695,0.5450387407340066
n75,measured,mf_nar,0,5,5.0,0.0285867300932331,0.04579953371899054
n75,measured,mf_nar,1,10,10.0,0.04758108870069616,0.051361620492623786
n75,measured,mf_nar,2,15,15.384615384615383,0.09970584338151171,0.13661836940391436
n75,measured,mf_nar,3,20,20.0,0.12449860187870826,0.06765649363665364
n75,measured,mf_nar,4,25,25.0,0.06728802355531271,0.15989617523573227
n75,measured,mf_nar,5,5,5.747126436781609,0.04413070420233045,0.05822570202873728
n75,measured,mf_nar,6,10,11.235955056179776,0.06288524587147142,0.052884474995919084
n75,measured,mf_nar,7,15,15.384615384615383,0.08858324894292931,0.16890151951476792
n75,measured,mf_nar,8,20,20.0,0.14464805659401586,0.09003469913026305
n75,measured,mf_nar,9,25,20.83333333333333,0.06458239815053043,0.21276676491914878
n75,measured,mf_nar,10,5,5.0,0.06096340286567238,0.10992776956119281
n75,measured,mf_nar,11,10,10.0,0.10309990786795749,0.05320702839767601
n75,measured,mf_nar,12,15,19.23076923076923,0.11646764333639503,0.22762414256086944
n75,measured,mf_nar,13,20,20.0,0.19816971960190574,0.1116506795864311
n75,measured,mf_nar,14,25,15.384615384615383,0.054410883145570466,0.2675642083222072
n75,measured,mf_nar,15,5,5.555555555555555,0.051198809900038535,0.05441266353119037
n75,measured,mf_nar,16,10,9.70873786407767,0.07477487482962646,0.06500529579520692
n75,measured,mf_nar,17,15,15.384615384615383,0.11404227815252285,0.1497163887476162
n75,measured,mf_nar,18,20,20.0,0.15396210578545416,0.07779778939683331
n75,measured,mf_nar,19,25,23.80952380952381,0.05931999506358712,0.17753477223028313
n75,measured,mf_nar,20,5,5.58659217877095,0.06265781094812338,0.06707259350292571
n75,measured,mf_nar,21,10,11.11111111111111,0.06877412380526063,0.06940533891372277
n75,measured,mf_nar,22,15,14.999999999999998,0.11713961371317501,0.18295714763760518
n75,measured,mf_nar,23,20,20.0,0.1564763730463234,0.10109602488885318
n75,measured,mf_nar,24,25,24.390243902439025,0.06493091158272947,0.23202176775676137
n75,measured,mf_nar,25,5,5.319148936170213,0.06926367781436776,0.11881649209197576
n75,measured,mf_nar,26,10,10.0,0.10133133054775115,0.06953908307204162
n75,measured,mf_nar,27,15,7.8125,0.13889884652540044,0.23465896756125038
n75,measured,mf_nar,28,20,20.0,0.23779048252794935,0.1230131462469414
n75,measured,mf_nar,29,25,23.25581395348837,0.08545289382525174,0.2790276963241403
n75,measured,mf_nar,30,5,5.0,0.009760861316943245,0.014213359174491985
n75,measured,mf_nar,31,10,10.20408163265306,0.014508188418088559,0.01552947035308623
n75,measured,mf_nar,32,15,14.999999999999998,0.03661213381504203,0.07061164464995863
n75,measured,mf_nar,33,20,19.23076923076923,0.05173321710386965,0.048060512699717235
n75,measured,mf_nar,34,25,26.31578947368421,0.033288813695527796,0.10789877473644868
n75,measured,mf_nar,35,5,5.0,0.06215695226201519,0.07860654692319796
n75,measured,mf_nar,36,10,10.0,0.08430580345539967,0.060391022861160985
n75,measured,mf_nar,37,15,15.151515151515152,0.14015088192737288,0.22672418803337052
n75,measured,mf_nar,38,20,20.0,0.18613447552206322,0.10816855021606402
n75,measured,mf_nar,39,25,25.0,0.06196232957271379,0.3193434828054048
n75,measured,mf_nar,40,5,20.40816326530612,0.06556874834127399,0.1278659286387659
n75,measured,mf_nar,41,10,10.0,0.1269725677875253,0.09678921860649187
n75,measured,mf_nar,42,15,16.39344262295082,0.17011573761311774,0.29256843514740416
n75,measured,mf_nar,43,20,15.625,0.27313629962814373,0.16467127558288408
n75,measured,mf_nar,44,25,25.0,0.08560325096733562,0.32862229083047784
n75,measured,mf_nar,45,5,5.0,0.037556732705441444,0.03971604995403899
n75,measured,mf_nar,46,10,10.638297872340424,0.04360056804280307,0.02155991610729846
n75,measured,mf_nar,47,15,14.492753623188406,0.04924463602686128,0.092351352832945
n75,measured,mf_nar,48,20,20.0,0.061947249263179266,0.061065000092560225
n75,measured,mf_nar,49,25,25.0,0.05520203246912867,0.17805879817895393
n75,measured,mf_nar,50,5,5.0,0.06464104772693736,0.10622174789649054
n75,measured,mf_nar,51,10,10.638297872340424,0.1061907400375857,0.07377834173595743
n75,measured,mf_nar,52,15,14.492753623188406,0.14594201959443942,0.3902424401892099
n75,measured,mf_nar,53,20,20.0,0.3247159319617053,0.1364810888662695
n75,measured,mf_nar,54,25,25.0,0.09618234522660388,0.46495603078357395
n75,measured,mf_nar,55,5,5.0,0.10129747255604984,0.17805532050138476
n75,measured,mf_nar,56,10,10.638297872340424,0.16435945135408164,0.10660658931069811
n75,measured,mf_nar,57,15,10.638297872340424,0.23351523325410375,0.41352360233824476
n75,measured,mf_nar,58,20,5.747126436781609,0.4337970382398568,0.21492520229864537
n75,measured,mf_nar,59,25,25.0,0.137571433960762,0.33015886517918946
n75,measured,mf_nar,60,5,5.847953216374269,0.027809194807435544,0.0279216007300417
n75,measured,mf_nar,61,10,10.0,0.03376385751429354,0.03139257577984862
n75,measured,mf_nar,62,15,16.129032258064516,0.06472638287800421,0.12119521312662151
n75,measured,mf_nar,63,20,18.867924528301888,0.09895912208822974,0.056412774391518684
n75,measured,mf_nar,64,25,25.0,0.032306508405576646,0.19288191637338026
n75,measured,mf_nar,65,5,5.617977528089888,0.07333766405647854,0.07613816975729379
n75,measured,mf_nar,66,10,10.638297872340424,0.08429763716173058,0.07966528009357046
n75,measured,mf_nar,67,15,17.094017094017094,0.14387655045817369,0.3332527661546853
n75,measured,mf_nar,68,20,16.129032258064516,0.2713050081144946,0.11966229572636328
n75,measured,mf_nar,69,25,17.54385964912281,0.09371781676772084,0.4104623877322759
n75,measured,mf_nar,70,5,10.638297872340424,0.08715895279312774,0.13760690482263488
n75,measured,mf_nar,71,10,15.384615384615383,0.13480771178358023,0.09871726794903088
n75,measured,mf_nar,72,15,16.39344262295082,0.1801699290495756,0.3695214338762553
n75,measured,mf_nar,73,20,5.747126436781609,0.3279096638054766,0.18236361443440108
n75,measured,mf_nar,74,25,19.607843137254903,0.11806648579826695,0.34138403156090286
n75,measured_agree,gp,0,5,5.0,0.0285867300932331,0.12075568781525921
n75,measured_agree,gp,1,10,10.0,0.04758108870069616,0.11400582014010184
n75,measured_agree,gp,2,15,15.384615384615383,0.09970584338151171,0.10420685545643026
n75,measured_agree,gp,3,20,20.0,0.12449860187870826,0.08410698268313163
n75,measured_agree,gp,4,25,25.0,0.06728802355531271,0.11636193641067331
n75,measured_agree,gp,5,5,5.747126436781609,0.04413070420233045,0.12075779075119396
n75,measured_agree,gp,6,10,11.235955056179776,0.06288524587147142,0.11400582030868392
n75,measured_agree,gp,7,15,15.384615384615383,0.08858324894292931,0.1043620125035449
n75,measured_agree,gp,8,20,20.0,0.14464805659401586,0.08410698268805286
n75,measured_agree,gp,9,25,20.83333333333333,0.06458239815053043,0.12120483475855921
n75,measured_agree,gp,10,5,5.0,0.06096340286567238,0.12075766525004643
n75,measured_agree,gp,11,10,10.0,0.10309990786795749,0.1140058364814298
n75,measured_agree,gp,12,15,19.23076923076923,0.11646764333639503,0.10472625472039164
n75,measured_agree,gp,13,20,20.0,0.19816971960190574,0.08410698269074435
n75,measured_agree,gp,14,25,15.384615384615383,0.054410883145570466,0.1285843238516776
n75,measured_agree,gp,15,5,5.0,0.051198809900038535,0.12075568783126482
n75,measured_agree,gp,16,10,10.0,0.07477487482962646,0.11400582014010184
n75,measured_agree,gp,17,15,15.384615384615383,0.11404227815252285,0.10420685545643026
n75,measured_agree,gp,18,20,20.0,0.15396210578545416,0.0841069826831316
n75,measured_agree,gp,19,25,23.80952380952381,0.05931999506358712,0.11636194298079278
n75,measured_agree,gp,20,5,5.0,0.06265781094812338,0.12075844500742669
n75,measured_agree,gp,21,10,11.11111111111111,0.06877412380526063,0.11400582258141986
n75,measured_agree,gp,22,15,14.999999999999998,0.11713961371317501,0.10420848377289776
n75,measured_agree,gp,23,20,20.0,0.1564763730463234,0.08410698268805282
n75,measured_agree,gp,24,25,24.390243902439025,0.06493091158272947,0.11636193699261228
n75,measured_agree,gp,25,5,5.0,0.06926367781436776,0.1207576652490055
n75,measured_agree,gp,26,10,10.0,0.10133133054775115,0.11400583648144128
n75,measured_agree,gp,27,15,15.0,0.13889884652540044,0.09901560923965105
n75,measured_agree,gp,28,20,20.0,0.23779048252794935,0.0841069826907443
n75,measured_agree,gp,29,25,23.25581395348837,0.08545289382525174,0.11636235236909866
n75,measured_agree,gp,30,5,5.0,0.009760861316943245,0.12075560731224397
n75,measured_agree,gp,31,10,10.20408163265306,0.014508188418088559,0.11400582014010767
n75,measured_agree,gp,32,15,14.999999999999998,0.03661213381504203,0.10420685544954787
n75,measured_agree,gp,33,20,19.23076923076923,0.05173321710386965,0.08410698383906332
n75,measured_agree,gp,34,25,26.31578947368421,0.033288813695527796,0.11636193638995353
n75,measured_agree,gp,35,5,5.0,0.06215695226201519,0.12075686830387056
n75,measured_agree,gp,36,10,10.0,0.08430580345539967,0.11400582020132904
n75,measured_agree,gp,37,15,15.151515151515152,0.14015088192737288,0.10421873985446722
n75,measured_agree,gp,38,20,20.0,0.18613447552206322,0.08410579687803654
n75,measured_agree,gp,39,25,25.0,0.06196232957271379,0.11636193645110317
n75,measured_agree,gp,40,5,20.40816326530612,0.06556874834127399,0.12074959573220463
n75,measured_agree,gp,41,10,10.0,0.1269725677875253,0.11400583528615384
n75,measured_agree,gp,42,15,16.39344262295082,0.17011573761311774,0.10438973404223056
n75,measured_agree,gp,43,20,15.625,0.27313629962814373,0.08410755536511809
n75,measured_agree,gp,44,25,25.0,0.08560325096733562,0.11636193606416927
n75,measured_agree,gp,45,5,5.0,0.037556732705441444,0.12075784461068992
n75,measured_agree,gp,46,10,10.638297872340424,0.04360056804280307,0.1140058201401772
n75,measured_agree,gp,47,15,15.0,0.04924463602686128,0.10420685544959056
n75,measured_agree,gp,48,20,20.0,0.061947249263179266,0.08410698270097543
n75,measured_agree,gp,49,25,25.0,0.05520203246912867,0.11636193634227646
n75,measured_agree,gp,50,5,5.0,0.06464104772693736,0.12075842408575002
n75,measured_agree,gp,51,10,10.638297872340424,0.1061907400375857,0.11400621011438802
n75,measured_agree,gp,52,15,15.0,0.14594201959443942,0.10420887806056389
n75,measured_agree,gp,53,20,20.0,0.3247159319617053,0.08410698271216933
n75,measured_agree,gp,54,25,25.0,0.09618234522660388,0.1163619365726381
n75,measured_agree,gp,55,5,5.0,0.10129747255604984,0.27963972314728114
n75,measured_agree,gp,56,10,10.638297872340424,0.16435945135408164,0.21870410349991065
n75,measured_agree,gp,57,15,10.638297872340424,0.23351523325410375,0.15328748552368993
n75,measured_agree,gp,58,20,5.747126436781609,0.4337970382398568,0.08410698262834455
n75,measured_agree,gp,59,25,25.0,0.137571433960762,0.11636193638998381
n75,measured_agree,gp,60,5,5.0,0.027809194807435544,0.1207545241421091
n75,measured_agree,gp,61,10,10.0,0.03376385751429354,0.1140058201401017
n75,measured_agree,gp,62,15,16.129032258064516,0.06472638287800421,0.10420685550294377
n75,measured_agree,gp,63,20,18.867924528301888,0.09895912208822974,0.08410698275848319
n75,measured_agree,gp,64,25,25.0,0.032306508405576646,0.11636193638989631
n75,measured_agree,gp,65,5,5.0,0.07333766405647854,0.12075822135806875
n75,measured_agree,gp,66,10,10.638297872340424,0.08429763716173058,0.11400605875342223
n75,measured_agree,gp,67,15,17.094017094017094,0.14387655045817369,0.1038514647577499
n75,measured_agree,gp,68,20,16.129032258064516,0.2713050081144946,0.0776021888594415
n75,measured_agree,gp,69,25,17.54385964912281,0.09371781676772084,0.12522100670941572
n75,measured_agree,gp,70,5,10.638297872340424,0.08715895279312774,0.12077097227946337
n75,measured_agree,gp,71,10,15.384615384615383,0.13480771178358023,0.10322606897817857
n75,measured_agree,gp,72,15,16.39344262295082,0.1801699290495756,0.10436489552164877
n75,measured_agree,gp,73,20,5.747126436781609,0.3279096638054766,0.08410698258212737
n75,measured_agree,gp,74,25,19.607843137254903,0.11806648579826695,0.11636223149579808
n75,measured_agree,lawgp,0,5,5.0,0.0285867300932331,0.045295638630625884
n75,measured_agree,lawgp,1,10,10.0,0.04758108870069616,0.0517204158166586
n75,measured_agree,lawgp,2,15,15.384615384615383,0.09970584338151171,0.021685325783455712
n75,measured_agree,lawgp,3,20,20.0,0.12449860187870826,0.038941382487200776
n75,measured_agree,lawgp,4,25,25.0,0.06728802355531271,0.05212687370678003
n75,measured_agree,lawgp,5,5,5.747126436781609,0.04413070420233045,0.0892694990380343
n75,measured_agree,lawgp,6,10,11.235955056179776,0.06288524587147142,0.10381937662838103
n75,measured_agree,lawgp,7,15,15.384615384615383,0.08858324894292931,0.035190952326772225
n75,measured_agree,lawgp,8,20,20.0,0.14464805659401586,0.0746372898540754
n75,measured_agree,lawgp,9,25,20.83333333333333,0.06458239815053043,0.11598864970477574
n75,measured_agree,lawgp,10,5,5.0,0.06096340286567238,0.12663009161564714
n75,measured_agree,lawgp,11,10,10.0,0.10309990786795749,0.14941996064272337
n75,measured_agree,lawgp,12,15,19.23076923076923,0.11646764333639503,0.1361346424799893
n75,measured_agree,lawgp,13,20,20.0,0.19816971960190574,0.11033365990536466
n75,measured_agree,lawgp,14,25,15.384615384615383,0.054410883145570466,0.15817361137157118
n75,measured_agree,lawgp,15,5,5.0,0.051198809900038535,0.045295638630625995
n75,measured_agree,lawgp,16,10,10.0,0.07477487482962646,0.05172041581027509
n75,measured_agree,lawgp,17,15,15.384615384615383,0.11404227815252285,0.02205168298933233
n75,measured_agree,lawgp,18,20,20.0,0.15396210578545416,0.038941382487200776
n75,measured_agree,lawgp,19,25,23.80952380952381,0.05931999506358712,0.05467234110915452
n75,measured_agree,lawgp,20,5,5.0,0.06265781094812338,0.08596286514595175
n75,measured_agree,lawgp,21,10,11.11111111111111,0.06877412380526063,0.10354153929472043
n75,measured_agree,lawgp,22,15,14.999999999999998,0.11713961371317501,0.09899495490070497
n75,measured_agree,lawgp,23,20,20.0,0.1564763730463234,0.07463728985425248
n75,measured_agree,lawgp,24,25,24.390243902439025,0.06493091158272947,0.10398363704269006
n75,measured_agree,lawgp,25,5,5.0,0.06926367781436776,0.12663009161564712
n75,measured_agree,lawgp,26,10,10.0,0.10133133054775115,0.149419960632498
n75,measured_agree,lawgp,27,15,15.0,0.13889884652540044,0.14732684284341355
n75,measured_agree,lawgp,28,20,20.0,0.23779048252794935,0.11033365990526424
n75,measured_agree,lawgp,29,25,23.25581395348837,0.08545289382525174,0.1613047576682107
n75,measured_agree,lawgp,30,5,5.0,0.009760861316943245,0.06244360641683664
n75,measured_agree,lawgp,31,10,10.20408163265306,0.014508188418088559,0.07305778429034926
n75,measured_agree,lawgp,32,15,14.999999999999998,0.03661213381504203,0.0706446184537491
n75,measured_agree,lawgp,33,20,19.23076923076923,0.05173321710386965,0.05462393302722901
n75,measured_agree,lawgp,34,25,26.31578947368421,0.033288813695527796,0.06423311551908785
n75,measured_agree,lawgp,35,5,5.0,0.06215695226201519,0.12025880071555078
n75,measured_agree,lawgp,36,10,10.0,0.08430580345539967,0.1423767613320763
n75,measured_agree,lawgp,37,15,15.151515151515152,0.14015088192737288,0.13601221090057805
n75,measured_agree,lawgp,38,20,20.0,0.18613447552206322,0.10157278945455539
n75,measured_agree,lawgp,39,25,25.0,0.06196232957271379,0.13372852154339201
n75,measured_agree,lawgp,40,5,20.40816326530612,0.06556874834127399,0.1813962196900501
n75,measured_agree,lawgp,41,10,10.0,0.1269725677875253,0.21212982205767672
n75,measured_agree,lawgp,42,15,16.39344262295082,0.17011573761311774,0.20827798146050483
n75,measured_agree,lawgp,43,20,15.625,0.27313629962814373,0.17602707107219398
n75,measured_agree,lawgp,44,25,25.0,0.08560325096733562,0.19911571649274462
n75,measured_agree,lawgp,45,5,5.0,0.037556732705441444,0.06856339867074715
n75,measured_agree,lawgp,46,10,10.638297872340424,0.04360056804280307,0.07709863366358699
n75,measured_agree,lawgp,47,15,15.0,0.04924463602686128,0.0770010308364479
n75,measured_agree,lawgp,48,20,20.0,0.061947249263179266,0.05544083775203699
n75,measured_agree,lawgp,49,25,25.0,0.05520203246912867,0.07507826404763045
n75,measured_agree,lawgp,50,5,5.0,0.06464104772693736,0.13249838524023846
n75,measured_agree,lawgp,51,10,10.638297872340424,0.1061907400375857,0.14852748834952664
n75,measured_agree,lawgp,52,15,15.0,0.14594201959443942,0.15163556783630452
n75,measured_agree,lawgp,53,20,20.0,0.3247159319617053,0.10763638331824922
n75,measured_agree,lawgp,54,25,25.0,0.09618234522660388,0.14720239645057595
n75,measured_agree,lawgp,55,5,5.0,0.10129747255604984,0.2366391435306343
n75,measured_agree,lawgp,56,10,10.638297872340424,0.16435945135408164,0.230776860326869
n75,measured_agree,lawgp,57,15,10.638297872340424,0.23351523325410375,0.16312334044938365
n75,measured_agree,lawgp,58,20,5.747126436781609,0.4337970382398568,0.11469591789931116
n75,measured_agree,lawgp,59,25,25.0,0.137571433960762,0.21932652885352144
n75,measured_agree,lawgp,60,5,5.0,0.027809194807435544,0.06365501528636693
n75,measured_agree,lawgp,61,10,10.0,0.03376385751429354,0.07201233537287992
n75,measured_agree,lawgp,62,15,16.129032258064516,0.06472638287800421,0.16114413580892523
n75,measured_agree,lawgp,63,20,18.867924528301888,0.09895912208822974,0.050939990561000785
n75,measured_agree,lawgp,64,25,25.0,0.032306508405576646,0.07233768606755588
n75,measured_agree,lawgp,65,5,5.0,0.07333766405647854,0.12268161854899963
n75,measured_agree,lawgp,66,10,10.638297872340424,0.08429763716173058,0.0914340632914456
n75,measured_agree,lawgp,67,15,17.094017094017094,0.14387655045817369,0.1361311076197196
n75,measured_agree,lawgp,68,20,16.129032258064516,0.2713050081144946,0.10762185271357444
n75,measured_agree,lawgp,69,25,17.54385964912281,0.09371781676772084,0.15885399981848103
n75,measured_agree,lawgp,70,5,10.638297872340424,0.08715895279312774,0.22563513916594033
n75,measured_agree,lawgp,71,10,15.384615384615383,0.13480771178358023,0.21652687664119571
n75,measured_agree,lawgp,72,15,16.39344262295082,0.1801699290495756,0.20645418698229748
n75,measured_agree,lawgp,73,20,5.747126436781609,0.3279096638054766,0.09888695339340323
n75,measured_agree,lawgp,74,25,19.607843137254903,0.11806648579826695,0.24388968650416937
n75,measured_agree,prod,0,5,5.0,0.0285867300932331,0.2608985588974649
n75,measured_agree,prod,1,10,10.0,0.04758108870069616,0.11400582014010145
n75,measured_agree,prod,2,15,15.384615384615383,0.09970584338151171,0.10420685544933256
n75,measured_agree,prod,3,20,20.0,0.12449860187870826,0.07909287742567657
n75,measured_agree,prod,4,25,25.0,0.06728802355531271,0.11636193643099986
n75,measured_agree,prod,5,5,5.747126436781609,0.04413070420233045,0.2835837764316999
n75,measured_agree,prod,6,10,11.235955056179776,0.06288524587147142,0.11400582014010147
n75,measured_agree,prod,7,15,15.384615384615383,0.08858324894292931,0.10431687007566925
n75,measured_agree,prod,8,20,20.0,0.14464805659401586,0.08404027785805623
n75,measured_agree,prod,9,25,20.83333333333333,0.06458239815053043,0.1213216306122611
n75,measured_agree,prod,10,5,5.0,0.06096340286567238,0.35127239338979094
n75,measured_agree,prod,11,10,10.0,0.10309990786795749,0.1140058368117779
n75,measured_agree,prod,12,15,19.23076923076923,0.11646764333639503,0.10470321558076033
n75,measured_agree,prod,13,20,20.0,0.19816971960190574,0.09213886841032635
n75,measured_agree,prod,14,25,15.384615384615383,0.054410883145570466,0.20702980925657
n75,measured_agree,prod,15,5,5.0,0.051198809900038535,0.27427152933321836
n75,measured_agree,prod,16,10,10.0,0.07477487482962646,0.11400582014010145
n75,measured_agree,prod,17,15,15.384615384615383,0.11404227815252285,0.10420685544933256
n75,measured_agree,prod,18,20,20.0,0.15396210578545416,0.07910047574201202
n75,measured_agree,prod,19,25,23.80952380952381,0.05931999506358712,0.11636194806502236
n75,measured_agree,prod,20,5,5.0,0.06265781094812338,0.327438500257141
n75,measured_agree,prod,21,10,11.11111111111111,0.06877412380526063,0.11400582014010203
n75,measured_agree,prod,22,15,14.999999999999998,0.11713961371317501,0.10420815123153092
n75,measured_agree,prod,23,20,20.0,0.1564763730463234,0.08405102012537168
n75,measured_agree,prod,24,25,24.390243902439025,0.06493091158272947,0.11636193723916706
n75,measured_agree,prod,25,5,5.0,0.06926367781436776,0.3690496732017769
n75,measured_agree,prod,26,10,10.0,0.10133133054775115,0.11400583681183854
n75,measured_agree,prod,27,15,15.0,0.13889884652540044,0.09754659589486407
n75,measured_agree,prod,28,20,20.0,0.23779048252794935,0.0921494165290336
n75,measured_agree,prod,29,25,23.25581395348837,0.08545289382525174,0.11635932701555951
n75,measured_agree,prod,30,5,5.0,0.009760861316943245,0.274273255602234
n75,measured_agree,prod,31,10,10.20408163265306,0.014508188418088559,0.11400582014010145
n75,measured_agree,prod,32,15,14.999999999999998,0.03661213381504203,0.10420685544860324
n75,measured_agree,prod,33,20,19.23076923076923,0.05173321710386965,0.05620038849030019
n75,measured_agree,prod,34,25,26.31578947368421,0.033288813695527796,0.11636193638994059
n75,measured_agree,prod,35,5,5.0,0.06215695226201519,0.3274405126975768
n75,measured_agree,prod,36,10,10.0,0.08430580345539967,0.11400582014010147
n75,measured_agree,prod,37,15,15.151515151515152,0.14015088192737288,0.1042197435238375
n75,measured_agree,prod,38,20,20.0,0.18613447552206322,0.0904789231881941
n75,measured_agree,prod,39,25,25.0,0.06196232957271379,0.11636193652200537
n75,measured_agree,prod,40,5,20.40816326530612,0.06556874834127399,0.1810026891672729
n75,measured_agree,prod,41,10,10.0,0.1269725677875253,0.11400584595387427
n75,measured_agree,prod,42,15,16.39344262295082,0.17011573761311774,0.10447195488424534
n75,measured_agree,prod,43,20,15.625,0.27313629962814373,0.14576642736883044
n75,measured_agree,prod,44,25,25.0,0.08560325096733562,0.11636193541550764
n75,measured_agree,prod,45,5,5.0,0.037556732705441444,0.27427478395443133
n75,measured_agree,prod,46,10,10.638297872340424,0.04360056804280307,0.11400582014010145
n75,measured_agree,prod,47,15,15.0,0.04924463602686128,0.10420685544860997
n75,measured_agree,prod,48,20,20.0,0.061947249263179266,0.05926467230855478
n75,measured_agree,prod,49,25,25.0,0.05520203246912867,0.11636193633313596
n75,measured_agree,prod,50,5,5.0,0.06464104772693736,0.32744226051548037
n75,measured_agree,prod,51,10,10.638297872340424,0.1061907400375857,0.11400582017171342
n75,measured_agree,prod,52,15,15.0,0.14594201959443942,0.10421002154484404
n75,measured_agree,prod,53,20,20.0,0.3247159319617053,0.11794236908749675
n75,measured_agree,prod,54,25,25.0,0.09618234522660388,0.11636193664570535
n75,measured_agree,prod,55,5,5.0,0.10129747255604984,0.3690537378913565
n75,measured_agree,prod,56,10,10.638297872340424,0.16435945135408164,0.21870417248586466
n75,measured_agree,prod,57,15,10.638297872340424,0.23351523325410375,0.15341200375523303
n75,measured_agree,prod,58,20,5.747126436781609,0.4337970382398568,0.12208928177616779
n75,measured_agree,prod,59,25,25.0,0.137571433960762,0.11636193552228684
n75,measured_agree,prod,60,5,5.0,0.027809194807435544,0.27427611437446076
n75,measured_agree,prod,61,10,10.0,0.03376385751429354,0.11400582014010145
n75,measured_agree,prod,62,15,16.129032258064516,0.06472638287800421,0.10420685652324066
n75,measured_agree,prod,63,20,18.867924528301888,0.09895912208822974,0.0590174914055194
n75,measured_agree,prod,64,25,25.0,0.032306508405576646,0.1163619363241721
n75,measured_agree,prod,65,5,5.0,0.07333766405647854,0.32744374369332024
n75,measured_agree,prod,66,10,10.638297872340424,0.08429763716173058,0.11400582013571955
n75,measured_agree,prod,67,15,17.094017094017094,0.14387655045817369,0.10378254050070437
n75,measured_agree,prod,68,20,16.129032258064516,0.2713050081144946,0.11335395545948188
n75,measured_agree,prod,69,25,17.54385964912281,0.09371781676772084,0.12520301519387567
n75,measured_agree,prod,70,5,10.638297872340424,0.08715895279312774,0.14171104979844962
n75,measured_agree,prod,71,10,15.384615384615383,0.13480771178358023,0.10273742768297665
n75,measured_agree,prod,72,15,16.39344262295082,0.1801699290495756,0.10436670905584405
n75,measured_agree,prod,73,20,5.747126436781609,0.3279096638054766,0.0929224215834086
n75,measured_agree,prod,74,25,19.607843137254903,0.11806648579826695,0.1307323988062784
n75,measured_agree,lorspec,0,5,5.0,0.0285867300932331,0.09367088079549861
n75,measured_agree,lorspec,1,10,10.0,0.04758108870069616,0.11400582014010145
n75,measured_agree,lorspec,2,15,15.384615384615383,0.09970584338151171,0.08004694568080473
n75,measured_agree,lorspec,3,20,20.0,0.12449860187870826,0.06974440765729878
n75,measured_agree,lorspec,4,25,25.0,0.06728802355531271,0.11636189575186792
n75,measured_agree,lorspec,5,5,5.747126436781609,0.04413070420233045,0.10053676093720113
n75,measured_agree,lorspec,6,10,11.235955056179776,0.06288524587147142,0.11400582014010145
n75,measured_agree,lorspec,7,15,15.384615384615383,0.08858324894292931,0.07146475732239474
n75,measured_agree,lorspec,8,20,20.0,0.14464805659401586,0.07499632088636668
n75,measured_agree,lorspec,9,25,20.83333333333333,0.06458239815053043,0.12849644187557188
n75,measured_agree,lorspec,10,5,5.0,0.06096340286567238,0.27134514954474204
n75,measured_agree,lorspec,11,10,10.0,0.10309990786795749,0.11401436110920034
n75,measured_agree,lorspec,12,15,19.23076923076923,0.11646764333639503,0.1099351399799444
n75,measured_agree,lorspec,13,20,20.0,0.19816971960190574,0.0837708188498634
n75,measured_agree,lorspec,14,25,15.384615384615383,0.054410883145570466,0.15070945521203594
n75,measured_agree,lorspec,15,5,5.0,0.051198809900038535,0.09018622299490359
n75,measured_agree,lorspec,16,10,10.0,0.07477487482962646,0.11400582014010145
n75,measured_agree,lorspec,17,15,15.384615384615383,0.11404227815252285,0.1392889446745375
n75,measured_agree,lorspec,18,20,20.0,0.15396210578545416,0.07593886592104569
n75,measured_agree,lorspec,19,25,23.80952380952381,0.05931999506358712,0.11636133097385615
n75,measured_agree,lorspec,20,5,5.0,0.06265781094812338,0.10813278009493232
n75,measured_agree,lorspec,21,10,11.11111111111111,0.06877412380526063,0.11400582014010145
n75,measured_agree,lorspec,22,15,14.999999999999998,0.11713961371317501,0.12248750397428981
n75,measured_agree,lorspec,23,20,20.0,0.1564763730463234,0.08376416946774934
n75,measured_agree,lorspec,24,25,24.390243902439025,0.06493091158272947,0.11636573082774974
n75,measured_agree,lorspec,25,5,5.0,0.06926367781436776,0.3087648303472638
n75,measured_agree,lorspec,26,10,10.0,0.10133133054775115,0.11401436114026468
n75,measured_agree,lorspec,27,15,15.0,0.13889884652540044,0.12258803631764917
n75,measured_agree,lorspec,28,20,20.0,0.23779048252794935,0.09273301353496806
n75,measured_agree,lorspec,29,25,23.25581395348837,0.08545289382525174,0.11631791168263726
n75,measured_agree,lorspec,30,5,5.0,0.009760861316943245,0.09018598207689232
n75,measured_agree,lorspec,31,10,10.20408163265306,0.014508188418088559,0.11400582014010145
n75,measured_agree,lorspec,32,15,14.999999999999998,0.03661213381504203,0.11932570940667092
n75,measured_agree,lorspec,33,20,19.23076923076923,0.05173321710386965,0.047698806853997064
n75,measured_agree,lorspec,34,25,26.31578947368421,0.033288813695527796,0.11636193433648213
n75,measured_agree,lorspec,35,5,5.0,0.06215695226201519,0.1081330101794865
n75,measured_agree,lorspec,36,10,10.0,0.08430580345539967,0.11400582014010145
n75,measured_agree,lorspec,37,15,15.151515151515152,0.14015088192737288,0.12967559621822686
n75,measured_agree,lorspec,38,20,20.0,0.18613447552206322,0.07905275273544798
n75,measured_agree,lorspec,39,25,25.0,0.06196232957271379,0.11636288768156926
n75,measured_agree,lorspec,40,5,20.40816326530612,0.06556874834127399,0.1739157680680724
n75,measured_agree,lorspec,41,10,10.0,0.1269725677875253,0.11401904876274922
n75,measured_agree,lorspec,42,15,16.39344262295082,0.17011573761311774,0.17715226906736575
n75,measured_agree,lorspec,43,20,15.625,0.27313629962814373,0.14656901088765678
n75,measured_agree,lorspec,44,25,25.0,0.08560325096733562,0.11636109495314835
n75,measured_agree,lorspec,45,5,5.0,0.037556732705441444,0.09018579910977732
n75,measured_agree,lorspec,46,10,10.638297872340424,0.04360056804280307,0.11400582014010145
n75,measured_agree,lorspec,47,15,15.0,0.04924463602686128,0.11932568773936542
n75,measured_agree,lorspec,48,20,20.0,0.061947249263179266,0.05060143084590937
n75,measured_agree,lorspec,49,25,25.0,0.05520203246912867,0.11636189573646523
n75,measured_agree,lorspec,50,5,5.0,0.06464104772693736,0.1081332583418787
n75,measured_agree,lorspec,51,10,10.638297872340424,0.1061907400375857,0.11400582014010145
n75,measured_agree,lorspec,52,15,15.0,0.14594201959443942,0.12248746510443359
n75,measured_agree,lorspec,53,20,20.0,0.3247159319617053,0.10716032604509239
n75,measured_agree,lorspec,54,25,25.0,0.09618234522660388,0.1163628876922259
n75,measured_agree,lorspec,55,5,5.0,0.10129747255604984,0.30876602718344026
n75,measured_agree,lorspec,56,10,10.638297872340424,0.16435945135408164,0.21872406234148084
n75,measured_agree,lorspec,57,15,10.638297872340424,0.23351523325410375,0.11878872185849546
n75,measured_agree,lorspec,58,20,5.747126436781609,0.4337970382398568,0.12575190167171543
n75,measured_agree,lorspec,59,25,25.0,0.137571433960762,0.11636109495192011
n75,measured_agree,lorspec,60,5,5.0,0.027809194807435544,0.09018567409676079
n75,measured_agree,lorspec,61,10,10.0,0.03376385751429354,0.11400582014010145
n75,measured_agree,lorspec,62,15,16.129032258064516,0.06472638287800421,0.2245664614525025
n75,measured_agree,lorspec,63,20,18.867924528301888,0.09895912208822974,0.05446477490179708
n75,measured_agree,lorspec,64,25,25.0,0.032306508405576646,0.11636189573124542
n75,measured_agree,lorspec,65,5,5.0,0.07333766405647854,0.10813352457831504
n75,measured_agree,lorspec,66,10,10.638297872340424,0.08429763716173058,0.11400582014010145
n75,measured_agree,lorspec,67,15,17.094017094017094,0.14387655045817369,0.11610124874774376
n75,measured_agree,lorspec,68,20,16.129032258064516,0.2713050081144946,0.11676960673220382
n75,measured_agree,lorspec,69,25,17.54385964912281,0.09371781676772084,0.12530835331324952
n75,measured_agree,lorspec,70,5,10.638297872340424,0.08715895279312774,0.17415064927430773
n75,measured_agree,lorspec,71,10,15.384615384615383,0.13480771178358023,0.10358311235444062
n75,measured_agree,lorspec,72,15,16.39344262295082,0.1801699290495756,0.17715233013988196
n75,measured_agree,lorspec,73,20,5.747126436781609,0.3279096638054766,0.09628008048185664
n75,measured_agree,lorspec,74,25,19.607843137254903,0.11806648579826695,0.14678222256704218
n75,measured_agree,tr_lor_mean,0,5,5.0,0.0285867300932331,0.10749559814617442
n75,measured_agree,tr_lor_mean,1,10,10.0,0.04758108870069616,0.02797152900113053
n75,measured_agree,tr_lor_mean,2,15,15.384615384615383,0.09970584338151171,0.010587264367982125
n75,measured_agree,tr_lor_mean,3,20,20.0,0.12449860187870826,0.005734612299338549
n75,measured_agree,tr_lor_mean,4,25,25.0,0.06728802355531271,0.0037816264801009357
n75,measured_agree,tr_lor_mean,5,5,5.747126436781609,0.04413070420233045,0.21416843711776837
n75,measured_agree,tr_lor_mean,6,10,11.235955056179776,0.06288524587147142,0.04517337496552496
n75,measured_agree,tr_lor_mean,7,15,15.384615384615383,0.08858324894292931,0.02117452873596425
n75,measured_agree,tr_lor_mean,8,20,20.0,0.14464805659401586,0.011469224598677098
n75,measured_agree,tr_lor_mean,9,25,20.83333333333333,0.06458239815053043,0.011607793181046244
n75,measured_agree,tr_lor_mean,10,5,5.0,0.06096340286567238,0.32248679443852324
n75,measured_agree,tr_lor_mean,11,10,10.0,0.10309990786795749,0.08391458700339159
n75,measured_agree,tr_lor_mean,12,15,19.23076923076923,0.11646764333639503,0.018850961324824306
n75,measured_agree,tr_lor_mean,13,20,20.0,0.19816971960190574,0.017203836898015645
n75,measured_agree,tr_lor_mean,14,25,15.384615384615383,0.054410883145570466,0.03543181463473309
n75,measured_agree,tr_lor_mean,15,5,5.0,0.051198809900038535,0.10749559814617442
n75,measured_agree,tr_lor_mean,16,10,10.0,0.07477487482962646,0.02797152900113053
n75,measured_agree,tr_lor_mean,17,15,15.384615384615383,0.11404227815252285,0.010587264367982125
n75,measured_agree,tr_lor_mean,18,20,20.0,0.15396210578545416,0.005734612299338549
n75,measured_agree,tr_lor_mean,19,25,23.80952380952381,0.05931999506358712,0.00423928270670301
n75,measured_agree,tr_lor_mean,20,5,5.0,0.06265781094812338,0.21499119629234884
n75,measured_agree,tr_lor_mean,21,10,11.11111111111111,0.06877412380526063,0.04616465011806141
n75,measured_agree,tr_lor_mean,22,15,14.999999999999998,0.11713961371317501,0.022440986495606687
n75,measured_agree,tr_lor_mean,23,20,20.0,0.1564763730463234,0.011469224598677098
n75,measured_agree,tr_lor_mean,24,25,24.390243902439025,0.06493091158272947,0.00801306165085514
n75,measured_agree,tr_lor_mean,25,5,5.0,0.06926367781436776,0.32248679443852324
n75,measured_agree,tr_lor_mean,26,10,10.0,0.10133133054775115,0.08391458700339159
n75,measured_agree,tr_lor_mean,27,15,15.0,0.13889884652540044,0.03366147974341002
n75,measured_agree,tr_lor_mean,28,20,20.0,0.23779048252794935,0.017203836898015645
n75,measured_agree,tr_lor_mean,29,25,23.25581395348837,0.08545289382525174,0.01343984938377188
n75,measured_agree,tr_lor_mean,30,5,5.0,0.009760861316943245,0.1326310900787863
n75,measured_agree,tr_lor_mean,31,10,10.20408163265306,0.014508188418088559,0.046145186545083615
n75,measured_agree,tr_lor_mean,32,15,14.999999999999998,0.03661213381504203,0.01830698746132513
n75,measured_agree,tr_lor_mean,33,20,19.23076923076923,0.05173321710386965,0.008634715237710524
n75,measured_agree,tr_lor_mean,34,25,26.31578947368421,0.033288813695527796,0.005406456197743087
n75,measured_agree,tr_lor_mean,35,5,5.0,0.06215695226201519,0.2652621801575726
n75,measured_agree,tr_lor_mean,36,10,10.0,0.08430580345539967,0.0955717742589934
n75,measured_agree,tr_lor_mean,37,15,15.151515151515152,0.14015088192737288,0.035780839143874935
n75,measured_agree,tr_lor_mean,38,20,20.0,0.18613447552206322,0.01574375182765369
n75,measured_agree,tr_lor_mean,39,25,25.0,0.06196232957271379,0.012187683267683415
n75,measured_agree,tr_lor_mean,40,5,20.40816326530612,0.06556874834127399,0.05039763507477541
n75,measured_agree,tr_lor_mean,41,10,10.0,0.1269725677875253,0.1433576613884901
n75,measured_agree,tr_lor_mean,42,15,16.39344262295082,0.17011573761311774,0.04473387708072768
n75,measured_agree,tr_lor_mean,43,20,15.625,0.27313629962814373,0.04211334488064548
n75,measured_agree,tr_lor_mean,44,25,25.0,0.08560325096733562,0.018281524901525122
n75,measured_agree,tr_lor_mean,45,5,5.0,0.037556732705441444,0.14104445817586048
n75,measured_agree,tr_lor_mean,46,10,10.638297872340424,0.04360056804280307,0.05132508806362626
n75,measured_agree,tr_lor_mean,47,15,15.0,0.04924463602686128,0.02236845287009263
n75,measured_agree,tr_lor_mean,48,20,20.0,0.061947249263179266,0.00919648255535459
n75,measured_agree,tr_lor_mean,49,25,25.0,0.05520203246912867,0.007274960109888063
n75,measured_agree,tr_lor_mean,50,5,5.0,0.06464104772693736,0.28208891635172095
n75,measured_agree,tr_lor_mean,51,10,10.638297872340424,0.1061907400375857,0.10265017612725252
n75,measured_agree,tr_lor_mean,52,15,15.0,0.14594201959443942,0.04473690574018526
n75,measured_agree,tr_lor_mean,53,20,20.0,0.3247159319617053,0.01839296511070918
n75,measured_agree,tr_lor_mean,54,25,25.0,0.09618234522660388,0.014549920219776125
n75,measured_agree,tr_lor_mean,55,5,5.0,0.10129747255604984,0.4231333745275815
n75,measured_agree,tr_lor_mean,56,10,10.638297872340424,0.16435945135408164,0.15397526419087876
n75,measured_agree,tr_lor_mean,57,15,10.638297872340424,0.23351523325410375,0.13857561771709
n75,measured_agree,tr_lor_mean,58,20,5.747126436781609,0.4337970382398568,0.2068902973691675
n75,measured_agree,tr_lor_mean,59,25,25.0,0.137571433960762,0.021824880329664186
n75,measured_agree,tr_lor_mean,60,5,5.0,0.027809194807435544,0.13273570243739705
n75,measured_agree,tr_lor_mean,61,10,10.0,0.03376385751429354,0.05648414998111682
n75,measured_agree,tr_lor_mean,62,15,16.129032258064516,0.06472638287800421,0.019798228415478125
n75,measured_agree,tr_lor_mean,63,20,18.867924528301888,0.09895912208822974,0.011138270750195895
n75,measured_agree,tr_lor_mean,64,25,25.0,0.032306508405576646,0.007324981908240001
n75,measured_agree,tr_lor_mean,65,5,5.0,0.07333766405647854,0.2654714048747941
n75,measured_agree,tr_lor_mean,66,10,10.638297872340424,0.08429763716173058,0.10120611656753607
n75,measured_agree,tr_lor_mean,67,15,17.094017094017094,0.14387655045817369,0.03457820528434275
n75,measured_agree,tr_lor_mean,68,20,16.129032258064516,0.2713050081144946,0.03217127816151053
n75,measured_agree,tr_lor_mean,69,25,17.54385964912281,0.09371781676772084,0.03370424986840526
n75,measured_agree,tr_lor_mean,70,5,10.638297872340424,0.08715895279312774,0.21396650030543637
n75,measured_agree,tr_lor_mean,71,10,15.384615384615383,0.13480771178358023,0.069364970683198
n75,measured_agree,tr_lor_mean,72,15,16.39344262295082,0.1801699290495756,0.057190810396004016
n75,measured_agree,tr_lor_mean,73,20,5.747126436781609,0.3279096638054766,0.21840746369122438
n75,measured_agree,tr_lor_mean,74,25,19.607843137254903,0.11806648579826695,0.03891024786919708
n75,measured_agree,tr_lor_gp,0,5,5.0,0.0285867300932331,0.15087900681779515
n75,measured_agree,tr_lor_gp,1,10,10.0,0.04758108870069616,0.08404576543992388
n75,measured_agree,tr_lor_gp,2,15,15.384615384615383,0.09970584338151171,0.05624813437727153
n75,measured_agree,tr_lor_gp,3,20,20.0,0.12449860187870826,0.08126699175066349
n75,measured_agree,tr_lor_gp,4,25,25.0,0.06728802355531271,0.04786278519471815
n75,measured_agree,tr_lor_gp,5,5,5.747126436781609,0.04413070420233045,0.2575524948864744
n75,measured_agree,tr_lor_gp,6,10,11.235955056179776,0.06288524587147142,0.10146261738973443
n75,measured_agree,tr_lor_gp,7,15,15.384615384615383,0.08858324894292931,0.05898611393627469
n75,measured_agree,tr_lor_gp,8,20,20.0,0.14464805659401586,0.0870015264281808
n75,measured_agree,tr_lor_gp,9,25,20.83333333333333,0.06458239815053043,0.0730507761815486
n75,measured_agree,tr_lor_gp,10,5,5.0,0.06096340286567238,0.3658674304449052
n75,measured_agree,tr_lor_gp,11,10,10.0,0.10309990786795749,0.14014619743930556
n75,measured_agree,tr_lor_gp,12,15,19.23076923076923,0.11646764333639503,0.06323075613939733
n75,measured_agree,tr_lor_gp,13,20,20.0,0.19816971960190574,0.09273593882579108
n75,measured_agree,tr_lor_gp,14,25,15.384615384615383,0.054410883145570466,0.11370898051438973
n75,measured_agree,tr_lor_gp,15,5,5.0,0.051198809900038535,0.15087900682661054
n75,measured_agree,tr_lor_gp,16,10,10.0,0.07477487482962646,0.08404576558980535
n75,measured_agree,tr_lor_gp,17,15,15.384615384615383,0.11404227815252285,0.05659585378238775
n75,measured_agree,tr_lor_gp,18,20,20.0,0.15396210578545416,0.08126833844003187
n75,measured_agree,tr_lor_gp,19,25,23.80952380952381,0.05931999506358712,0.048320574748803045
n75,measured_agree,tr_lor_gp,20,5,5.0,0.06265781094812338,0.25837596315622946
n75,measured_agree,tr_lor_gp,21,10,11.11111111111111,0.06877412380526063,0.1033225692409948
n75,measured_agree,tr_lor_gp,22,15,14.999999999999998,0.11713961371317501,0.05539851526775004
n75,measured_agree,tr_lor_gp,23,20,20.0,0.1564763730463234,0.0870028731207121
n75,measured_agree,tr_lor_gp,24,25,24.390243902439025,0.06493091158272947,0.05209423103085164
n75,measured_agree,tr_lor_gp,25,5,5.0,0.06926367781436776,0.3658674304443319
n75,measured_agree,tr_lor_gp,26,10,10.0,0.10133133054775115,0.14014619787404264
n75,measured_agree,tr_lor_gp,27,15,15.0,0.13889884652540044,0.0639949011286019
n75,measured_agree,tr_lor_gp,28,20,20.0,0.23779048252794935,0.09273728551641114
n75,measured_agree,tr_lor_gp,29,25,23.25581395348837,0.08545289382525174,0.05752344173291705
n75,measured_agree,tr_lor_gp,30,5,5.0,0.009760861316943245,0.1760140967418691
n75,measured_agree,tr_lor_gp,31,10,10.20408163265306,0.014508188418088559,0.10247302628429775
n75,measured_agree,tr_lor_gp,32,15,14.999999999999998,0.03661213381504203,0.05746977717764645
n75,measured_agree,tr_lor_gp,33,20,19.23076923076923,0.05173321710386965,0.08196272243178265
n75,measured_agree,tr_lor_gp,34,25,26.31578947368421,0.033288813695527796,0.049487614169084586
n75,measured_agree,tr_lor_gp,35,5,5.0,0.06215695226201519,0.30864349455842
n75,measured_agree,tr_lor_gp,36,10,10.0,0.08430580345539967,0.15161619135731322
n75,measured_agree,tr_lor_gp,37,15,15.151515151515152,0.14015088192737288,0.06826617734662886
n75,measured_agree,tr_lor_gp,38,20,20.0,0.18613447552206322,0.08397869398359589
n75,measured_agree,tr_lor_gp,39,25,25.0,0.06196232957271379,0.056268842229817234
n75,measured_agree,tr_lor_gp,40,5,20.40816326530612,0.06556874834127399,0.09378105479728491
n75,measured_agree,tr_lor_gp,41,10,10.0,0.1269725677875253,0.19942877185971708
n75,measured_agree,tr_lor_gp,42,15,16.39344262295082,0.17011573761311774,0.1158992448347519
n75,measured_agree,tr_lor_gp,43,20,15.625,0.27313629962814373,0.12019841838319217
n75,measured_agree,tr_lor_gp,44,25,25.0,0.08560325096733562,0.06236268248153379
n75,measured_agree,tr_lor_gp,45,5,5.0,0.037556732705441444,0.18442891036017997
n75,measured_agree,tr_lor_gp,46,10,10.638297872340424,0.04360056804280307,0.10476277046826075
n75,measured_agree,tr_lor_gp,47,15,15.0,0.04924463602686128,0.0634816436433475
n75,measured_agree,tr_lor_gp,48,20,20.0,0.061947249263179266,0.08339970118873576
n75,measured_agree,tr_lor_gp,49,25,25.0,0.05520203246912867,0.0513561181267088
n75,measured_agree,tr_lor_gp,50,5,5.0,0.06464104772693736,0.3254732936057876
n75,measured_agree,tr_lor_gp,51,10,10.638297872340424,0.1061907400375857,0.15732484578884348
n75,measured_agree,tr_lor_gp,52,15,15.0,0.14594201959443942,0.08438453468074249
n75,measured_agree,tr_lor_gp,53,20,20.0,0.3247159319617053,0.09259697155557459
n75,measured_agree,tr_lor_gp,54,25,25.0,0.09618234522660388,0.058631080279825984
n75,measured_agree,tr_lor_gp,55,5,5.0,0.10129747255604984,0.4514527052633783
n75,measured_agree,tr_lor_gp,56,10,10.638297872340424,0.16435945135408164,0.22307047511440842
n75,measured_agree,tr_lor_gp,57,15,10.638297872340424,0.23351523325410375,0.16096795337140785
n75,measured_agree,tr_lor_gp,58,20,5.747126436781609,0.4337970382398568,0.16042266997515855
n75,measured_agree,tr_lor_gp,59,25,25.0,0.137571433960762,0.06590603830102817
n75,measured_agree,tr_lor_gp,60,5,5.0,0.027809194807435544,0.17611789037762096
n75,measured_agree,tr_lor_gp,61,10,10.0,0.03376385751429354,0.11220212961938075
n75,measured_agree,tr_lor_gp,62,15,16.129032258064516,0.06472638287800421,0.18875271222898457
n75,measured_agree,tr_lor_gp,63,20,18.867924528301888,0.09895912208822974,0.09741392011315446
n75,measured_agree,tr_lor_gp,64,25,25.0,0.032306508405576646,0.05140613988174069
n75,measured_agree,tr_lor_gp,65,5,5.0,0.07333766405647854,0.3088557085848929
n75,measured_agree,tr_lor_gp,66,10,10.638297872340424,0.08429763716173058,0.10526303834568929
n75,measured_agree,tr_lor_gp,67,15,17.094017094017094,0.14387655045817369,0.07981109963799293
n75,measured_agree,tr_lor_gp,68,20,16.129032258064516,0.2713050081144946,0.1144898304492068
n75,measured_agree,tr_lor_gp,69,25,17.54385964912281,0.09371781676772084,0.10425397562138297
n75,measured_agree,tr_lor_gp,70,5,10.638297872340424,0.08715895279312774,0.2573456426160245
n75,measured_agree,tr_lor_gp,71,10,15.384615384615383,0.13480771178358023,0.14761651643399537
n75,measured_agree,tr_lor_gp,72,15,16.39344262295082,0.1801699290495756,0.15745217189400776
n75,measured_agree,tr_lor_gp,73,20,5.747126436781609,0.3279096638054766,0.17117804397561565
n75,measured_agree,tr_lor_gp,74,25,19.607843137254903,0.11806648579826695,0.08299281440907831
n75,measured_agree,tr_pow_mean,0,5,5.0,0.0285867300932331,0.033460117090130456
n75,measured_agree,tr_pow_mean,1,10,10.0,0.04758108870069616,0.04002509891426913
n75,measured_agree,tr_pow_mean,2,15,15.384615384615383,0.09970584338151171,0.04325613274846663
n75,measured_agree,tr_pow_mean,3,20,20.0,0.12449860187870826,0.03864840526422228
n75,measured_agree,tr_pow_mean,4,25,25.0,0.06728802355531271,0.057455880257743064
n75,measured_agree,tr_pow_mean,5,5,5.747126436781609,0.04413070420233045,0.06961512173814378
n75,measured_agree,tr_pow_mean,6,10,11.235955056179776,0.06288524587147142,0.0827389892637904
n75,measured_agree,tr_pow_mean,7,15,15.384615384615383,0.08858324894292931,0.08651226549693326
n75,measured_agree,tr_pow_mean,8,20,20.0,0.14464805659401586,0.07729681052844456
n75,measured_agree,tr_pow_mean,9,25,20.83333333333333,0.06458239815053043,0.10912312653130225
n75,measured_agree,tr_pow_mean,10,5,5.0,0.06096340286567238,0.10038035127039138
n75,measured_agree,tr_pow_mean,11,10,10.0,0.10309990786795749,0.12007529674280738
n75,measured_agree,tr_pow_mean,12,15,19.23076923076923,0.11646764333639503,0.13824285083187154
n75,measured_agree,tr_pow_mean,13,20,20.0,0.19816971960190574,0.11594521579266683
n75,measured_agree,tr_pow_mean,14,25,15.384615384615383,0.054410883145570466,0.15020325897247186
n75,measured_agree,tr_pow_mean,15,5,5.0,0.051198809900038535,0.033460117090130456
n75,measured_agree,tr_pow_mean,16,10,10.0,0.07477487482962646,0.04002509891426913
n75,measured_agree,tr_pow_mean,17,15,15.384615384615383,0.11404227815252285,0.04325613274846663
n75,measured_agree,tr_pow_mean,18,20,20.0,0.15396210578545416,0.03864840526422228
n75,measured_agree,tr_pow_mean,19,25,23.80952380952381,0.05931999506358712,0.05666662814151127
n75,measured_agree,tr_pow_mean,20,5,5.0,0.06265781094812338,0.06692023418026091
n75,measured_agree,tr_pow_mean,21,10,11.11111111111111,0.06877412380526063,0.08247731975073105
n75,measured_agree,tr_pow_mean,22,15,14.999999999999998,0.11713961371317501,0.08589354397347268
n75,measured_agree,tr_pow_mean,23,20,20.0,0.1564763730463234,0.07729681052844456
n75,measured_agree,tr_pow_mean,24,25,24.390243902439025,0.06493091158272947,0.11411015370135158
n75,measured_agree,tr_pow_mean,25,5,5.0,0.06926367781436776,0.10038035127039138
n75,measured_agree,tr_pow_mean,26,10,10.0,0.10133133054775115,0.12007529674280738
n75,measured_agree,tr_pow_mean,27,15,15.0,0.13889884652540044,0.12884031596020903
n75,measured_agree,tr_pow_mean,28,20,20.0,0.23779048252794935,0.11594521579266683
n75,measured_agree,tr_pow_mean,29,25,23.25581395348837,0.08545289382525174,0.168869617360919
n75,measured_agree,tr_pow_mean,30,5,5.0,0.009760861316943245,0.044652929356308366
n75,measured_agree,tr_pow_mean,31,10,10.20408163265306,0.014508188418088559,0.051375357451757475
n75,measured_agree,tr_pow_mean,32,15,14.999999999999998,0.03661213381504203,0.05411851994890761
n75,measured_agree,tr_pow_mean,33,20,19.23076923076923,0.05173321710386965,0.04664233634382365
n75,measured_agree,tr_pow_mean,34,25,26.31578947368421,0.033288813695527796,0.07761386642903403
n75,measured_agree,tr_pow_mean,35,5,5.0,0.06215695226201519,0.08930585871261673
n75,measured_agree,tr_pow_mean,36,10,10.0,0.08430580345539967,0.10216390097709543
n75,measured_agree,tr_pow_mean,37,15,15.151515151515152,0.14015088192737288,0.10854587340990886
n75,measured_agree,tr_pow_mean,38,20,20.0,0.18613447552206322,0.0943276900927836
n75,measured_agree,tr_pow_mean,39,25,25.0,0.06196232957271379,0.15298681895741748
n75,measured_agree,tr_pow_mean,40,5,20.40816326530612,0.06556874834127399,0.19959103911705922
n75,measured_agree,tr_pow_mean,41,10,10.0,0.1269725677875253,0.15324585146564312
n75,measured_agree,tr_pow_mean,42,15,16.39344262295082,0.17011573761311774,0.16649614608274133
n75,measured_agree,tr_pow_mean,43,20,15.625,0.27313629962814373,0.13192791852994828
n75,measured_agree,tr_pow_mean,44,25,25.0,0.08560325096733562,0.2294802284361262
n75,measured_agree,tr_pow_mean,45,5,5.0,0.037556732705441444,0.05001910979427766
n75,measured_agree,tr_pow_mean,46,10,10.638297872340424,0.04360056804280307,0.05898928819194636
n75,measured_agree,tr_pow_mean,47,15,15.0,0.04924463602686128,0.06093610113421818
n75,measured_agree,tr_pow_mean,48,20,20.0,0.061947249263179266,0.051695456915160407
n75,measured_agree,tr_pow_mean,49,25,25.0,0.05520203246912867,0.08501797068188499
n75,measured_agree,tr_pow_mean,50,5,5.0,0.06464104772693736,0.10003821958855531
n75,measured_agree,tr_pow_mean,51,10,10.638297872340424,0.1061907400375857,0.11797857638389272
n75,measured_agree,tr_pow_mean,52,15,15.0,0.14594201959443942,0.12187220226843636
n75,measured_agree,tr_pow_mean,53,20,20.0,0.3247159319617053,0.10339091383032081
n75,measured_agree,tr_pow_mean,54,25,25.0,0.09618234522660388,0.17003594136376998
n75,measured_agree,tr_pow_mean,55,5,5.0,0.10129747255604984,0.15005732938283298
n75,measured_agree,tr_pow_mean,56,10,10.638297872340424,0.16435945135408164,0.17696786457583907
n75,measured_agree,tr_pow_mean,57,15,10.638297872340424,0.23351523325410375,0.16584129754169277
n75,measured_agree,tr_pow_mean,58,20,5.747126436781609,0.4337970382398568,0.10890236798138084
n75,measured_agree,tr_pow_mean,59,25,25.0,0.137571433960762,0.255053912045655
n75,measured_agree,tr_pow_mean,60,5,5.0,0.027809194807435544,0.04955865840403831
n75,measured_agree,tr_pow_mean,61,10,10.0,0.03376385751429354,0.06066989576349753
n75,measured_agree,tr_pow_mean,62,15,16.129032258064516,0.06472638287800421,0.06471738215558746
n75,measured_agree,tr_pow_mean,63,20,18.867924528301888,0.09895912208822974,0.051387319359476866
n75,measured_agree,tr_pow_mean,64,25,25.0,0.032306508405576646,0.08302956386727184
n75,measured_agree,tr_pow_mean,65,5,5.0,0.07333766405647854,0.09911731680807662
n75,measured_agree,tr_pow_mean,66,10,10.638297872340424,0.08429763716173058,0.12348705351726133
n75,measured_agree,tr_pow_mean,67,15,17.094017094017094,0.14387655045817369,0.13158464940287523
n75,measured_agree,tr_pow_mean,68,20,16.129032258064516,0.2713050081144946,0.09830493054155605
n75,measured_agree,tr_pow_mean,69,25,17.54385964912281,0.09371781676772084,0.15019540199634546
n75,measured_agree,tr_pow_mean,70,5,10.638297872340424,0.08715895279312774,0.18416207597645637
n75,measured_agree,tr_pow_mean,71,10,15.384615384615383,0.13480771178358023,0.20565206808593886
n75,measured_agree,tr_pow_mean,72,15,16.39344262295082,0.1801699290495756,0.19504921811114967
n75,measured_agree,tr_pow_mean,73,20,5.747126436781609,0.3279096638054766,0.11005633727465255
n75,measured_agree,tr_pow_mean,74,25,19.607843137254903,0.11806648579826695,0.23251027398855884
n75,measured_agree,tr_pow_gp,0,5,5.0,0.0285867300932331,0.03790205688014741
n75,measured_agree,tr_pow_gp,1,10,10.0,0.04758108870069616,0.04441149119631281
n75,measured_agree,tr_pow_gp,2,15,15.384615384615383,0.09970584338151171,0.020115654962267908
n75,measured_agree,tr_pow_gp,3,20,20.0,0.12449860187870826,0.04212431819294362
n75,measured_agree,tr_pow_gp,4,25,25.0,0.06728802355531271,0.05856272354527689
n75,measured_agree,tr_pow_gp,5,5,5.747126436781609,0.04413070420233045,0.07405706149458757
n75,measured_agree,tr_pow_gp,6,10,11.235955056179776,0.06288524587147142,0.08712539457435098
n75,measured_agree,tr_pow_gp,7,15,15.384615384615383,0.08858324894292931,0.034250043194828036
n75,measured_agree,tr_pow_gp,8,20,20.0,0.14464805659401586,0.08077272156578623
n75,measured_agree,tr_pow_gp,9,25,20.83333333333333,0.06458239815053043,0.11073641449538453
n75,measured_agree,tr_pow_gp,10,5,5.0,0.06096340286567238,0.10482229098422235
n75,measured_agree,tr_pow_gp,11,10,10.0,0.10309990786795749,0.12446169071786284
n75,measured_agree,tr_pow_gp,12,15,19.23076923076923,0.11646764333639503,0.13909008633994255
n75,measured_agree,tr_pow_gp,13,20,20.0,0.19816971960190574,0.11942112607554743
n75,measured_agree,tr_pow_gp,14,25,15.384615384615383,0.054410883145570466,0.14876595683264124
n75,measured_agree,tr_pow_gp,15,5,5.0,0.051198809900038535,0.037902056880147666
n75,measured_agree,tr_pow_gp,16,10,10.0,0.07477487482962646,0.04441149121308452
n75,measured_agree,tr_pow_gp,17,15,15.384615384615383,0.11404227815252285,0.020458491519242412
n75,measured_agree,tr_pow_gp,18,20,20.0,0.15396210578545416,0.04212431819293933
n75,measured_agree,tr_pow_gp,19,25,23.80952380952381,0.05931999506358712,0.057773471429063576
n75,measured_agree,tr_pow_gp,20,5,5.0,0.06265781094812338,0.07136217394000106
n75,measured_agree,tr_pow_gp,21,10,11.11111111111111,0.06877412380526063,0.08686439779565554
n75,measured_agree,tr_pow_gp,22,15,14.999999999999998,0.11713961371317501,0.08906307563663697
n75,measured_agree,tr_pow_gp,23,20,20.0,0.1564763730463234,0.08077272156578058
n75,measured_agree,tr_pow_gp,24,25,24.390243902439025,0.06493091158272947,0.11521699698888546
n75,measured_agree,tr_pow_gp,25,5,5.0,0.06926367781436776,0.10482229098422234
n75,measured_agree,tr_pow_gp,26,10,10.0,0.10133133054775115,0.12446169074284522
n75,measured_agree,tr_pow_gp,27,15,15.0,0.13889884652540044,0.13200660020863217
n75,measured_agree,tr_pow_gp,28,20,20.0,0.23779048252794935,0.11942112607554126
n75,measured_agree,tr_pow_gp,29,25,23.25581395348837,0.08545289382525174,0.16997646064996544
n75,measured_agree,tr_pow_gp,30,5,5.0,0.009760861316943245,0.04909486908586094
n75,measured_agree,tr_pow_gp,31,10,10.20408163265306,0.014508188418088559,0.05576277145890919
n75,measured_agree,tr_pow_gp,32,15,14.999999999999998,0.03661213381504203,0.057294180148452216
n75,measured_agree,tr_pow_gp,33,20,19.23076923076923,0.05173321710386965,0.050118244739125246
n75,measured_agree,tr_pow_gp,34,25,26.31578947368421,0.033288813695527796,0.07872070971656786
n75,measured_agree,tr_pow_gp,35,5,5.0,0.06215695226201519,0.0937477984209884
n75,measured_agree,tr_pow_gp,36,10,10.0,0.08430580345539967,0.1065502919886695
n75,measured_agree,tr_pow_gp,37,15,15.151515151515152,0.14015088192737288,0.11018322585347426
n75,measured_agree,tr_pow_gp,38,20,20.0,0.18613447552206322,0.09779883141975038
n75,measured_agree,tr_pow_gp,39,25,25.0,0.06196232957271379,0.1540936622449513
n75,measured_agree,tr_pow_gp,40,5,20.40816326530612,0.06556874834127399,0.2040329708650178
n75,measured_agree,tr_pow_gp,41,10,10.0,0.1269725677875253,0.15763224273576118
n75,measured_agree,tr_pow_gp,42,15,16.39344262295082,0.17011573761311774,0.17033250224544771
n75,measured_agree,tr_pow_gp,43,20,15.625,0.27313629962814373,0.13540428353292508
n75,measured_agree,tr_pow_gp,44,25,25.0,0.08560325096733562,0.23058707172366
n75,measured_agree,tr_pow_gp,45,5,5.0,0.037556732705441444,0.05446104955214944
n75,measured_agree,tr_pow_gp,46,10,10.638297872340424,0.04360056804280307,0.06712824362094806
n75,measured_agree,tr_pow_gp,47,15,15.0,0.04924463602686128,0.06411325149707729
n75,measured_agree,tr_pow_gp,48,20,20.0,0.061947249263179266,0.05517136541488629
n75,measured_agree,tr_pow_gp,49,25,25.0,0.05520203246912867,0.08612481396941882
n75,measured_agree,tr_pow_gp,50,5,5.0,0.06464104772693736,0.10448015934648351
n75,measured_agree,tr_pow_gp,51,10,10.638297872340424,0.1061907400375857,0.14318003131950724
n75,measured_agree,tr_pow_gp,52,15,15.0,0.14594201959443942,0.1250410704834946
n75,measured_agree,tr_pow_gp,53,20,20.0,0.3247159319617053,0.1068668190965857
n75,measured_agree,tr_pow_gp,54,25,25.0,0.09618234522660388,0.1711427846513038
n75,measured_agree,tr_pow_gp,55,5,5.0,0.10129747255604984,0.20653135606974832
n75,measured_agree,tr_pow_gp,56,10,10.638297872340424,0.16435945135408164,0.23090376598828982
n75,measured_agree,tr_pow_gp,57,15,10.638297872340424,0.23351523325410375,0.16228447989233513
n75,measured_agree,tr_pow_gp,58,20,5.747126436781609,0.4337970382398568,0.11237828723706372
n75,measured_agree,tr_pow_gp,59,25,25.0,0.137571433960762,0.25616075533318877
n75,measured_agree,tr_pow_gp,60,5,5.0,0.027809194807435544,0.0540005981085477
n75,measured_agree,tr_pow_gp,61,10,10.0,0.03376385751429354,0.06505627794861639
n75,measured_agree,tr_pow_gp,62,15,16.129032258064516,0.06472638287800421,0.16511647267971524
n75,measured_agree,tr_pow_gp,63,20,18.867924528301888,0.09895912208822974,0.054863238536848706
n75,measured_agree,tr_pow_gp,64,25,25.0,0.032306508405576646,0.08413640715480566
n75,measured_agree,tr_pow_gp,65,5,5.0,0.07333766405647854,0.10355925656421693
n75,measured_agree,tr_pow_gp,66,10,10.638297872340424,0.08429763716173058,0.07700905902875899
n75,measured_agree,tr_pow_gp,67,15,17.094017094017094,0.14387655045817369,0.1347886415921579
n75,measured_agree,tr_pow_gp,68,20,16.129032258064516,0.2713050081144946,0.10653853984831095
n75,measured_agree,tr_pow_gp,69,25,17.54385964912281,0.09371781676772084,0.15026861455659776
n75,measured_agree,tr_pow_gp,70,5,10.638297872340424,0.08715895279312774,0.1886040158132747
n75,measured_agree,tr_pow_gp,71,10,15.384615384615383,0.13480771178358023,0.2077170588934089
n75,measured_agree,tr_pow_gp,72,15,16.39344262295082,0.1801699290495756,0.19936601922663222
n75,measured_agree,tr_pow_gp,73,20,5.747126436781609,0.3279096638054766,0.11353225654218828
n75,measured_agree,tr_pow_gp,74,25,19.607843137254903,0.11806648579826695,0.2336171172745612
n75,measured_agree,oracle_shape_gp,0,5,5.0,0.0285867300932331,0.03816731729976031
n75,measured_agree,oracle_shape_gp,1,10,10.0,0.04758108870069616,0.04839255544579207
n75,measured_agree,oracle_shape_gp,2,15,15.384615384615383,0.09970584338151171,0.02222575119258737
n75,measured_agree,oracle_shape_gp,3,20,20.0,0.12449860187870826,0.03831693583631606
n75,measured_agree,oracle_shape_gp,4,25,25.0,0.06728802355531271,0.03961841152250142
n75,measured_agree,oracle_shape_gp,5,5,5.747126436781609,0.04413070420233045,0.07594463395320121
n75,measured_agree,oracle_shape_gp,6,10,11.235955056179776,0.06288524587147142,0.09828432652671411
n75,measured_agree,oracle_shape_gp,7,15,15.384615384615383,0.08858324894292931,0.035633394998874794
n75,measured_agree,oracle_shape_gp,8,20,20.0,0.14464805659401586,0.0742749464963269
n75,measured_agree,oracle_shape_gp,9,25,20.83333333333333,0.06458239815053043,0.09629097901080963
n75,measured_agree,oracle_shape_gp,10,5,5.0,0.06096340286567238,0.10723905893336018
n75,measured_agree,oracle_shape_gp,11,10,10.0,0.10309990786795749,0.1394277503438172
n75,measured_agree,oracle_shape_gp,12,15,19.23076923076923,0.11646764333639503,0.1345795548554017
n75,measured_agree,oracle_shape_gp,13,20,20.0,0.19816971960190574,0.11023328278692421
n75,measured_agree,oracle_shape_gp,14,25,15.384615384615383,0.054410883145570466,0.15564671378273134
n75,measured_agree,oracle_shape_gp,15,5,5.0,0.051198809900038535,0.038167317299760355
n75,measured_agree,oracle_shape_gp,16,10,10.0,0.07477487482962646,0.0483925554454999
n75,measured_agree,oracle_shape_gp,17,15,15.384615384615383,0.11404227815252285,0.022581648376812976
n75,measured_agree,oracle_shape_gp,18,20,20.0,0.15396210578545416,0.03831693583631606
n75,measured_agree,oracle_shape_gp,19,25,23.80952380952381,0.05931999506358712,0.04233910211990631
n75,measured_agree,oracle_shape_gp,20,5,5.0,0.06265781094812338,0.07270318812087097
n75,measured_agree,oracle_shape_gp,21,10,11.11111111111111,0.06877412380526063,0.09787791440930724
n75,measured_agree,oracle_shape_gp,22,15,14.999999999999998,0.11713961371317501,0.09877205109094118
n75,measured_agree,oracle_shape_gp,23,20,20.0,0.1564763730463234,0.07427494649641936
n75,measured_agree,oracle_shape_gp,24,25,24.390243902439025,0.06493091158272947,0.0797550786450412
n75,measured_agree,oracle_shape_gp,25,5,5.0,0.06926367781436776,0.10723905893336018
n75,measured_agree,oracle_shape_gp,26,10,10.0,0.10133133054775115,0.1394277503442021
n75,measured_agree,oracle_shape_gp,27,15,15.0,0.13889884652540044,0.1469847573466057
n75,measured_agree,oracle_shape_gp,28,20,20.0,0.23779048252794935,0.11023328278680261
n75,measured_agree,oracle_shape_gp,29,25,23.25581395348837,0.08545289382525174,0.1262909871481693
n75,measured_agree,oracle_shape_gp,30,5,5.0,0.009760861316943245,0.05355190219511513
n75,measured_agree,oracle_shape_gp,31,10,10.20408163265306,0.014508188418088559,0.06792388141877428
n75,measured_agree,oracle_shape_gp,32,15,14.999999999999998,0.03661213381504203,0.07071915417261553
n75,measured_agree,oracle_shape_gp,33,20,19.23076923076923,0.05173321710386965,0.052061542880423514
n75,measured_agree,oracle_shape_gp,34,25,26.31578947368421,0.033288813695527796,0.047862524492127356
n75,measured_agree,oracle_shape_gp,35,5,5.0,0.06215695226201519,0.10347235791662904
n75,measured_agree,oracle_shape_gp,36,10,10.0,0.08430580345539967,0.13188049215567071
n75,measured_agree,oracle_shape_gp,37,15,15.151515151515152,0.14015088192737288,0.1359955406123684
n75,measured_agree,oracle_shape_gp,38,20,20.0,0.18613447552206322,0.09910109102694001
n75,measured_agree,oracle_shape_gp,39,25,25.0,0.06196232957271379,0.10124912944686583
n75,measured_agree,oracle_shape_gp,40,5,20.40816326530612,0.06556874834127399,0.20141013608147854
n75,measured_agree,oracle_shape_gp,41,10,10.0,0.1269725677875253,0.19638326057938946
n75,measured_agree,oracle_shape_gp,42,15,16.39344262295082,0.17011573761311774,0.20778235167561532
n75,measured_agree,oracle_shape_gp,43,20,15.625,0.27313629962814373,0.16156087265181474
n75,measured_agree,oracle_shape_gp,44,25,25.0,0.08560325096733562,0.15074252060095394
n75,measured_agree,oracle_shape_gp,45,5,5.0,0.037556732705441444,0.05844947037947227
n75,measured_agree,oracle_shape_gp,46,10,10.638297872340424,0.04360056804280307,0.07334904317386975
n75,measured_agree,oracle_shape_gp,47,15,15.0,0.04924463602686128,0.07708512416550742
n75,measured_agree,oracle_shape_gp,48,20,20.0,0.061947249263179266,0.0541436339263214
n75,measured_agree,oracle_shape_gp,49,25,25.0,0.05520203246912867,0.056380201307768586
n75,measured_agree,oracle_shape_gp,50,5,5.0,0.06464104772693736,0.11326749428928945
n75,measured_agree,oracle_shape_gp,51,10,10.638297872340424,0.1061907400375857,0.14585698262279706
n75,measured_agree,oracle_shape_gp,52,15,15.0,0.14594201959443942,0.15178498914748206
n75,measured_agree,oracle_shape_gp,53,20,20.0,0.3247159319617053,0.10592844359621292
n75,measured_agree,oracle_shape_gp,54,25,25.0,0.09618234522660388,0.11049805547684775
n75,measured_agree,oracle_shape_gp,55,5,5.0,0.10129747255604984,0.20876011809665002
n75,measured_agree,oracle_shape_gp,56,10,10.638297872340424,0.16435945135408164,0.23104063158884697
n75,measured_agree,oracle_shape_gp,57,15,10.638297872340424,0.23351523325410375,0.16316337416273835
n75,measured_agree,oracle_shape_gp,58,20,5.747126436781609,0.4337970382398568,0.12355669819038427
n75,measured_agree,oracle_shape_gp,59,25,25.0,0.137571433960762,0.16461590964592696
n75,measured_agree,oracle_shape_gp,60,5,5.0,0.027809194807435544,0.052860021819164375
n75,measured_agree,oracle_shape_gp,61,10,10.0,0.03376385751429354,0.06803262601486165
n75,measured_agree,oracle_shape_gp,62,15,16.129032258064516,0.06472638287800421,0.16065410831456164
n75,measured_agree,oracle_shape_gp,63,20,18.867924528301888,0.09895912208822974,0.050371144624721156
n75,measured_agree,oracle_shape_gp,64,25,25.0,0.032306508405576646,0.05349180056747432
n75,measured_agree,oracle_shape_gp,65,5,5.0,0.07333766405647854,0.10208859719038774
n75,measured_agree,oracle_shape_gp,66,10,10.638297872340424,0.08429763716173058,0.08616796984715838
n75,measured_agree,oracle_shape_gp,67,15,17.094017094017094,0.14387655045817369,0.13524518686742273
n75,measured_agree,oracle_shape_gp,68,20,16.129032258064516,0.2713050081144946,0.1034731249089816
n75,measured_agree,oracle_shape_gp,69,25,17.54385964912281,0.09371781676772084,0.1439406590607023
n75,measured_agree,oracle_shape_gp,70,5,10.638297872340424,0.08715895279312774,0.20188394085239397
n75,measured_agree,oracle_shape_gp,71,10,15.384615384615383,0.13480771178358023,0.2190661259058867
n75,measured_agree,oracle_shape_gp,72,15,16.39344262295082,0.1801699290495756,0.20557365659310878
n75,measured_agree,oracle_shape_gp,73,20,5.747126436781609,0.3279096638054766,0.11048472581105512
n75,measured_agree,oracle_shape_gp,74,25,19.607843137254903,0.11806648579826695,0.20353609868178202
n75,measured_agree,mf_ar1,0,5,5.0,0.0285867300932331,0.013543863981402534
n75,measured_agree,mf_ar1,1,10,10.0,0.04758108870069616,0.025075265482116665
n75,measured_agree,mf_ar1,2,15,15.384615384615383,0.09970584338151171,0.1276896845761051
n75,measured_agree,mf_ar1,3,20,20.0,0.12449860187870826,0.09141031535484836
n75,measured_agree,mf_ar1,4,25,25.0,0.06728802355531271,0.1734951279641103
n75,measured_agree,mf_ar1,5,5,5.747126436781609,0.04413070420233045,0.02378068650674571
n75,measured_agree,mf_ar1,6,10,11.235955056179776,0.06288524587147142,0.04520545886726549
n75,measured_agree,mf_ar1,7,15,15.384615384615383,0.08858324894292931,0.18648467355200693
n75,measured_agree,mf_ar1,8,20,20.0,0.14464805659401586,0.09264860497719506
n75,measured_agree,mf_ar1,9,25,20.83333333333333,0.06458239815053043,0.25824754492971036
n75,measured_agree,mf_ar1,10,5,5.0,0.06096340286567238,0.033106267903051885
n75,measured_agree,mf_ar1,11,10,10.0,0.10309990786795749,0.06237790537079907
n75,measured_agree,mf_ar1,12,15,19.23076923076923,0.11646764333639503,0.2703119175656279
n75,measured_agree,mf_ar1,13,20,20.0,0.19816971960190574,0.11054758726079605
n75,measured_agree,mf_ar1,14,25,15.384615384615383,0.054410883145570466,0.395129862332195
n75,measured_agree,mf_ar1,15,5,5.0,0.051198809900038535,0.013674406167717682
n75,measured_agree,mf_ar1,16,10,10.0,0.07477487482962646,0.02532380682312528
n75,measured_agree,mf_ar1,17,15,15.384615384615383,0.11404227815252285,0.12893160029482098
n75,measured_agree,mf_ar1,18,20,20.0,0.15396210578545416,0.0933637103419948
n75,measured_agree,mf_ar1,19,25,23.80952380952381,0.05931999506358712,0.17840645941164396
n75,measured_agree,mf_ar1,20,5,5.0,0.06265781094812338,0.02358615031485751
n75,measured_agree,mf_ar1,21,10,11.11111111111111,0.06877412380526063,0.04557712442905422
n75,measured_agree,mf_ar1,22,15,14.999999999999998,0.11713961371317501,0.18891834137964814
n75,measured_agree,mf_ar1,23,20,20.0,0.1564763730463234,0.10348305888295577
n75,measured_agree,mf_ar1,24,25,24.390243902439025,0.06493091158272947,0.25654372409501974
n75,measured_agree,mf_ar1,25,5,5.0,0.06926367781436776,0.03349789446199733
n75,measured_agree,mf_ar1,26,10,10.0,0.10133133054775115,0.06312352875884292
n75,measured_agree,mf_ar1,27,15,15.0,0.13889884652540044,0.2728437235253738
n75,measured_agree,mf_ar1,28,20,20.0,0.23779048252794935,0.12588677840045065
n75,measured_agree,mf_ar1,29,25,23.25581395348837,0.08545289382525174,0.3765162441593311
n75,measured_agree,mf_ar1,30,5,5.0,0.009760861316943245,0.017509353274994775
n75,measured_agree,mf_ar1,31,10,10.20408163265306,0.014508188418088559,0.03295983716439776
n75,measured_agree,mf_ar1,32,15,14.999999999999998,0.03661213381504203,0.10586457278549591
n75,measured_agree,mf_ar1,33,20,19.23076923076923,0.05173321710386965,0.04442107479121725
n75,measured_agree,mf_ar1,34,25,26.31578947368421,0.033288813695527796,0.15066575976443228
n75,measured_agree,mf_ar1,35,5,5.0,0.06215695226201519,0.03125604452933601
n75,measured_agree,mf_ar1,36,10,10.0,0.08430580345539967,0.0597073858138501
n75,measured_agree,mf_ar1,37,15,15.151515151515152,0.14015088192737288,0.25085655020149883
n75,measured_agree,mf_ar1,38,20,20.0,0.18613447552206322,0.11638220835272876
n75,measured_agree,mf_ar1,39,25,25.0,0.06196232957271379,0.34408672552274017
n75,measured_agree,mf_ar1,40,5,20.40816326530612,0.06556874834127399,0.05579757636030138
n75,measured_agree,mf_ar1,41,10,10.0,0.1269725677875253,0.08640783338762897
n75,measured_agree,mf_ar1,42,15,16.39344262295082,0.17011573761311774,0.3733092233366672
n75,measured_agree,mf_ar1,43,20,15.625,0.27313629962814373,0.16630698382804693
n75,measured_agree,mf_ar1,44,25,25.0,0.08560325096733562,0.521474416174287
n75,measured_agree,mf_ar1,45,5,5.0,0.037556732705441444,0.019256319171580445
n75,measured_agree,mf_ar1,46,10,10.638297872340424,0.04360056804280307,0.037000580514804315
n75,measured_agree,mf_ar1,47,15,15.0,0.04924463602686128,0.13422851122827387
n75,measured_agree,mf_ar1,48,20,20.0,0.061947249263179266,0.05994241037651478
n75,measured_agree,mf_ar1,49,25,25.0,0.05520203246912867,0.16791871839604383
n75,measured_agree,mf_ar1,50,5,5.0,0.06464104772693736,0.03474997497781592
n75,measured_agree,mf_ar1,51,10,10.638297872340424,0.1061907400375857,0.0704889490070989
n75,measured_agree,mf_ar1,52,15,15.0,0.14594201959443942,0.3165962068943308
n75,measured_agree,mf_ar1,53,20,20.0,0.3247159319617053,0.13575339067405445
n75,measured_agree,mf_ar1,54,25,25.0,0.09618234522660388,0.44361967797369556
n75,measured_agree,mf_ar1,55,5,5.0,0.10129747255604984,0.05024363078405018
n75,measured_agree,mf_ar1,56,10,10.638297872340424,0.16435945135408164,0.10746606686257021
n75,measured_agree,mf_ar1,57,15,10.638297872340424,0.23351523325410375,0.4584391859644555
n75,measured_agree,mf_ar1,58,20,5.747126436781609,0.4337970382398568,0.2319357531589714
n75,measured_agree,mf_ar1,59,25,25.0,0.137571433960762,0.6086382172067681
n75,measured_agree,mf_ar1,60,5,5.0,0.027809194807435544,0.017531279694413253
n75,measured_agree,mf_ar1,61,10,10.0,0.03376385751429354,0.033373079982168444
n75,measured_agree,mf_ar1,62,15,16.129032258064516,0.06472638287800421,0.12678387968747482
n75,measured_agree,mf_ar1,63,20,18.867924528301888,0.09895912208822974,0.06065412108114773
n75,measured_agree,mf_ar1,64,25,25.0,0.032306508405576646,0.17526770429864205
n75,measured_agree,mf_ar1,65,5,5.0,0.07333766405647854,0.031299896811204424
n75,measured_agree,mf_ar1,66,10,10.638297872340424,0.08429763716173058,0.0669138581404391
n75,measured_agree,mf_ar1,67,15,17.094017094017094,0.14387655045817369,0.2840773558289549
n75,measured_agree,mf_ar1,68,20,16.129032258064516,0.2713050081144946,0.13016794185731995
n75,measured_agree,mf_ar1,69,25,17.54385964912281,0.09371781676772084,0.3907082664090405
n75,measured_agree,mf_ar1,70,5,10.638297872340424,0.08715895279312774,0.051288978997354615
n75,measured_agree,mf_ar1,71,10,15.384615384615383,0.13480771178358023,0.07815502354035461
n75,measured_agree,mf_ar1,72,15,16.39344262295082,0.1801699290495756,0.4023835801779209
n75,measured_agree,mf_ar1,73,20,5.747126436781609,0.3279096638054766,0.21005659683646583
n75,measured_agree,mf_ar1,74,25,19.607843137254903,0.11806648579826695,0.5467408056009873
n75,measured_agree,mf_nar,0,5,5.0,0.0285867300932331,0.04554304732486217
n75,measured_agree,mf_nar,1,10,10.0,0.04758108870069616,0.04394967350837255
n75,measured_agree,mf_nar,2,15,15.384615384615383,0.09970584338151171,0.1363584006048998
n75,measured_agree,mf_nar,3,20,20.0,0.12449860187870826,0.06762371585426481
n75,measured_agree,mf_nar,4,25,25.0,0.06728802355531271,0.15893699887012153
n75,measured_agree,mf_nar,5,5,5.747126436781609,0.04413070420233045,0.05932810880875101
n75,measured_agree,mf_nar,6,10,11.235955056179776,0.06288524587147142,0.05886666220532437
n75,measured_agree,mf_nar,7,15,15.384615384615383,0.08858324894292931,0.16914885013706707
n75,measured_agree,mf_nar,8,20,20.0,0.14464805659401586,0.090031729031213
n75,measured_agree,mf_nar,9,25,20.83333333333333,0.06458239815053043,0.21105554996388765
n75,measured_agree,mf_nar,10,5,5.0,0.06096340286567238,0.11560685775114005
n75,measured_agree,mf_nar,11,10,10.0,0.10309990786795749,0.055035673465993286
n75,measured_agree,mf_nar,12,15,19.23076923076923,0.11646764333639503,0.2283177968559683
n75,measured_agree,mf_nar,13,20,20.0,0.19816971960190574,0.11247595815386063
n75,measured_agree,mf_nar,14,25,15.384615384615383,0.054410883145570466,0.2710231762840826
n75,measured_agree,mf_nar,15,5,5.0,0.051198809900038535,0.05432285701824047
n75,measured_agree,mf_nar,16,10,10.0,0.07477487482962646,0.060210260445287746
n75,measured_agree,mf_nar,17,15,15.384615384615383,0.11404227815252285,0.14952938302096086
n75,measured_agree,mf_nar,18,20,20.0,0.15396210578545416,0.07796816513585114
n75,measured_agree,mf_nar,19,25,23.80952380952381,0.05931999506358712,0.17683513537350207
n75,measured_agree,mf_nar,20,5,5.0,0.06265781094812338,0.06821719409670854
n75,measured_agree,mf_nar,21,10,11.11111111111111,0.06877412380526063,0.07094865741268537
n75,measured_agree,mf_nar,22,15,14.999999999999998,0.11713961371317501,0.18349970875273205
n75,measured_agree,mf_nar,23,20,20.0,0.1564763730463234,0.10146075376016345
n75,measured_agree,mf_nar,24,25,24.390243902439025,0.06493091158272947,0.22775939084368013
n75,measured_agree,mf_nar,25,5,5.0,0.06926367781436776,0.12415804868353322
n75,measured_agree,mf_nar,26,10,10.0,0.10133133054775115,0.06580854355216847
n75,measured_agree,mf_nar,27,15,15.0,0.13889884652540044,0.2404338957416221
n75,measured_agree,mf_nar,28,20,20.0,0.23779048252794935,0.12433360867325641
n75,measured_agree,mf_nar,29,25,23.25581395348837,0.08545289382525174,0.27964478251737096
n75,measured_agree,mf_nar,30,5,5.0,0.009760861316943245,0.01536966560187382
n75,measured_agree,mf_nar,31,10,10.20408163265306,0.014508188418088559,0.015194299878890122
n75,measured_agree,mf_nar,32,15,14.999999999999998,0.03661213381504203,0.07079046342686891
n75,measured_agree,mf_nar,33,20,19.23076923076923,0.05173321710386965,0.048337852218049926
n75,measured_agree,mf_nar,34,25,26.31578947368421,0.033288813695527796,0.10592560091447879
n75,measured_agree,mf_nar,35,5,5.0,0.06215695226201519,0.08207104151443625
n75,measured_agree,mf_nar,36,10,10.0,0.08430580345539967,0.05986397247705491
n75,measured_agree,mf_nar,37,15,15.151515151515152,0.14015088192737288,0.22688912421795532
n75,measured_agree,mf_nar,38,20,20.0,0.18613447552206322,0.10869236379540197
n75,measured_agree,mf_nar,39,25,25.0,0.06196232957271379,0.3179155802766791
n75,measured_agree,mf_nar,40,5,20.40816326530612,0.06556874834127399,0.13929694279415578
n75,measured_agree,mf_nar,41,10,10.0,0.1269725677875253,0.08808768944715774
n75,measured_agree,mf_nar,42,15,16.39344262295082,0.17011573761311774,0.2956251674332404
n75,measured_agree,mf_nar,43,20,15.625,0.27313629962814373,0.16809514168711367
n75,measured_agree,mf_nar,44,25,25.0,0.08560325096733562,0.3410847912267284
n75,measured_agree,mf_nar,45,5,5.0,0.037556732705441444,0.040904243651966654
n75,measured_agree,mf_nar,46,10,10.638297872340424,0.04360056804280307,0.0340604338697299
n75,measured_agree,mf_nar,47,15,15.0,0.04924463602686128,0.09396795853963684
n75,measured_agree,mf_nar,48,20,20.0,0.061947249263179266,0.060394720810258214
n75,measured_agree,mf_nar,49,25,25.0,0.05520203246912867,0.17530875657717115
n75,measured_agree,mf_nar,50,5,5.0,0.06464104772693736,0.10910209975629451
n75,measured_agree,mf_nar,51,10,10.638297872340424,0.1061907400375857,0.07403322349687297
n75,measured_agree,mf_nar,52,15,15.0,0.14594201959443942,0.38808565329651995
n75,measured_agree,mf_nar,53,20,20.0,0.3247159319617053,0.13592483358529853
n75,measured_agree,mf_nar,54,25,25.0,0.09618234522660388,0.4616459959944481
n75,measured_agree,mf_nar,55,5,5.0,0.10129747255604984,0.18453163342684814
n75,measured_agree,mf_nar,56,10,10.638297872340424,0.16435945135408164,0.11409189104676476
n75,measured_agree,mf_nar,57,15,10.638297872340424,0.23351523325410375,0.4130018703035198
n75,measured_agree,mf_nar,58,20,5.747126436781609,0.4337970382398568,0.22854046221459418
n75,measured_agree,mf_nar,59,25,25.0,0.137571433960762,0.34787107776762205
n75,measured_agree,mf_nar,60,5,5.0,0.027809194807435544,0.027829258314520947
n75,measured_agree,mf_nar,61,10,10.0,0.03376385751429354,0.026326388250756977
n75,measured_agree,mf_nar,62,15,16.129032258064516,0.06472638287800421,0.1200350387990605
n75,measured_agree,mf_nar,63,20,18.867924528301888,0.09895912208822974,0.05627040707383979
n75,measured_agree,mf_nar,64,25,25.0,0.032306508405576646,0.19035156076392384
n75,measured_agree,mf_nar,65,5,5.0,0.07333766405647854,0.07733661494718089
n75,measured_agree,mf_nar,66,10,10.638297872340424,0.08429763716173058,0.07622762739148928
n75,measured_agree,mf_nar,67,15,17.094017094017094,0.14387655045817369,0.32473597109502494
n75,measured_agree,mf_nar,68,20,16.129032258064516,0.2713050081144946,0.12199219981736437
n75,measured_agree,mf_nar,69,25,17.54385964912281,0.09371781676772084,0.40815385391949954
n75,measured_agree,mf_nar,70,5,10.638297872340424,0.08715895279312774,0.1410803619269726
n75,measured_agree,mf_nar,71,10,15.384615384615383,0.13480771178358023,0.1053924554040022
n75,measured_agree,mf_nar,72,15,16.39344262295082,0.1801699290495756,0.35615079670710714
n75,measured_agree,mf_nar,73,20,5.747126436781609,0.3279096638054766,0.1960518188313739
n75,measured_agree,mf_nar,74,25,19.607843137254903,0.11806648579826695,0.3476629693364493
n72,nominal,gp,0,5,5.0,0.0285867300932331,0.07903622442563271
n72,nominal,gp,1,10,10.0,0.04758108870069616,0.04866949679318721
n72,nominal,gp,2,15,15.0,0.09970584338151171,0.10983206244035291
n72,nominal,gp,3,20,20.0,0.12449860187870826,0.0970087408730563
n72,nominal,gp,4,25,25.0,0.06728802355531271,0.14655411637354138
n72,nominal,gp,5,5,5.0,0.04413070420233045,0.09386308852312918
n72,nominal,gp,6,10,10.0,0.06288524587147142,0.05246529175971854
n72,nominal,gp,7,15,15.0,0.08858324894292931,0.14372714217002808
n72,nominal,gp,8,20,20.0,0.14464805659401586,0.093524449545385
n72,nominal,gp,9,25,25.0,0.06458239815053043,0.1983925412660837
n72,nominal,gp,10,5,5.0,0.06096340286567238,0.11685868249621632
n72,nominal,gp,11,10,10.0,0.10309990786795749,0.06177330645209004
n72,nominal,gp,12,15,15.0,0.11646764333639503,0.19522412595274075
n72,nominal,gp,13,20,20.0,0.19816971960190574,0.09716358662943594
n72,nominal,gp,14,25,25.0,0.054410883145570466,0.2821889071535484
n72,nominal,gp,15,5,5.0,0.051198809900038535,0.08538852048020229
n72,nominal,gp,16,10,10.0,0.07477487482962646,0.06111052409652317
n72,nominal,gp,17,15,15.0,0.11404227815252285,0.1271551087979659
n72,nominal,gp,18,20,20.0,0.15396210578545416,0.10119212931877017
n72,nominal,gp,19,25,25.0,0.05931999506358712,0.16343267202292455
n72,nominal,gp,20,5,5.0,0.06265781094812338,0.09706663579029996
n72,nominal,gp,21,10,10.0,0.06877412380526063,0.06640501179082123
n72,nominal,gp,22,15,15.0,0.11713961371317501,0.15909008346013775
n72,nominal,gp,23,20,20.0,0.1564763730463234,0.1098217580298423
n72,nominal,gp,24,25,25.0,0.06493091158272947,0.21756973181164835
n72,nominal,gp,25,5,5.0,0.06926367781436776,0.1168245507460636
n72,nominal,gp,26,10,10.0,0.10133133054775115,0.07317059799231312
n72,nominal,gp,27,15,15.0,0.13889884652540044,0.20838393507391462
n72,nominal,gp,28,20,20.0,0.23779048252794935,0.12151581666236683
n72,nominal,gp,29,25,25.0,0.08545289382525174,0.3040117227330908
n72,nominal,gp,30,5,5.0,0.009760861316943245,0.07062838708413298
n72,nominal,gp,31,10,10.0,0.014508188418088559,0.026100433019142763
n72,nominal,gp,32,15,15.0,0.03661213381504203,0.06864765018156803
n72,nominal,gp,33,20,20.0,0.05173321710386965,0.050209379154957864
n72,nominal,gp,34,25,25.0,0.033288813695527796,0.09117935667066412
n72,nominal,gp,35,5,5.0,0.06215695226201519,0.10014621989610595
n72,nominal,gp,36,10,10.0,0.08430580345539967,0.0586565014436761
n72,nominal,gp,37,15,15.0,0.14015088192737288,0.1764989583492314
n72,nominal,gp,38,20,20.0,0.18613447552206322,0.11853595789613985
n72,nominal,gp,39,25,25.0,0.06196232957271379,0.25266094666919325
n72,nominal,gp,40,5,5.0,0.06556874834127399,0.13021650765359938
n72,nominal,gp,41,10,10.0,0.1269725677875253,0.07640714877676186
n72,nominal,gp,42,15,15.0,0.17011573761311774,0.2606223446317269
n72,nominal,gp,43,20,20.0,0.27313629962814373,0.14992996778035175
n72,nominal,gp,44,25,25.0,0.08560325096733562,0.3794173452506796
n72,nominal,gp,45,5,5.0,0.037556732705441444,0.0763501349934551
n72,nominal,gp,46,10,10.0,0.04360056804280307,0.026688866914041834
n72,nominal,gp,47,15,15.0,0.04924463602686128,0.07843752143655869
n72,nominal,gp,48,20,20.0,0.061947249263179266,0.06017013006151254
n72,nominal,gp,49,25,25.0,0.05520203246912867,0.11365200719224135
n72,nominal,gp,50,5,5.0,0.06464104772693736,0.11085352532605007
n72,nominal,gp,51,10,10.0,0.1061907400375857,0.0667338611860196
n72,nominal,gp,53,20,20.0,0.3247159319617053,0.1566088951007148
n72,nominal,gp,55,5,5.0,0.10129747255604984,0.1439233223674115
n72,nominal,gp,56,10,10.0,0.16435945135408164,0.09141677369300173
n72,nominal,gp,57,15,15.0,0.23351523325410375,0.33857065558142135
n72,nominal,gp,58,20,20.0,0.4337970382398568,0.2074496897761035
n72,nominal,gp,59,25,25.0,0.137571433960762,0.5323750824754524
n72,nominal,gp,60,5,5.0,0.027809194807435544,0.07536024488253848
n72,nominal,gp,61,10,10.0,0.03376385751429354,0.03181419615499348
n72,nominal,gp,62,15,15.0,0.06472638287800421,0.09016097930067037
n72,nominal,gp,63,20,20.0,0.09895912208822974,0.061398804777123867
n72,nominal,gp,64,25,25.0,0.032306508405576646,0.14492617977359312
n72,nominal,gp,65,5,5.0,0.07333766405647854,0.10422406461133867
n72,nominal,gp,66,10,10.0,0.08429763716173058,0.06053676918677965
n72,nominal,gp,67,15,15.0,0.14387655045817369,0.21515805320438902
n72,nominal,gp,68,20,20.0,0.2713050081144946,0.1387978937758374
n72,nominal,gp,69,25,25.0,0.09371781676772084,0.35575187693307053
n72,nominal,gp,70,5,5.0,0.08715895279312774,0.13441861305116348
n72,nominal,gp,71,10,10.0,0.13480771178358023,0.07958257434376816
n72,nominal,gp,72,15,15.0,0.1801699290495756,0.29724169601656797
n72,nominal,gp,74,25,25.0,0.11806648579826695,0.4609717144366091
n72,nominal,lawgp,0,5,5.0,0.0285867300932331,0.024342681430069533
n72,nominal,lawgp,1,10,10.0,0.04758108870069616,0.0508271546438317
n72,nominal,lawgp,2,15,15.0,0.09970584338151171,0.12030823643377189
n72,nominal,lawgp,3,20,20.0,0.12449860187870826,0.08317938417038041
n72,nominal,lawgp,4,25,25.0,0.06728802355531271,0.17634215953596744
n72,nominal,lawgp,5,5,5.0,0.04413070420233045,0.04046046710331905
n72,nominal,lawgp,6,10,10.0,0.06288524587147142,0.052371344596804356
n72,nominal,lawgp,7,15,15.0,0.08858324894292931,0.17412296212186554
n72,nominal,lawgp,8,20,20.0,0.14464805659401586,0.08882317218879109
n72,nominal,lawgp,9,25,25.0,0.06458239815053043,0.2563276847328427
n72,nominal,lawgp,10,5,5.0,0.06096340286567238,0.059745510483091194
n72,nominal,lawgp,11,10,10.0,0.10309990786795749,0.06117879092848408
n72,nominal,lawgp,12,15,15.0,0.11646764333639503,0.26130237562000475
n72,nominal,lawgp,13,20,20.0,0.19816971960190574,0.10978519559596911
n72,nominal,lawgp,14,25,25.0,0.054410883145570466,0.37617984975385116
n72,nominal,lawgp,15,5,5.0,0.051198809900038535,0.0310335792160261
n72,nominal,lawgp,16,10,10.0,0.07477487482962646,0.06388120015813988
n72,nominal,lawgp,17,15,15.0,0.11404227815252285,0.14230851816056037
n72,nominal,lawgp,18,20,20.0,0.15396210578545416,0.08852608996134369
n72,nominal,lawgp,19,25,25.0,0.05931999506358712,0.18931617236131337
n72,nominal,lawgp,20,5,5.0,0.06265781094812338,0.04220578519757938
n72,nominal,lawgp,21,10,10.0,0.06877412380526063,0.07092381247056444
n72,nominal,lawgp,22,15,15.0,0.11713961371317501,0.18323120876344032
n72,nominal,lawgp,23,20,20.0,0.1564763730463234,0.09816144521378216
n72,nominal,lawgp,24,25,25.0,0.06493091158272947,0.2659620542503314
n72,nominal,lawgp,25,5,5.0,0.06926367781436776,0.0585752168200732
n72,nominal,lawgp,26,10,10.0,0.10133133054775115,0.07211407912920714
n72,nominal,lawgp,27,15,15.0,0.13889884652540044,0.27334579717671403
n72,nominal,lawgp,28,20,20.0,0.23779048252794935,0.12413839230813578
n72,nominal,lawgp,29,25,25.0,0.08545289382525174,0.3938232149545768
n72,nominal,lawgp,30,5,5.0,0.009760861316943245,0.019896745606828508
n72,nominal,lawgp,31,10,10.0,0.014508188418088559,0.023505447789167765
n72,nominal,lawgp,32,15,15.0,0.03661213381504203,0.08157660333795755
n72,nominal,lawgp,33,20,20.0,0.05173321710386965,0.042266461579886894
n72,nominal,lawgp,34,25,25.0,0.033288813695527796,0.1372954049217589
n72,nominal,lawgp,35,5,5.0,0.06215695226201519,0.05123454533164222
n72,nominal,lawgp,36,10,10.0,0.08430580345539967,0.07659894025409893
n72,nominal,lawgp,37,15,15.0,0.14015088192737288,0.2279193103915825
n72,nominal,lawgp,38,20,20.0,0.18613447552206322,0.11129018764825684
n72,nominal,lawgp,39,25,25.0,0.06196232957271379,0.3360506776000891
n72,nominal,lawgp,40,5,5.0,0.06556874834127399,0.07674267422262988
n72,nominal,lawgp,41,10,10.0,0.1269725677875253,0.08238668803508475
n72,nominal,lawgp,42,15,15.0,0.17011573761311774,0.3518268464966011
n72,nominal,lawgp,43,20,20.0,0.27313629962814373,0.1518658081991512
n72,nominal,lawgp,44,25,25.0,0.08560325096733562,0.5071193551956793
n72,nominal,lawgp,45,5,5.0,0.037556732705441444,0.029598418672321537
n72,nominal,lawgp,46,10,10.0,0.04360056804280307,0.03705998697189253
n72,nominal,lawgp,47,15,15.0,0.04924463602686128,0.10748331307082055
n72,nominal,lawgp,48,20,20.0,0.061947249263179266,0.0608595015032177
n72,nominal,lawgp,49,25,25.0,0.05520203246912867,0.16298342760413093
n72,nominal,lawgp,50,5,5.0,0.06464104772693736,0.06381697734514613
n72,nominal,lawgp,51,10,10.0,0.1061907400375857,0.07944227229510674
n72,nominal,lawgp,53,20,20.0,0.3247159319617053,0.13034737915224184
n72,nominal,lawgp,55,5,5.0,0.10129747255604984,0.09274330296716078
n72,nominal,lawgp,56,10,10.0,0.16435945135408164,0.10168739746759387
n72,nominal,lawgp,57,15,15.0,0.23351523325410375,0.4761785158284347
n72,nominal,lawgp,58,20,20.0,0.4337970382398568,0.20449711787406397
n72,nominal,lawgp,59,25,25.0,0.137571433960762,0.6901578240144043
n72,nominal,lawgp,60,5,5.0,0.027809194807435544,0.02593973717070075
n72,nominal,lawgp,61,10,10.0,0.03376385751429354,0.03382129420063751
n72,nominal,lawgp,62,15,15.0,0.06472638287800421,0.12769139544741065
n72,nominal,lawgp,63,20,20.0,0.09895912208822974,0.05533986993615715
n72,nominal,lawgp,64,25,25.0,0.032306508405576646,0.19590462127126157
n72,nominal,lawgp,65,5,5.0,0.07333766405647854,0.0555490599486
n72,nominal,lawgp,66,10,10.0,0.08429763716173058,0.06673302352207175
n72,nominal,lawgp,67,15,15.0,0.14387655045817369,0.29428445792656976
n72,nominal,lawgp,68,20,20.0,0.2713050081144946,0.12826349856371935
n72,nominal,lawgp,69,25,25.0,0.09371781676772084,0.44630431538251414
n72,nominal,lawgp,70,5,5.0,0.08715895279312774,0.08225853641423145
n72,nominal,lawgp,71,10,10.0,0.13480771178358023,0.07859706061389908
n72,nominal,lawgp,72,15,15.0,0.1801699290495756,0.4467944483213366
n72,nominal,lawgp,74,25,25.0,0.11806648579826695,0.6217631662312951
n72,nominal,prod,0,5,5.0,0.0285867300932331,0.08171066688238343
n72,nominal,prod,1,10,10.0,0.04758108870069616,0.06450611462158029
n72,nominal,prod,2,15,15.0,0.09970584338151171,0.1076187673375179
n72,nominal,prod,3,20,20.0,0.12449860187870826,0.09326019149563362
n72,nominal,prod,4,25,25.0,0.06728802355531271,0.13564919795406766
n72,nominal,prod,5,5,5.0,0.04413070420233045,0.08958170016355091
n72,nominal,prod,6,10,10.0,0.06288524587147142,0.06673011036086833
n72,nominal,prod,7,15,15.0,0.08858324894292931,0.12036893761269818
n72,nominal,prod,8,20,20.0,0.14464805659401586,0.08876499463321903
n72,nominal,prod,9,25,25.0,0.06458239815053043,0.1587602349186294
n72,nominal,prod,10,5,5.0,0.06096340286567238,0.11308392004563811
n72,nominal,prod,11,10,10.0,0.10309990786795749,0.0746602127902184
n72,nominal,prod,12,15,15.0,0.11646764333639503,0.17484746250904287
n72,nominal,prod,13,20,20.0,0.19816971960190574,0.09498066240467398
n72,nominal,prod,14,25,25.0,0.054410883145570466,0.24113258440757135
n72,nominal,prod,15,5,5.0,0.051198809900038535,0.08889113376401551
n72,nominal,prod,16,10,10.0,0.07477487482962646,0.07694643591673302
n72,nominal,prod,17,15,15.0,0.11404227815252285,0.12376503429298127
n72,nominal,prod,18,20,20.0,0.15396210578545416,0.09815868881409781
n72,nominal,prod,19,25,25.0,0.05931999506358712,0.1517534766652355
n72,nominal,prod,20,5,5.0,0.06265781094812338,0.09252045836976959
n72,nominal,prod,21,10,10.0,0.06877412380526063,0.08129811944782629
n72,nominal,prod,22,15,15.0,0.11713961371317501,0.13435569977997297
n72,nominal,prod,23,20,20.0,0.1564763730463234,0.10345227330590404
n72,nominal,prod,24,25,25.0,0.06493091158272947,0.17690480661973249
n72,nominal,prod,25,5,5.0,0.06926367781436776,0.11177018461612978
n72,nominal,prod,26,10,10.0,0.10133133054775115,0.08593588214864725
n72,nominal,prod,27,15,15.0,0.13889884652540044,0.1870006434780916
n72,nominal,prod,28,20,20.0,0.23779048252794935,0.11631025408452898
n72,nominal,prod,29,25,25.0,0.08545289382525174,0.26334310313204773
n72,nominal,prod,30,5,5.0,0.009760861316943245,0.06790177699969493
n72,nominal,prod,31,10,10.0,0.014508188418088559,0.03923108459390838
n72,nominal,prod,32,15,15.0,0.03661213381504203,0.0520382960566272
n72,nominal,prod,33,20,20.0,0.05173321710386965,0.0442229725106757
n72,nominal,prod,34,25,25.0,0.033288813695527796,0.06332050488311666
n72,nominal,prod,35,5,5.0,0.06215695226201519,0.09534993511143888
n72,nominal,prod,36,10,10.0,0.08430580345539967,0.08564292428216363
n72,nominal,prod,37,15,15.0,0.14015088192737288,0.1539284780927621
n72,nominal,prod,38,20,20.0,0.18613447552206322,0.11303267067642472
n72,nominal,prod,39,25,25.0,0.06196232957271379,0.20170110822749532
n72,nominal,prod,40,5,5.0,0.06556874834127399,0.12360549915873915
n72,nominal,prod,41,10,10.0,0.1269725677875253,0.09492674926134231
n72,nominal,prod,42,15,15.0,0.17011573761311774,0.22970581285721153
n72,nominal,prod,43,20,20.0,0.27313629962814373,0.14373189445794698
n72,nominal,prod,44,25,25.0,0.08560325096733562,0.3126310220392803
n72,nominal,prod,45,5,5.0,0.037556732705441444,0.08143865474340131
n72,nominal,prod,46,10,10.0,0.04360056804280307,0.04971589670861328
n72,nominal,prod,47,15,15.0,0.04924463602686128,0.06865452428075784
n72,nominal,prod,48,20,20.0,0.061947249263179266,0.05732230072799459
n72,nominal,prod,49,25,25.0,0.05520203246912867,0.08382813242673132
n72,nominal,prod,50,5,5.0,0.06464104772693736,0.10890711201861719
n72,nominal,prod,51,10,10.0,0.1061907400375857,0.09885780657500058
n72,nominal,prod,53,20,20.0,0.3247159319617053,0.15327564914487746
n72,nominal,prod,55,5,5.0,0.10129747255604984,0.14054243289574878
n72,nominal,prod,56,10,10.0,0.16435945135408164,0.11693435332450605
n72,nominal,prod,57,15,15.0,0.23351523325410375,0.3248207782803387
n72,nominal,prod,58,20,20.0,0.4337970382398568,0.20119407830111047
n72,nominal,prod,59,25,25.0,0.137571433960762,0.48443583329384005
n72,nominal,prod,60,5,5.0,0.027809194807435544,0.07656266558272691
n72,nominal,prod,61,10,10.0,0.03376385751429354,0.05129787475830779
n72,nominal,prod,62,15,15.0,0.06472638287800421,0.08358575702977405
n72,nominal,prod,63,20,20.0,0.09895912208822974,0.05608898363602661
n72,nominal,prod,64,25,25.0,0.032306508405576646,0.11796470046604386
n72,nominal,prod,65,5,5.0,0.07333766405647854,0.10027612481559778
n72,nominal,prod,66,10,10.0,0.08429763716173058,0.08302496521563059
n72,nominal,prod,67,15,15.0,0.14387655045817369,0.20059398999080041
n72,nominal,prod,68,20,20.0,0.2713050081144946,0.13365303577424176
n72,nominal,prod,69,25,25.0,0.09371781676772084,0.313909205934348
n72,nominal,prod,70,5,5.0,0.08715895279312774,0.13054646878121118
n72,nominal,prod,71,10,10.0,0.13480771178358023,0.09687098114111721
n72,nominal,prod,72,15,15.0,0.1801699290495756,0.2715148251188024
n72,nominal,prod,74,25,25.0,0.11806648579826695,0.40675904371955457
n72,nominal,lorspec,0,5,5.0,0.0285867300932331,0.08111106282670322
n72,nominal,lorspec,1,10,10.0,0.04758108870069616,0.07239488836277044
n72,nominal,lorspec,2,15,15.0,0.09970584338151171,0.09202904888035472
n72,nominal,lorspec,3,20,20.0,0.12449860187870826,0.08095461384585709
n72,nominal,lorspec,4,25,25.0,0.06728802355531271,0.14885873557748205
n72,nominal,lorspec,5,5,5.0,0.04413070420233045,0.08584704446762222
n72,nominal,lorspec,6,10,10.0,0.06288524587147142,0.07684775673420204
n72,nominal,lorspec,7,15,15.0,0.08858324894292931,0.10301046158221364
n72,nominal,lorspec,8,20,20.0,0.14464805659401586,0.07783452069449795
n72,nominal,lorspec,9,25,25.0,0.06458239815053043,0.15889535132884858
n72,nominal,lorspec,10,5,5.0,0.06096340286567238,0.10734818754466799
n72,nominal,lorspec,11,10,10.0,0.10309990786795749,0.09180080786833114
n72,nominal,lorspec,12,15,15.0,0.11646764333639503,0.14330415049163764
n72,nominal,lorspec,13,20,20.0,0.19816971960190574,0.08853082777010997
n72,nominal,lorspec,14,25,25.0,0.054410883145570466,0.22176470606462864
n72,nominal,lorspec,15,5,5.0,0.051198809900038535,0.0899046451321421
n72,nominal,lorspec,16,10,10.0,0.07477487482962646,0.08547900375163577
n72,nominal,lorspec,17,15,15.0,0.11404227815252285,0.1045557149723071
n72,nominal,lorspec,18,20,20.0,0.15396210578545416,0.08672525104226628
n72,nominal,lorspec,19,25,25.0,0.05931999506358712,0.16496860106723424
n72,nominal,lorspec,20,5,5.0,0.06265781094812338,0.09174518468809721
n72,nominal,lorspec,21,10,10.0,0.06877412380526063,0.09221713114809377
n72,nominal,lorspec,22,15,15.0,0.11713961371317501,0.11541721279492642
n72,nominal,lorspec,23,20,20.0,0.1564763730463234,0.09108792779841066
n72,nominal,lorspec,24,25,25.0,0.06493091158272947,0.1772583982899868
n72,nominal,lorspec,25,5,5.0,0.06926367781436776,0.11000100542106654
n72,nominal,lorspec,26,10,10.0,0.10133133054775115,0.1051649704258139
n72,nominal,lorspec,27,15,15.0,0.13889884652540044,0.15474888014688884
n72,nominal,lorspec,28,20,20.0,0.23779048252794935,0.10744150255081736
n72,nominal,lorspec,29,25,25.0,0.08545289382525174,0.24384715603433532
n72,nominal,lorspec,30,5,5.0,0.009760861316943245,0.061622808854786396
n72,nominal,lorspec,31,10,10.0,0.014508188418088559,0.04130570689144092
n72,nominal,lorspec,32,15,15.0,0.03661213381504203,0.04633900751576418
n72,nominal,lorspec,33,20,20.0,0.05173321710386965,0.03825578302634733
n72,nominal,lorspec,34,25,25.0,0.033288813695527796,0.07345129835128564
n72,nominal,lorspec,35,5,5.0,0.06215695226201519,0.09699659849059095
n72,nominal,lorspec,36,10,10.0,0.08430580345539967,0.09851758635070781
n72,nominal,lorspec,37,15,15.0,0.14015088192737288,0.12793014101211575
n72,nominal,lorspec,38,20,20.0,0.18613447552206322,0.09882247417647427
n72,nominal,lorspec,39,25,25.0,0.06196232957271379,0.20598769857719004
n72,nominal,lorspec,40,5,5.0,0.06556874834127399,0.12302923968612772
n72,nominal,lorspec,41,10,10.0,0.1269725677875253,0.11818988220973575
n72,nominal,lorspec,42,15,15.0,0.17011573761311774,0.1866863235477143
n72,nominal,lorspec,43,20,20.0,0.27313629962814373,0.12836448410858103
n72,nominal,lorspec,44,25,25.0,0.08560325096733562,0.29287343012125244
n72,nominal,lorspec,45,5,5.0,0.037556732705441444,0.07377432867977705
n72,nominal,lorspec,46,10,10.0,0.04360056804280307,0.05269495145963387
n72,nominal,lorspec,47,15,15.0,0.04924463602686128,0.0636297262879161
n72,nominal,lorspec,48,20,20.0,0.061947249263179266,0.05380871778224385
n72,nominal,lorspec,49,25,25.0,0.05520203246912867,0.08629013999685718
n72,nominal,lorspec,50,5,5.0,0.06464104772693736,0.11305251402855711
n72,nominal,lorspec,51,10,10.0,0.1061907400375857,0.125609250269554
n72,nominal,lorspec,53,20,20.0,0.3247159319617053,0.1327763117109305
n72,nominal,lorspec,55,5,5.0,0.10129747255604984,0.1429920007843833
n72,nominal,lorspec,56,10,10.0,0.16435945135408164,0.1563873827387906
n72,nominal,lorspec,57,15,15.0,0.23351523325410375,0.2645927147254533
n72,nominal,lorspec,58,20,20.0,0.4337970382398568,0.17967364874187997
n72,nominal,lorspec,59,25,25.0,0.137571433960762,0.4453434673869501
n72,nominal,lorspec,60,5,5.0,0.027809194807435544,0.07150137413057732
n72,nominal,lorspec,61,10,10.0,0.03376385751429354,0.05811059424460347
n72,nominal,lorspec,62,15,15.0,0.06472638287800421,0.07049337050067317
n72,nominal,lorspec,63,20,20.0,0.09895912208822974,0.049667022213328804
n72,nominal,lorspec,64,25,25.0,0.032306508405576646,0.12029170917983789
n72,nominal,lorspec,65,5,5.0,0.07333766405647854,0.09825445329892624
n72,nominal,lorspec,66,10,10.0,0.08429763716173058,0.10788009790683746
n72,nominal,lorspec,67,15,15.0,0.14387655045817369,0.16722467307942013
n72,nominal,lorspec,68,20,20.0,0.2713050081144946,0.11660219474877032
n72,nominal,lorspec,69,25,25.0,0.09371781676772084,0.29200334414116275
n72,nominal,lorspec,70,5,5.0,0.08715895279312774,0.12700347090666544
n72,nominal,lorspec,71,10,10.0,0.13480771178358023,0.1303825863301202
n72,nominal,lorspec,72,15,15.0,0.1801699290495756,0.22412296363751433
n72,nominal,lorspec,74,25,25.0,0.11806648579826695,0.3687460715017035
n72,nominal,tr_lor_mean,0,5,5.0,0.0285867300932331,0.1015392914325468
n72,nominal,tr_lor_mean,1,10,10.0,0.04758108870069616,0.02684876215257764
n72,nominal,tr_lor_mean,2,15,15.0,0.09970584338151171,0.010667286829681663
n72,nominal,tr_lor_mean,3,20,20.0,0.12449860187870826,0.005564210518986387
n72,nominal,tr_lor_mean,4,25,25.0,0.06728802355531271,0.003672471235958443
n72,nominal,tr_lor_mean,5,5,5.0,0.04413070420233045,0.2030785828650936
n72,nominal,tr_lor_mean,6,10,10.0,0.06288524587147142,0.05369752430515528
n72,nominal,tr_lor_mean,7,15,15.0,0.08858324894292931,0.021334573659363327
n72,nominal,tr_lor_mean,8,20,20.0,0.14464805659401586,0.011128421037972774
n72,nominal,tr_lor_mean,9,25,25.0,0.06458239815053043,0.007344942471916886
n72,nominal,tr_lor_mean,10,5,5.0,0.06096340286567238,0.3046178742976404
n72,nominal,tr_lor_mean,11,10,10.0,0.10309990786795749,0.08054628645773292
n72,nominal,tr_lor_mean,12,15,15.0,0.11646764333639503,0.03200186048904499
n72,nominal,tr_lor_mean,13,20,20.0,0.19816971960190574,0.01669263155695916
n72,nominal,tr_lor_mean,14,25,25.0,0.054410883145570466,0.011017413707875328
n72,nominal,tr_lor_mean,15,5,5.0,0.051198809900038535,0.1015392914325468
n72,nominal,tr_lor_mean,16,10,10.0,0.07477487482962646,0.02684876215257764
n72,nominal,tr_lor_mean,17,15,15.0,0.11404227815252285,0.010667286829681663
n72,nominal,tr_lor_mean,18,20,20.0,0.15396210578545416,0.005564210518986387
n72,nominal,tr_lor_mean,19,25,25.0,0.05931999506358712,0.003672471235958443
n72,nominal,tr_lor_mean,20,5,5.0,0.06265781094812338,0.2030785828650936
n72,nominal,tr_lor_mean,21,10,10.0,0.06877412380526063,0.05369752430515528
n72,nominal,tr_lor_mean,22,15,15.0,0.11713961371317501,0.021334573659363327
n72,nominal,tr_lor_mean,23,20,20.0,0.1564763730463234,0.011128421037972774
n72,nominal,tr_lor_mean,24,25,25.0,0.06493091158272947,0.007344942471916886
n72,nominal,tr_lor_mean,25,5,5.0,0.06926367781436776,0.3046178742976404
n72,nominal,tr_lor_mean,26,10,10.0,0.10133133054775115,0.08054628645773292
n72,nominal,tr_lor_mean,27,15,15.0,0.13889884652540044,0.03200186048904499
n72,nominal,tr_lor_mean,28,20,20.0,0.23779048252794935,0.01669263155695916
n72,nominal,tr_lor_mean,29,25,25.0,0.08545289382525174,0.011017413707875328
n72,nominal,tr_lor_mean,30,5,5.0,0.009760861316943245,0.13422411375016474
n72,nominal,tr_lor_mean,31,10,10.0,0.014508188418088559,0.03295367044396466
n72,nominal,tr_lor_mean,32,15,15.0,0.03661213381504203,0.013620754219013606
n72,nominal,tr_lor_mean,33,20,20.0,0.05173321710386965,0.006608165929549526
n72,nominal,tr_lor_mean,34,25,25.0,0.033288813695527796,0.004610607920148863
n72,nominal,tr_lor_mean,35,5,5.0,0.06215695226201519,0.2684482275003295
n72,nominal,tr_lor_mean,36,10,10.0,0.08430580345539967,0.06590734088792932
n72,nominal,tr_lor_mean,37,15,15.0,0.14015088192737288,0.027241508438027213
n72,nominal,tr_lor_mean,38,20,20.0,0.18613447552206322,0.013216331859099052
n72,nominal,tr_lor_mean,39,25,25.0,0.06196232957271379,0.009221215840297727
n72,nominal,tr_lor_mean,40,5,5.0,0.06556874834127399,0.4026723412504942
n72,nominal,tr_lor_mean,41,10,10.0,0.1269725677875253,0.098861011331894
n72,nominal,tr_lor_mean,42,15,15.0,0.17011573761311774,0.040862262657040814
n72,nominal,tr_lor_mean,43,20,20.0,0.27313629962814373,0.019824497788648573
n72,nominal,tr_lor_mean,44,25,25.0,0.08560325096733562,0.01383182376044659
n72,nominal,tr_lor_mean,45,5,5.0,0.037556732705441444,0.1414500318478088
n72,nominal,tr_lor_mean,46,10,10.0,0.04360056804280307,0.03498500619480588
n72,nominal,tr_lor_mean,47,15,15.0,0.04924463602686128,0.014486279866326172
n72,nominal,tr_lor_mean,48,20,20.0,0.061947249263179266,0.007190334103895814
n72,nominal,tr_lor_mean,49,25,25.0,0.05520203246912867,0.0049049278900640935
n72,nominal,tr_lor_mean,50,5,5.0,0.06464104772693736,0.2829000636956176
n72,nominal,tr_lor_mean,51,10,10.0,0.1061907400375857,0.06997001238961176
n72,nominal,tr_lor_mean,53,20,20.0,0.3247159319617053,0.014380668207791629
n72,nominal,tr_lor_mean,55,5,5.0,0.10129747255604984,0.42435009554342634
n72,nominal,tr_lor_mean,56,10,10.0,0.16435945135408164,0.10495501858441764
n72,nominal,tr_lor_mean,57,15,15.0,0.23351523325410375,0.04345883959897851
n72,nominal,tr_lor_mean,58,20,20.0,0.4337970382398568,0.02157100231168744
n72,nominal,tr_lor_mean,59,25,25.0,0.137571433960762,0.014714783670192277
n72,nominal,tr_lor_mean,60,5,5.0,0.027809194807435544,0.12321704572547892
n72,nominal,tr_lor_mean,61,10,10.0,0.03376385751429354,0.03294276940510129
n72,nominal,tr_lor_mean,62,15,15.0,0.06472638287800421,0.013263863771619361
n72,nominal,tr_lor_mean,63,20,20.0,0.09895912208822974,0.007310715042025249
n72,nominal,tr_lor_mean,64,25,25.0,0.032306508405576646,0.004555431145704133
n72,nominal,tr_lor_mean,65,5,5.0,0.07333766405647854,0.24643409145095785
n72,nominal,tr_lor_mean,66,10,10.0,0.08429763716173058,0.06588553881020258
n72,nominal,tr_lor_mean,67,15,15.0,0.14387655045817369,0.026527727543238722
n72,nominal,tr_lor_mean,68,20,20.0,0.2713050081144946,0.014621430084050499
n72,nominal,tr_lor_mean,69,25,25.0,0.09371781676772084,0.009110862291408266
n72,nominal,tr_lor_mean,70,5,5.0,0.08715895279312774,0.36965113717643683
n72,nominal,tr_lor_mean,71,10,10.0,0.13480771178358023,0.09882830821530388
n72,nominal,tr_lor_mean,72,15,15.0,0.1801699290495756,0.03979159131485808
n72,nominal,tr_lor_mean,74,25,25.0,0.11806648579826695,0.013666293437112398
n72,nominal,tr_lor_gp,0,5,5.0,0.0285867300932331,0.08989390645361231
n72,nominal,tr_lor_gp,1,10,10.0,0.04758108870069616,0.04075481297483512
n72,nominal,tr_lor_gp,2,15,15.0,0.09970584338151171,0.10704579889707089
n72,nominal,tr_lor_gp,3,20,20.0,0.12449860187870826,0.098668935474556
n72,nominal,tr_lor_gp,4,25,25.0,0.06728802355531271,0.14260855881389878
n72,nominal,tr_lor_gp,5,5,5.0,0.04413070420233045,0.1634382083261098
n72,nominal,tr_lor_gp,6,10,10.0,0.06288524587147142,0.04340943183419798
n72,nominal,tr_lor_gp,7,15,15.0,0.08858324894292931,0.14285776350094684
n72,nominal,tr_lor_gp,8,20,20.0,0.14464805659401586,0.09954481311284445
n72,nominal,tr_lor_gp,9,25,25.0,0.06458239815053043,0.19799854743330994
n72,nominal,tr_lor_gp,10,5,5.0,0.06096340286567238,0.25054203951868476
n72,nominal,tr_lor_gp,11,10,10.0,0.10309990786795749,0.05169026994691582
n72,nominal,tr_lor_gp,12,15,15.0,0.11646764333639503,0.19380690690185876
n72,nominal,tr_lor_gp,13,20,20.0,0.19816971960190574,0.10497740767074543
n72,nominal,tr_lor_gp,14,25,25.0,0.054410883145570466,0.2923582595665254
n72,nominal,tr_lor_gp,15,5,5.0,0.051198809900038535,0.09642126154676336
n72,nominal,tr_lor_gp,16,10,10.0,0.07477487482962646,0.05405057166843523
n72,nominal,tr_lor_gp,17,15,15.0,0.11404227815252285,0.12367951767858078
n72,nominal,tr_lor_gp,18,20,20.0,0.15396210578545416,0.10491274643835366
n72,nominal,tr_lor_gp,19,25,25.0,0.05931999506358712,0.1608851408185975
n72,nominal,tr_lor_gp,20,5,5.0,0.06265781094812338,0.16667358929924123
n72,nominal,tr_lor_gp,21,10,10.0,0.06877412380526063,0.05801624210962803
n72,nominal,tr_lor_gp,22,15,15.0,0.11713961371317501,0.15812124394850588
n72,nominal,tr_lor_gp,23,20,20.0,0.1564763730463234,0.11413614469219056
n72,nominal,tr_lor_gp,24,25,25.0,0.06493091158272947,0.21837191277967696
n72,nominal,tr_lor_gp,25,5,5.0,0.06926367781436776,0.2503344402768833
n72,nominal,tr_lor_gp,26,10,10.0,0.10133133054775115,0.06382792506168851
n72,nominal,tr_lor_gp,27,15,15.0,0.13889884652540044,0.20689458157293547
n72,nominal,tr_lor_gp,28,20,20.0,0.23779048252794935,0.124604420049674
n72,nominal,tr_lor_gp,29,25,25.0,0.08545289382525174,0.3139374970927017
n72,nominal,tr_lor_gp,30,5,5.0,0.009760861316943245,0.09761467681122779
n72,nominal,tr_lor_gp,31,10,10.0,0.014508188418088559,0.01717357648358274
n72,nominal,tr_lor_gp,32,15,15.0,0.03661213381504203,0.06698026342658456
n72,nominal,tr_lor_gp,33,20,20.0,0.05173321710386965,0.05638821190844303
n72,nominal,tr_lor_gp,34,25,25.0,0.033288813695527796,0.07947259439303861
n72,nominal,tr_lor_gp,35,5,5.0,0.06215695226201519,0.20648799422526826
n72,nominal,tr_lor_gp,36,10,10.0,0.08430580345539967,0.049021122253139704
n72,nominal,tr_lor_gp,37,15,15.0,0.14015088192737288,0.1752373826779011
n72,nominal,tr_lor_gp,38,20,20.0,0.18613447552206322,0.12156707873988153
n72,nominal,tr_lor_gp,39,25,25.0,0.06196232957271379,0.2551290615357227
n72,nominal,tr_lor_gp,40,5,5.0,0.06556874834127399,0.3235019232416372
n72,nominal,tr_lor_gp,41,10,10.0,0.1269725677875253,0.06617694246738269
n72,nominal,tr_lor_gp,42,15,15.0,0.17011573761311774,0.2599121898757924
n72,nominal,tr_lor_gp,43,20,20.0,0.27313629962814373,0.1573687766013353
n72,nominal,tr_lor_gp,44,25,25.0,0.08560325096733562,0.3940154013162792
n72,nominal,tr_lor_gp,45,5,5.0,0.037556732705441444,0.10689112888663074
n72,nominal,tr_lor_gp,46,10,10.0,0.04360056804280307,0.01724795086694396
n72,nominal,tr_lor_gp,47,15,15.0,0.04924463602686128,0.07626290000079886
n72,nominal,tr_lor_gp,48,20,20.0,0.061947249263179266,0.06561818713502963
n72,nominal,tr_lor_gp,49,25,25.0,0.05520203246912867,0.10589362897656866
n72,nominal,tr_lor_gp,50,5,5.0,0.06464104772693736,0.22531602243972837
n72,nominal,tr_lor_gp,51,10,10.0,0.1061907400375857,0.05666084048375336
n72,nominal,tr_lor_gp,53,20,20.0,0.3247159319617053,0.16137021217340883
n72,nominal,tr_lor_gp,55,5,5.0,0.10129747255604984,0.35031225873323346
n72,nominal,tr_lor_gp,56,10,10.0,0.16435945135408164,0.08059833652870071
n72,nominal,tr_lor_gp,57,15,15.0,0.23351523325410375,0.33588409944057157
n72,nominal,tr_lor_gp,58,20,20.0,0.4337970382398568,0.21201827577228452
n72,nominal,tr_lor_gp,59,25,25.0,0.137571433960762,0.5626991400681536
n72,nominal,tr_lor_gp,60,5,5.0,0.027809194807435544,0.09556041210073873
n72,nominal,tr_lor_gp,61,10,10.0,0.03376385751429354,0.020697887677187353
n72,nominal,tr_lor_gp,62,15,15.0,0.06472638287800421,0.08608052631519533
n72,nominal,tr_lor_gp,63,20,20.0,0.09895912208822974,0.06534439290539487
n72,nominal,tr_lor_gp,64,25,25.0,0.032306508405576646,0.14226256503182122
n72,nominal,tr_lor_gp,65,5,5.0,0.07333766405647854,0.19822112869653133
n72,nominal,tr_lor_gp,66,10,10.0,0.08429763716173058,0.04929010169456696
n72,nominal,tr_lor_gp,67,15,15.0,0.14387655045817369,0.2121263599948684
n72,nominal,tr_lor_gp,68,20,20.0,0.2713050081144946,0.14304212599563185
n72,nominal,tr_lor_gp,69,25,25.0,0.09371781676772084,0.3729837177582124
n72,nominal,tr_lor_gp,70,5,5.0,0.08715895279312774,0.3089139216852183
n72,nominal,tr_lor_gp,71,10,10.0,0.13480771178358023,0.06850325621958017
n72,nominal,tr_lor_gp,72,15,15.0,0.1801699290495756,0.2951217080411036
n72,nominal,tr_lor_gp,74,25,25.0,0.11806648579826695,0.4886076223657535
n72,nominal,tr_pow_mean,0,5,5.0,0.0285867300932331,0.0326067029322511
n72,nominal,tr_pow_mean,1,10,10.0,0.04758108870069616,0.03923027959141043
n72,nominal,tr_pow_mean,2,15,15.0,0.09970584338151171,0.04170307369768854
n72,nominal,tr_pow_mean,3,20,20.0,0.12449860187870826,0.038388526838094655
n72,nominal,tr_pow_mean,4,25,25.0,0.06728802355531271,0.05863755963474018
n72,nominal,tr_pow_mean,5,5,5.0,0.04413070420233045,0.0652134058645022
n72,nominal,tr_pow_mean,6,10,10.0,0.06288524587147142,0.07846055918282085
n72,nominal,tr_pow_mean,7,15,15.0,0.08858324894292931,0.08340614739537708
n72,nominal,tr_pow_mean,8,20,20.0,0.14464805659401586,0.07677705367618931
n72,nominal,tr_pow_mean,9,25,25.0,0.06458239815053043,0.11727511926948037
n72,nominal,tr_pow_mean,10,5,5.0,0.06096340286567238,0.0978201087967533
n72,nominal,tr_pow_mean,11,10,10.0,0.10309990786795749,0.11769083877423128
n72,nominal,tr_pow_mean,12,15,15.0,0.11646764333639503,0.12510922109306563
n72,nominal,tr_pow_mean,13,20,20.0,0.19816971960190574,0.11516558051428395
n72,nominal,tr_pow_mean,14,25,25.0,0.054410883145570466,0.17591267890422055
n72,nominal,tr_pow_mean,15,5,5.0,0.051198809900038535,0.0326067029322511
n72,nominal,tr_pow_mean,16,10,10.0,0.07477487482962646,0.03923027959141043
n72,nominal,tr_pow_mean,17,15,15.0,0.11404227815252285,0.04170307369768854
n72,nominal,tr_pow_mean,18,20,20.0,0.15396210578545416,0.038388526838094655
n72,nominal,tr_pow_mean,19,25,25.0,0.05931999506358712,0.05863755963474018
n72,nominal,tr_pow_mean,20,5,5.0,0.06265781094812338,0.0652134058645022
n72,nominal,tr_pow_mean,21,10,10.0,0.06877412380526063,0.07846055918282085
n72,nominal,tr_pow_mean,22,15,15.0,0.11713961371317501,0.08340614739537708
n72,nominal,tr_pow_mean,23,20,20.0,0.1564763730463234,0.07677705367618931
n72,nominal,tr_pow_mean,24,25,25.0,0.06493091158272947,0.11727511926948037
n72,nominal,tr_pow_mean,25,5,5.0,0.06926367781436776,0.0978201087967533
n72,nominal,tr_pow_mean,26,10,10.0,0.10133133054775115,0.11769083877423128
n72,nominal,tr_pow_mean,27,15,15.0,0.13889884652540044,0.12510922109306563
n72,nominal,tr_pow_mean,28,20,20.0,0.23779048252794935,0.11516558051428395
n72,nominal,tr_pow_mean,29,25,25.0,0.08545289382525174,0.17591267890422055
n72,nominal,tr_pow_mean,30,5,5.0,0.009760861316943245,0.04625366917629886
n72,nominal,tr_pow_mean,31,10,10.0,0.014508188418088559,0.05534243480427242
n72,nominal,tr_pow_mean,32,15,15.0,0.03661213381504203,0.05939971426630614
n72,nominal,tr_pow_mean,33,20,20.0,0.05173321710386965,0.048457044033398976
n72,nominal,tr_pow_mean,34,25,25.0,0.033288813695527796,0.08103362331435933
n72,nominal,tr_pow_mean,35,5,5.0,0.06215695226201519,0.09250733835259772
n72,nominal,tr_pow_mean,36,10,10.0,0.08430580345539967,0.11068486960854484
n72,nominal,tr_pow_mean,37,15,15.0,0.14015088192737288,0.11879942853261229
n72,nominal,tr_pow_mean,38,20,20.0,0.18613447552206322,0.09691408806679795
n72,nominal,tr_pow_mean,39,25,25.0,0.06196232957271379,0.16206724662871866
n72,nominal,tr_pow_mean,40,5,5.0,0.06556874834127399,0.1387610075288966
n72,nominal,tr_pow_mean,41,10,10.0,0.1269725677875253,0.16602730441281727
n72,nominal,tr_pow_mean,42,15,15.0,0.17011573761311774,0.17819914279891846
n72,nominal,tr_pow_mean,43,20,20.0,0.27313629962814373,0.1453711321001969
n72,nominal,tr_pow_mean,44,25,25.0,0.08560325096733562,0.24310086994307795
n72,nominal,tr_pow_mean,45,5,5.0,0.037556732705441444,0.0501677653425498
n72,nominal,tr_pow_mean,46,10,10.0,0.04360056804280307,0.06018011664096885
n72,nominal,tr_pow_mean,47,15,15.0,0.04924463602686128,0.06422080212938613
n72,nominal,tr_pow_mean,48,20,20.0,0.061947249263179266,0.05325310978865503
n72,nominal,tr_pow_mean,49,25,25.0,0.05520203246912867,0.0877255505912104
n72,nominal,tr_pow_mean,50,5,5.0,0.06464104772693736,0.1003355306850996
n72,nominal,tr_pow_mean,51,10,10.0,0.1061907400375857,0.1203602332819377
n72,nominal,tr_pow_mean,53,20,20.0,0.3247159319617053,0.10650621957731006
n72,nominal,tr_pow_mean,55,5,5.0,0.10129747255604984,0.15050329602764942
n72,nominal,tr_pow_mean,56,10,10.0,0.16435945135408164,0.18054034992290657
n72,nominal,tr_pow_mean,57,15,15.0,0.23351523325410375,0.19266240638815837
n72,nominal,tr_pow_mean,58,20,20.0,0.4337970382398568,0.15975932936596507
n72,nominal,tr_pow_mean,59,25,25.0,0.137571433960762,0.26317665177363114
n72,nominal,tr_pow_mean,60,5,5.0,0.027809194807435544,0.04434899143100391
n72,nominal,tr_pow_mean,61,10,10.0,0.03376385751429354,0.053743325101499734
n72,nominal,tr_pow_mean,62,15,15.0,0.06472638287800421,0.05616633728692849
n72,nominal,tr_pow_mean,63,20,20.0,0.09895912208822974,0.05277672410386281
n72,nominal,tr_pow_mean,64,25,25.0,0.032306508405576646,0.07871334146529337
n72,nominal,tr_pow_mean,65,5,5.0,0.07333766405647854,0.08869798286200782
n72,nominal,tr_pow_mean,66,10,10.0,0.08429763716173058,0.10748665020299947
n72,nominal,tr_pow_mean,67,15,15.0,0.14387655045817369,0.11233267457385698
n72,nominal,tr_pow_mean,68,20,20.0,0.2713050081144946,0.10555344820772562
n72,nominal,tr_pow_mean,69,25,25.0,0.09371781676772084,0.15742668293058673
n72,nominal,tr_pow_mean,70,5,5.0,0.08715895279312774,0.1330469742930117
n72,nominal,tr_pow_mean,71,10,10.0,0.13480771178358023,0.16122997530449923
n72,nominal,tr_pow_mean,72,15,15.0,0.1801699290495756,0.16849901186078545
n72,nominal,tr_pow_mean,74,25,25.0,0.11806648579826695,0.23614002439588005
n72,nominal,tr_pow_gp,0,5,5.0,0.0285867300932331,0.03602353224609377
n72,nominal,tr_pow_gp,1,10,10.0,0.04758108870069616,0.04155782106581613
n72,nominal,tr_pow_gp,2,15,15.0,0.09970584338151171,0.04268208280679411
n72,nominal,tr_pow_gp,3,20,20.0,0.12449860187870826,0.0915259889150693
n72,nominal,tr_pow_gp,4,25,25.0,0.06728802355531271,0.12738602265409618
n72,nominal,tr_pow_gp,5,5,5.0,0.04413070420233045,0.06863023517834486
n72,nominal,tr_pow_gp,6,10,10.0,0.06288524587147142,0.08078810029623976
n72,nominal,tr_pow_gp,7,15,15.0,0.08858324894292931,0.08438515650448265
n72,nominal,tr_pow_gp,8,20,20.0,0.14464805659401586,0.08704073732493495
n72,nominal,tr_pow_gp,9,25,25.0,0.06458239815053043,0.18334159284827006
n72,nominal,tr_pow_gp,10,5,5.0,0.06096340286567238,0.10123693811059598
n72,nominal,tr_pow_gp,11,10,10.0,0.10309990786795749,0.12001837957672863
n72,nominal,tr_pow_gp,12,15,15.0,0.11646764333639503,0.1260882302021712
n72,nominal,tr_pow_gp,13,20,20.0,0.19816971960190574,0.08963667516235438
n72,nominal,tr_pow_gp,14,25,25.0,0.054410883145570466,0.26490718905287924
n72,nominal,tr_pow_gp,15,5,5.0,0.051198809900038535,0.03602353224609377
n72,nominal,tr_pow_gp,16,10,10.0,0.07477487482962646,0.041557821223394104
n72,nominal,tr_pow_gp,17,15,15.0,0.11404227815252285,0.04268208280679411
n72,nominal,tr_pow_gp,18,20,20.0,0.15396210578545416,0.09406622177359528
n72,nominal,tr_pow_gp,19,25,25.0,0.05931999506358712,0.14241501731513662
n72,nominal,tr_pow_gp,20,5,5.0,0.06265781094812338,0.06863023517834486
n72,nominal,tr_pow_gp,21,10,10.0,0.06877412380526063,0.0807881004587447
n72,nominal,tr_pow_gp,22,15,15.0,0.11713961371317501,0.08438515650448265
n72,nominal,tr_pow_gp,23,20,20.0,0.1564763730463234,0.1039826154882062
n72,nominal,tr_pow_gp,24,25,25.0,0.06493091158272947,0.19979361254299643
n72,nominal,tr_pow_gp,25,5,5.0,0.06926367781436776,0.10123693811059598
n72,nominal,tr_pow_gp,26,10,10.0,0.10133133054775115,0.12001837973190783
n72,nominal,tr_pow_gp,27,15,15.0,0.13889884652540044,0.1260882302021712
n72,nominal,tr_pow_gp,28,20,20.0,0.23779048252794935,0.11669320494740935
n72,nominal,tr_pow_gp,29,25,25.0,0.08545289382525174,0.2852043387025701
n72,nominal,tr_pow_gp,30,5,5.0,0.009760861316943245,0.04967049849014153
n72,nominal,tr_pow_gp,31,10,10.0,0.014508188418088559,0.05766997564586526
n72,nominal,tr_pow_gp,32,15,15.0,0.03661213381504203,0.06037872337541171
n72,nominal,tr_pow_gp,33,20,20.0,0.05173321710386965,0.04751427192423993
n72,nominal,tr_pow_gp,34,25,25.0,0.033288813695527796,0.08370904554628407
n72,nominal,tr_pow_gp,35,5,5.0,0.06215695226201519,0.0959241676664404
n72,nominal,tr_pow_gp,36,10,10.0,0.08430580345539967,0.11301241009523795
n72,nominal,tr_pow_gp,37,15,15.0,0.14015088192737288,0.11977843764171786
n72,nominal,tr_pow_gp,38,20,20.0,0.18613447552206322,0.11100417047354082
n72,nominal,tr_pow_gp,39,25,25.0,0.06196232957271379,0.2415917040430046
n72,nominal,tr_pow_gp,40,5,5.0,0.06556874834127399,0.14217783684273927
n72,nominal,tr_pow_gp,41,10,10.0,0.1269725677875253,0.1683548446242458
n72,nominal,tr_pow_gp,42,15,15.0,0.17011573761311774,0.17917815190802402
n72,nominal,tr_pow_gp,43,20,20.0,0.27313629962814373,0.13915523119031667
n72,nominal,tr_pow_gp,44,25,25.0,0.08560325096733562,0.3697921608803486
n72,nominal,tr_pow_gp,45,5,5.0,0.037556732705441444,0.05358459465639247
n72,nominal,tr_pow_gp,46,10,10.0,0.04360056804280307,0.06250765692954934
n72,nominal,tr_pow_gp,47,15,15.0,0.04924463602686128,0.06519981123849171
n72,nominal,tr_pow_gp,48,20,20.0,0.061947249263179266,0.05713853427850547
n72,nominal,tr_pow_gp,49,25,25.0,0.05520203246912867,0.10504932844541913
n72,nominal,tr_pow_gp,50,5,5.0,0.06464104772693736,0.10375235999894226
n72,nominal,tr_pow_gp,51,10,10.0,0.1061907400375857,0.12268777324794164
n72,nominal,tr_pow_gp,53,20,20.0,0.3247159319617053,0.14187629703352095
n72,nominal,tr_pow_gp,55,5,5.0,0.10129747255604984,0.15392012534149208
n72,nominal,tr_pow_gp,56,10,10.0,0.16435945135408164,0.18286788967440457
n72,nominal,tr_pow_gp,57,15,15.0,0.23351523325410375,0.19364141549726394
n72,nominal,tr_pow_gp,58,20,20.0,0.4337970382398568,0.19439294393301124
n72,nominal,tr_pow_gp,59,25,25.0,0.137571433960762,0.5158360878603883
n72,nominal,tr_pow_gp,60,5,5.0,0.027809194807435544,0.04776582074484658
n72,nominal,tr_pow_gp,61,10,10.0,0.03376385751429354,0.05607086522829819
n72,nominal,tr_pow_gp,62,15,15.0,0.06472638287800421,0.05714534639603406
n72,nominal,tr_pow_gp,63,20,20.0,0.09895912208822974,0.05810712916485636
n72,nominal,tr_pow_gp,64,25,25.0,0.032306508405576646,0.12977345466202883
n72,nominal,tr_pow_gp,65,5,5.0,0.07333766405647854,0.09211481217585049
n72,nominal,tr_pow_gp,66,10,10.0,0.08429763716173058,0.10981419005764885
n72,nominal,tr_pow_gp,67,15,15.0,0.14387655045817369,0.11331168368296256
n72,nominal,tr_pow_gp,68,20,20.0,0.2713050081144946,0.12996087164240064
n72,nominal,tr_pow_gp,69,25,25.0,0.09371781676772084,0.33142959206191525
n72,nominal,tr_pow_gp,70,5,5.0,0.08715895279312774,0.13646380360685437
n72,nominal,tr_pow_gp,71,10,10.0,0.13480771178358023,0.1635575150026945
n72,nominal,tr_pow_gp,72,15,15.0,0.1801699290495756,0.169478020969891
n72,nominal,tr_pow_gp,74,25,25.0,0.11806648579826695,0.43731511314112637
n72,nominal,oracle_shape_gp,0,5,5.0,0.0285867300932331,0.02195803923610811
n72,nominal,oracle_shape_gp,1,10,10.0,0.04758108870069616,0.04280803332219184
n72,nominal,oracle_shape_gp,2,15,15.0,0.09970584338151171,0.09402253604614286
n72,nominal,oracle_shape_gp,3,20,20.0,0.12449860187870826,0.10996444406096673
n72,nominal,oracle_shape_gp,4,25,25.0,0.06728802355531271,0.060040056393801236
n72,nominal,oracle_shape_gp,5,5,5.0,0.04413070420233045,0.036681946862933835
n72,nominal,oracle_shape_gp,6,10,10.0,0.06288524587147142,0.05025161090987608
n72,nominal,oracle_shape_gp,7,15,15.0,0.08858324894292931,0.1139229954304476
n72,nominal,oracle_shape_gp,8,20,20.0,0.14464805659401586,0.13220487342173795
n72,nominal,oracle_shape_gp,9,25,25.0,0.06458239815053043,0.0770332118967463
n72,nominal,oracle_shape_gp,10,5,5.0,0.06096340286567238,0.05336319988852704
n72,nominal,oracle_shape_gp,11,10,10.0,0.10309990786795749,0.06127878788634429
n72,nominal,oracle_shape_gp,12,15,15.0,0.11646764333639503,0.1721316394536949
n72,nominal,oracle_shape_gp,13,20,20.0,0.19816971960190574,0.1658007504193545
n72,nominal,oracle_shape_gp,14,25,25.0,0.054410883145570466,0.1058752591306162
n72,nominal,oracle_shape_gp,15,5,5.0,0.051198809900038535,0.02679647219060212
n72,nominal,oracle_shape_gp,16,10,10.0,0.07477487482962646,0.052490650591104776
n72,nominal,oracle_shape_gp,17,15,15.0,0.11404227815252285,0.12223288841170746
n72,nominal,oracle_shape_gp,18,20,20.0,0.15396210578545416,0.11293085405721194
n72,nominal,oracle_shape_gp,19,25,25.0,0.05931999506358712,0.06933689814444359
n72,nominal,oracle_shape_gp,20,5,5.0,0.06265781094812338,0.03829479336606386
n72,nominal,oracle_shape_gp,21,10,10.0,0.06877412380526063,0.06277924022008924
n72,nominal,oracle_shape_gp,22,15,15.0,0.11713961371317501,0.12427520737233583
n72,nominal,oracle_shape_gp,23,20,20.0,0.1564763730463234,0.14564753128579425
n72,nominal,oracle_shape_gp,24,25,25.0,0.06493091158272947,0.08376455617810782
n72,nominal,oracle_shape_gp,25,5,5.0,0.06926367781436776,0.05276223659115627
n72,nominal,oracle_shape_gp,26,10,10.0,0.10133133054775115,0.06949988269981826
n72,nominal,oracle_shape_gp,27,15,15.0,0.13889884652540044,0.18677342338420144
n72,nominal,oracle_shape_gp,28,20,20.0,0.23779048252794935,0.1854959914347431
n72,nominal,oracle_shape_gp,29,25,25.0,0.08545289382525174,0.11799862237760828
n72,nominal,oracle_shape_gp,30,5,5.0,0.009760861316943245,0.019736828364320662
n72,nominal,oracle_shape_gp,31,10,10.0,0.014508188418088559,0.02521919383523752
n72,nominal,oracle_shape_gp,32,15,15.0,0.03661213381504203,0.03515516858145945
n72,nominal,oracle_shape_gp,33,20,20.0,0.05173321710386965,0.07661193810285036
n72,nominal,oracle_shape_gp,34,25,25.0,0.033288813695527796,0.03305653046427777
n72,nominal,oracle_shape_gp,35,5,5.0,0.06215695226201519,0.04716788499342475
n72,nominal,oracle_shape_gp,36,10,10.0,0.08430580345539967,0.06610113781263287
n72,nominal,oracle_shape_gp,37,15,15.0,0.14015088192737288,0.14945349037853412
n72,nominal,oracle_shape_gp,38,20,20.0,0.18613447552206322,0.16582301354714496
n72,nominal,oracle_shape_gp,39,25,25.0,0.06196232957271379,0.09736216503334431
n72,nominal,oracle_shape_gp,40,5,5.0,0.06556874834127399,0.06997323316167378
n72,nominal,oracle_shape_gp,41,10,10.0,0.1269725677875253,0.08270293130776542
n72,nominal,oracle_shape_gp,42,15,15.0,0.17011573761311774,0.2320415800560549
n72,nominal,oracle_shape_gp,43,20,20.0,0.27313629962814373,0.23371692389182752
n72,nominal,oracle_shape_gp,44,25,25.0,0.08560325096733562,0.14893131961756284
n72,nominal,oracle_shape_gp,45,5,5.0,0.037556732705441444,0.026863339350108907
n72,nominal,oracle_shape_gp,46,10,10.0,0.04360056804280307,0.03128050627962349
n72,nominal,oracle_shape_gp,47,15,15.0,0.04924463602686128,0.04912775061433719
n72,nominal,oracle_shape_gp,48,20,20.0,0.061947249263179266,0.08731075377804604
n72,nominal,oracle_shape_gp,49,25,25.0,0.05520203246912867,0.04084790068486065
n72,nominal,oracle_shape_gp,50,5,5.0,0.06464104772693736,0.057158696029428774
n72,nominal,oracle_shape_gp,51,10,10.0,0.1061907400375857,0.07089343653289554
n72,nominal,oracle_shape_gp,53,20,20.0,0.3247159319617053,0.19934585564674506
n72,nominal,oracle_shape_gp,55,5,5.0,0.10129747255604984,0.08285221345790852
n72,nominal,oracle_shape_gp,56,10,10.0,0.16435945135408164,0.1008155870892833
n72,nominal,oracle_shape_gp,57,15,15.0,0.23351523325410375,0.3414539132828698
n72,nominal,oracle_shape_gp,58,20,20.0,0.4337970382398568,0.2940550794902716
n72,nominal,oracle_shape_gp,59,25,25.0,0.137571433960762,0.2248532867247555
n72,nominal,oracle_shape_gp,60,5,5.0,0.027809194807435544,0.023925788044045285
n72,nominal,oracle_shape_gp,61,10,10.0,0.03376385751429354,0.03257043864137096
n72,nominal,oracle_shape_gp,62,15,15.0,0.06472638287800421,0.07274823380949316
n72,nominal,oracle_shape_gp,63,20,20.0,0.09895912208822974,0.08872798789623695
n72,nominal,oracle_shape_gp,64,25,25.0,0.032306508405576646,0.05583256717199282
n72,nominal,oracle_shape_gp,65,5,5.0,0.07333766405647854,0.05008606741339506
n72,nominal,oracle_shape_gp,66,10,10.0,0.08429763716173058,0.06519731274063248
n72,nominal,oracle_shape_gp,67,15,15.0,0.14387655045817369,0.19732548303862643
n72,nominal,oracle_shape_gp,68,20,20.0,0.2713050081144946,0.19016186597227452
n72,nominal,oracle_shape_gp,69,25,25.0,0.09371781676772084,0.14627409935493224
n72,nominal,oracle_shape_gp,70,5,5.0,0.08715895279312774,0.07398050025463912
n72,nominal,oracle_shape_gp,71,10,10.0,0.13480771178358023,0.08650953797121656
n72,nominal,oracle_shape_gp,72,15,15.0,0.1801699290495756,0.2960139734002216
n72,nominal,oracle_shape_gp,74,25,25.0,0.11806648579826695,0.20327948980113458
n72,nominal,mf_ar1,0,5,5.0,0.0285867300932331,0.024249221612001763
n72,nominal,mf_ar1,1,10,10.0,0.04758108870069616,0.05041551953536409
n72,nominal,mf_ar1,2,15,15.0,0.09970584338151171,0.11920235100662874
n72,nominal,mf_ar1,3,20,20.0,0.12449860187870826,0.08204706399817484
n72,nominal,mf_ar1,4,25,25.0,0.06728802355531271,0.17527519485811893
n72,nominal,mf_ar1,5,5,5.0,0.04413070420233045,0.04051224759881984
n72,nominal,mf_ar1,6,10,10.0,0.06288524587147142,0.052543933184670634
n72,nominal,mf_ar1,7,15,15.0,0.08858324894292931,0.17262974278694024
n72,nominal,mf_ar1,8,20,20.0,0.14464805659401586,0.08886104818321587
n72,nominal,mf_ar1,9,25,25.0,0.06458239815053043,0.25675978035399183
n72,nominal,mf_ar1,10,5,5.0,0.06096340286567238,0.05993304543211295
n72,nominal,mf_ar1,11,10,10.0,0.10309990786795749,0.06128616716364292
n72,nominal,mf_ar1,12,15,15.0,0.11646764333639503,0.25982684669491146
n72,nominal,mf_ar1,13,20,20.0,0.19816971960190574,0.11090189211913135
n72,nominal,mf_ar1,14,25,25.0,0.054410883145570466,0.3784034007650908
n72,nominal,mf_ar1,15,5,5.0,0.051198809900038535,0.03098720102409483
n72,nominal,mf_ar1,16,10,10.0,0.07477487482962646,0.06318971285446813
n72,nominal,mf_ar1,17,15,15.0,0.11404227815252285,0.14230188778445965
n72,nominal,mf_ar1,18,20,20.0,0.15396210578545416,0.08801270931939148
n72,nominal,mf_ar1,19,25,25.0,0.05931999506358712,0.18879127819497438
n72,nominal,mf_ar1,20,5,5.0,0.06265781094812338,0.04234722157371332
n72,nominal,mf_ar1,21,10,10.0,0.06877412380526063,0.07072720339266558
n72,nominal,mf_ar1,22,15,15.0,0.11713961371317501,0.1828651586425914
n72,nominal,mf_ar1,23,20,20.0,0.1564763730463234,0.09837220996458484
n72,nominal,mf_ar1,24,25,25.0,0.06493091158272947,0.26802167317078346
n72,nominal,mf_ar1,25,5,5.0,0.06926367781436776,0.058963834841836135
n72,nominal,mf_ar1,26,10,10.0,0.10133133054775115,0.07206044178888898
n72,nominal,mf_ar1,27,15,15.0,0.13889884652540044,0.2738702849519042
n72,nominal,mf_ar1,28,20,20.0,0.23779048252794935,0.124854892963664
n72,nominal,mf_ar1,29,25,25.0,0.08545289382525174,0.3991047152121373
n72,nominal,mf_ar1,30,5,5.0,0.009760861316943245,0.02018109798543146
n72,nominal,mf_ar1,31,10,10.0,0.014508188418088559,0.024032763811963467
n72,nominal,mf_ar1,32,15,15.0,0.03661213381504203,0.08107493681802512
n72,nominal,mf_ar1,33,20,20.0,0.05173321710386965,0.04237241343370224
n72,nominal,mf_ar1,34,25,25.0,0.033288813695527796,0.139711066562909
n72,nominal,mf_ar1,35,5,5.0,0.06215695226201519,0.05156411832536728
n72,nominal,mf_ar1,36,10,10.0,0.08430580345539967,0.07617532658981474
n72,nominal,mf_ar1,37,15,15.0,0.14015088192737288,0.22965656590317274
n72,nominal,mf_ar1,38,20,20.0,0.18613447552206322,0.11160301329148725
n72,nominal,mf_ar1,39,25,25.0,0.06196232957271379,0.3399265292019518
n72,nominal,mf_ar1,40,5,5.0,0.06556874834127399,0.07733377506795373
n72,nominal,mf_ar1,41,10,10.0,0.1269725677875253,0.08230352758958571
n72,nominal,mf_ar1,42,15,15.0,0.17011573761311774,0.354680897369954
n72,nominal,mf_ar1,43,20,20.0,0.27313629962814373,0.15301732639711477
n72,nominal,mf_ar1,44,25,25.0,0.08560325096733562,0.5135946535522419
n72,nominal,mf_ar1,45,5,5.0,0.037556732705441444,0.029398444002223797
n72,nominal,mf_ar1,46,10,10.0,0.04360056804280307,0.0367390578945982
n72,nominal,mf_ar1,47,15,15.0,0.04924463602686128,0.10340433817733226
n72,nominal,mf_ar1,48,20,20.0,0.061947249263179266,0.061485563696494105
n72,nominal,mf_ar1,49,25,25.0,0.05520203246912867,0.16502087994941778
n72,nominal,mf_ar1,50,5,5.0,0.06464104772693736,0.06377579649082787
n72,nominal,mf_ar1,51,10,10.0,0.1061907400375857,0.07958740781607204
n72,nominal,mf_ar1,53,20,20.0,0.3247159319617053,0.1315932250711353
n72,nominal,mf_ar1,55,5,5.0,0.10129747255604984,0.09308592708759467
n72,nominal,mf_ar1,56,10,10.0,0.16435945135408164,0.10218795968788451
n72,nominal,mf_ar1,57,15,15.0,0.23351523325410375,0.47771047752279305
n72,nominal,mf_ar1,58,20,20.0,0.4337970382398568,0.20518919919259654
n72,nominal,mf_ar1,59,25,25.0,0.137571433960762,0.6963067858238187
n72,nominal,mf_ar1,60,5,5.0,0.027809194807435544,0.025360786978147674
n72,nominal,mf_ar1,61,10,10.0,0.03376385751429354,0.03391301825404936
n72,nominal,mf_ar1,62,15,15.0,0.06472638287800421,0.12096032472137942
n72,nominal,mf_ar1,63,20,20.0,0.09895912208822974,0.05442758337154194
n72,nominal,mf_ar1,64,25,25.0,0.032306508405576646,0.1880471993712826
n72,nominal,mf_ar1,65,5,5.0,0.07333766405647854,0.05436167148565759
n72,nominal,mf_ar1,66,10,10.0,0.08429763716173058,0.0671553844042036
n72,nominal,mf_ar1,67,15,15.0,0.14387655045817369,0.2867067461905802
n72,nominal,mf_ar1,68,20,20.0,0.2713050081144946,0.12633274699517574
n72,nominal,mf_ar1,69,25,25.0,0.09371781676772084,0.43113370769160936
n72,nominal,mf_ar1,70,5,5.0,0.08715895279312774,0.08040868525988196
n72,nominal,mf_ar1,71,10,10.0,0.13480771178358023,0.08072489264589353
n72,nominal,mf_ar1,72,15,15.0,0.1801699290495756,0.42785872084119386
n72,nominal,mf_ar1,74,25,25.0,0.11806648579826695,0.5860952258451498
n72,nominal,mf_nar,0,5,5.0,0.0285867300932331,0.05549114019758758
n72,nominal,mf_nar,1,10,10.0,0.04758108870069616,0.05022476863916127
n72,nominal,mf_nar,2,15,15.0,0.09970584338151171,0.1344934848986902
n72,nominal,mf_nar,3,20,20.0,0.12449860187870826,0.08268833987352224
n72,nominal,mf_nar,4,25,25.0,0.06728802355531271,0.15708037889355433
n72,nominal,mf_nar,5,5,5.0,0.04413070420233045,0.07239120015085895
n72,nominal,mf_nar,6,10,10.0,0.06288524587147142,0.05383994877241118
n72,nominal,mf_nar,7,15,15.0,0.08858324894292931,0.17119686513356064
n72,nominal,mf_nar,8,20,20.0,0.14464805659401586,0.09188826388468029
n72,nominal,mf_nar,9,25,25.0,0.06458239815053043,0.21454364635553397
n72,nominal,mf_nar,10,5,5.0,0.06096340286567238,0.0956577735775657
n72,nominal,mf_nar,11,10,10.0,0.10309990786795749,0.059108492235131385
n72,nominal,mf_nar,12,15,15.0,0.11646764333639503,0.23013415444798468
n72,nominal,mf_nar,13,20,20.0,0.19816971960190574,0.10452675595858542
n72,nominal,mf_nar,14,25,25.0,0.054410883145570466,0.27986287882902317
n72,nominal,mf_nar,15,5,5.0,0.051198809900038535,0.06208950713608674
n72,nominal,mf_nar,16,10,10.0,0.07477487482962646,0.061423457360353165
n72,nominal,mf_nar,17,15,15.0,0.11404227815252285,0.14743379432974116
n72,nominal,mf_nar,18,20,20.0,0.15396210578545416,0.09200522327241814
n72,nominal,mf_nar,19,25,25.0,0.05931999506358712,0.17616607208897328
n72,nominal,mf_nar,20,5,5.0,0.06265781094812338,0.0782093662301868
n72,nominal,mf_nar,21,10,10.0,0.06877412380526063,0.06783632734544358
n72,nominal,mf_nar,22,15,15.0,0.11713961371317501,0.1856863209082557
n72,nominal,mf_nar,23,20,20.0,0.1564763730463234,0.10326529573339083
n72,nominal,mf_nar,24,25,25.0,0.06493091158272947,0.23546300931059105
n72,nominal,mf_nar,25,5,5.0,0.06926367781436776,0.1004576229786382
n72,nominal,mf_nar,26,10,10.0,0.10133133054775115,0.07438136020353844
n72,nominal,mf_nar,27,15,15.0,0.13889884652540044,0.24288203492564664
n72,nominal,mf_nar,28,20,20.0,0.23779048252794935,0.11663266923491641
n72,nominal,mf_nar,29,25,25.0,0.08545289382525174,0.2939665474257229
n72,nominal,mf_nar,30,5,5.0,0.009760861316943245,0.04320104030028106
n72,nominal,mf_nar,31,10,10.0,0.014508188418088559,0.02051864759103217
n72,nominal,mf_nar,32,15,15.0,0.03661213381504203,0.07368149103004648
n72,nominal,mf_nar,33,20,20.0,0.05173321710386965,0.04961543996791923
n72,nominal,mf_nar,34,25,25.0,0.033288813695527796,0.10424842932546419
n72,nominal,mf_nar,35,5,5.0,0.06215695226201519,0.0767060447044808
n72,nominal,mf_nar,36,10,10.0,0.08430580345539967,0.06335758841395146
n72,nominal,mf_nar,37,15,15.0,0.14015088192737288,0.22998343061347354
n72,nominal,mf_nar,38,20,20.0,0.18613447552206322,0.10674968440345733
n72,nominal,mf_nar,39,25,25.0,0.06196232957271379,0.3263783157966346
n72,nominal,mf_nar,40,5,5.0,0.06556874834127399,0.11265154658475988
n72,nominal,mf_nar,41,10,10.0,0.1269725677875253,0.07275589682587824
n72,nominal,mf_nar,42,15,15.0,0.17011573761311774,0.3000960911804221
n72,nominal,mf_nar,43,20,20.0,0.27313629962814373,0.15731850209367948
n72,nominal,mf_nar,44,25,25.0,0.08560325096733562,0.3458616201434504
n72,nominal,mf_nar,45,5,5.0,0.037556732705441444,0.05575077335097589
n72,nominal,mf_nar,46,10,10.0,0.04360056804280307,0.041425709956594656
n72,nominal,mf_nar,47,15,15.0,0.04924463602686128,0.09799439931272017
n72,nominal,mf_nar,48,20,20.0,0.061947249263179266,0.06011865030396084
n72,nominal,mf_nar,49,25,25.0,0.05520203246912867,0.17794664214741046
n72,nominal,mf_nar,50,5,5.0,0.06464104772693736,0.09431757106720871
n72,nominal,mf_nar,51,10,10.0,0.1061907400375857,0.0798432882370813
n72,nominal,mf_nar,53,20,20.0,0.3247159319617053,0.14440362777781768
n72,nominal,mf_nar,55,5,5.0,0.10129747255604984,0.13229084114595785
n72,nominal,mf_nar,56,10,10.0,0.16435945135408164,0.10869880150324814
n72,nominal,mf_nar,57,15,15.0,0.23351523325410375,0.41703166611816594
n72,nominal,mf_nar,58,20,20.0,0.4337970382398568,0.20686914085140598
n72,nominal,mf_nar,59,25,25.0,0.137571433960762,0.3460169589199712
n72,nominal,mf_nar,60,5,5.0,0.027809194807435544,0.04979494565054632
n72,nominal,mf_nar,61,10,10.0,0.03376385751429354,0.03341039894449799
n72,nominal,mf_nar,62,15,15.0,0.06472638287800421,0.11739855195783049
n72,nominal,mf_nar,63,20,20.0,0.09895912208822974,0.059223204371163025
n72,nominal,mf_nar,64,25,25.0,0.032306508405576646,0.19440995243159306
n72,nominal,mf_nar,65,5,5.0,0.07333766405647854,0.08047880393649151
n72,nominal,mf_nar,66,10,10.0,0.08429763716173058,0.07888556141247616
n72,nominal,mf_nar,67,15,15.0,0.14387655045817369,0.3363763341365693
n72,nominal,mf_nar,68,20,20.0,0.2713050081144946,0.12727807635228328
n72,nominal,mf_nar,69,25,25.0,0.09371781676772084,0.4409373237171035
n72,nominal,mf_nar,70,5,5.0,0.08715895279312774,0.11236949016400277
n72,nominal,mf_nar,71,10,10.0,0.13480771178358023,0.09655338526383245
n72,nominal,mf_nar,72,15,15.0,0.1801699290495756,0.402292722341569
n72,nominal,mf_nar,74,25,25.0,0.11806648579826695,0.36286676595716066
n72,measured,gp,0,5,5.0,0.0285867300932331,0.11711050805087155
n72,measured,gp,1,10,10.0,0.04758108870069616,0.11002035789558075
n72,measured,gp,2,15,15.384615384615383,0.09970584338151171,0.10193794734476953
n72,measured,gp,3,20,20.0,0.12449860187870826,0.06929555725373401
n72,measured,gp,4,25,25.0,0.06728802355531271,0.11220456210685795
n72,measured,gp,5,5,5.747126436781609,0.04413070420233045,0.11710721972372996
n72,measured,gp,6,10,11.235955056179776,0.06288524587147142,0.11106685645662565
n72,measured,gp,7,15,15.384615384615383,0.08858324894292931,0.10510002980638117
n72,measured,gp,8,20,20.0,0.14464805659401586,0.07280881391732885
n72,measured,gp,9,25,20.83333333333333,0.06458239815053043,0.12108175823875726
n72,measured,gp,10,5,5.0,0.06096340286567238,0.11767431363608075
n72,measured,gp,11,10,10.0,0.10309990786795749,0.11754132320461179
n72,measured,gp,12,15,19.23076923076923,0.11646764333639503,0.1318089362101483
n72,measured,gp,13,20,20.0,0.19816971960190574,0.09040605077352294
n72,measured,gp,14,25,15.384615384615383,0.054410883145570466,0.11220444249131371
n72,measured,gp,15,5,5.555555555555555,0.051198809900038535,0.11710247683063423
n72,measured,gp,16,10,9.70873786407767,0.07477487482962646,0.1100171521766001
n72,measured,gp,17,15,15.384615384615383,0.11404227815252285,0.10193848377014027
n72,measured,gp,18,20,20.0,0.15396210578545416,0.06929588267684121
n72,measured,gp,19,25,23.80952380952381,0.05931999506358712,0.11220474691742305
n72,measured,gp,20,5,5.58659217877095,0.06265781094812338,0.11710905491524545
n72,measured,gp,21,10,11.11111111111111,0.06877412380526063,0.11121084500991962
n72,measured,gp,22,15,14.999999999999998,0.11713961371317501,0.09862429389018934
n72,measured,gp,23,20,20.0,0.1564763730463234,0.07280912281092175
n72,measured,gp,24,25,24.390243902439025,0.06493091158272947,0.1122045880223074
n72,measured,gp,25,5,5.319148936170213,0.06926367781436776,0.11810889014782779
n72,measured,gp,26,10,10.0,0.10133133054775115,0.11754133769497964
n72,measured,gp,27,15,7.8125,0.13889884652540044,0.10074915380426444
n72,measured,gp,28,20,20.0,0.23779048252794935,0.0904063983875791
n72,measured,gp,29,25,23.25581395348837,0.08545289382525174,0.11221095299342056
n72,measured,gp,30,5,5.0,0.009760861316943245,0.11709078026054491
n72,measured,gp,31,10,10.20408163265306,0.014508188418088559,0.11003403404684446
n72,measured,gp,32,15,14.999999999999998,0.03661213381504203,0.10200786578885584
n72,measured,gp,33,20,19.23076923076923,0.05173321710386965,0.034200467350105276
n72,measured,gp,34,25,26.31578947368421,0.033288813695527796,0.11220456034392982
n72,measured,gp,35,5,5.0,0.06215695226201519,0.11710253154812765
n72,measured,gp,36,10,10.0,0.08430580345539967,0.11252259473282693
n72,measured,gp,37,15,15.151515151515152,0.14015088192737288,0.11286593882180153
n72,measured,gp,38,20,20.0,0.18613447552206322,0.08636901809876618
n72,measured,gp,39,25,25.0,0.06196232957271379,0.11220456497417777
n72,measured,gp,40,5,20.40816326530612,0.06556874834127399,0.11704942621540282
n72,measured,gp,41,10,10.0,0.1269725677875253,0.13881353565249138
n72,measured,gp,42,15,16.39344262295082,0.17011573761311774,0.1475255908808322
n72,measured,gp,43,20,15.625,0.27313629962814373,0.10681035712968302
n72,measured,gp,44,25,25.0,0.08560325096733562,0.11220454570241851
n72,measured,gp,45,5,5.0,0.037556732705441444,0.11710702826977509
n72,measured,gp,46,10,10.638297872340424,0.04360056804280307,0.11003680683817664
n72,measured,gp,47,15,14.492753623188406,0.04924463602686128,0.10102074814698574
n72,measured,gp,48,20,20.0,0.061947249263179266,0.05294994969658136
n72,measured,gp,49,25,25.0,0.05520203246912867,0.11220455719940833
n72,measured,gp,50,5,5.0,0.06464104772693736,0.11711268512170657
n72,measured,gp,51,10,10.638297872340424,0.1061907400375857,0.11447207839300583
n72,measured,gp,53,20,20.0,0.3247159319617053,0.08462874185057676
n72,measured,gp,55,5,5.0,0.10129747255604984,0.3048291628777893
n72,measured,gp,56,10,10.638297872340424,0.16435945135408164,0.22575370267173958
n72,measured,gp,57,15,10.638297872340424,0.23351523325410375,0.15988741657757533
n72,measured,gp,58,20,5.747126436781609,0.4337970382398568,0.14546074879939608
n72,measured,gp,59,25,25.0,0.137571433960762,0.11220456034557043
n72,measured,gp,60,5,5.847953216374269,0.027809194807435544,0.11695663104157317
n72,measured,gp,61,10,10.0,0.03376385751429354,0.11001565779700496
n72,measured,gp,62,15,16.129032258064516,0.06472638287800421,0.1199002903129946
n72,measured,gp,63,20,18.867924528301888,0.09895912208822974,0.04741369165205802
n72,measured,gp,64,25,25.0,0.032306508405576646,0.11220456033557309
n72,measured,gp,65,5,5.617977528089888,0.07333766405647854,0.1171029791223048
n72,measured,gp,66,10,10.638297872340424,0.08429763716173058,0.11082690937091239
n72,measured,gp,67,15,17.094017094017094,0.14387655045817369,0.1140233754382326
n72,measured,gp,68,20,16.129032258064516,0.2713050081144946,0.0959358766695699
n72,measured,gp,69,25,17.54385964912281,0.09371781676772084,0.12241420348212023
n72,measured,gp,70,5,10.638297872340424,0.08715895279312774,0.11711146026381819
n72,measured,gp,71,10,15.384615384615383,0.13480771178358023,0.1363958582151161
n72,measured,gp,72,15,16.39344262295082,0.1801699290495756,0.13247051540914703
n72,measured,gp,74,25,19.607843137254903,0.11806648579826695,0.11220883813983763
n72,measured,lawgp,0,5,5.0,0.0285867300932331,0.038267722802005716
n72,measured,lawgp,1,10,10.0,0.04758108870069616,0.051123746458351854
n72,measured,lawgp,2,15,15.384615384615383,0.09970584338151171,0.03786258376084922
n72,measured,lawgp,3,20,20.0,0.12449860187870826,0.03868345843149739
n72,measured,lawgp,4,25,25.0,0.06728802355531271,0.05700556135575728
n72,measured,lawgp,5,5,5.747126436781609,0.04413070420233045,0.0760977008252594
n72,measured,lawgp,6,10,11.235955056179776,0.06288524587147142,0.10422757190591674
n72,measured,lawgp,7,15,15.384615384615383,0.08858324894292931,0.04940678097739897
n72,measured,lawgp,8,20,20.0,0.14464805659401586,0.07403280298023421
n72,measured,lawgp,9,25,20.83333333333333,0.06458239815053043,0.1241603664869363
n72,measured,lawgp,10,5,5.0,0.06096340286567238,0.10740121361490823
n72,measured,lawgp,11,10,10.0,0.10309990786795749,0.1462621372560993
n72,measured,lawgp,12,15,19.23076923076923,0.11646764333639503,0.15049799447558204
n72,measured,lawgp,13,20,20.0,0.19816971960190574,0.110323830204803
n72,measured,lawgp,14,25,15.384615384615383,0.054410883145570466,0.1666746981021664
n72,measured,lawgp,15,5,5.555555555555555,0.051198809900038535,0.039479084321230026
n72,measured,lawgp,16,10,9.70873786407767,0.07477487482962646,0.05040592131615058
n72,measured,lawgp,17,15,15.384615384615383,0.11404227815252285,0.03821664781917503
n72,measured,lawgp,18,20,20.0,0.15396210578545416,0.0386834584314995
n72,measured,lawgp,19,25,23.80952380952381,0.05931999506358712,0.05933848260927878
n72,measured,lawgp,20,5,5.58659217877095,0.06265781094812338,0.07539121503054032
n72,measured,lawgp,21,10,11.11111111111111,0.06877412380526063,0.10371724078660553
n72,measured,lawgp,22,15,14.999999999999998,0.11713961371317501,0.10655971221462066
n72,measured,lawgp,23,20,20.0,0.1564763730463234,0.07403280392062557
n72,measured,lawgp,24,25,24.390243902439025,0.06493091158272947,0.11362762166301155
n72,measured,lawgp,25,5,5.319148936170213,0.06926367781436776,0.10949156178468475
n72,measured,lawgp,26,10,10.0,0.10133133054775115,0.14626213725772866
n72,measured,lawgp,27,15,7.8125,0.13889884652540044,0.10523296172155464
n72,measured,lawgp,28,20,20.0,0.23779048252794935,0.11032382990989031
n72,measured,lawgp,29,25,23.25581395348837,0.08545289382525174,0.17500077559099866
n72,measured,lawgp,30,5,5.0,0.009760861316943245,0.054412994613811445
n72,measured,lawgp,31,10,10.20408163265306,0.014508188418088559,0.07335169945635826
n72,measured,lawgp,32,15,14.999999999999998,0.03661213381504203,0.07875740854771297
n72,measured,lawgp,33,20,19.23076923076923,0.05173321710386965,0.05215849701561584
n72,measured,lawgp,34,25,26.31578947368421,0.033288813695527796,0.07084659025791128
n72,measured,lawgp,35,5,5.0,0.06215695226201519,0.10512289696176827
n72,measured,lawgp,36,10,10.0,0.08430580345539967,0.14172555835218267
n72,measured,lawgp,37,15,15.151515151515152,0.14015088192737288,0.1531806144392449
n72,measured,lawgp,38,20,20.0,0.18613447552206322,0.09717873023362772
n72,measured,lawgp,39,25,25.0,0.06196232957271379,0.1468151714552342
n72,measured,lawgp,40,5,20.40816326530612,0.06556874834127399,0.20807429840926936
n72,measured,lawgp,41,10,10.0,0.1269725677875253,0.21081106250601042
n72,measured,lawgp,42,15,16.39344262295082,0.17011573761311774,0.23347523690626745
n72,measured,lawgp,43,20,15.625,0.27313629962814373,0.16979422591703183
n72,measured,lawgp,44,25,25.0,0.08560325096733562,0.21878032763000588
n72,measured,lawgp,45,5,5.0,0.037556732705441444,0.05737060280709255
n72,measured,lawgp,46,10,10.638297872340424,0.04360056804280307,0.07786123486433874
n72,measured,lawgp,47,15,14.492753623188406,0.04924463602686128,0.0808054695200665
n72,measured,lawgp,48,20,20.0,0.061947249263179266,0.05271722123354508
n72,measured,lawgp,49,25,25.0,0.05520203246912867,0.07942378284916601
n72,measured,lawgp,50,5,5.0,0.06464104772693736,0.11103811364470095
n72,measured,lawgp,51,10,10.638297872340424,0.1061907400375857,0.1506827638870841
n72,measured,lawgp,53,20,20.0,0.3247159319617053,0.1025101204194235
n72,measured,lawgp,55,5,5.0,0.10129747255604984,0.23602382851073606
n72,measured,lawgp,56,10,10.638297872340424,0.16435945135408164,0.23351518734537652
n72,measured,lawgp,57,15,10.638297872340424,0.23351523325410375,0.16418096443266483
n72,measured,lawgp,58,20,5.747126436781609,0.4337970382398568,0.11498620777512168
n72,measured,lawgp,59,25,25.0,0.137571433960762,0.23250163034744936
n72,measured,lawgp,60,5,5.847953216374269,0.027809194807435544,0.04947178990782573
n72,measured,lawgp,61,10,10.0,0.03376385751429354,0.06194577836205765
n72,measured,lawgp,62,15,16.129032258064516,0.06472638287800421,0.14482875877093
n72,measured,lawgp,63,20,18.867924528301888,0.09895912208822974,0.04950302831535246
n72,measured,lawgp,64,25,25.0,0.032306508405576646,0.07072686407033471
n72,measured,lawgp,65,5,5.617977528089888,0.07333766405647854,0.09396706944480877
n72,measured,lawgp,66,10,10.638297872340424,0.08429763716173058,0.09856305664449849
n72,measured,lawgp,67,15,17.094017094017094,0.14387655045817369,0.12661787157948445
n72,measured,lawgp,68,20,16.129032258064516,0.2713050081144946,0.10705363595178048
n72,measured,lawgp,69,25,17.54385964912281,0.09371781676772084,0.14712419361761697
n72,measured,lawgp,70,5,10.638297872340424,0.08715895279312774,0.17933516158111995
n72,measured,lawgp,71,10,15.384615384615383,0.13480771178358023,0.2023108886843553
n72,measured,lawgp,72,15,16.39344262295082,0.1801699290495756,0.18939597879203418
n72,measured,lawgp,74,25,19.607843137254903,0.11806648579826695,0.22809032397718093
n72,measured,prod,0,5,5.0,0.0285867300932331,0.25569395872605427
n72,measured,prod,1,10,10.0,0.04758108870069616,0.11000552006938344
n72,measured,prod,2,15,15.384615384615383,0.09970584338151171,0.10027025493177807
n72,measured,prod,3,20,20.0,0.12449860187870826,0.07709492439859149
n72,measured,prod,4,25,25.0,0.06728802355531271,0.12490466594415497
n72,measured,prod,5,5,5.747126436781609,0.04413070420233045,0.2662606912424335
n72,measured,prod,6,10,11.235955056179776,0.06288524587147142,0.11000563355651753
n72,measured,prod,7,15,15.384615384615383,0.08858324894292931,0.092769483506193
n72,measured,prod,8,20,20.0,0.14464805659401586,0.08015809087214208
n72,measured,prod,9,25,20.83333333333333,0.06458239815053043,0.1514821673240719
n72,measured,prod,10,5,5.0,0.06096340286567238,0.332579255878752
n72,measured,prod,11,10,10.0,0.10309990786795749,0.11006447531143825
n72,measured,prod,12,15,19.23076923076923,0.11646764333639503,0.12559513705585834
n72,measured,prod,13,20,20.0,0.19816971960190574,0.08671043860261266
n72,measured,prod,14,25,15.384615384615383,0.054410883145570466,0.14839854912770026
n72,measured,prod,15,5,5.555555555555555,0.051198809900038535,0.24385531601643734
n72,measured,prod,16,10,9.70873786407767,0.07477487482962646,0.11000549835880306
n72,measured,prod,17,15,15.384615384615383,0.11404227815252285,0.10037886472062892
n72,measured,prod,18,20,20.0,0.15396210578545416,0.08042475365874498
n72,measured,prod,19,25,23.80952380952381,0.05931999506358712,0.1237278286463622
n72,measured,prod,20,5,5.58659217877095,0.06265781094812338,0.28687063053718403
n72,measured,prod,21,10,11.11111111111111,0.06877412380526063,0.11000559201209936
n72,measured,prod,22,15,14.999999999999998,0.11713961371317501,0.09122861728157965
n72,measured,prod,23,20,20.0,0.1564763730463234,0.08648438440396634
n72,measured,prod,24,25,24.390243902439025,0.06493091158272947,0.15664483427197956
n72,measured,prod,25,5,5.319148936170213,0.06926367781436776,0.33459332841405565
n72,measured,prod,26,10,10.0,0.10133133054775115,0.1100644788687645
n72,measured,prod,27,15,7.8125,0.13889884652540044,0.1005555200330979
n72,measured,prod,28,20,20.0,0.23779048252794935,0.09341017940228642
n72,measured,prod,29,25,23.25581395348837,0.08545289382525174,0.1548178417229252
n72,measured,prod,30,5,5.0,0.009760861316943245,0.2670094029415082
n72,measured,prod,31,10,10.20408163265306,0.014508188418088559,0.1100055238736067
n72,measured,prod,32,15,14.999999999999998,0.03661213381504203,0.10121884715650356
n72,measured,prod,33,20,19.23076923076923,0.05173321710386965,0.05887484596386991
n72,measured,prod,34,25,26.31578947368421,0.033288813695527796,0.11008963565071041
n72,measured,prod,35,5,5.0,0.06215695226201519,0.3106530845251
n72,measured,prod,36,10,10.0,0.08430580345539967,0.11000552863846716
n72,measured,prod,37,15,15.151515151515152,0.14015088192737288,0.11333995943518178
n72,measured,prod,38,20,20.0,0.18613447552206322,0.09090933081564595
n72,measured,prod,39,25,25.0,0.06196232957271379,0.183059576012769
n72,measured,prod,40,5,20.40816326530612,0.06556874834127399,0.17955185912474786
n72,measured,prod,41,10,10.0,0.1269725677875253,0.11000552977365141
n72,measured,prod,42,15,16.39344262295082,0.17011573761311774,0.14838875206135715
n72,measured,prod,43,20,15.625,0.27313629962814373,0.1422383153223664
n72,measured,prod,44,25,25.0,0.08560325096733562,0.15223430151449513
n72,measured,prod,45,5,5.0,0.037556732705441444,0.2670125597558942
n72,measured,prod,46,10,10.638297872340424,0.04360056804280307,0.11000535226423508
n72,measured,prod,47,15,14.492753623188406,0.04924463602686128,0.10073473540788337
n72,measured,prod,48,20,20.0,0.061947249263179266,0.057695972349903694
n72,measured,prod,49,25,25.0,0.05520203246912867,0.10188508714887427
n72,measured,prod,50,5,5.0,0.06464104772693736,0.3106564853578524
n72,measured,prod,51,10,10.638297872340424,0.1061907400375857,0.11000552938773435
n72,measured,prod,53,20,20.0,0.3247159319617053,0.11101370080462895
n72,measured,prod,55,5,5.0,0.10129747255604984,0.3462585363091444
n72,measured,prod,56,10,10.638297872340424,0.16435945135408164,0.22760432607840422
n72,measured,prod,57,15,10.638297872340424,0.23351523325410375,0.16361641440367491
n72,measured,prod,58,20,5.747126436781609,0.4337970382398568,0.12287384088258273
n72,measured,prod,59,25,25.0,0.137571433960762,0.1517774807672934
n72,measured,prod,60,5,5.847953216374269,0.027809194807435544,0.23046610482089197
n72,measured,prod,61,10,10.0,0.03376385751429354,0.11000545824717717
n72,measured,prod,62,15,16.129032258064516,0.06472638287800421,0.13554216727475063
n72,measured,prod,63,20,18.867924528301888,0.09895912208822974,0.05948034327478219
n72,measured,prod,64,25,25.0,0.032306508405576646,0.10453707945110582
n72,measured,prod,65,5,5.617977528089888,0.07333766405647854,0.2855047795190082
n72,measured,prod,66,10,10.638297872340424,0.08429763716173058,0.11000552912183979
n72,measured,prod,67,15,17.094017094017094,0.14387655045817369,0.11374222937057372
n72,measured,prod,68,20,16.129032258064516,0.2713050081144946,0.1112145346115413
n72,measured,prod,69,25,17.54385964912281,0.09371781676772084,0.18747512752886047
n72,measured,prod,70,5,10.638297872340424,0.08715895279312774,0.1353387010732291
n72,measured,prod,71,10,15.384615384615383,0.13480771178358023,0.11863543511113762
n72,measured,prod,72,15,16.39344262295082,0.1801699290495756,0.13622519140979852
n72,measured,prod,74,25,19.607843137254903,0.11806648579826695,0.1515892828354983
n72,measured,lorspec,0,5,5.0,0.0285867300932331,0.10128583363628711
n72,measured,lorspec,1,10,10.0,0.04758108870069616,0.07334150043195425
n72,measured,lorspec,2,15,15.384615384615383,0.09970584338151171,0.09512318771574707
n72,measured,lorspec,3,20,20.0,0.12449860187870826,0.07092782693596192
n72,measured,lorspec,4,25,25.0,0.06728802355531271,0.13246424271951845
n72,measured,lorspec,5,5,5.747126436781609,0.04413070420233045,0.10601250012881334
n72,measured,lorspec,6,10,11.235955056179776,0.06288524587147142,0.09799507891386051
n72,measured,lorspec,7,15,15.384615384615383,0.08858324894292931,0.08260685991495136
n72,measured,lorspec,8,20,20.0,0.14464805659401586,0.07530540664976532
n72,measured,lorspec,9,25,20.83333333333333,0.06458239815053043,0.12001829785968496
n72,measured,lorspec,10,5,5.0,0.06096340286567238,0.23961968889783491
n72,measured,lorspec,11,10,10.0,0.10309990786795749,0.07484544349225851
n72,measured,lorspec,12,15,19.23076923076923,0.11646764333639503,0.14071300199133668
n72,measured,lorspec,13,20,20.0,0.19816971960190574,0.08318078909572274
n72,measured,lorspec,14,25,15.384615384615383,0.054410883145570466,0.16548712311366107
n72,measured,lorspec,15,5,5.555555555555555,0.051198809900038535,0.09609744707090041
n72,measured,lorspec,16,10,9.70873786407767,0.07477487482962646,0.06988125714325175
n72,measured,lorspec,17,15,15.384615384615383,0.11404227815252285,0.09843326263640519
n72,measured,lorspec,18,20,20.0,0.15396210578545416,0.07550835058031569
n72,measured,lorspec,19,25,23.80952380952381,0.05931999506358712,0.11380607337556951
n72,measured,lorspec,20,5,5.58659217877095,0.06265781094812338,0.10869775086558209
n72,measured,lorspec,21,10,11.11111111111111,0.06877412380526063,0.10135723740096494
n72,measured,lorspec,22,15,14.999999999999998,0.11713961371317501,0.07939105167622347
n72,measured,lorspec,23,20,20.0,0.1564763730463234,0.08228893460638775
n72,measured,lorspec,24,25,24.390243902439025,0.06493091158272947,0.13467794552159634
n72,measured,lorspec,25,5,5.319148936170213,0.06926367781436776,0.2870648446365718
n72,measured,lorspec,26,10,10.0,0.10133133054775115,0.07915271325550462
n72,measured,lorspec,27,15,7.8125,0.13889884652540044,0.10026609434344241
n72,measured,lorspec,28,20,20.0,0.23779048252794935,0.09026621087761179
n72,measured,lorspec,29,25,23.25581395348837,0.08545289382525174,0.08738270743757584
n72,measured,lorspec,30,5,5.0,0.009760861316943245,0.09888383611501977
n72,measured,lorspec,31,10,10.20408163265306,0.014508188418088559,0.05584853712598081
n72,measured,lorspec,32,15,14.999999999999998,0.03661213381504203,0.07981265711728479
n72,measured,lorspec,33,20,19.23076923076923,0.05173321710386965,0.05117436290904753
n72,measured,lorspec,34,25,26.31578947368421,0.033288813695527796,0.12357069152097401
n72,measured,lorspec,35,5,5.0,0.06215695226201519,0.1098714411067433
n72,measured,lorspec,36,10,10.0,0.08430580345539967,0.09613425606233716
n72,measured,lorspec,37,15,15.151515151515152,0.14015088192737288,0.12791518880954247
n72,measured,lorspec,38,20,20.0,0.18613447552206322,0.0805099371639813
n72,measured,lorspec,39,25,25.0,0.06196232957271379,0.14023886859936396
n72,measured,lorspec,40,5,20.40816326530612,0.06556874834127399,0.1698574903708118
n72,measured,lorspec,41,10,10.0,0.1269725677875253,0.13853904515342555
n72,measured,lorspec,42,15,16.39344262295082,0.17011573761311774,0.16036595580726484
n72,measured,lorspec,43,20,15.625,0.27313629962814373,0.14184729339994834
n72,measured,lorspec,44,25,25.0,0.08560325096733562,0.0813464701645027
n72,measured,lorspec,45,5,5.0,0.037556732705441444,0.09888377298034683
n72,measured,lorspec,46,10,10.638297872340424,0.04360056804280307,0.07236647854274425
n72,measured,lorspec,47,15,14.492753623188406,0.04924463602686128,0.07156383522246523
n72,measured,lorspec,48,20,20.0,0.061947249263179266,0.051372169523415646
n72,measured,lorspec,49,25,25.0,0.05520203246912867,0.11346870492227981
n72,measured,lorspec,50,5,5.0,0.06464104772693736,0.10987153318856023
n72,measured,lorspec,51,10,10.638297872340424,0.1061907400375857,0.16303124906129682
n72,measured,lorspec,53,20,20.0,0.3247159319617053,0.10372723933329592
n72,measured,lorspec,55,5,5.0,0.10129747255604984,0.2737316087284731
n72,measured,lorspec,56,10,10.638297872340424,0.16435945135408164,0.2335152589840665
n72,measured,lorspec,57,15,10.638297872340424,0.23351523325410375,0.16380391238244846
n72,measured,lorspec,58,20,5.747126436781609,0.4337970382398568,0.1258383507534158
n72,measured,lorspec,59,25,25.0,0.137571433960762,0.08858406363538641
n72,measured,lorspec,60,5,5.847953216374269,0.027809194807435544,0.09446347266771633
n72,measured,lorspec,61,10,10.0,0.03376385751429354,0.07042256776732132
n72,measured,lorspec,62,15,16.129032258064516,0.06472638287800421,0.14236035789434026
n72,measured,lorspec,63,20,18.867924528301888,0.09895912208822974,0.0558022311751906
n72,measured,lorspec,64,25,25.0,0.032306508405576646,0.10429543747799136
n72,measured,lorspec,65,5,5.617977528089888,0.07333766405647854,0.10863017522479965
n72,measured,lorspec,66,10,10.638297872340424,0.08429763716173058,0.09359245755487178
n72,measured,lorspec,67,15,17.094017094017094,0.14387655045817369,0.15630429664720896
n72,measured,lorspec,68,20,16.129032258064516,0.2713050081144946,0.11503109641337914
n72,measured,lorspec,69,25,17.54385964912281,0.09371781676772084,0.0612138217160239
n72,measured,lorspec,70,5,10.638297872340424,0.08715895279312774,0.16957079817350842
n72,measured,lorspec,71,10,15.384615384615383,0.13480771178358023,0.136423470518921
n72,measured,lorspec,72,15,16.39344262295082,0.1801699290495756,0.15629039946648912
n72,measured,lorspec,74,25,19.607843137254903,0.11806648579826695,0.11804028946915492
n72,measured,tr_lor_mean,0,5,5.0,0.0285867300932331,0.08828287388311641
n72,measured,tr_lor_mean,1,10,10.0,0.04758108870069616,0.027445059178169348
n72,measured,tr_lor_mean,2,15,15.384615384615383,0.09970584338151171,0.010504170099054383
n72,measured,tr_lor_mean,3,20,20.0,0.12449860187870826,0.005736131701444724
n72,measured,tr_lor_mean,4,25,25.0,0.06728802355531271,0.003707009526356748
n72,measured,tr_lor_mean,5,5,5.747126436781609,0.04413070420233045,0.175890040614514
n72,measured,tr_lor_mean,6,10,11.235955056179776,0.06288524587147142,0.04432313832956209
n72,measured,tr_lor_mean,7,15,15.384615384615383,0.08858324894292931,0.021008340198108766
n72,measured,tr_lor_mean,8,20,20.0,0.14464805659401586,0.011472263402889447
n72,measured,tr_lor_mean,9,25,20.83333333333333,0.06458239815053043,0.011378754651878998
n72,measured,tr_lor_mean,10,5,5.0,0.06096340286567238,0.26484862164934925
n72,measured,tr_lor_mean,11,10,10.0,0.10309990786795749,0.08233517753450804
n72,measured,tr_lor_mean,12,15,19.23076923076923,0.11646764333639503,0.018703009333126762
n72,measured,tr_lor_mean,13,20,20.0,0.19816971960190574,0.017208395104334168
n72,measured,tr_lor_mean,14,25,15.384615384615383,0.054410883145570466,0.03473269374387188
n72,measured,tr_lor_mean,15,5,5.555555555555555,0.051198809900038535,0.0883141855756904
n72,measured,tr_lor_mean,16,10,9.70873786407767,0.07477487482962646,0.028832870467269633
n72,measured,tr_lor_mean,17,15,15.384615384615383,0.11404227815252285,0.010504170099054383
n72,measured,tr_lor_mean,18,20,20.0,0.15396210578545416,0.005736131701444724
n72,measured,tr_lor_mean,19,25,23.80952380952381,0.05931999506358712,0.004155635534434915
n72,measured,tr_lor_mean,20,5,5.58659217877095,0.06265781094812338,0.17653486279339187
n72,measured,tr_lor_mean,21,10,11.11111111111111,0.06877412380526063,0.04529575606605094
n72,measured,tr_lor_mean,22,15,14.999999999999998,0.11713961371317501,0.02226485814912759
n72,measured,tr_lor_mean,23,20,20.0,0.1564763730463234,0.011472263402889447
n72,measured,tr_lor_mean,24,25,24.390243902439025,0.06493091158272947,0.007854952368064412
n72,measured,tr_lor_mean,25,5,5.319148936170213,0.06926367781436776,0.26550711224474427
n72,measured,tr_lor_mean,26,10,10.0,0.10133133054775115,0.08233517753450804
n72,measured,tr_lor_mean,27,15,7.8125,0.13889884652540044,0.10788394084783948
n72,measured,tr_lor_mean,28,20,20.0,0.23779048252794935,0.017208395104334168
n72,measured,tr_lor_mean,29,25,23.25581395348837,0.08545289382525174,0.01317466173896488
n72,measured,tr_lor_mean,30,5,5.0,0.009760861316943245,0.11357741842505702
n72,measured,tr_lor_mean,31,10,10.20408163265306,0.014508188418088559,0.047236411408631974
n72,measured,tr_lor_mean,32,15,14.999999999999998,0.03661213381504203,0.019189877179615764
n72,measured,tr_lor_mean,33,20,19.23076923076923,0.05173321710386965,0.008331653725566405
n72,measured,tr_lor_mean,34,25,26.31578947368421,0.033288813695527796,0.005528266082083515
n72,measured,tr_lor_mean,35,5,5.0,0.06215695226201519,0.22715483685011403
n72,measured,tr_lor_mean,36,10,10.0,0.08430580345539967,0.09783182138704981
n72,measured,tr_lor_mean,37,15,15.151515151515152,0.14015088192737288,0.03750643900341903
n72,measured,tr_lor_mean,38,20,20.0,0.18613447552206322,0.01519117712144073
n72,measured,tr_lor_mean,39,25,25.0,0.06196232957271379,0.012462277241058065
n72,measured,tr_lor_mean,40,5,20.40816326530612,0.06556874834127399,0.043157552901969466
n72,measured,tr_lor_mean,41,10,10.0,0.1269725677875253,0.14674773208057473
n72,measured,tr_lor_mean,42,15,16.39344262295082,0.17011573761311774,0.046891254432806374
n72,measured,tr_lor_mean,43,20,15.625,0.27313629962814373,0.04063524935234879
n72,measured,tr_lor_mean,44,25,25.0,0.08560325096733562,0.018693415861587098
n72,measured,tr_lor_mean,45,5,5.0,0.037556732705441444,0.1456296175641428
n72,measured,tr_lor_mean,46,10,10.638297872340424,0.04360056804280307,0.04975544007392974
n72,measured,tr_lor_mean,47,15,14.492753623188406,0.04924463602686128,0.02367432822701101
n72,measured,tr_lor_mean,48,20,20.0,0.061947249263179266,0.008892577503797338
n72,measured,tr_lor_mean,49,25,25.0,0.05520203246912867,0.007087383737767195
n72,measured,tr_lor_mean,50,5,5.0,0.06464104772693736,0.2912592351282856
n72,measured,tr_lor_mean,51,10,10.638297872340424,0.1061907400375857,0.09951088014785948
n72,measured,tr_lor_mean,53,20,20.0,0.3247159319617053,0.017785155007594675
n72,measured,tr_lor_mean,55,5,5.0,0.10129747255604984,0.4368888526924285
n72,measured,tr_lor_mean,56,10,10.638297872340424,0.16435945135408164,0.14926632022178923
n72,measured,tr_lor_mean,57,15,10.638297872340424,0.23351523325410375,0.13561754391271907
n72,measured,tr_lor_mean,58,20,5.747126436781609,0.4337970382398568,0.20005344359271324
n72,measured,tr_lor_mean,59,25,25.0,0.137571433960762,0.021262151213301585
n72,measured,tr_lor_mean,60,5,5.847953216374269,0.027809194807435544,0.18316834058346276
n72,measured,tr_lor_mean,61,10,10.0,0.03376385751429354,0.047311391632137274
n72,measured,tr_lor_mean,62,15,16.129032258064516,0.06472638287800421,0.016271510710209207
n72,measured,tr_lor_mean,63,20,18.867924528301888,0.09895912208822974,0.01104495839289719
n72,measured,tr_lor_mean,64,25,25.0,0.032306508405576646,0.006275744878071234
n72,measured,tr_lor_mean,65,5,5.617977528089888,0.07333766405647854,0.36859530422858083
n72,measured,tr_lor_mean,66,10,10.638297872340424,0.08429763716173058,0.08477072272655561
n72,measured,tr_lor_mean,67,15,17.094017094017094,0.14387655045817369,0.028418686046885282
n72,measured,tr_lor_mean,68,20,16.129032258064516,0.2713050081144946,0.031901758963253465
n72,measured,tr_lor_mean,69,25,17.54385964912281,0.09371781676772084,0.02887642264930862
n72,measured,tr_lor_mean,70,5,10.638297872340424,0.08715895279312774,0.29731163106579067
n72,measured,tr_lor_mean,71,10,15.384615384615383,0.13480771178358023,0.05810042807834801
n72,measured,tr_lor_mean,72,15,16.39344262295082,0.1801699290495756,0.04700324010589764
n72,measured,tr_lor_mean,74,25,19.607843137254903,0.11806648579826695,0.033336708790352255
n72,measured,tr_lor_gp,0,5,5.0,0.0285867300932331,0.1309259502529637
n72,measured,tr_lor_gp,1,10,10.0,0.04758108870069616,0.084574497955486
n72,measured,tr_lor_gp,2,15,15.384615384615383,0.09970584338151171,0.06276360013198705
n72,measured,tr_lor_gp,3,20,20.0,0.12449860187870826,0.06757124241369217
n72,measured,tr_lor_gp,4,25,25.0,0.06728802355531271,0.04802798785057289
n72,measured,tr_lor_gp,5,5,5.747126436781609,0.04413070420233045,0.21850239576336708
n72,measured,tr_lor_gp,6,10,11.235955056179776,0.06288524587147142,0.10536012800098693
n72,measured,tr_lor_gp,7,15,15.384615384615383,0.08858324894292931,0.07581137658754875
n72,measured,tr_lor_gp,8,20,20.0,0.14464805659401586,0.08362529237691227
n72,measured,tr_lor_gp,9,25,20.83333333333333,0.06458239815053043,0.08384978961608087
n72,measured,tr_lor_gp,10,5,5.0,0.06096340286567238,0.30306622692308843
n72,measured,tr_lor_gp,11,10,10.0,0.10309990786795749,0.14617185061997268
n72,measured,tr_lor_gp,12,15,19.23076923076923,0.11646764333639503,0.06821623182799777
n72,measured,tr_lor_gp,13,20,20.0,0.19816971960190574,0.09720175004962844
n72,measured,tr_lor_gp,14,25,15.384615384615383,0.054410883145570466,0.07905390757341785
n72,measured,tr_lor_gp,15,5,5.555555555555555,0.051198809900038535,0.13097071730179058
n72,measured,tr_lor_gp,16,10,9.70873786407767,0.07477487482962646,0.08539175247738275
n72,measured,tr_lor_gp,17,15,15.384615384615383,0.11404227815252285,0.06276369352013336
n72,measured,tr_lor_gp,18,20,20.0,0.15396210578545416,0.07025427031866051
n72,measured,tr_lor_gp,19,25,23.80952380952381,0.05931999506358712,0.048479829463076655
n72,measured,tr_lor_gp,20,5,5.58659217877095,0.06265781094812338,0.2191528388473185
n72,measured,tr_lor_gp,21,10,11.11111111111111,0.06877412380526063,0.10847527392748604
n72,measured,tr_lor_gp,22,15,14.999999999999998,0.11713961371317501,0.052040267288186906
n72,measured,tr_lor_gp,23,20,20.0,0.1564763730463234,0.08742407164389732
n72,measured,tr_lor_gp,24,25,24.390243902439025,0.06493091158272947,0.052176355663141424
n72,measured,tr_lor_gp,25,5,5.319148936170213,0.06926367781436776,0.3007329820624931
n72,measured,tr_lor_gp,26,10,10.0,0.10133133054775115,0.14617186999448625
n72,measured,tr_lor_gp,27,15,7.8125,0.13889884652540044,0.15176443257503194
n72,measured,tr_lor_gp,28,20,20.0,0.23779048252794935,0.10158936796516771
n72,measured,tr_lor_gp,29,25,23.25581395348837,0.08545289382525174,0.05753195393247776
n72,measured,tr_lor_gp,30,5,5.0,0.009760861316943245,0.15616155805555776
n72,measured,tr_lor_gp,31,10,10.20408163265306,0.014508188418088559,0.10459872475414878
n72,measured,tr_lor_gp,32,15,14.999999999999998,0.03661213381504203,0.060703158529152354
n72,measured,tr_lor_gp,33,20,19.23076923076923,0.05173321710386965,0.07488369991866667
n72,measured,tr_lor_gp,34,25,26.31578947368421,0.033288813695527796,0.04984918900315148
n72,measured,tr_lor_gp,35,5,5.0,0.06215695226201519,0.2697153977165222
n72,measured,tr_lor_gp,36,10,10.0,0.08430580345539967,0.15799155408009774
n72,measured,tr_lor_gp,37,15,15.151515151515152,0.14015088192737288,0.06906924275732218
n72,measured,tr_lor_gp,38,20,20.0,0.18613447552206322,0.09184610816029491
n72,measured,tr_lor_gp,39,25,25.0,0.06196232957271379,0.05678327342786595
n72,measured,tr_lor_gp,40,5,20.40816326530612,0.06556874834127399,0.0857526908200596
n72,measured,tr_lor_gp,41,10,10.0,0.1269725677875253,0.2110643412485167
n72,measured,tr_lor_gp,42,15,16.39344262295082,0.17011573761311774,0.14410391070497594
n72,measured,tr_lor_gp,43,20,15.625,0.27313629962814373,0.13479243317474682
n72,measured,tr_lor_gp,44,25,25.0,0.08560325096733562,0.06301431670459703
n72,measured,tr_lor_gp,45,5,5.0,0.037556732705441444,0.18824543658661858
n72,measured,tr_lor_gp,46,10,10.638297872340424,0.04360056804280307,0.10521484703333168
n72,measured,tr_lor_gp,47,15,14.492753623188406,0.04924463602686128,0.06697920470720753
n72,measured,tr_lor_gp,48,20,20.0,0.061947249263179266,0.07106207407463981
n72,measured,tr_lor_gp,49,25,25.0,0.05520203246912867,0.051408310096717945
n72,measured,tr_lor_gp,50,5,5.0,0.06464104772693736,0.333871348113705
n72,measured,tr_lor_gp,51,10,10.638297872340424,0.1061907400375857,0.1565049863639834
n72,measured,tr_lor_gp,53,20,20.0,0.3247159319617053,0.094684852640469
n72,measured,tr_lor_gp,55,5,5.0,0.10129747255604984,0.45180488076392467
n72,measured,tr_lor_gp,56,10,10.638297872340424,0.16435945135408164,0.22352294850029375
n72,measured,tr_lor_gp,57,15,10.638297872340424,0.23351523325410375,0.14836267700235958
n72,measured,tr_lor_gp,58,20,5.747126436781609,0.4337970382398568,0.14516788956692356
n72,measured,tr_lor_gp,59,25,25.0,0.137571433960762,0.06558307414432307
n72,measured,tr_lor_gp,60,5,5.847953216374269,0.027809194807435544,0.22536522948501223
n72,measured,tr_lor_gp,61,10,10.0,0.03376385751429354,0.10172606182856508
n72,measured,tr_lor_gp,62,15,16.129032258064516,0.06472638287800421,0.14642486064588792
n72,measured,tr_lor_gp,63,20,18.867924528301888,0.09895912208822974,0.07467932299480819
n72,measured,tr_lor_gp,64,25,25.0,0.032306508405576646,0.05059666828635596
n72,measured,tr_lor_gp,65,5,5.617977528089888,0.07333766405647854,0.4111123317597658
n72,measured,tr_lor_gp,66,10,10.638297872340424,0.08429763716173058,0.11199745759617374
n72,measured,tr_lor_gp,67,15,17.094017094017094,0.14387655045817369,0.08074715111830037
n72,measured,tr_lor_gp,68,20,16.129032258064516,0.2713050081144946,0.1131436051985243
n72,measured,tr_lor_gp,69,25,17.54385964912281,0.09371781676772084,0.10367341159236369
n72,measured,tr_lor_gp,70,5,10.638297872340424,0.08715895279312774,0.33986894145550145
n72,measured,tr_lor_gp,71,10,15.384615384615383,0.13480771178358023,0.1739770848454486
n72,measured,tr_lor_gp,72,15,16.39344262295082,0.1801699290495756,0.15243342387564976
n72,measured,tr_lor_gp,74,25,19.607843137254903,0.11806648579826695,0.07767912016415432
n72,measured,tr_pow_mean,0,5,5.0,0.0285867300932331,0.03354017972712101
n72,measured,tr_pow_mean,1,10,10.0,0.04758108870069616,0.04007160353799176
n72,measured,tr_pow_mean,2,15,15.384615384615383,0.09970584338151171,0.04277375738810866
n72,measured,tr_pow_mean,3,20,20.0,0.12449860187870826,0.03903286489505007
n72,measured,tr_pow_mean,4,25,25.0,0.06728802355531271,0.05787454206980443
n72,measured,tr_pow_mean,5,5,5.747126436781609,0.04413070420233045,0.06978169528018373
n72,measured,tr_pow_mean,6,10,11.235955056179776,0.06288524587147142,0.0828351225818153
n72,measured,tr_pow_mean,7,15,15.384615384615383,0.08858324894292931,0.08554751477621732
n72,measured,tr_pow_mean,8,20,20.0,0.14464805659401586,0.07806572979010014
n72,measured,tr_pow_mean,9,25,20.83333333333333,0.06458239815053043,0.10991827031269512
n72,measured,tr_pow_mean,10,5,5.0,0.06096340286567238,0.10062053918136304
n72,measured,tr_pow_mean,11,10,10.0,0.10309990786795749,0.12021481061397528
n72,measured,tr_pow_mean,12,15,19.23076923076923,0.11646764333639503,0.13670122099235932
n72,measured,tr_pow_mean,13,20,20.0,0.19816971960190574,0.1170985946851502
n72,measured,tr_pow_mean,14,25,15.384615384615383,0.054410883145570466,0.15129773996026358
n72,measured,tr_pow_mean,15,5,5.555555555555555,0.051198809900038535,0.034557117944617334
n72,measured,tr_pow_mean,16,10,9.70873786407767,0.07477487482962646,0.03973721279129786
n72,measured,tr_pow_mean,17,15,15.384615384615383,0.11404227815252285,0.04277375738810866
n72,measured,tr_pow_mean,18,20,20.0,0.15396210578545416,0.03903286489505007
n72,measured,tr_pow_mean,19,25,23.80952380952381,0.05931999506358712,0.05707953893697221
n72,measured,tr_pow_mean,20,5,5.58659217877095,0.06265781094812338,0.06922347955635436
n72,measured,tr_pow_mean,21,10,11.11111111111111,0.06877412380526063,0.08257314903847059
n72,measured,tr_pow_mean,22,15,14.999999999999998,0.11713961371317501,0.08493569299156546
n72,measured,tr_pow_mean,23,20,20.0,0.1564763730463234,0.07806572979010014
n72,measured,tr_pow_mean,24,25,24.390243902439025,0.06493091158272947,0.11494163628431611
n72,measured,tr_pow_mean,25,5,5.319148936170213,0.06926367781436776,0.10240114764051117
n72,measured,tr_pow_mean,26,10,10.0,0.10133133054775115,0.12021481061397528
n72,measured,tr_pow_mean,27,15,7.8125,0.13889884652540044,0.10589277529984134
n72,measured,tr_pow_mean,28,20,20.0,0.23779048252794935,0.1170985946851502
n72,measured,tr_pow_mean,29,25,23.25581395348837,0.08545289382525174,0.1701001138686616
n72,measured,tr_pow_mean,30,5,5.0,0.009760861316943245,0.04628589020929963
n72,measured,tr_pow_mean,31,10,10.20408163265306,0.014508188418088559,0.053128032601761147
n72,measured,tr_pow_mean,32,15,14.999999999999998,0.03661213381504203,0.056280086245441965
n72,measured,tr_pow_mean,33,20,19.23076923076923,0.05173321710386965,0.04599301495095035
n72,measured,tr_pow_mean,34,25,26.31578947368421,0.033288813695527796,0.07906197528305711
n72,measured,tr_pow_mean,35,5,5.0,0.06215695226201519,0.09257178041859926
n72,measured,tr_pow_mean,36,10,10.0,0.08430580345539967,0.10564923206482814
n72,measured,tr_pow_mean,37,15,15.151515151515152,0.14015088192737288,0.11288134122780656
n72,measured,tr_pow_mean,38,20,20.0,0.18613447552206322,0.09301452716144863
n72,measured,tr_pow_mean,39,25,25.0,0.06196232957271379,0.15584122600185488
n72,measured,tr_pow_mean,40,5,20.40816326530612,0.06556874834127399,0.20689009783917106
n72,measured,tr_pow_mean,41,10,10.0,0.1269725677875253,0.15847384809724221
n72,measured,tr_pow_mean,42,15,16.39344262295082,0.17011573761311774,0.1731462255419557
n72,measured,tr_pow_mean,43,20,15.625,0.27313629962814373,0.13009131199319007
n72,measured,tr_pow_mean,44,25,25.0,0.08560325096733562,0.23376183900278233
n72,measured,tr_pow_mean,45,5,5.0,0.037556732705441444,0.04989110637121844
n72,measured,tr_pow_mean,46,10,10.638297872340424,0.04360056804280307,0.05839387417078961
n72,measured,tr_pow_mean,47,15,14.492753623188406,0.04924463602686128,0.059824957937219835
n72,measured,tr_pow_mean,48,20,20.0,0.061947249263179266,0.05080073526297597
n72,measured,tr_pow_mean,49,25,25.0,0.05520203246912867,0.08311277218026855
n72,measured,tr_pow_mean,50,5,5.0,0.06464104772693736,0.09978221274243688
n72,measured,tr_pow_mean,51,10,10.638297872340424,0.1061907400375857,0.11678774834157922
n72,measured,tr_pow_mean,53,20,20.0,0.3247159319617053,0.10160147052595193
n72,measured,tr_pow_mean,55,5,5.0,0.10129747255604984,0.14967331911365536
n72,measured,tr_pow_mean,56,10,10.638297872340424,0.16435945135408164,0.17518162251236882
n72,measured,tr_pow_mean,57,15,10.638297872340424,0.23351523325410375,0.16441293264863407
n72,measured,tr_pow_mean,58,20,5.747126436781609,0.4337970382398568,0.10701753491438602
n72,measured,tr_pow_mean,59,25,25.0,0.137571433960762,0.24933831654080563
n72,measured,tr_pow_mean,60,5,5.847953216374269,0.027809194807435544,0.04637010963037211
n72,measured,tr_pow_mean,61,10,10.0,0.03376385751429354,0.0537332218687366
n72,measured,tr_pow_mean,62,15,16.129032258064516,0.06472638287800421,0.05600177934431323
n72,measured,tr_pow_mean,63,20,18.867924528301888,0.09895912208822974,0.05106276431009809
n72,measured,tr_pow_mean,64,25,25.0,0.032306508405576646,0.07345101960782775
n72,measured,tr_pow_mean,65,5,5.617977528089888,0.07333766405647854,0.09169137600765412
n72,measured,tr_pow_mean,66,10,10.638297872340424,0.08429763716173058,0.1093681991877059
n72,measured,tr_pow_mean,67,15,17.094017094017094,0.14387655045817369,0.11386391500266246
n72,measured,tr_pow_mean,68,20,16.129032258064516,0.2713050081144946,0.09768405048819308
n72,measured,tr_pow_mean,69,25,17.54385964912281,0.09371781676772084,0.1328684013645371
n72,measured,tr_pow_mean,70,5,10.638297872340424,0.08715895279312774,0.16482813837981053
n72,measured,tr_pow_mean,71,10,15.384615384615383,0.13480771178358023,0.18213890205617916
n72,measured,tr_pow_mean,72,15,16.39344262295082,0.1801699290495756,0.16878159947324703
n72,measured,tr_pow_mean,74,25,19.607843137254903,0.11806648579826695,0.20568717813639872
n72,measured,tr_pow_gp,0,5,5.0,0.0285867300932331,0.0381980050722027
n72,measured,tr_pow_gp,1,10,10.0,0.04758108870069616,0.044715109021339385
n72,measured,tr_pow_gp,2,15,15.384615384615383,0.09970584338151171,0.03459419703717965
n72,measured,tr_pow_gp,3,20,20.0,0.12449860187870826,0.042541998073760856
n72,measured,tr_pow_gp,4,25,25.0,0.06728802355531271,0.05910515681335399
n72,measured,tr_pow_gp,5,5,5.747126436781609,0.04413070420233045,0.07443943024883505
n72,measured,tr_pow_gp,6,10,11.235955056179776,0.06288524587147142,0.08747863789945383
n72,measured,tr_pow_gp,7,15,15.384615384615383,0.08858324894292931,0.047893093905182496
n72,measured,tr_pow_gp,8,20,20.0,0.14464805659401586,0.07859284464032719
n72,measured,tr_pow_gp,9,25,20.83333333333333,0.06458239815053043,0.11299906121915607
n72,measured,tr_pow_gp,10,5,5.0,0.06096340286567238,0.10529884444199201
n72,measured,tr_pow_gp,11,10,10.0,0.10309990786795749,0.12485831855953998
n72,measured,tr_pow_gp,12,15,19.23076923076923,0.11646764333639503,0.13879833595226107
n72,measured,tr_pow_gp,13,20,20.0,0.19816971960190574,0.12005132285005808
n72,measured,tr_pow_gp,14,25,15.384615384615383,0.054410883145570466,0.15252835477144763
n72,measured,tr_pow_gp,15,5,5.555555555555555,0.051198809900038535,0.039215427473260095
n72,measured,tr_pow_gp,16,10,9.70873786407767,0.07477487482962646,0.04438071632799767
n72,measured,tr_pow_gp,17,15,15.384615384615383,0.11404227815252285,0.03480095676825093
n72,measured,tr_pow_gp,18,20,20.0,0.15396210578545416,0.042541998073899835
n72,measured,tr_pow_gp,19,25,23.80952380952381,0.05931999506358712,0.05831015371405293
n72,measured,tr_pow_gp,20,5,5.58659217877095,0.06265781094812338,0.0738812156502292
n72,measured,tr_pow_gp,21,10,11.11111111111111,0.06877412380526063,0.08721707172043446
n72,measured,tr_pow_gp,22,15,14.999999999999998,0.11713961371317501,0.08833511085302934
n72,measured,tr_pow_gp,23,20,20.0,0.1564763730463234,0.07859285272708745
n72,measured,tr_pow_gp,24,25,24.390243902439025,0.06493091158272947,0.11617225102819331
n72,measured,tr_pow_gp,25,5,5.319148936170213,0.06926367781436776,0.10711497183292651
n72,measured,tr_pow_gp,26,10,10.0,0.10133133054775115,0.12485831860226657
n72,measured,tr_pow_gp,27,15,7.8125,0.13889884652540044,0.10931679626712477
n72,measured,tr_pow_gp,28,20,20.0,0.23779048252794935,0.12005132441570403
n72,measured,tr_pow_gp,29,25,23.25581395348837,0.08545289382525174,0.17133072948538797
n72,measured,tr_pow_gp,30,5,5.0,0.009760861316943245,0.050943611340442105
n72,measured,tr_pow_gp,31,10,10.20408163265306,0.014508188418088559,0.05777217856087834
n72,measured,tr_pow_gp,32,15,14.999999999999998,0.03661213381504203,0.05968892160839852
n72,measured,tr_pow_gp,33,20,19.23076923076923,0.05173321710386965,0.04950192859125308
n72,measured,tr_pow_gp,34,25,26.31578947368421,0.033288813695527796,0.08029259002659513
n72,measured,tr_pow_gp,35,5,5.0,0.06215695226201519,0.0972294946023685
n72,measured,tr_pow_gp,36,10,10.0,0.08430580345539967,0.11029273898099151
n72,measured,tr_pow_gp,37,15,15.151515151515152,0.14015088192737288,0.11529987438935115
n72,measured,tr_pow_gp,38,20,20.0,0.18613447552206322,0.09652347056489907
n72,measured,tr_pow_gp,39,25,25.0,0.06196232957271379,0.15707184074539784
n72,measured,tr_pow_gp,40,5,20.40816326530612,0.06556874834127399,0.2115463815767929
n72,measured,tr_pow_gp,41,10,10.0,0.1269725677875253,0.16311735582888057
n72,measured,tr_pow_gp,42,15,16.39344262295082,0.17011573761311774,0.17703979626548041
n72,measured,tr_pow_gp,43,20,15.625,0.27313629962814373,0.14036644137798335
n72,measured,tr_pow_gp,44,25,25.0,0.08560325096733562,0.2349924537460061
n72,measured,tr_pow_gp,45,5,5.0,0.037556732705441444,0.05454884218040922
n72,measured,tr_pow_gp,46,10,10.638297872340424,0.04360056804280307,0.0640697641566823
n72,measured,tr_pow_gp,47,15,14.492753623188406,0.04924463602686128,0.06324897889225654
n72,measured,tr_pow_gp,48,20,20.0,0.061947249263179266,0.05430967156942364
n72,measured,tr_pow_gp,49,25,25.0,0.05520203246912867,0.08434338692380434
n72,measured,tr_pow_gp,50,5,5.0,0.06464104772693736,0.10443994861372345
n72,measured,tr_pow_gp,51,10,10.638297872340424,0.1061907400375857,0.1344803165680134
n72,measured,tr_pow_gp,53,20,20.0,0.3247159319617053,0.10511040718662658
n72,measured,tr_pow_gp,55,5,5.0,0.10129747255604984,0.24716728366293128
n72,measured,tr_pow_gp,56,10,10.638297872340424,0.16435945135408164,0.23351512914275457
n72,measured,tr_pow_gp,57,15,10.638297872340424,0.23351523325410375,0.16304971550876932
n72,measured,tr_pow_gp,58,20,5.747126436781609,0.4337970382398568,0.10948468604748636
n72,measured,tr_pow_gp,59,25,25.0,0.137571433960762,0.25056893128434354
n72,measured,tr_pow_gp,60,5,5.847953216374269,0.027809194807435544,0.051027533481773725
n72,measured,tr_pow_gp,61,10,10.0,0.03376385751429354,0.058376722614725256
n72,measured,tr_pow_gp,62,15,16.129032258064516,0.06472638287800421,0.14218075539725838
n72,measured,tr_pow_gp,63,20,18.867924528301888,0.09895912208822974,0.05457747274563632
n72,measured,tr_pow_gp,64,25,25.0,0.032306508405576646,0.07468163435136577
n72,measured,tr_pow_gp,65,5,5.617977528089888,0.07333766405647854,0.09634909360559395
n72,measured,tr_pow_gp,66,10,10.638297872340424,0.08429763716173058,0.09075918200387223
n72,measured,tr_pow_gp,67,15,17.094017094017094,0.14387655045817369,0.1172865333006518
n72,measured,tr_pow_gp,68,20,16.129032258064516,0.2713050081144946,0.10643735840111315
n72,measured,tr_pow_gp,69,25,17.54385964912281,0.09371781676772084,0.13640999736895834
n72,measured,tr_pow_gp,70,5,10.638297872340424,0.08715895279312774,0.16948578703171815
n72,measured,tr_pow_gp,71,10,15.384615384615383,0.13480771178358023,0.1864350233805107
n72,measured,tr_pow_gp,72,15,16.39344262295082,0.1801699290495756,0.17317272026863878
n72,measured,tr_pow_gp,74,25,19.607843137254903,0.11806648579826695,0.20691779258298582
n72,measured,oracle_shape_gp,0,5,5.0,0.0285867300932331,0.034819139713630355
n72,measured,oracle_shape_gp,1,10,10.0,0.04758108870069616,0.04726433744462098
n72,measured,oracle_shape_gp,2,15,15.384615384615383,0.09970584338151171,0.03803296509639044
n72,measured,oracle_shape_gp,3,20,20.0,0.12449860187870826,0.04160820066461886
n72,measured,oracle_shape_gp,4,25,25.0,0.06728802355531271,0.041836439512670666
n72,measured,oracle_shape_gp,5,5,5.747126436781609,0.04413070420233045,0.06925866182950285
n72,measured,oracle_shape_gp,6,10,11.235955056179776,0.06288524587147142,0.0967888876580266
n72,measured,oracle_shape_gp,7,15,15.384615384615383,0.08858324894292931,0.05060782581062396
n72,measured,oracle_shape_gp,8,20,20.0,0.14464805659401586,0.07965212157099835
n72,measured,oracle_shape_gp,9,25,20.83333333333333,0.06458239815053043,0.10556747223540473
n72,measured,oracle_shape_gp,10,5,5.0,0.06096340286567238,0.09681529901675355
n72,measured,oracle_shape_gp,11,10,10.0,0.10309990786795749,0.1345981302088746
n72,measured,oracle_shape_gp,12,15,19.23076923076923,0.11646764333639503,0.14370495146794268
n72,measured,oracle_shape_gp,13,20,20.0,0.19816971960190574,0.11864248205053882
n72,measured,oracle_shape_gp,14,25,15.384615384615383,0.054410883145570466,0.1702482947264281
n72,measured,oracle_shape_gp,15,5,5.555555555555555,0.051198809900038535,0.0360937400137843
n72,measured,oracle_shape_gp,16,10,9.70873786407767,0.07477487482962646,0.04654174598642517
n72,measured,oracle_shape_gp,17,15,15.384615384615383,0.11404227815252285,0.03833105006525257
n72,measured,oracle_shape_gp,18,20,20.0,0.15396210578545416,0.04160820066461909
n72,measured,oracle_shape_gp,19,25,23.80952380952381,0.05931999506358712,0.045047569021777506
n72,measured,oracle_shape_gp,20,5,5.58659217877095,0.06265781094812338,0.0685070825142043
n72,measured,oracle_shape_gp,21,10,11.11111111111111,0.06877412380526063,0.09622341917252727
n72,measured,oracle_shape_gp,22,15,14.999999999999998,0.11713961371317501,0.10194648181418321
n72,measured,oracle_shape_gp,23,20,20.0,0.1564763730463234,0.0796521229867239
n72,measured,oracle_shape_gp,24,25,24.390243902439025,0.06493091158272947,0.08463670065245024
n72,measured,oracle_shape_gp,25,5,5.319148936170213,0.06926367781436776,0.09901397385780779
n72,measured,oracle_shape_gp,26,10,10.0,0.10133133054775115,0.13459813020906602
n72,measured,oracle_shape_gp,27,15,7.8125,0.13889884652540044,0.11073976332848082
n72,measured,oracle_shape_gp,28,20,20.0,0.23779048252794935,0.11864248289681449
n72,measured,oracle_shape_gp,29,25,23.25581395348837,0.08545289382525174,0.1349868072672599
n72,measured,oracle_shape_gp,30,5,5.0,0.009760861316943245,0.0496764208428636
n72,measured,oracle_shape_gp,31,10,10.20408163265306,0.014508188418088559,0.0668679600101765
n72,measured,oracle_shape_gp,32,15,14.999999999999998,0.03661213381504203,0.07493406112023505
n72,measured,oracle_shape_gp,33,20,19.23076923076923,0.05173321710386965,0.05462123760340598
n72,measured,oracle_shape_gp,34,25,26.31578947368421,0.033288813695527796,0.05011068430324425
n72,measured,oracle_shape_gp,35,5,5.0,0.06215695226201519,0.09552802892079178
n72,measured,oracle_shape_gp,36,10,10.0,0.08430580345539967,0.12870449321834426
n72,measured,oracle_shape_gp,37,15,15.151515151515152,0.14015088192737288,0.14614632046097542
n72,measured,oracle_shape_gp,38,20,20.0,0.18613447552206322,0.10359672425791028
n72,measured,oracle_shape_gp,39,25,25.0,0.06196232957271379,0.10706117482651185
n72,measured,oracle_shape_gp,40,5,20.40816326530612,0.06556874834127399,0.21642552856691058
n72,measured,oracle_shape_gp,41,10,10.0,0.1269725677875253,0.19125801929834058
n72,measured,oracle_shape_gp,42,15,16.39344262295082,0.17011573761311774,0.22132065539547763
n72,measured,oracle_shape_gp,43,20,15.625,0.27313629962814373,0.16566563362497286
n72,measured,oracle_shape_gp,44,25,25.0,0.08560325096733562,0.15943309446621612
n72,measured,oracle_shape_gp,45,5,5.0,0.037556732705441444,0.0521246556441155
n72,measured,oracle_shape_gp,46,10,10.638297872340424,0.04360056804280307,0.07283913414646057
n72,measured,oracle_shape_gp,47,15,14.492753623188406,0.04924463602686128,0.07754763669779073
n72,measured,oracle_shape_gp,48,20,20.0,0.061947249263179266,0.05629606461164738
n72,measured,oracle_shape_gp,49,25,25.0,0.05520203246912867,0.057131902225966424
n72,measured,oracle_shape_gp,50,5,5.0,0.06464104772693736,0.10042449856152971
n72,measured,oracle_shape_gp,51,10,10.638297872340424,0.1061907400375857,0.14761659192927917
n72,measured,oracle_shape_gp,53,20,20.0,0.3247159319617053,0.10968821533061286
n72,measured,oracle_shape_gp,55,5,5.0,0.10129747255604984,0.22507143040452743
n72,measured,oracle_shape_gp,56,10,10.638297872340424,0.16435945135408164,0.23351520077401822
n72,measured,oracle_shape_gp,57,15,10.638297872340424,0.23351523325410375,0.1641870254830847
n72,measured,oracle_shape_gp,58,20,5.747126436781609,0.4337970382398568,0.1102674208183673
n72,measured,oracle_shape_gp,59,25,25.0,0.137571433960762,0.16676103559020222
n72,measured,oracle_shape_gp,60,5,5.847953216374269,0.027809194807435544,0.04458839600579351
n72,measured,oracle_shape_gp,61,10,10.0,0.03376385751429354,0.058103668134190725
n72,measured,oracle_shape_gp,62,15,16.129032258064516,0.06472638287800421,0.14133547246581965
n72,measured,oracle_shape_gp,63,20,18.867924528301888,0.09895912208822974,0.05257940260388374
n72,measured,oracle_shape_gp,64,25,25.0,0.032306508405576646,0.049164380635019406
n72,measured,oracle_shape_gp,65,5,5.617977528089888,0.07333766405647854,0.08401596400494872
n72,measured,oracle_shape_gp,66,10,10.638297872340424,0.08429763716173058,0.09224743490291987
n72,measured,oracle_shape_gp,67,15,17.094017094017094,0.14387655045817369,0.12174383514312463
n72,measured,oracle_shape_gp,68,20,16.129032258064516,0.2713050081144946,0.10718918222104523
n72,measured,oracle_shape_gp,69,25,17.54385964912281,0.09371781676772084,0.13616355439706862
n72,measured,oracle_shape_gp,70,5,10.638297872340424,0.08715895279312774,0.170004977733406
n72,measured,oracle_shape_gp,71,10,15.384615384615383,0.13480771178358023,0.20221202045470765
n72,measured,oracle_shape_gp,72,15,16.39344262295082,0.1801699290495756,0.18281760168880343
n72,measured,oracle_shape_gp,74,25,19.607843137254903,0.11806648579826695,0.1904210842492677
n72,measured,mf_ar1,0,5,5.0,0.0285867300932331,0.033534609774845896
n72,measured,mf_ar1,1,10,10.0,0.04758108870069616,0.026037789208685123
n72,measured,mf_ar1,2,15,15.384615384615383,0.09970584338151171,0.09808345157730505
n72,measured,mf_ar1,3,20,20.0,0.12449860187870826,0.09003590862813941
n72,measured,mf_ar1,4,25,25.0,0.06728802355531271,0.17746775811819443
n72,measured,mf_ar1,5,5,5.747126436781609,0.04413070420233045,0.041654572472168416
n72,measured,mf_ar1,6,10,11.235955056179776,0.06288524587147142,0.04658675296411342
n72,measured,mf_ar1,7,15,15.384615384615383,0.08858324894292931,0.19322181437204117
n72,measured,mf_ar1,8,20,20.0,0.14464805659401586,0.0922647522935728
n72,measured,mf_ar1,9,25,20.83333333333333,0.06458239815053043,0.26466525835846805
n72,measured,mf_ar1,10,5,5.0,0.06096340286567238,0.053540491017139494
n72,measured,mf_ar1,11,10,10.0,0.10309990786795749,0.06411955712521124
n72,measured,mf_ar1,12,15,19.23076923076923,0.11646764333639503,0.2812290237089752
n72,measured,mf_ar1,13,20,20.0,0.19816971960190574,0.1094255293629578
n72,measured,mf_ar1,14,25,15.384615384615383,0.054410883145570466,0.407352978392733
n72,measured,mf_ar1,15,5,5.555555555555555,0.051198809900038535,0.03536376915244579
n72,measured,mf_ar1,16,10,9.70873786407767,0.07477487482962646,0.026016061423295815
n72,measured,mf_ar1,17,15,15.384615384615383,0.11404227815252285,0.09935462098106745
n72,measured,mf_ar1,18,20,20.0,0.15396210578545416,0.09239633454916946
n72,measured,mf_ar1,19,25,23.80952380952381,0.05931999506358712,0.1907618131198914
n72,measured,mf_ar1,20,5,5.58659217877095,0.06265781094812338,0.041617109146121566
n72,measured,mf_ar1,21,10,11.11111111111111,0.06877412380526063,0.046946419481725794
n72,measured,mf_ar1,22,15,14.999999999999998,0.11713961371317501,0.19514834183448196
n72,measured,mf_ar1,23,20,20.0,0.1564763730463234,0.10147180793883119
n72,measured,mf_ar1,24,25,24.390243902439025,0.06493091158272947,0.2685910348867629
n72,measured,mf_ar1,25,5,5.319148936170213,0.06926367781436776,0.05464404558337843
n72,measured,mf_ar1,26,10,10.0,0.10133133054775115,0.0648264880434779
n72,measured,mf_ar1,27,15,7.8125,0.13889884652540044,0.26972537578060657
n72,measured,mf_ar1,28,20,20.0,0.23779048252794935,0.12254086927052929
n72,measured,mf_ar1,29,25,23.25581395348837,0.08545289382525174,0.39743645659244853
n72,measured,mf_ar1,30,5,5.0,0.009760861316943245,0.019523236269971767
n72,measured,mf_ar1,31,10,10.20408163265306,0.014508188418088559,0.03326604249377177
n72,measured,mf_ar1,32,15,14.999999999999998,0.03661213381504203,0.13432108102308177
n72,measured,mf_ar1,33,20,19.23076923076923,0.05173321710386965,0.042647176374221295
n72,measured,mf_ar1,34,25,26.31578947368421,0.033288813695527796,0.15283853336365152
n72,measured,mf_ar1,35,5,5.0,0.06215695226201519,0.05008240451971483
n72,measured,mf_ar1,36,10,10.0,0.08430580345539967,0.05962455424290257
n72,measured,mf_ar1,37,15,15.151515151515152,0.14015088192737288,0.2664785546080599
n72,measured,mf_ar1,38,20,20.0,0.18613447552206322,0.11396819871835921
n72,measured,mf_ar1,39,25,25.0,0.06196232957271379,0.3531562944390755
n72,measured,mf_ar1,40,5,20.40816326530612,0.06556874834127399,0.0059729828275522714
n72,measured,mf_ar1,41,10,10.0,0.1269725677875253,0.08960051718928555
n72,measured,mf_ar1,42,15,16.39344262295082,0.17011573761311774,0.37582885504459634
n72,measured,mf_ar1,43,20,15.625,0.27313629962814373,0.16056997616706692
n72,measured,mf_ar1,44,25,25.0,0.08560325096733562,0.5440365614064506
n72,measured,mf_ar1,45,5,5.0,0.037556732705441444,0.024826507920414277
n72,measured,mf_ar1,46,10,10.638297872340424,0.04360056804280307,0.03779124531818376
n72,measured,mf_ar1,47,15,14.492753623188406,0.04924463602686128,0.1560653858902608
n72,measured,mf_ar1,48,20,20.0,0.061947249263179266,0.06034682122006821
n72,measured,mf_ar1,49,25,25.0,0.05520203246912867,0.17090545411811714
n72,measured,mf_ar1,50,5,5.0,0.06464104772693736,0.05522632716588455
n72,measured,mf_ar1,51,10,10.638297872340424,0.1061907400375857,0.07128024453519781
n72,measured,mf_ar1,53,20,20.0,0.3247159319617053,0.13225657841786354
n72,measured,mf_ar1,55,5,5.0,0.10129747255604984,0.14882497439264739
n72,measured,mf_ar1,56,10,10.638297872340424,0.16435945135408164,0.11803149883523349
n72,measured,mf_ar1,57,15,10.638297872340424,0.23351523325410375,0.4422530873876129
n72,measured,mf_ar1,58,20,5.747126436781609,0.4337970382398568,0.21251911647009508
n72,measured,mf_ar1,59,25,25.0,0.137571433960762,0.6447902515049959
n72,measured,mf_ar1,60,5,5.847953216374269,0.027809194807435544,0.023210538727093298
n72,measured,mf_ar1,61,10,10.0,0.03376385751429354,0.03514956352903632
n72,measured,mf_ar1,62,15,16.129032258064516,0.06472638287800421,0.15153604486784503
n72,measured,mf_ar1,63,20,18.867924528301888,0.09895912208822974,0.05829958714495211
n72,measured,mf_ar1,64,25,25.0,0.032306508405576646,0.18906367469819893
n72,measured,mf_ar1,65,5,5.617977528089888,0.07333766405647854,0.046992313550833484
n72,measured,mf_ar1,66,10,10.638297872340424,0.08429763716173058,0.06775631065077159
n72,measured,mf_ar1,67,15,17.094017094017094,0.14387655045817369,0.3145820385130599
n72,measured,mf_ar1,68,20,16.129032258064516,0.2713050081144946,0.1274104454628189
n72,measured,mf_ar1,69,25,17.54385964912281,0.09371781676772084,0.42166172225983023
n72,measured,mf_ar1,70,5,10.638297872340424,0.08715895279312774,0.07953667687814567
n72,measured,mf_ar1,71,10,15.384615384615383,0.13480771178358023,0.0903220264308228
n72,measured,mf_ar1,72,15,16.39344262295082,0.1801699290495756,0.4387928745470808
n72,measured,mf_ar1,74,25,19.607843137254903,0.11806648579826695,0.5943579056267281
n72,measured,mf_nar,0,5,5.0,0.0285867300932331,0.04818927129133356
n72,measured,mf_nar,1,10,10.0,0.04758108870069616,0.08545058822222179
n72,measured,mf_nar,2,15,15.384615384615383,0.09970584338151171,0.1354365882554387
n72,measured,mf_nar,3,20,20.0,0.12449860187870826,0.06737986540173412
n72,measured,mf_nar,4,25,25.0,0.06728802355531271,0.15913066562220607
n72,measured,mf_nar,5,5,5.747126436781609,0.04413070420233045,0.05924446275444203
n72,measured,mf_nar,6,10,11.235955056179776,0.06288524587147142,0.11018747326370806
n72,measured,mf_nar,7,15,15.384615384615383,0.08858324894292931,0.17015036452478755
n72,measured,mf_nar,8,20,20.0,0.14464805659401586,0.08951618659022559
n72,measured,mf_nar,9,25,20.83333333333333,0.06458239815053043,0.21026286228082391
n72,measured,mf_nar,10,5,5.0,0.06096340286567238,0.1072171836610392
n72,measured,mf_nar,11,10,10.0,0.10309990786795749,0.0913720283158235
n72,measured,mf_nar,12,15,19.23076923076923,0.11646764333639503,0.22810277560967002
n72,measured,mf_nar,13,20,20.0,0.19816971960190574,0.11096581822410953
n72,measured,mf_nar,14,25,15.384615384615383,0.054410883145570466,0.28012839986782084
n72,measured,mf_nar,15,5,5.555555555555555,0.051198809900038535,0.05660457250361714
n72,measured,mf_nar,16,10,9.70873786407767,0.07477487482962646,0.08248860443435134
n72,measured,mf_nar,17,15,15.384615384615383,0.11404227815252285,0.14817799371443474
n72,measured,mf_nar,18,20,20.0,0.15396210578545416,0.07730977411737541
n72,measured,mf_nar,19,25,23.80952380952381,0.05931999506358712,0.17643506721144872
n72,measured,mf_nar,20,5,5.58659217877095,0.06265781094812338,0.06676776920652097
n72,measured,mf_nar,21,10,11.11111111111111,0.06877412380526063,0.10970163013679665
n72,measured,mf_nar,22,15,14.999999999999998,0.11713961371317501,0.18379526266708984
n72,measured,mf_nar,23,20,20.0,0.1564763730463234,0.10040236915177424
n72,measured,mf_nar,24,25,24.390243902439025,0.06493091158272947,0.22914856494819041
n72,measured,mf_nar,25,5,5.319148936170213,0.06926367781436776,0.1140510569104613
n72,measured,mf_nar,26,10,10.0,0.10133133054775115,0.09029389962453854
n72,measured,mf_nar,27,15,7.8125,0.13889884652540044,0.23327877719143997
n72,measured,mf_nar,28,20,20.0,0.23779048252794935,0.12208582222602364
n72,measured,mf_nar,29,25,23.25581395348837,0.08545289382525174,0.2913775574687829
n72,measured,mf_nar,30,5,5.0,0.009760861316943245,0.013355157543346305
n72,measured,mf_nar,31,10,10.20408163265306,0.014508188418088559,0.09647471613894741
n72,measured,mf_nar,32,15,14.999999999999998,0.03661213381504203,0.07296605686051376
n72,measured,mf_nar,33,20,19.23076923076923,0.05173321710386965,0.04775026811256959
n72,measured,mf_nar,34,25,26.31578947368421,0.033288813695527796,0.10137472640266885
n72,measured,mf_nar,35,5,5.0,0.06215695226201519,0.0751491391677752
n72,measured,mf_nar,36,10,10.0,0.08430580345539967,0.09525616092635329
n72,measured,mf_nar,37,15,15.151515151515152,0.14015088192737288,0.22905087904717042
n72,measured,mf_nar,38,20,20.0,0.18613447552206322,0.10775540317954131
n72,measured,mf_nar,39,25,25.0,0.06196232957271379,0.3153461643863944
n72,measured,mf_nar,40,5,20.40816326530612,0.06556874834127399,0.11995172885356228
n72,measured,mf_nar,41,10,10.0,0.1269725677875253,0.06865035871484458
n72,measured,mf_nar,42,15,16.39344262295082,0.17011573761311774,0.2962967834248807
n72,measured,mf_nar,43,20,15.625,0.27313629962814373,0.16413972968206758
n72,measured,mf_nar,44,25,25.0,0.08560325096733562,0.3393204818437988
n72,measured,mf_nar,45,5,5.0,0.037556732705441444,0.039266910662344987
n72,measured,mf_nar,46,10,10.638297872340424,0.04360056804280307,0.1045584853238061
n72,measured,mf_nar,47,15,14.492753623188406,0.04924463602686128,0.09402165882513405
n72,measured,mf_nar,48,20,20.0,0.061947249263179266,0.05993643380068639
n72,measured,mf_nar,49,25,25.0,0.05520203246912867,0.17070964588172458
n72,measured,mf_nar,50,5,5.0,0.06464104772693736,0.09896970451354245
n72,measured,mf_nar,51,10,10.638297872340424,0.1061907400375857,0.07315525977306954
n72,measured,mf_nar,53,20,20.0,0.3247159319617053,0.13560385268102773
n72,measured,mf_nar,55,5,5.0,0.10129747255604984,0.16304462621733423
n72,measured,mf_nar,56,10,10.638297872340424,0.16435945135408164,0.0828093828739519
n72,measured,mf_nar,57,15,10.638297872340424,0.23351523325410375,0.41520150073473244
n72,measured,mf_nar,58,20,5.747126436781609,0.4337970382398568,0.21491147757012435
n72,measured,mf_nar,59,25,25.0,0.137571433960762,0.33233867582566473
n72,measured,mf_nar,60,5,5.847953216374269,0.027809194807435544,0.03138277181266057
n72,measured,mf_nar,61,10,10.0,0.03376385751429354,0.0967814326044156
n72,measured,mf_nar,62,15,16.129032258064516,0.06472638287800421,0.12011559410256692
n72,measured,mf_nar,63,20,18.867924528301888,0.09895912208822974,0.05620358148982674
n72,measured,mf_nar,64,25,25.0,0.032306508405576646,0.18766960347662762
n72,measured,mf_nar,65,5,5.617977528089888,0.07333766405647854,0.07332202689129452
n72,measured,mf_nar,66,10,10.638297872340424,0.08429763716173058,0.08176238900695762
n72,measured,mf_nar,67,15,17.094017094017094,0.14387655045817369,0.361094310179355
n72,measured,mf_nar,68,20,16.129032258064516,0.2713050081144946,0.11944431331013415
n72,measured,mf_nar,69,25,17.54385964912281,0.09371781676772084,0.4195765164981283
n72,measured,mf_nar,70,5,10.638297872340424,0.08715895279312774,0.12993452333423794
n72,measured,mf_nar,71,10,15.384615384615383,0.13480771178358023,0.11072482488240777
n72,measured,mf_nar,72,15,16.39344262295082,0.1801699290495756,0.3985219462197441
n72,measured,mf_nar,74,25,19.607843137254903,0.11806648579826695,0.3410264829478739
n72,measured_agree,gp,0,5,5.0,0.0285867300932331,0.11711210532962749
n72,measured_agree,gp,1,10,10.0,0.04758108870069616,0.11000552946982264
n72,measured_agree,gp,2,15,15.384615384615383,0.09970584338151171,0.10048826410144025
n72,measured_agree,gp,3,20,20.0,0.12449860187870826,0.06929559248185888
n72,measured_agree,gp,4,25,25.0,0.06728802355531271,0.11220456037044535
n72,measured_agree,gp,5,5,5.747126436781609,0.04413070420233045,0.11711328073121348
n72,measured_agree,gp,6,10,11.235955056179776,0.06288524587147142,0.11000552990797227
n72,measured_agree,gp,7,15,15.384615384615383,0.08858324894292931,0.1007658761959254
n72,measured_agree,gp,8,20,20.0,0.14464805659401586,0.07280884048339802
n72,measured_agree,gp,9,25,20.83333333333333,0.06458239815053043,0.11765093443690042
n72,measured_agree,gp,10,5,5.0,0.06096340286567238,0.11711325737222776
n72,measured_agree,gp,11,10,10.0,0.10309990786795749,0.11000554443683508
n72,measured_agree,gp,12,15,19.23076923076923,0.11646764333639503,0.10135806576993163
n72,measured_agree,gp,13,20,20.0,0.19816971960190574,0.09040613831647004
n72,measured_agree,gp,14,25,15.384615384615383,0.054410883145570466,0.1266166330918235
n72,measured_agree,gp,15,5,5.0,0.051198809900038535,0.11711210533759801
n72,measured_agree,gp,16,10,10.0,0.07477487482962646,0.11000552946982264
n72,measured_agree,gp,17,15,15.384615384615383,0.11404227815252285,0.10048826410144025
n72,measured_agree,gp,18,20,20.0,0.15396210578545416,0.0692959178970284
n72,measured_agree,gp,19,25,23.80952380952381,0.05931999506358712,0.1122045684049818
n72,measured_agree,gp,20,5,5.0,0.06265781094812338,0.11711362214757756
n72,measured_agree,gp,21,10,11.11111111111111,0.06877412380526063,0.11000553686863905
n72,measured_agree,gp,22,15,14.999999999999998,0.11713961371317501,0.10049195588576092
n72,measured_agree,gp,23,20,20.0,0.1564763730463234,0.07280914936941586
n72,measured_agree,gp,24,25,24.390243902439025,0.06493091158272947,0.11220456104854203
n72,measured_agree,gp,25,5,5.0,0.06926367781436776,0.11711325737170938
n72,measured_agree,gp,26,10,10.0,0.10133133054775115,0.11000554443684513
n72,measured_agree,gp,27,15,15.0,0.13889884652540044,0.09429151616262635
n72,measured_agree,gp,28,20,20.0,0.23779048252794935,0.09040648592339626
n72,measured_agree,gp,29,25,23.25581395348837,0.08545289382525174,0.11220500319620015
n72,measured_agree,gp,30,5,5.0,0.009760861316943245,0.11711206078898731
n72,measured_agree,gp,31,10,10.20408163265306,0.014508188418088559,0.110005529469938
n72,measured_agree,gp,32,15,14.999999999999998,0.03661213381504203,0.10048826410143616
n72,measured_agree,gp,33,20,19.23076923076923,0.05173321710386965,0.03420068246083882
n72,measured_agree,gp,34,25,26.31578947368421,0.033288813695527796,0.11220456034478099
n72,measured_agree,gp,35,5,5.0,0.06215695226201519,0.11711279205573445
n72,measured_agree,gp,36,10,10.0,0.08430580345539967,0.11000552962259348
n72,measured_agree,gp,37,15,15.151515151515152,0.14015088192737288,0.10051150533215905
n72,measured_agree,gp,38,20,20.0,0.18613447552206322,0.08636900185967043
n72,measured_agree,gp,39,25,25.0,0.06196232957271379,0.11220456041251257
n72,measured_agree,gp,40,5,20.40816326530612,0.06556874834127399,0.11711040144476578
n72,measured_agree,gp,41,10,10.0,0.1269725677875253,0.11000554341545077
n72,measured_agree,gp,42,15,16.39344262295082,0.17011573761311774,0.10078723206744188
n72,measured_agree,gp,43,20,15.625,0.27313629962814373,0.10681025244646228
n72,measured_agree,gp,44,25,25.0,0.08560325096733562,0.11220456003357482
n72,measured_agree,gp,45,5,5.0,0.037556732705441444,0.11711330981204235
n72,measured_agree,gp,46,10,10.638297872340424,0.04360056804280307,0.11000552947180421
n72,measured_agree,gp,47,15,15.0,0.04924463602686128,0.10048826410143619
n72,measured_agree,gp,48,20,20.0,0.061947249263179266,0.05295007816825718
n72,measured_agree,gp,49,25,25.0,0.05520203246912867,0.11220456029875127
n72,measured_agree,gp,50,5,5.0,0.06464104772693736,0.11711362132282511
n72,measured_agree,gp,51,10,10.638297872340424,0.1061907400375857,0.11000742722721597
n72,measured_agree,gp,53,20,20.0,0.3247159319617053,0.08462872901148695
n72,measured_agree,gp,55,5,5.0,0.10129747255604984,0.2698267046559767
n72,measured_agree,gp,56,10,10.638297872340424,0.16435945135408164,0.2192321041339641
n72,measured_agree,gp,57,15,10.638297872340424,0.23351523325410375,0.14983775794820928
n72,measured_agree,gp,58,20,5.747126436781609,0.4337970382398568,0.1454604716523299
n72,measured_agree,gp,59,25,25.0,0.137571433960762,0.11220456034479655
n72,measured_agree,gp,60,5,5.0,0.027809194807435544,0.11711143080160025
n72,measured_agree,gp,61,10,10.0,0.03376385751429354,0.11000552946982069
n72,measured_agree,gp,62,15,16.129032258064516,0.06472638287800421,0.10048826410145514
n72,measured_agree,gp,63,20,18.867924528301888,0.09895912208822974,0.047413851647431476
n72,measured_agree,gp,64,25,25.0,0.032306508405576646,0.11220456034473505
n72,measured_agree,gp,65,5,5.0,0.07333766405647854,0.1171135123394305
n72,measured_agree,gp,66,10,10.638297872340424,0.08429763716173058,0.11000668131009968
n72,measured_agree,gp,67,15,17.094017094017094,0.14387655045817369,0.10021309332461724
n72,measured_agree,gp,68,20,16.129032258064516,0.2713050081144946,0.09593582328688639
n72,measured_agree,gp,69,25,17.54385964912281,0.09371781676772084,0.12285111159727143
n72,measured_agree,gp,70,5,10.638297872340424,0.08715895279312774,0.11711377314834588
n72,measured_agree,gp,71,10,15.384615384615383,0.13480771178358023,0.09956579001568586
n72,measured_agree,gp,72,15,16.39344262295082,0.1801699290495756,0.10076024687649426
n72,measured_agree,gp,74,25,19.607843137254903,0.11806648579826695,0.11220488162436097
n72,measured_agree,lawgp,0,5,5.0,0.0285867300932331,0.037468887878652504
n72,measured_agree,lawgp,1,10,10.0,0.04758108870069616,0.05023127724878382
n72,measured_agree,lawgp,2,15,15.384615384615383,0.09970584338151171,0.02223820645045051
n72,measured_agree,lawgp,3,20,20.0,0.12449860187870826,0.03867933794692049
n72,measured_agree,lawgp,4,25,25.0,0.06728802355531271,0.05709841555410596
n72,measured_agree,lawgp,5,5,5.747126436781609,0.04413070420233045,0.07435030382873112
n72,measured_agree,lawgp,6,10,11.235955056179776,0.06288524587147142,0.10197687546712286
n72,measured_agree,lawgp,7,15,15.384615384615383,0.08858324894292931,0.03485906266570547
n72,measured_agree,lawgp,8,20,20.0,0.14464805659401586,0.07416701110156312
n72,measured_agree,lawgp,9,25,20.83333333333333,0.06458239815053043,0.12163426697161334
n72,measured_agree,lawgp,10,5,5.0,0.06096340286567238,0.10483684054698393
n72,measured_agree,lawgp,11,10,10.0,0.10309990786795749,0.14311513016862482
n72,measured_agree,lawgp,12,15,19.23076923076923,0.11646764333639503,0.14752558719339412
n72,measured_agree,lawgp,13,20,20.0,0.19816971960190574,0.1096553096420778
n72,measured_agree,lawgp,14,25,15.384615384615383,0.054410883145570466,0.1572190806979686
n72,measured_agree,lawgp,15,5,5.0,0.051198809900038535,0.037468887878652504
n72,measured_agree,lawgp,16,10,10.0,0.07477487482962646,0.05023127724759742
n72,measured_agree,lawgp,17,15,15.384615384615383,0.11404227815252285,0.022732744759890556
n72,measured_agree,lawgp,18,20,20.0,0.15396210578545416,0.03867933794692049
n72,measured_agree,lawgp,19,25,23.80952380952381,0.05931999506358712,0.05927803115434792
n72,measured_agree,lawgp,20,5,5.0,0.06265781094812338,0.07115286421291188
n72,measured_agree,lawgp,21,10,11.11111111111111,0.06877412380526063,0.10148764238009443
n72,measured_agree,lawgp,22,15,14.999999999999998,0.11713961371317501,0.10595605857999353
n72,measured_agree,lawgp,23,20,20.0,0.1564763730463234,0.07416701110177723
n72,measured_agree,lawgp,24,25,24.390243902439025,0.06493091158272947,0.11338214745926357
n72,measured_agree,lawgp,25,5,5.0,0.06926367781436776,0.10483684054698393
n72,measured_agree,lawgp,26,10,10.0,0.10133133054775115,0.14311513016724303
n72,measured_agree,lawgp,27,15,15.0,0.13889884652540044,0.15734603271163122
n72,measured_agree,lawgp,28,20,20.0,0.23779048252794935,0.10965530964189192
n72,measured_agree,lawgp,29,25,23.25581395348837,0.08545289382525174,0.17401658551289834
n72,measured_agree,lawgp,30,5,5.0,0.009760861316943245,0.05402274958266635
n72,measured_agree,lawgp,31,10,10.20408163265306,0.014508188418088559,0.07317190011884138
n72,measured_agree,lawgp,32,15,14.999999999999998,0.03661213381504203,0.07815626880696686
n72,measured_agree,lawgp,33,20,19.23076923076923,0.05173321710386965,0.0530870257988291
n72,measured_agree,lawgp,34,25,26.31578947368421,0.033288813695527796,0.07258351614816846
n72,measured_agree,lawgp,35,5,5.0,0.06215695226201519,0.104260587621021
n72,measured_agree,lawgp,36,10,10.0,0.08430580345539967,0.1411659605435811
n72,measured_agree,lawgp,37,15,15.151515151515152,0.14015088192737288,0.14769464927959886
n72,measured_agree,lawgp,38,20,20.0,0.18613447552206322,0.09856595348500549
n72,measured_agree,lawgp,39,25,25.0,0.06196232957271379,0.14982064287965696
n72,measured_agree,lawgp,40,5,20.40816326530612,0.06556874834127399,0.2089201242487182
n72,measured_agree,lawgp,41,10,10.0,0.1269725677875253,0.20985426626464254
n72,measured_agree,lawgp,42,15,16.39344262295082,0.17011573761311774,0.2344692630040156
n72,measured_agree,lawgp,43,20,15.625,0.27313629962814373,0.17218540447178146
n72,measured_agree,lawgp,44,25,25.0,0.08560325096733562,0.22314797560718783
n72,measured_agree,lawgp,45,5,5.0,0.037556732705441444,0.0571366828404827
n72,measured_agree,lawgp,46,10,10.638297872340424,0.04360056804280307,0.0773403223444618
n72,measured_agree,lawgp,47,15,15.0,0.04924463602686128,0.08126856890371337
n72,measured_agree,lawgp,48,20,20.0,0.061947249263179266,0.05374487082908246
n72,measured_agree,lawgp,49,25,25.0,0.05520203246912867,0.08174011692139736
n72,measured_agree,lawgp,50,5,5.0,0.06464104772693736,0.1104884541368047
n72,measured_agree,lawgp,51,10,10.638297872340424,0.1061907400375857,0.14976625613852426
n72,measured_agree,lawgp,53,20,20.0,0.3247159319617053,0.10429829939848172
n72,measured_agree,lawgp,55,5,5.0,0.10129747255604984,0.19136424858060253
n72,measured_agree,lawgp,56,10,10.638297872340424,0.16435945135408164,0.23283344406416775
n72,measured_agree,lawgp,57,15,10.638297872340424,0.23351523325410375,0.16389328980323212
n72,measured_agree,lawgp,58,20,5.747126436781609,0.4337970382398568,0.11331822774814627
n72,measured_agree,lawgp,59,25,25.0,0.137571433960762,0.23888839591500333
n72,measured_agree,lawgp,60,5,5.0,0.027809194807435544,0.04681068765137702
n72,measured_agree,lawgp,61,10,10.0,0.03376385751429354,0.062246954536745065
n72,measured_agree,lawgp,62,15,16.129032258064516,0.06472638287800421,0.16516552156946443
n72,measured_agree,lawgp,63,20,18.867924528301888,0.09895912208822974,0.050220812452768764
n72,measured_agree,lawgp,64,25,25.0,0.032306508405576646,0.07283883586192104
n72,measured_agree,lawgp,65,5,5.0,0.07333766405647854,0.08983646375901629
n72,measured_agree,lawgp,66,10,10.638297872340424,0.08429763716173058,0.09096483535248806
n72,measured_agree,lawgp,67,15,17.094017094017094,0.14387655045817369,0.12652414757591182
n72,measured_agree,lawgp,68,20,16.129032258064516,0.2713050081144946,0.10667194949213461
n72,measured_agree,lawgp,69,25,17.54385964912281,0.09371781676772084,0.14943640025999805
n72,measured_agree,lawgp,70,5,10.638297872340424,0.08715895279312774,0.17827460192243944
n72,measured_agree,lawgp,71,10,15.384615384615383,0.13480771178358023,0.20097382924752966
n72,measured_agree,lawgp,72,15,16.39344262295082,0.1801699290495756,0.19385701373989278
n72,measured_agree,lawgp,74,25,19.607843137254903,0.11806648579826695,0.23133914626933424
n72,measured_agree,prod,0,5,5.0,0.0285867300932331,0.2962214710389557
n72,measured_agree,prod,1,10,10.0,0.04758108870069616,0.11000552946981698
n72,measured_agree,prod,2,15,15.384615384615383,0.09970584338151171,0.10048826410849157
n72,measured_agree,prod,3,20,20.0,0.12449860187870826,0.07713996329142105
n72,measured_agree,prod,4,25,25.0,0.06728802355531271,0.11220456039616293
n72,measured_agree,prod,5,5,5.747126436781609,0.04413070420233045,0.30959078363921055
n72,measured_agree,prod,6,10,11.235955056179776,0.06288524587147142,0.11000552946981698
n72,measured_agree,prod,7,15,15.384615384615383,0.08858324894292931,0.10069354970735411
n72,measured_agree,prod,8,20,20.0,0.14464805659401586,0.08100859626670508
n72,measured_agree,prod,9,25,20.83333333333333,0.06458239815053043,0.11787996505624508
n72,measured_agree,prod,10,5,5.0,0.06096340286567238,0.3816747395998781
n72,measured_agree,prod,11,10,10.0,0.10309990786795749,0.11000554478631117
n72,measured_agree,prod,12,15,19.23076923076923,0.11646764333639503,0.1013157322350547
n72,measured_agree,prod,13,20,20.0,0.19816971960190574,0.08926456191133175
n72,measured_agree,prod,14,25,15.384615384615383,0.054410883145570466,0.20866732924092843
n72,measured_agree,prod,15,5,5.0,0.051198809900038535,0.30909288857226536
n72,measured_agree,prod,16,10,10.0,0.07477487482962646,0.11000552946981698
n72,measured_agree,prod,17,15,15.384615384615383,0.11404227815252285,0.1004882641084916
n72,measured_agree,prod,18,20,20.0,0.15396210578545416,0.08136193582117279
n72,measured_agree,prod,19,25,23.80952380952381,0.05931999506358712,0.11220457462082367
n72,measured_agree,prod,20,5,5.0,0.06265781094812338,0.35715049213320926
n72,measured_agree,prod,21,10,11.11111111111111,0.06877412380526063,0.11000552946981698
n72,measured_agree,prod,22,15,14.999999999999998,0.11713961371317501,0.10049111667983185
n72,measured_agree,prod,23,20,20.0,0.1564763730463234,0.08819268486182721
n72,measured_agree,prod,24,25,24.390243902439025,0.06493091158272947,0.11220456138679621
n72,measured_agree,prod,25,5,5.0,0.06926367781436776,0.3968096365636568
n72,measured_agree,prod,26,10,10.0,0.10133133054775115,0.11000554478636519
n72,measured_agree,prod,27,15,15.0,0.13889884652540044,0.09296002461420931
n72,measured_agree,prod,28,20,20.0,0.23779048252794935,0.09687358734356366
n72,measured_agree,prod,29,25,23.25581395348837,0.08545289382525174,0.11220166832052235
n72,measured_agree,prod,30,5,5.0,0.009760861316943245,0.3090958261242021
n72,measured_agree,prod,31,10,10.20408163265306,0.014508188418088559,0.11000552946981698
n72,measured_agree,prod,32,15,14.999999999999998,0.03661213381504203,0.10048826410157558
n72,measured_agree,prod,33,20,19.23076923076923,0.05173321710386965,0.056924249458247894
n72,measured_agree,prod,34,25,26.31578947368421,0.033288813695527796,0.11220456034477905
n72,measured_agree,prod,35,5,5.0,0.06215695226201519,0.35715370672756264
n72,measured_agree,prod,36,10,10.0,0.08430580345539967,0.11000552946981698
n72,measured_agree,prod,37,15,15.151515151515152,0.14015088192737288,0.10051099536707163
n72,measured_agree,prod,38,20,20.0,0.18613447552206322,0.08975284567526369
n72,measured_agree,prod,39,25,25.0,0.06196232957271379,0.11220456049984903
n72,measured_agree,prod,40,5,20.40816326530612,0.06556874834127399,0.18070617962254415
n72,measured_agree,prod,41,10,10.0,0.1269725677875253,0.11000555289566184
n72,measured_agree,prod,42,15,16.39344262295082,0.17011573761311774,0.10084929540740113
n72,measured_agree,prod,43,20,15.625,0.27313629962814373,0.14572501504796864
n72,measured_agree,prod,44,25,25.0,0.08560325096733562,0.11220455927411668
n72,measured_agree,prod,45,5,5.0,0.037556732705441444,0.30909851540995353
n72,measured_agree,prod,46,10,10.638297872340424,0.04360056804280307,0.11000552946981698
n72,measured_agree,prod,47,15,15.0,0.04924463602686128,0.10048826410161622
n72,measured_agree,prod,48,20,20.0,0.061947249263179266,0.05721078017806018
n72,measured_agree,prod,49,25,25.0,0.05520203246912867,0.1122045602894322
n72,measured_agree,prod,50,5,5.0,0.06464104772693736,0.35715661276427224
n72,measured_agree,prod,51,10,10.638297872340424,0.1061907400375857,0.11000552946981898
n72,measured_agree,prod,53,20,20.0,0.3247159319617053,0.11196778800240181
n72,measured_agree,prod,55,5,5.0,0.10129747255604984,0.396816058173185
n72,measured_agree,prod,56,10,10.638297872340424,0.16435945135408164,0.21924004950925385
n72,measured_agree,prod,57,15,10.638297872340424,0.23351523325410375,0.14993467763380947
n72,measured_agree,prod,58,20,5.747126436781609,0.4337970382398568,0.12194610018137506
n72,measured_agree,prod,59,25,25.0,0.137571433960762,0.11220455936471388
n72,measured_agree,prod,60,5,5.0,0.027809194807435544,0.3091009564019809
n72,measured_agree,prod,61,10,10.0,0.03376385751429354,0.11000552946981698
n72,measured_agree,prod,62,15,16.129032258064516,0.06472638287800421,0.10048826968534112
n72,measured_agree,prod,63,20,18.867924528301888,0.09895912208822974,0.05925695641443446
n72,measured_agree,prod,64,25,25.0,0.032306508405576646,0.11220456027326559
n72,measured_agree,prod,65,5,5.0,0.07333766405647854,0.3571592102135883
n72,measured_agree,prod,66,10,10.638297872340424,0.08429763716173058,0.11000552946981677
n72,measured_agree,prod,67,15,17.094017094017094,0.14387655045817369,0.10019003019982578
n72,measured_agree,prod,68,20,16.129032258064516,0.2713050081144946,0.11150671853327468
n72,measured_agree,prod,69,25,17.54385964912281,0.09371781676772084,0.12289929122098334
n72,measured_agree,prod,70,5,10.638297872340424,0.08715895279312774,0.13910115752112961
n72,measured_agree,prod,71,10,15.384615384615383,0.13480771178358023,0.09909671530568694
n72,measured_agree,prod,72,15,16.39344262295082,0.1801699290495756,0.10074803387085167
n72,measured_agree,prod,74,25,19.607843137254903,0.11806648579826695,0.1327623466025653
n72,measured_agree,lorspec,0,5,5.0,0.0285867300932331,0.09115819070678036
n72,measured_agree,lorspec,1,10,10.0,0.04758108870069616,0.11000552946981698
n72,measured_agree,lorspec,2,15,15.384615384615383,0.09970584338151171,0.1004882643044872
n72,measured_agree,lorspec,3,20,20.0,0.12449860187870826,0.06960588771841118
n72,measured_agree,lorspec,4,25,25.0,0.06728802355531271,0.11220456555256708
n72,measured_agree,lorspec,5,5,5.747126436781609,0.04413070420233045,0.09848839800784599
n72,measured_agree,lorspec,6,10,11.235955056179776,0.06288524587147142,0.11000552946981698
n72,measured_agree,lorspec,7,15,15.384615384615383,0.08858324894292931,0.10046614621486795
n72,measured_agree,lorspec,8,20,20.0,0.14464805659401586,0.07505476766956301
n72,measured_agree,lorspec,9,25,20.83333333333333,0.06458239815053043,0.12505830040687899
n72,measured_agree,lorspec,10,5,5.0,0.06096340286567238,0.2752893972217564
n72,measured_agree,lorspec,11,10,10.0,0.10309990786795749,0.11001393997907138
n72,measured_agree,lorspec,12,15,19.23076923076923,0.11646764333639503,0.10104015474106075
n72,measured_agree,lorspec,13,20,20.0,0.19816971960190574,0.08432046927650684
n72,measured_agree,lorspec,14,25,15.384615384615383,0.054410883145570466,0.14988858897586319
n72,measured_agree,lorspec,15,5,5.0,0.051198809900038535,0.08782359250091996
n72,measured_agree,lorspec,16,10,10.0,0.07477487482962646,0.11000552946981698
n72,measured_agree,lorspec,17,15,15.384615384615383,0.11404227815252285,0.10048826430448728
n72,measured_agree,lorspec,18,20,20.0,0.15396210578545416,0.07531108150806011
n72,measured_agree,lorspec,19,25,23.80952380952381,0.05931999506358712,0.11220463727207214
n72,measured_agree,lorspec,20,5,5.0,0.06265781094812338,0.10576935754074078
n72,measured_agree,lorspec,21,10,11.11111111111111,0.06877412380526063,0.11000552946981698
n72,measured_agree,lorspec,22,15,14.999999999999998,0.11713961371317501,0.10020270728998185
n72,measured_agree,lorspec,23,20,20.0,0.1564763730463234,0.08327156322886614
n72,measured_agree,lorspec,24,25,24.390243902439025,0.06493091158272947,0.11220866875370218
n72,measured_agree,lorspec,25,5,5.0,0.06926367781436776,0.3110044713142041
n72,measured_agree,lorspec,26,10,10.0,0.10133133054775115,0.11001394000873435
n72,measured_agree,lorspec,27,15,15.0,0.13889884652540044,0.09291469127497215
n72,measured_agree,lorspec,28,20,20.0,0.23779048252794935,0.09274979061554081
n72,measured_agree,lorspec,29,25,23.25581395348837,0.08545289382525174,0.11216346303788502
n72,measured_agree,lorspec,30,5,5.0,0.009760861316943245,0.08782321770865684
n72,measured_agree,lorspec,31,10,10.20408163265306,0.014508188418088559,0.11000552946981698
n72,measured_agree,lorspec,32,15,14.999999999999998,0.03661213381504203,0.10048826424444958
n72,measured_agree,lorspec,33,20,19.23076923076923,0.05173321710386965,0.04916711942599846
n72,measured_agree,lorspec,34,25,26.31578947368421,0.033288813695527796,0.11220456060944442
n72,measured_agree,lorspec,35,5,5.0,0.06215695226201519,0.10576970661524948
n72,measured_agree,lorspec,36,10,10.0,0.08430580345539967,0.11000552946981698
n72,measured_agree,lorspec,37,15,15.151515151515152,0.14015088192737288,0.09993903830191739
n72,measured_agree,lorspec,38,20,20.0,0.18613447552206322,0.07930135336044147
n72,measured_agree,lorspec,39,25,25.0,0.06196232957271379,0.11220559422874418
n72,measured_agree,lorspec,40,5,20.40816326530612,0.06556874834127399,0.17336076985748722
n72,measured_agree,lorspec,41,10,10.0,0.1269725677875253,0.11001839748627484
n72,measured_agree,lorspec,42,15,16.39344262295082,0.17011573761311774,0.10050003253171513
n72,measured_agree,lorspec,43,20,15.625,0.27313629962814373,0.14460617511312104
n72,measured_agree,lorspec,44,25,25.0,0.08560325096733562,0.11220376637084217
n72,measured_agree,lorspec,45,5,5.0,0.037556732705441444,0.08782293030701123
n72,measured_agree,lorspec,46,10,10.638297872340424,0.04360056804280307,0.11000552946981698
n72,measured_agree,lorspec,47,15,15.0,0.04924463602686128,0.10048826423947393
n72,measured_agree,lorspec,48,20,20.0,0.061947249263179266,0.04988200487421757
n72,measured_agree,lorspec,49,25,25.0,0.05520203246912867,0.11220456553456315
n72,measured_agree,lorspec,50,5,5.0,0.06464104772693736,0.1057700804661082
n72,measured_agree,lorspec,51,10,10.638297872340424,0.1061907400375857,0.11000552946981698
n72,measured_agree,lorspec,53,20,20.0,0.3247159319617053,0.10309963714967452
n72,measured_agree,lorspec,55,5,5.0,0.10129747255604984,0.3110065060658934
n72,measured_agree,lorspec,56,10,10.638297872340424,0.16435945135408164,0.21925921144972849
n72,measured_agree,lorspec,57,15,10.638297872340424,0.23351523325410375,0.14983855442812097
n72,measured_agree,lorspec,58,20,5.747126436781609,0.4337970382398568,0.1254598291618234
n72,measured_agree,lorspec,59,25,25.0,0.137571433960762,0.11220376636932439
n72,measured_agree,lorspec,60,5,5.0,0.027809194807435544,0.08782273030379475
n72,measured_agree,lorspec,61,10,10.0,0.03376385751429354,0.11000552946981698
n72,measured_agree,lorspec,62,15,16.129032258064516,0.06472638287800421,0.10048825572434972
n72,measured_agree,lorspec,63,20,18.867924528301888,0.09895912208822974,0.0551434345693186
n72,measured_agree,lorspec,64,25,25.0,0.032306508405576646,0.1122045655280995
n72,measured_agree,lorspec,65,5,5.0,0.07333766405647854,0.10577047908443528
n72,measured_agree,lorspec,66,10,10.638297872340424,0.08429763716173058,0.11000552946981698
n72,measured_agree,lorspec,67,15,17.094017094017094,0.14387655045817369,0.09926844663958881
n72,measured_agree,lorspec,68,20,16.129032258064516,0.2713050081144946,0.11421758686561057
n72,measured_agree,lorspec,69,25,17.54385964912281,0.09371781676772084,0.12248973480641893
n72,measured_agree,lorspec,70,5,10.638297872340424,0.08715895279312774,0.1738108545360083
n72,measured_agree,lorspec,71,10,15.384615384615383,0.13480771178358023,0.0999598145293547
n72,measured_agree,lorspec,72,15,16.39344262295082,0.1801699290495756,0.10030235509374295
n72,measured_agree,lorspec,74,25,19.607843137254903,0.11806648579826695,0.14554946138660318
n72,measured_agree,tr_lor_mean,0,5,5.0,0.0285867300932331,0.11014710981529237
n72,measured_agree,tr_lor_mean,1,10,10.0,0.04758108870069616,0.027881528091700882
n72,measured_agree,tr_lor_mean,2,15,15.384615384615383,0.09970584338151171,0.01050801371481227
n72,measured_agree,tr_lor_mean,3,20,20.0,0.12449860187870826,0.005759749887375918
n72,measured_agree,tr_lor_mean,4,25,25.0,0.06728802355531271,0.003766652702167524
n72,measured_agree,tr_lor_mean,5,5,5.747126436781609,0.04413070420233045,0.21945116608497983
n72,measured_agree,tr_lor_mean,6,10,11.235955056179776,0.06288524587147142,0.045028025570118674
n72,measured_agree,tr_lor_mean,7,15,15.384615384615383,0.08858324894292931,0.02101602742962454
n72,measured_agree,tr_lor_mean,8,20,20.0,0.14464805659401586,0.011519499774751836
n72,measured_agree,tr_lor_mean,9,25,20.83333333333333,0.06458239815053043,0.011561830810541233
n72,measured_agree,tr_lor_mean,10,5,5.0,0.06096340286567238,0.3304413294458771
n72,measured_agree,tr_lor_mean,11,10,10.0,0.10309990786795749,0.08364458427510264
n72,measured_agree,tr_lor_mean,12,15,19.23076923076923,0.11646764333639503,0.01870985301337135
n72,measured_agree,tr_lor_mean,13,20,20.0,0.19816971960190574,0.017279249662127755
n72,measured_agree,tr_lor_mean,14,25,15.384615384615383,0.054410883145570466,0.03529151835562937
n72,measured_agree,tr_lor_mean,15,5,5.0,0.051198809900038535,0.11014710981529237
n72,measured_agree,tr_lor_mean,16,10,10.0,0.07477487482962646,0.027881528091700882
n72,measured_agree,tr_lor_mean,17,15,15.384615384615383,0.11404227815252285,0.01050801371481227
n72,measured_agree,tr_lor_mean,18,20,20.0,0.15396210578545416,0.005759749887375918
n72,measured_agree,tr_lor_mean,19,25,23.80952380952381,0.05931999506358712,0.004222496787157241
n72,measured_agree,tr_lor_mean,20,5,5.0,0.06265781094812338,0.22029421963058474
n72,measured_agree,tr_lor_mean,21,10,11.11111111111111,0.06877412380526063,0.04601611120572812
n72,measured_agree,tr_lor_mean,22,15,14.999999999999998,0.11713961371317501,0.02227300515729883
n72,measured_agree,tr_lor_mean,23,20,20.0,0.1564763730463234,0.011519499774751836
n72,measured_agree,tr_lor_mean,24,25,24.390243902439025,0.06493091158272947,0.007981333026582486
n72,measured_agree,tr_lor_mean,25,5,5.0,0.06926367781436776,0.3304413294458771
n72,measured_agree,tr_lor_mean,26,10,10.0,0.10133133054775115,0.08364458427510264
n72,measured_agree,tr_lor_mean,27,15,15.0,0.13889884652540044,0.03340950773594824
n72,measured_agree,tr_lor_mean,28,20,20.0,0.23779048252794935,0.017279249662127755
n72,measured_agree,tr_lor_mean,29,25,23.25581395348837,0.08545289382525174,0.013386632779437723
n72,measured_agree,tr_lor_mean,30,5,5.0,0.009760861316943245,0.11807042039655449
n72,measured_agree,tr_lor_mean,31,10,10.20408163265306,0.014508188418088559,0.047362623885145685
n72,measured_agree,tr_lor_mean,32,15,14.999999999999998,0.03661213381504203,0.019197311997947494
n72,measured_agree,tr_lor_mean,33,20,19.23076923076923,0.05173321710386965,0.008338911033681567
n72,measured_agree,tr_lor_mean,34,25,26.31578947368421,0.033288813695527796,0.005541836436734869
n72,measured_agree,tr_lor_mean,35,5,5.0,0.06215695226201519,0.23614084079310899
n72,measured_agree,tr_lor_mean,36,10,10.0,0.08430580345539967,0.09809322135565222
n72,measured_agree,tr_lor_mean,37,15,15.151515151515152,0.14015088192737288,0.037520970287681595
n72,measured_agree,tr_lor_mean,38,20,20.0,0.18613447552206322,0.01520440943481256
n72,measured_agree,tr_lor_mean,39,25,25.0,0.06196232957271379,0.012492868663289488
n72,measured_agree,tr_lor_mean,40,5,20.40816326530612,0.06556874834127399,0.04486481983022337
n72,measured_agree,tr_lor_mean,41,10,10.0,0.1269725677875253,0.14713983203347833
n72,measured_agree,tr_lor_mean,42,15,16.39344262295082,0.17011573761311774,0.04690942171729662
n72,measured_agree,tr_lor_mean,43,20,15.625,0.27313629962814373,0.04067064478938927
n72,measured_agree,tr_lor_mean,44,25,25.0,0.08560325096733562,0.01873930299493423
n72,measured_agree,tr_lor_mean,45,5,5.0,0.037556732705441444,0.1438412339971937
n72,measured_agree,tr_lor_mean,46,10,10.638297872340424,0.04360056804280307,0.04972602144521044
n72,measured_agree,tr_lor_mean,47,15,15.0,0.04924463602686128,0.02188799870518312
n72,measured_agree,tr_lor_mean,48,20,20.0,0.061947249263179266,0.008887321320351999
n72,measured_agree,tr_lor_mean,49,25,25.0,0.05520203246912867,0.007081451716251951
n72,measured_agree,tr_lor_mean,50,5,5.0,0.06464104772693736,0.2876824679943874
n72,measured_agree,tr_lor_mean,51,10,10.638297872340424,0.1061907400375857,0.09945204289042088
n72,measured_agree,tr_lor_mean,53,20,20.0,0.3247159319617053,0.017774642640703997
n72,measured_agree,tr_lor_mean,55,5,5.0,0.10129747255604984,0.43152370199158113
n72,measured_agree,tr_lor_mean,56,10,10.638297872340424,0.16435945135408164,0.14917806433563133
n72,measured_agree,tr_lor_mean,57,15,10.638297872340424,0.23351523325410375,0.1355991386072584
n72,measured_agree,tr_lor_mean,58,20,5.747126436781609,0.4337970382398568,0.1999351969316134
n72,measured_agree,tr_lor_mean,59,25,25.0,0.137571433960762,0.02124435514875585
n72,measured_agree,tr_lor_mean,60,5,5.0,0.027809194807435544,0.18745955061720998
n72,measured_agree,tr_lor_mean,61,10,10.0,0.03376385751429354,0.04725724760008194
n72,measured_agree,tr_lor_mean,62,15,16.129032258064516,0.06472638287800421,0.016248549786805445
n72,measured_agree,tr_lor_mean,63,20,18.867924528301888,0.09895912208822974,0.011031192394036778
n72,measured_agree,tr_lor_mean,64,25,25.0,0.032306508405576646,0.006271704855989144
n72,measured_agree,tr_lor_mean,65,5,5.0,0.07333766405647854,0.37491910123441996
n72,measured_agree,tr_lor_mean,66,10,10.638297872340424,0.08429763716173058,0.08467370954283134
n72,measured_agree,tr_lor_mean,67,15,17.094017094017094,0.14387655045817369,0.028378584099058832
n72,measured_agree,tr_lor_mean,68,20,16.129032258064516,0.2713050081144946,0.0318619978739029
n72,measured_agree,tr_lor_mean,69,25,17.54385964912281,0.09371781676772084,0.02885783340015628
n72,measured_agree,tr_lor_mean,70,5,10.638297872340424,0.08715895279312774,0.302179920382096
n72,measured_agree,tr_lor_mean,71,10,15.384615384615383,0.13480771178358023,0.05803393687333839
n72,measured_agree,tr_lor_mean,72,15,16.39344262295082,0.1801699290495756,0.0469369132715292
n72,measured_agree,tr_lor_mean,74,25,19.607843137254903,0.11806648579826695,0.03331524822395354
n72,measured_agree,tr_lor_gp,0,5,5.0,0.0285867300932331,0.15020834505317687
n72,measured_agree,tr_lor_gp,1,10,10.0,0.04758108870069616,0.08531255535828056
n72,measured_agree,tr_lor_gp,2,15,15.384615384615383,0.09970584338151171,0.058757414499267004
n72,measured_agree,tr_lor_gp,3,20,20.0,0.12449860187870826,0.06567682972043949
n72,measured_agree,tr_lor_gp,4,25,25.0,0.06728802355531271,0.049248312797063584
n72,measured_agree,tr_lor_gp,5,5,5.747126436781609,0.04413070420233045,0.25951303396898645
n72,measured_agree,tr_lor_gp,6,10,11.235955056179776,0.06288524587147142,0.1025790568164295
n72,measured_agree,tr_lor_gp,7,15,15.384615384615383,0.08858324894292931,0.06314537889534325
n72,measured_agree,tr_lor_gp,8,20,20.0,0.14464805659401586,0.08294498033407904
n72,measured_agree,tr_lor_gp,9,25,20.83333333333333,0.06458239815053043,0.07428314184644322
n72,measured_agree,tr_lor_gp,10,5,5.0,0.06096340286567238,0.37049953025511645
n72,measured_agree,tr_lor_gp,11,10,10.0,0.10309990786795749,0.14116139881964002
n72,measured_agree,tr_lor_gp,12,15,19.23076923076923,0.11646764333639503,0.0648315282697858
n72,measured_agree,tr_lor_gp,13,20,20.0,0.19816971960190574,0.09784173037125037
n72,measured_agree,tr_lor_gp,14,25,15.384615384615383,0.054410883145570466,0.114305216926414
n72,measured_agree,tr_lor_gp,15,5,5.0,0.051198809900038535,0.15020834506255465
n72,measured_agree,tr_lor_gp,16,10,10.0,0.07477487482962646,0.08531255542210509
n72,measured_agree,tr_lor_gp,17,15,15.384615384615383,0.11404227815252285,0.05875754551188032
n72,measured_agree,tr_lor_gp,18,20,20.0,0.15396210578545416,0.06808935522628881
n72,measured_agree,tr_lor_gp,19,25,23.80952380952381,0.05931999506358712,0.0497042944494515
n72,measured_agree,tr_lor_gp,20,5,5.0,0.06265781094812338,0.26035683128496656
n72,measured_agree,tr_lor_gp,21,10,11.11111111111111,0.06877412380526063,0.1041350540222302
n72,measured_agree,tr_lor_gp,22,15,14.999999999999998,0.11713961371317501,0.05642365913684824
n72,measured_agree,tr_lor_gp,23,20,20.0,0.1564763730463234,0.0864811954316022
n72,measured_agree,tr_lor_gp,24,25,24.390243902439025,0.06493091158272947,0.053463004221307536
n72,measured_agree,tr_lor_gp,25,5,5.0,0.06926367781436776,0.37049953025450655
n72,measured_agree,tr_lor_gp,26,10,10.0,0.10133133054775115,0.14116139902245745
n72,measured_agree,tr_lor_gp,27,15,15.0,0.13889884652540044,0.06418909240306107
n72,measured_agree,tr_lor_gp,28,20,20.0,0.23779048252794935,0.10198595698364453
n72,measured_agree,tr_lor_gp,29,25,23.25581395348837,0.08545289382525174,0.05887080609421256
n72,measured_agree,tr_lor_gp,30,5,5.0,0.009760861316943245,0.15813138613984537
n72,measured_agree,tr_lor_gp,31,10,10.20408163265306,0.014508188418088559,0.10495085237762737
n72,measured_agree,tr_lor_gp,32,15,14.999999999999998,0.03661213381504203,0.059722467688371916
n72,measured_agree,tr_lor_gp,33,20,19.23076923076923,0.05173321710386965,0.07284909085420382
n72,measured_agree,tr_lor_gp,34,25,26.31578947368421,0.033288813695527796,0.051023495752095194
n72,measured_agree,tr_lor_gp,35,5,5.0,0.06215695226201519,0.2762004635517667
n72,measured_agree,tr_lor_gp,36,10,10.0,0.08430580345539967,0.15551414808085803
n72,measured_agree,tr_lor_gp,37,15,15.151515151515152,0.14015088192737288,0.06854381231768661
n72,measured_agree,tr_lor_gp,38,20,20.0,0.18613447552206322,0.0902446283729811
n72,measured_agree,tr_lor_gp,39,25,25.0,0.06196232957271379,0.05797452901755484
n72,measured_agree,tr_lor_gp,40,5,20.40816326530612,0.06556874834127399,0.08493008843330273
n72,measured_agree,tr_lor_gp,41,10,10.0,0.1269725677875253,0.20457515917322755
n72,measured_agree,tr_lor_gp,42,15,16.39344262295082,0.17011573761311774,0.12813261098873133
n72,measured_agree,tr_lor_gp,43,20,15.625,0.27313629962814373,0.13708222819771745
n72,measured_agree,tr_lor_gp,44,25,25.0,0.08560325096733562,0.06422096178448909
n72,measured_agree,tr_lor_gp,45,5,5.0,0.037556732705441444,0.18390352044596522
n72,measured_agree,tr_lor_gp,46,10,10.638297872340424,0.04360056804280307,0.1058816200401422
n72,measured_agree,tr_lor_gp,47,15,15.0,0.04924463602686128,0.06384237087435776
n72,measured_agree,tr_lor_gp,48,20,20.0,0.061947249263179266,0.06910905242473281
n72,measured_agree,tr_lor_gp,49,25,25.0,0.05520203246912867,0.052563111070794664
n72,measured_agree,tr_lor_gp,50,5,5.0,0.06464104772693736,0.3277446654951291
n72,measured_agree,tr_lor_gp,51,10,10.638297872340424,0.1061907400375857,0.15759999105530975
n72,measured_agree,tr_lor_gp,53,20,20.0,0.3247159319617053,0.09263949191567729
n72,measured_agree,tr_lor_gp,55,5,5.0,0.10129747255604984,0.4539394692013458
n72,measured_agree,tr_lor_gp,56,10,10.638297872340424,0.16435945135408164,0.22245459396225617
n72,measured_agree,tr_lor_gp,57,15,10.638297872340424,0.23351523325410375,0.1579647585945462
n72,measured_agree,tr_lor_gp,58,20,5.747126436781609,0.4337970382398568,0.14296115362694023
n72,measured_agree,tr_lor_gp,59,25,25.0,0.137571433960762,0.0667260144641982
n72,measured_agree,tr_lor_gp,60,5,5.0,0.027809194807435544,0.2275184918381579
n72,measured_agree,tr_lor_gp,61,10,10.0,0.03376385751429354,0.10454573031897679
n72,measured_agree,tr_lor_gp,62,15,16.129032258064516,0.06472638287800421,0.1788347173393081
n72,measured_agree,tr_lor_gp,63,20,18.867924528301888,0.09895912208822974,0.07358383223335097
n72,measured_agree,tr_lor_gp,64,25,25.0,0.032306508405576646,0.051753364173723636
n72,measured_agree,tr_lor_gp,65,5,5.0,0.07333766405647854,0.4149808827274126
n72,measured_agree,tr_lor_gp,66,10,10.638297872340424,0.08429763716173058,0.10601084130640254
n72,measured_agree,tr_lor_gp,67,15,17.094017094017094,0.14387655045817369,0.07559070954434098
n72,measured_agree,tr_lor_gp,68,20,16.129032258064516,0.2713050081144946,0.11450320818144114
n72,measured_agree,tr_lor_gp,69,25,17.54385964912281,0.09371781676772084,0.10263699906563263
n72,measured_agree,tr_lor_gp,70,5,10.638297872340424,0.08715895279312774,0.34223938763725315
n72,measured_agree,tr_lor_gp,71,10,15.384615384615383,0.13480771178358023,0.1312889119568095
n72,measured_agree,tr_lor_gp,72,15,16.39344262295082,0.1801699290495756,0.1465206905899678
n72,measured_agree,tr_lor_gp,74,25,19.607843137254903,0.11806648579826695,0.07879849633290095
n72,measured_agree,tr_pow_mean,0,5,5.0,0.0285867300932331,0.03319573083614813
n72,measured_agree,tr_pow_mean,1,10,10.0,0.04758108870069616,0.03971485130786974
n72,measured_agree,tr_pow_mean,2,15,15.384615384615383,0.09970584338151171,0.0428513942871371
n72,measured_agree,tr_pow_mean,3,20,20.0,0.12449860187870826,0.03878351754333013
n72,measured_agree,tr_pow_mean,4,25,25.0,0.06728802355531271,0.05722155545075231
n72,measured_agree,tr_pow_mean,5,5,5.747126436781609,0.04413070420233045,0.06906505548442166
n72,measured_agree,tr_pow_mean,6,10,11.235955056179776,0.06288524587147142,0.08209765235092036
n72,measured_agree,tr_pow_mean,7,15,15.384615384615383,0.08858324894292931,0.0857027885742742
n72,measured_agree,tr_pow_mean,8,20,20.0,0.14464805659401586,0.07756703508666025
n72,measured_agree,tr_pow_mean,9,25,20.83333333333333,0.06458239815053043,0.10867808495421792
n72,measured_agree,tr_pow_mean,10,5,5.0,0.06096340286567238,0.0995871925084444
n72,measured_agree,tr_pow_mean,11,10,10.0,0.10309990786795749,0.11914455392360922
n72,measured_agree,tr_pow_mean,12,15,19.23076923076923,0.11646764333639503,0.1369493417921046
n72,measured_agree,tr_pow_mean,13,20,20.0,0.19816971960190574,0.11635055262999038
n72,measured_agree,tr_pow_mean,14,25,15.384615384615383,0.054410883145570466,0.14959067851055538
n72,measured_agree,tr_pow_mean,15,5,5.0,0.051198809900038535,0.03319573083614813
n72,measured_agree,tr_pow_mean,16,10,10.0,0.07477487482962646,0.03971485130786974
n72,measured_agree,tr_pow_mean,17,15,15.384615384615383,0.11404227815252285,0.0428513942871371
n72,measured_agree,tr_pow_mean,18,20,20.0,0.15396210578545416,0.03878351754333013
n72,measured_agree,tr_pow_mean,19,25,23.80952380952381,0.05931999506358712,0.0564355221756378
n72,measured_agree,tr_pow_mean,20,5,5.0,0.06265781094812338,0.06639146167229626
n72,measured_agree,tr_pow_mean,21,10,11.11111111111111,0.06877412380526063,0.08183801112366908
n72,measured_agree,tr_pow_mean,22,15,14.999999999999998,0.11713961371317501,0.08508985629690394
n72,measured_agree,tr_pow_mean,23,20,20.0,0.1564763730463234,0.07756703508666025
n72,measured_agree,tr_pow_mean,24,25,24.390243902439025,0.06493091158272947,0.11364477331518735
n72,measured_agree,tr_pow_mean,25,5,5.0,0.06926367781436776,0.0995871925084444
n72,measured_agree,tr_pow_mean,26,10,10.0,0.10133133054775115,0.11914455392360922
n72,measured_agree,tr_pow_mean,27,15,15.0,0.13889884652540044,0.12763478444535592
n72,measured_agree,tr_pow_mean,28,20,20.0,0.23779048252794935,0.11635055262999038
n72,measured_agree,tr_pow_mean,29,25,23.25581395348837,0.08545289382525174,0.1681809090804577
n72,measured_agree,tr_pow_mean,30,5,5.0,0.009760861316943245,0.04623385260885133
n72,measured_agree,tr_pow_mean,31,10,10.20408163265306,0.014508188418088559,0.053059395151309315
n72,measured_agree,tr_pow_mean,32,15,14.999999999999998,0.03661213381504203,0.056271743099692226
n72,measured_agree,tr_pow_mean,33,20,19.23076923076923,0.05173321710386965,0.04594351178023518
n72,measured_agree,tr_pow_mean,34,25,26.31578947368421,0.033288813695527796,0.07893603183835621
n72,measured_agree,tr_pow_mean,35,5,5.0,0.06215695226201519,0.09246770521770266
n72,measured_agree,tr_pow_mean,36,10,10.0,0.08430580345539967,0.10551274114702058
n72,measured_agree,tr_pow_mean,37,15,15.151515151515152,0.14015088192737288,0.11286460732519345
n72,measured_agree,tr_pow_mean,38,20,20.0,0.18613447552206322,0.09291441382854418
n72,measured_agree,tr_pow_mean,39,25,25.0,0.06196232957271379,0.15559297542679887
n72,measured_agree,tr_pow_mean,40,5,20.40816326530612,0.06556874834127399,0.206657498569731
n72,measured_agree,tr_pow_mean,41,10,10.0,0.1269725677875253,0.15826911172053088
n72,measured_agree,tr_pow_mean,42,15,16.39344262295082,0.17011573761311774,0.17312055777397445
n72,measured_agree,tr_pow_mean,43,20,15.625,0.27313629962814373,0.12995129220033616
n72,measured_agree,tr_pow_mean,44,25,25.0,0.08560325096733562,0.23338946314019826
n72,measured_agree,tr_pow_mean,45,5,5.0,0.037556732705441444,0.04994694572334426
n72,measured_agree,tr_pow_mean,46,10,10.638297872340424,0.04360056804280307,0.058482788191403005
n72,measured_agree,tr_pow_mean,47,15,15.0,0.04924463602686128,0.060422458463654766
n72,measured_agree,tr_pow_mean,48,20,20.0,0.061947249263179266,0.050860265001280026
n72,measured_agree,tr_pow_mean,49,25,25.0,0.05520203246912867,0.08325962799715637
n72,measured_agree,tr_pow_mean,50,5,5.0,0.06464104772693736,0.09989389144668852
n72,measured_agree,tr_pow_mean,51,10,10.638297872340424,0.1061907400375857,0.11696557638280601
n72,measured_agree,tr_pow_mean,53,20,20.0,0.3247159319617053,0.10172053000256005
n72,measured_agree,tr_pow_mean,55,5,5.0,0.10129747255604984,0.14984083717003277
n72,measured_agree,tr_pow_mean,56,10,10.638297872340424,0.16435945135408164,0.17544836457420904
n72,measured_agree,tr_pow_mean,57,15,10.638297872340424,0.23351523325410375,0.1644433878399974
n72,measured_agree,tr_pow_mean,58,20,5.747126436781609,0.4337970382398568,0.10714294108841914
n72,measured_agree,tr_pow_mean,59,25,25.0,0.137571433960762,0.2497788839914691
n72,measured_agree,tr_pow_mean,60,5,5.0,0.027809194807435544,0.04433501017962692
n72,measured_agree,tr_pow_mean,61,10,10.0,0.03376385751429354,0.053843309816925214
n72,measured_agree,tr_pow_mean,62,15,16.129032258064516,0.06472638287800421,0.05614028183947048
n72,measured_agree,tr_pow_mean,63,20,18.867924528301888,0.09895912208822974,0.05114087513694831
n72,measured_agree,tr_pow_mean,64,25,25.0,0.032306508405576646,0.07361097630202316
n72,measured_agree,tr_pow_mean,65,5,5.0,0.07333766405647854,0.08867002035925384
n72,measured_agree,tr_pow_mean,66,10,10.638297872340424,0.08429763716173058,0.10959227137669676
n72,measured_agree,tr_pow_mean,67,15,17.094017094017094,0.14387655045817369,0.11414552098948799
n72,measured_agree,tr_pow_mean,68,20,16.129032258064516,0.2713050081144946,0.09783347800268041
n72,measured_agree,tr_pow_mean,69,25,17.54385964912281,0.09371781676772084,0.13315775323955228
n72,measured_agree,tr_pow_mean,70,5,10.638297872340424,0.08715895279312774,0.1647507776855417
n72,measured_agree,tr_pow_mean,71,10,15.384615384615383,0.13480771178358023,0.1825120659446517
n72,measured_agree,tr_pow_mean,72,15,16.39344262295082,0.1801699290495756,0.16919902679318888
n72,measured_agree,tr_pow_mean,74,25,19.607843137254903,0.11806648579826695,0.2061351098496513
n72,measured_agree,tr_pow_gp,0,5,5.0,0.0285867300932331,0.037851190611817936
n72,measured_agree,tr_pow_gp,1,10,10.0,0.04758108870069616,0.04440950457173201
n72,measured_agree,tr_pow_gp,2,15,15.384615384615383,0.09970584338151171,0.023994429613357227
n72,measured_agree,tr_pow_gp,3,20,20.0,0.12449860187870826,0.04225188883405294
n72,measured_agree,tr_pow_gp,4,25,25.0,0.06728802355531271,0.058571058735121764
n72,measured_agree,tr_pow_gp,5,5,5.747126436781609,0.04413070420233045,0.07372051525934625
n72,measured_agree,tr_pow_gp,6,10,11.235955056179776,0.06288524587147142,0.08679231742539023
n72,measured_agree,tr_pow_gp,7,15,15.384615384615383,0.08858324894292931,0.037220861679808634
n72,measured_agree,tr_pow_gp,8,20,20.0,0.14464805659401586,0.08103494496944066
n72,measured_agree,tr_pow_gp,9,25,20.83333333333333,0.06458239815053043,0.11045975860292438
n72,measured_agree,tr_pow_gp,10,5,5.0,0.06096340286567238,0.10424265228241154
n72,measured_agree,tr_pow_gp,11,10,10.0,0.10309990786795749,0.12383920918924761
n72,measured_agree,tr_pow_gp,12,15,19.23076923076923,0.11646764333639503,0.13779226826378319
n72,measured_agree,tr_pow_gp,13,20,20.0,0.19816971960190574,0.11981877938348026
n72,measured_agree,tr_pow_gp,14,25,15.384615384615383,0.054410883145570466,0.14864133603610905
n72,measured_agree,tr_pow_gp,15,5,5.0,0.051198809900038535,0.037851190611817936
n72,measured_agree,tr_pow_gp,16,10,10.0,0.07477487482962646,0.04440950458689618
n72,measured_agree,tr_pow_gp,17,15,15.384615384615383,0.11404227815252285,0.024280089961120674
n72,measured_agree,tr_pow_gp,18,20,20.0,0.15396210578545416,0.04225188883405294
n72,measured_agree,tr_pow_gp,19,25,23.80952380952381,0.05931999506358712,0.05778502546001498
n72,measured_agree,tr_pow_gp,20,5,5.0,0.06265781094812338,0.07104692144727515
n72,measured_agree,tr_pow_gp,21,10,11.11111111111111,0.06877412380526063,0.08653324649048683
n72,measured_agree,tr_pow_gp,22,15,14.999999999999998,0.11713961371317501,0.08852730879870511
n72,measured_agree,tr_pow_gp,23,20,20.0,0.1564763730463234,0.08103494496986612
n72,measured_agree,tr_pow_gp,24,25,24.390243902439025,0.06493091158272947,0.11499427659955683
n72,measured_agree,tr_pow_gp,25,5,5.0,0.06926367781436776,0.10424265228241154
n72,measured_agree,tr_pow_gp,26,10,10.0,0.10133133054775115,0.12383920921525154
n72,measured_agree,tr_pow_gp,27,15,15.0,0.13889884652540044,0.131069295912843
n72,measured_agree,tr_pow_gp,28,20,20.0,0.23779048252794935,0.1198187793836231
n72,measured_agree,tr_pow_gp,29,25,23.25581395348837,0.08545289382525174,0.16953041236555405
n72,measured_agree,tr_pow_gp,30,5,5.0,0.009760861316943245,0.05088931238322347
n72,measured_agree,tr_pow_gp,31,10,10.20408163265306,0.014508188418088559,0.05775496392326089
n72,measured_agree,tr_pow_gp,32,15,14.999999999999998,0.03661213381504203,0.05971638614027662
n72,measured_agree,tr_pow_gp,33,20,19.23076923076923,0.05173321710386965,0.049411883070958014
n72,measured_agree,tr_pow_gp,34,25,26.31578947368421,0.033288813695527796,0.08028553512272565
n72,measured_agree,tr_pow_gp,35,5,5.0,0.06215695226201519,0.09712316499135687
n72,measured_agree,tr_pow_gp,36,10,10.0,0.08430580345539967,0.11020739452908157
n72,measured_agree,tr_pow_gp,37,15,15.151515151515152,0.14015088192737288,0.11509851745069595
n72,measured_agree,tr_pow_gp,38,20,20.0,0.18613447552206322,0.09638278511926635
n72,measured_agree,tr_pow_gp,39,25,25.0,0.06196232957271379,0.15694247871116832
n72,measured_agree,tr_pow_gp,40,5,20.40816326530612,0.06556874834127399,0.21131295795657554
n72,measured_agree,tr_pow_gp,41,10,10.0,0.1269725677875253,0.1629637655479951
n72,measured_agree,tr_pow_gp,42,15,16.39344262295082,0.17011573761311774,0.1772233722022346
n72,measured_agree,tr_pow_gp,43,20,15.625,0.27313629962814373,0.13342213674883666
n72,measured_agree,tr_pow_gp,44,25,25.0,0.08560325096733562,0.2347389664245677
n72,measured_agree,tr_pow_gp,45,5,5.0,0.037556732705441444,0.054602405498297396
n72,measured_agree,tr_pow_gp,46,10,10.638297872340424,0.04360056804280307,0.06585798448799919
n72,measured_agree,tr_pow_gp,47,15,15.0,0.04924463602686128,0.06386991946347977
n72,measured_agree,tr_pow_gp,48,20,20.0,0.061947249263179266,0.05432863629200286
n72,measured_agree,tr_pow_gp,49,25,25.0,0.05520203246912867,0.08460913128152582
n72,measured_agree,tr_pow_gp,50,5,5.0,0.06464104772693736,0.1045493512216425
n72,measured_agree,tr_pow_gp,51,10,10.638297872340424,0.1061907400375857,0.14003037013996236
n72,measured_agree,tr_pow_gp,53,20,20.0,0.3247159319617053,0.10518890129328289
n72,measured_agree,tr_pow_gp,55,5,5.0,0.10129747255604984,0.18910108924056235
n72,measured_agree,tr_pow_gp,56,10,10.638297872340424,0.16435945135408164,0.23171165801811952
n72,measured_agree,tr_pow_gp,57,15,10.638297872340424,0.23351523325410375,0.16264911301069238
n72,measured_agree,tr_pow_gp,58,20,5.747126436781609,0.4337970382398568,0.11061080865734661
n72,measured_agree,tr_pow_gp,59,25,25.0,0.137571433960762,0.2511283872758386
n72,measured_agree,tr_pow_gp,60,5,5.0,0.027809194807435544,0.04899046995360519
n72,measured_agree,tr_pow_gp,61,10,10.0,0.03376385751429354,0.05853795673892662
n72,measured_agree,tr_pow_gp,62,15,16.129032258064516,0.06472638287800421,0.16346664420979223
n72,measured_agree,tr_pow_gp,63,20,18.867924528301888,0.09895912208822974,0.05460924642767114
n72,measured_agree,tr_pow_gp,64,25,25.0,0.032306508405576646,0.07496047958639261
n72,measured_agree,tr_pow_gp,65,5,5.0,0.07333766405647854,0.09332548013419854
n72,measured_agree,tr_pow_gp,66,10,10.638297872340424,0.08429763716173058,0.08144547567034731
n72,measured_agree,tr_pow_gp,67,15,17.094017094017094,0.14387655045817369,0.11761078125011885
n72,measured_agree,tr_pow_gp,68,20,16.129032258064516,0.2713050081144946,0.10130199431752504
n72,measured_agree,tr_pow_gp,69,25,17.54385964912281,0.09371781676772084,0.13590797132497257
n72,measured_agree,tr_pow_gp,70,5,10.638297872340424,0.08715895279312774,0.1694062374519355
n72,measured_agree,tr_pow_gp,71,10,15.384615384615383,0.13480771178358023,0.18539845268689126
n72,measured_agree,tr_pow_gp,72,15,16.39344262295082,0.1801699290495756,0.17378532347075412
n72,measured_agree,tr_pow_gp,74,25,19.607843137254903,0.11806648579826695,0.20748461313372166
n72,measured_agree,oracle_shape_gp,0,5,5.0,0.0285867300932331,0.03399182196312272
n72,measured_agree,oracle_shape_gp,1,10,10.0,0.04758108870069616,0.04634365170510433
n72,measured_agree,oracle_shape_gp,2,15,15.384615384615383,0.09970584338151171,0.024173186560553558
n72,measured_agree,oracle_shape_gp,3,20,20.0,0.12449860187870826,0.041188307562876565
n72,measured_agree,oracle_shape_gp,4,25,25.0,0.06728802355531271,0.0414176429520196
n72,measured_agree,oracle_shape_gp,5,5,5.747126436781609,0.04413070420233045,0.06742172301264598
n72,measured_agree,oracle_shape_gp,6,10,11.235955056179776,0.06288524587147142,0.09458631456478905
n72,measured_agree,oracle_shape_gp,7,15,15.384615384615383,0.08858324894292931,0.03671492399003974
n72,measured_agree,oracle_shape_gp,8,20,20.0,0.14464805659401586,0.07940408905144491
n72,measured_agree,oracle_shape_gp,9,25,20.83333333333333,0.06458239815053043,0.10212609218202803
n72,measured_agree,oracle_shape_gp,10,5,5.0,0.06096340286567238,0.09412250097908843
n72,measured_agree,oracle_shape_gp,11,10,10.0,0.10309990786795749,0.13123990063635754
n72,measured_agree,oracle_shape_gp,12,15,19.23076923076923,0.11646764333639503,0.14243089349808563
n72,measured_agree,oracle_shape_gp,13,20,20.0,0.19816971960190574,0.11762004157188378
n72,measured_agree,oracle_shape_gp,14,25,15.384615384615383,0.054410883145570466,0.1602022395255063
n72,measured_agree,oracle_shape_gp,15,5,5.0,0.051198809900038535,0.03399182196312272
n72,measured_agree,oracle_shape_gp,16,10,10.0,0.07477487482962646,0.04634365170510433
n72,measured_agree,oracle_shape_gp,17,15,15.384615384615383,0.11404227815252285,0.02460663533211544
n72,measured_agree,oracle_shape_gp,18,20,20.0,0.15396210578545416,0.041188307562876565
n72,measured_agree,oracle_shape_gp,19,25,23.80952380952381,0.05931999506358712,0.04457313736060536
n72,measured_agree,oracle_shape_gp,20,5,5.0,0.06265781094812338,0.06405716147117521
n72,measured_agree,oracle_shape_gp,21,10,11.11111111111111,0.06877412380526063,0.09402552902715135
n72,measured_agree,oracle_shape_gp,22,15,14.999999999999998,0.11713961371317501,0.10204948492367866
n72,measured_agree,oracle_shape_gp,23,20,20.0,0.1564763730463234,0.07940408905159048
n72,measured_agree,oracle_shape_gp,24,25,24.390243902439025,0.06493091158272947,0.08341410614882164
n72,measured_agree,oracle_shape_gp,25,5,5.0,0.06926367781436776,0.09412250097908843
n72,measured_agree,oracle_shape_gp,26,10,10.0,0.10133133054775115,0.13123990063635754
n72,measured_agree,oracle_shape_gp,27,15,15.0,0.13889884652540044,0.151733108436555
n72,measured_agree,oracle_shape_gp,28,20,20.0,0.23779048252794935,0.11762004157203265
n72,measured_agree,oracle_shape_gp,29,25,23.25581395348837,0.08545289382525174,0.1328231890883023
n72,measured_agree,oracle_shape_gp,30,5,5.0,0.009760861316943245,0.04933171712147529
n72,measured_agree,oracle_shape_gp,31,10,10.20408163265306,0.014508188418088559,0.06665878246440116
n72,measured_agree,oracle_shape_gp,32,15,14.999999999999998,0.03661213381504203,0.07483316647179054
n72,measured_agree,oracle_shape_gp,33,20,19.23076923076923,0.05173321710386965,0.05479433925669676
n72,measured_agree,oracle_shape_gp,34,25,26.31578947368421,0.033288813695527796,0.05055396108247134
n72,measured_agree,oracle_shape_gp,35,5,5.0,0.06215695226201519,0.09473695178806772
n72,measured_agree,oracle_shape_gp,36,10,10.0,0.08430580345539967,0.12797776834956937
n72,measured_agree,oracle_shape_gp,37,15,15.151515151515152,0.14015088192737288,0.1427080250625254
n72,measured_agree,oracle_shape_gp,38,20,20.0,0.18613447552206322,0.1039042617519309
n72,measured_agree,oracle_shape_gp,39,25,25.0,0.06196232957271379,0.10766632951057296
n72,measured_agree,oracle_shape_gp,40,5,20.40816326530612,0.06556874834127399,0.21696179959840214
n72,measured_agree,oracle_shape_gp,41,10,10.0,0.1269725677875253,0.19001888890461519
n72,measured_agree,oracle_shape_gp,42,15,16.39344262295082,0.17011573761311774,0.22331221321278885
n72,measured_agree,oracle_shape_gp,43,20,15.625,0.27313629962814373,0.16533774357090114
n72,measured_agree,oracle_shape_gp,44,25,25.0,0.08560325096733562,0.16017628188020816
n72,measured_agree,oracle_shape_gp,45,5,5.0,0.037556732705441444,0.0519633100860274
n72,measured_agree,oracle_shape_gp,46,10,10.638297872340424,0.04360056804280307,0.07232578930463257
n72,measured_agree,oracle_shape_gp,47,15,15.0,0.04924463602686128,0.07809359446335618
n72,measured_agree,oracle_shape_gp,48,20,20.0,0.061947249263179266,0.056729309018050844
n72,measured_agree,oracle_shape_gp,49,25,25.0,0.05520203246912867,0.05796214463778673
n72,measured_agree,oracle_shape_gp,50,5,5.0,0.06464104772693736,0.10000013771732086
n72,measured_agree,oracle_shape_gp,51,10,10.638297872340424,0.1061907400375857,0.14075605154648696
n72,measured_agree,oracle_shape_gp,53,20,20.0,0.3247159319617053,0.11048625543871056
n72,measured_agree,oracle_shape_gp,55,5,5.0,0.10129747255604984,0.1779351507540312
n72,measured_agree,oracle_shape_gp,56,10,10.638297872340424,0.16435945135408164,0.23206385686910272
n72,measured_agree,oracle_shape_gp,57,15,10.638297872340424,0.23351523325410375,0.16388153358806676
n72,measured_agree,oracle_shape_gp,58,20,5.747126436781609,0.4337970382398568,0.11010653664849653
n72,measured_agree,oracle_shape_gp,59,25,25.0,0.137571433960762,0.16859358437075572
n72,measured_agree,oracle_shape_gp,60,5,5.0,0.027809194807435544,0.041886600855899465
n72,measured_agree,oracle_shape_gp,61,10,10.0,0.03376385751429354,0.058381693896800355
n72,measured_agree,oracle_shape_gp,62,15,16.129032258064516,0.06472638287800421,0.16273770378447225
n72,measured_agree,oracle_shape_gp,63,20,18.867924528301888,0.09895912208822974,0.052877526761693494
n72,measured_agree,oracle_shape_gp,64,25,25.0,0.032306508405576646,0.049834945442566995
n72,measured_agree,oracle_shape_gp,65,5,5.0,0.07333766405647854,0.07984671925752673
n72,measured_agree,oracle_shape_gp,66,10,10.638297872340424,0.08429763716173058,0.11678842878551604
n72,measured_agree,oracle_shape_gp,67,15,17.094017094017094,0.14387655045817369,0.1224289168350785
n72,measured_agree,oracle_shape_gp,68,20,16.129032258064516,0.2713050081144946,0.10636925584453909
n72,measured_agree,oracle_shape_gp,69,25,17.54385964912281,0.09371781676772084,0.1365823574395065
n72,measured_agree,oracle_shape_gp,70,5,10.638297872340424,0.08715895279312774,0.16909061555437382
n72,measured_agree,oracle_shape_gp,71,10,15.384615384615383,0.13480771178358023,0.20250029442795878
n72,measured_agree,oracle_shape_gp,72,15,16.39344262295082,0.1801699290495756,0.18717376774540267
n72,measured_agree,oracle_shape_gp,74,25,19.607843137254903,0.11806648579826695,0.19200021379848986
n72,measured_agree,mf_ar1,0,5,5.0,0.0285867300932331,0.014242683698895798
n72,measured_agree,mf_ar1,1,10,10.0,0.04758108870069616,0.025437301367265186
n72,measured_agree,mf_ar1,2,15,15.384615384615383,0.09970584338151171,0.12707185583231495
n72,measured_agree,mf_ar1,3,20,20.0,0.12449860187870826,0.09181029937991679
n72,measured_agree,mf_ar1,4,25,25.0,0.06728802355531271,0.17672101363530224
n72,measured_agree,mf_ar1,5,5,5.747126436781609,0.04413070420233045,0.024348795587013285
n72,measured_agree,mf_ar1,6,10,11.235955056179776,0.06288524587147142,0.04502169631191402
n72,measured_agree,mf_ar1,7,15,15.384615384615383,0.08858324894292931,0.1822828685305482
n72,measured_agree,mf_ar1,8,20,20.0,0.14464805659401586,0.09258954028344266
n72,measured_agree,mf_ar1,9,25,20.83333333333333,0.06458239815053043,0.2657286510917327
n72,measured_agree,mf_ar1,10,5,5.0,0.06096340286567238,0.0331343975545964
n72,measured_agree,mf_ar1,11,10,10.0,0.10309990786795749,0.06192045601904533
n72,measured_agree,mf_ar1,12,15,19.23076923076923,0.11646764333639503,0.26808073262940546
n72,measured_agree,mf_ar1,13,20,20.0,0.19816971960190574,0.11015559057171194
n72,measured_agree,mf_ar1,14,25,15.384615384615383,0.054410883145570466,0.4148194363980854
n72,measured_agree,mf_ar1,15,5,5.0,0.051198809900038535,0.014368750292748003
n72,measured_agree,mf_ar1,16,10,10.0,0.07477487482962646,0.025670749168679
n72,measured_agree,mf_ar1,17,15,15.384615384615383,0.11404227815252285,0.1283308597484984
n72,measured_agree,mf_ar1,18,20,20.0,0.15396210578545416,0.09336279785514402
n72,measured_agree,mf_ar1,19,25,23.80952380952381,0.05931999506358712,0.1901307623613541
n72,measured_agree,mf_ar1,20,5,5.0,0.06265781094812338,0.02394067381445051
n72,measured_agree,mf_ar1,21,10,11.11111111111111,0.06877412380526063,0.04536976182146524
n72,measured_agree,mf_ar1,22,15,14.999999999999998,0.11713961371317501,0.1846691560160024
n72,measured_agree,mf_ar1,23,20,20.0,0.1564763730463234,0.10405777979758164
n72,measured_agree,mf_ar1,24,25,24.390243902439025,0.06493091158272947,0.26765033496828977
n72,measured_agree,mf_ar1,25,5,5.0,0.06926367781436776,0.03351259733615301
n72,measured_agree,mf_ar1,26,10,10.0,0.10133133054775115,0.06262080231547777
n72,measured_agree,mf_ar1,27,15,15.0,0.13889884652540044,0.26702761533087704
n72,measured_agree,mf_ar1,28,20,20.0,0.23779048252794935,0.12605161634454154
n72,measured_agree,mf_ar1,29,25,23.25581395348837,0.08545289382525174,0.39679231094551876
n72,measured_agree,mf_ar1,30,5,5.0,0.009760861316943245,0.0180277679141381
n72,measured_agree,mf_ar1,31,10,10.20408163265306,0.014508188418088559,0.03250720708021355
n72,measured_agree,mf_ar1,32,15,14.999999999999998,0.03661213381504203,0.09873585149555156
n72,measured_agree,mf_ar1,33,20,19.23076923076923,0.05173321710386965,0.04460773857782189
n72,measured_agree,mf_ar1,34,25,26.31578947368421,0.033288813695527796,0.15194185842440927
n72,measured_agree,mf_ar1,35,5,5.0,0.06215695226201519,0.03125870905682163
n72,measured_agree,mf_ar1,36,10,10.0,0.08430580345539967,0.05781170492323951
n72,measured_agree,mf_ar1,37,15,15.151515151515152,0.14015088192737288,0.24803769435705975
n72,measured_agree,mf_ar1,38,20,20.0,0.18613447552206322,0.11705787835709892
n72,measured_agree,mf_ar1,39,25,25.0,0.06196232957271379,0.3513363335990075
n72,measured_agree,mf_ar1,40,5,20.40816326530612,0.06556874834127399,0.06095125042250613
n72,measured_agree,mf_ar1,41,10,10.0,0.1269725677875253,0.0861931338095336
n72,measured_agree,mf_ar1,42,15,16.39344262295082,0.17011573761311774,0.36511992571997726
n72,measured_agree,mf_ar1,43,20,15.625,0.27313629962814373,0.16381383527302396
n72,measured_agree,mf_ar1,44,25,25.0,0.08560325096733562,0.5429226487870362
n72,measured_agree,mf_ar1,45,5,5.0,0.037556732705441444,0.019905694502365196
n72,measured_agree,mf_ar1,46,10,10.638297872340424,0.04360056804280307,0.036822423289966336
n72,measured_agree,mf_ar1,47,15,15.0,0.04924463602686128,0.12173019387525663
n72,measured_agree,mf_ar1,48,20,20.0,0.061947249263179266,0.059084532985298345
n72,measured_agree,mf_ar1,49,25,25.0,0.05520203246912867,0.17049965273366846
n72,measured_agree,mf_ar1,50,5,5.0,0.06464104772693736,0.035014561520101274
n72,measured_agree,mf_ar1,51,10,10.638297872340424,0.1061907400375857,0.06843526462213617
n72,measured_agree,mf_ar1,53,20,20.0,0.3247159319617053,0.13139806977467608
n72,measured_agree,mf_ar1,55,5,5.0,0.10129747255604984,0.05012342853783699
n72,measured_agree,mf_ar1,56,10,10.638297872340424,0.16435945135408164,0.11262055552488977
n72,measured_agree,mf_ar1,57,15,10.638297872340424,0.23351523325410375,0.45790412955980525
n72,measured_agree,mf_ar1,58,20,5.747126436781609,0.4337970382398568,0.23009407286262215
n72,measured_agree,mf_ar1,59,25,25.0,0.137571433960762,0.6406570307660717
n72,measured_agree,mf_ar1,60,5,5.0,0.027809194807435544,0.018613660500860555
n72,measured_agree,mf_ar1,61,10,10.0,0.03376385751429354,0.03442512032681344
n72,measured_agree,mf_ar1,62,15,16.129032258064516,0.06472638287800421,0.12933623420670148
n72,measured_agree,mf_ar1,63,20,18.867924528301888,0.09895912208822974,0.06096234182222801
n72,measured_agree,mf_ar1,64,25,25.0,0.032306508405576646,0.18823606733863898
n72,measured_agree,mf_ar1,65,5,5.0,0.07333766405647854,0.032430494230266546
n72,measured_agree,mf_ar1,66,10,10.638297872340424,0.08429763716173058,0.06554386747860078
n72,measured_agree,mf_ar1,67,15,17.094017094017094,0.14387655045817369,0.3107065040528368
n72,measured_agree,mf_ar1,68,20,16.129032258064516,0.2713050081144946,0.13022982579789902
n72,measured_agree,mf_ar1,69,25,17.54385964912281,0.09371781676772084,0.4254188094519335
n72,measured_agree,mf_ar1,70,5,10.638297872340424,0.08715895279312774,0.05527791906015284
n72,measured_agree,mf_ar1,71,10,15.384615384615383,0.13480771178358023,0.08199357648657293
n72,measured_agree,mf_ar1,72,15,16.39344262295082,0.1801699290495756,0.4293980917122379
n72,measured_agree,mf_ar1,74,25,19.607843137254903,0.11806648579826695,0.5979543713676324
n72,measured_agree,mf_nar,0,5,5.0,0.0285867300932331,0.047625320545728655
n72,measured_agree,mf_nar,1,10,10.0,0.04758108870069616,0.04424003146181803
n72,measured_agree,mf_nar,2,15,15.384615384615383,0.09970584338151171,0.13487153893685028
n72,measured_agree,mf_nar,3,20,20.0,0.12449860187870826,0.06731254184708821
n72,measured_agree,mf_nar,4,25,25.0,0.06728802355531271,0.1593843089718746
n72,measured_agree,mf_nar,5,5,5.747126436781609,0.04413070420233045,0.06236098427581255
n72,measured_agree,mf_nar,6,10,11.235955056179776,0.06288524587147142,0.05957086693912558
n72,measured_agree,mf_nar,7,15,15.384615384615383,0.08858324894292931,0.17083399970724406
n72,measured_agree,mf_nar,8,20,20.0,0.14464805659401586,0.08946346476712484
n72,measured_agree,mf_nar,9,25,20.83333333333333,0.06458239815053043,0.2071540385320474
n72,measured_agree,mf_nar,10,5,5.0,0.06096340286567238,0.11889410637157788
n72,measured_agree,mf_nar,11,10,10.0,0.10309990786795749,0.056725657182057326
n72,measured_agree,mf_nar,12,15,19.23076923076923,0.11646764333639503,0.22992057755139034
n72,measured_agree,mf_nar,13,20,20.0,0.19816971960190574,0.11188165063201927
n72,measured_agree,mf_nar,14,25,15.384615384615383,0.054410883145570466,0.28652123370851895
n72,measured_agree,mf_nar,15,5,5.0,0.051198809900038535,0.05589163501844033
n72,measured_agree,mf_nar,16,10,10.0,0.07477487482962646,0.06094206257298207
n72,measured_agree,mf_nar,17,15,15.384615384615383,0.11404227815252285,0.1477120505528408
n72,measured_agree,mf_nar,18,20,20.0,0.15396210578545416,0.07745648235340136
n72,measured_agree,mf_nar,19,25,23.80952380952381,0.05931999506358712,0.17696884731242923
n72,measured_agree,mf_nar,20,5,5.0,0.06265781094812338,0.06883693604635827
n72,measured_agree,mf_nar,21,10,11.11111111111111,0.06877412380526063,0.0722960632790266
n72,measured_agree,mf_nar,22,15,14.999999999999998,0.11713961371317501,0.18484677148176834
n72,measured_agree,mf_nar,23,20,20.0,0.1564763730463234,0.10074665108393234
n72,measured_agree,mf_nar,24,25,24.390243902439025,0.06493091158272947,0.22290612788395492
n72,measured_agree,mf_nar,25,5,5.0,0.06926367781436776,0.12428400529117013
n72,measured_agree,mf_nar,26,10,10.0,0.10133133054775115,0.0675198232532652
n72,measured_agree,mf_nar,27,15,15.0,0.13889884652540044,0.2410589385516056
n72,measured_agree,mf_nar,28,20,20.0,0.23779048252794935,0.12355696084050874
n72,measured_agree,mf_nar,29,25,23.25581395348837,0.08545289382525174,0.2939837124246174
n72,measured_agree,mf_nar,30,5,5.0,0.009760861316943245,0.013491585127425668
n72,measured_agree,mf_nar,31,10,10.20408163265306,0.014508188418088559,0.014952225000830016
n72,measured_agree,mf_nar,32,15,14.999999999999998,0.03661213381504203,0.07345927526833881
n72,measured_agree,mf_nar,33,20,19.23076923076923,0.05173321710386965,0.04806522726772283
n72,measured_agree,mf_nar,34,25,26.31578947368421,0.033288813695527796,0.09752648869104837
n72,measured_agree,mf_nar,35,5,5.0,0.06215695226201519,0.08110833306444871
n72,measured_agree,mf_nar,36,10,10.0,0.08430580345539967,0.06019293474901166
n72,measured_agree,mf_nar,37,15,15.151515151515152,0.14015088192737288,0.2298170366074398
n72,measured_agree,mf_nar,38,20,20.0,0.18613447552206322,0.10813734799287454
n72,measured_agree,mf_nar,39,25,25.0,0.06196232957271379,0.307433079265699
n72,measured_agree,mf_nar,40,5,20.40816326530612,0.06556874834127399,0.14100885375141087
n72,measured_agree,mf_nar,41,10,10.0,0.1269725677875253,0.09029969684506582
n72,measured_agree,mf_nar,42,15,16.39344262295082,0.17011573761311774,0.29986175276316207
n72,measured_agree,mf_nar,43,20,15.625,0.27313629962814373,0.167540686822431
n72,measured_agree,mf_nar,44,25,25.0,0.08560325096733562,0.35362949932221144
n72,measured_agree,mf_nar,45,5,5.0,0.037556732705441444,0.03934698579795898
n72,measured_agree,mf_nar,46,10,10.638297872340424,0.04360056804280307,0.03217639447899419
n72,measured_agree,mf_nar,47,15,15.0,0.04924463602686128,0.09668031681989345
n72,measured_agree,mf_nar,48,20,20.0,0.061947249263179266,0.05922037107886529
n72,measured_agree,mf_nar,49,25,25.0,0.05520203246912867,0.16054577534029943
n72,measured_agree,mf_nar,50,5,5.0,0.06464104772693736,0.10173939544262221
n72,measured_agree,mf_nar,51,10,10.638297872340424,0.1061907400375857,0.07373541186682303
n72,measured_agree,mf_nar,53,20,20.0,0.3247159319617053,0.13472756544220418
n72,measured_agree,mf_nar,55,5,5.0,0.10129747255604984,0.17118524488661757
n72,measured_agree,mf_nar,56,10,10.638297872340424,0.16435945135408164,0.11760879912614272
n72,measured_agree,mf_nar,57,15,10.638297872340424,0.23351523325410375,0.4165058483283002
n72,measured_agree,mf_nar,58,20,5.747126436781609,0.4337970382398568,0.2280515936897282
n72,measured_agree,mf_nar,59,25,25.0,0.137571433960762,0.36018593309110936
n72,measured_agree,mf_nar,60,5,5.0,0.027809194807435544,0.03157917573479836
n72,measured_agree,mf_nar,61,10,10.0,0.03376385751429354,0.025863665118563972
n72,measured_agree,mf_nar,62,15,16.129032258064516,0.06472638287800421,0.11901802514528138
n72,measured_agree,mf_nar,63,20,18.867924528301888,0.09895912208822974,0.0560314747945794
n72,measured_agree,mf_nar,64,25,25.0,0.032306508405576646,0.1819055869674874
n72,measured_agree,mf_nar,65,5,5.0,0.07333766405647854,0.07440571879628463
n72,measured_agree,mf_nar,66,10,10.638297872340424,0.08429763716173058,0.0755898124931849
n72,measured_agree,mf_nar,67,15,17.094017094017094,0.14387655045817369,0.34934653457628867
n72,measured_agree,mf_nar,68,20,16.129032258064516,0.2713050081144946,0.12169468270022248
n72,measured_agree,mf_nar,69,25,17.54385964912281,0.09371781676772084,0.41346778144597257
n72,measured_agree,mf_nar,70,5,10.638297872340424,0.08715895279312774,0.13394890275866922
n72,measured_agree,mf_nar,71,10,15.384615384615383,0.13480771178358023,0.11031939897024318
n72,measured_agree,mf_nar,72,15,16.39344262295082,0.1801699290495756,0.4020984823378975
n72,measured_agree,mf_nar,74,25,19.607843137254903,0.11806648579826695,0.3572885902273328
