family,case,dataset,target,tag,design,gen,cv,seed,rep,axis,subset,k,n,n_levels,outer_gain,truth,auditable,n_pick_lawgp,verdict,mean_inner_gain,fold_hits
external,ext/ParkG/full,ParkG,,,,,,,,preload,full,,234,6,-0.49846721153936524,hurts,True,0.0,hurts,-0.44054384706604677,4.0
external,ext/ParkG/full,ParkG,,,,,,,,frequency,full,,234,5,-0.06488817087829624,hurts,True,1.0,hurts,-0.09838718227801066,2.0
external_sub,ext/ParkG/preload5/0,ParkG,,,,,,,,preload,70|170|370|570|870,5.0,195,5,-0.10844028471202138,hurts,True,0.0,hurts,-0.2484571994074222,4.0
external_sub,ext/ParkG/preload5/1,ParkG,,,,,,,,preload,70|170|370|570|1070,5.0,195,5,-0.19328073618144104,hurts,True,0.0,hurts,-0.1907651333723729,2.0
external_sub,ext/ParkG/preload5/2,ParkG,,,,,,,,preload,70|170|370|870|1070,5.0,195,5,-0.5430748260649674,hurts,True,0.0,hurts,-0.37790828997799386,4.0
external_sub,ext/ParkG/preload5/3,ParkG,,,,,,,,preload,70|170|570|870|1070,5.0,195,5,-0.7270678654982126,hurts,True,0.0,hurts,-0.14528285542999358,4.0
external_sub,ext/ParkG/preload5/4,ParkG,,,,,,,,preload,70|370|570|870|1070,5.0,195,5,-0.4453607153100151,hurts,True,0.0,hurts,-0.5055648793676586,4.0
external_sub,ext/ParkG/preload5/5,ParkG,,,,,,,,preload,170|370|570|870|1070,5.0,195,5,-0.6260386546296236,hurts,True,0.0,hurts,-0.4431924011907883,4.0
external,ext/ParkT/full,ParkT,,,,,,,,frequency,full,,169,5,0.1866951161664563,helps,True,3.0,helps,-0.7376983814579254,2.0
external,ext/ParkT/full,ParkT,,,,,,,,preload,full,,169,3,-1.64127234636715,hurts,True,0.0,hurts,-0.26867806726059434,2.0
external_sub,ext/ParkG/frequency3/1,ParkG,,,,,,,,frequency,0|1|3,3.0,144,3,-0.3802426687778304,hurts,True,0.0,hurts,-1.0223351037803292,3.0
external_sub,ext/ParkG/frequency3/2,ParkG,,,,,,,,frequency,0|1|4,3.0,144,3,-0.13736471449593401,hurts,True,1.0,hurts,-0.07716063938362061,2.0
external_sub,ext/ParkG/frequency3/3,ParkG,,,,,,,,frequency,0|3|4,3.0,144,3,0.17171281490817947,helps,True,2.0,helps,-0.4184946111920718,2.0
external_sub,ext/ParkG/frequency3/0,ParkG,,,,,,,,frequency,0|1|2,3.0,138,3,-0.03148006646323376,hurts,True,1.0,hurts,-0.4758249553567204,1.0
external_sub,ext/ParkG/frequency3/4,ParkG,,,,,,,,frequency,1|2|3,3.0,138,3,-0.024762476376134712,hurts,True,1.0,hurts,-0.5930018135310221,0.0
external_sub,ext/ParkG/frequency3/5,ParkG,,,,,,,,frequency,1|2|4,3.0,138,3,-0.19548027767896237,hurts,True,1.0,hurts,-0.009235091707394968,0.0
external_sub,ext/ParkT/frequency3/0,ParkT,,,,,,,,frequency,0|1|2,3.0,120,3,-1.0975101096088973,hurts,True,0.0,hurts,-0.6223983968840735,2.0
external_sub,ext/ParkG/preload3/0,ParkG,,,,,,,,preload,70|170|870,3.0,117,3,-0.34108138397116594,hurts,True,0.0,hurts,-0.06890473348535171,2.0
external_sub,ext/ParkG/preload3/1,ParkG,,,,,,,,preload,70|570|1070,3.0,117,3,-0.03346991706988667,hurts,True,1.0,hurts,-0.017223879458749074,2.0
external_sub,ext/ParkG/preload3/2,ParkG,,,,,,,,preload,170|570|1070,3.0,117,3,-0.2726508837878019,hurts,True,1.0,hurts,-0.01683936540805142,3.0
external_sub,ext/ParkG/preload3/3,ParkG,,,,,,,,preload,170|870|1070,3.0,117,3,0.3013846458453826,helps,True,0.0,hurts,-0.03799178380579956,1.0
external_sub,ext/ParkG/preload3/4,ParkG,,,,,,,,preload,370|570|1070,3.0,117,3,-0.32384606082136913,hurts,True,3.0,helps,0.013177462129613163,0.0
external_sub,ext/ParkG/preload3/5,ParkG,,,,,,,,preload,370|870|1070,3.0,117,3,0.45375711351722936,helps,True,1.0,hurts,-0.01957431873874027,2.0
external_sub,ext/ParkT/frequency3/2,ParkT,,,,,,,,frequency,0|2|3,3.0,112,3,-0.06961485420137137,hurts,True,2.0,helps,-0.004267982955606708,3.0
external,ext/Shi/full,Shi,,,,,,,,force,full,,50,10,-0.0027234331276861923,neutral,True,3.0,hurts,-0.0019061257673632314,8.0
external_sub,ext/ParkT/frequency3/1,ParkT,,,,,,,,frequency,0|1|3,3.0,111,3,-0.8163164347014373,hurts,True,1.0,hurts,-0.22415865588942382,1.0
external_sub,ext/ParkT/frequency3/5,ParkT,,,,,,,,frequency,1|2|4,3.0,99,3,-186.40379130904896,hurts,True,2.0,helps,0.3874458955227092,2.0
external_sub,ext/ParkT/frequency3/3,ParkT,,,,,,,,frequency,0|2|4,3.0,95,3,-18065.725746906384,hurts,True,2.0,helps,0.5325454668360922,2.0
external_sub,ext/ParkT/frequency3/4,ParkT,,,,,,,,frequency,0|3|4,3.0,86,3,-0.6315812475191562,hurts,True,2.0,helps,0.19040899274161868,0.0
external,ext/SalamaForce/full,SalamaForce,,,,,,,,composition,full,,68,7,0.5807158122144507,helps,True,6.0,helps,0.288237833701702,6.0
twin,twin/F5/law/cv10/s0/r0,,,,F5,law,0.1,0.0,0.0,composition,full,,125,5,0.04137922152696605,helps,True,3.0,helps,-0.05186731484139986,3.0
twin,twin/F5/law/cv10/s0/r0,,,,F5,law,0.1,0.0,0.0,force,full,,125,5,0.00522596466181624,neutral,True,5.0,helps,0.010787433072712505,5.0
twin,twin/F5/law/cv10/s0/r0,,,,F5,law,0.1,0.0,0.0,frequency,full,,125,5,0.7863029562445104,helps,True,5.0,helps,1.3580285513335293,5.0
twin,twin/F5/law/cv10/s0/r1,,,,F5,law,0.1,0.0,1.0,composition,full,,125,5,0.04697758890681625,helps,True,1.0,hurts,-0.12597607170701855,3.0
twin,twin/F5/law/cv10/s0/r1,,,,F5,law,0.1,0.0,1.0,force,full,,125,5,0.008659852268240842,neutral,True,5.0,helps,0.0247146043279489,4.0
twin,twin/F5/law/cv10/s0/r1,,,,F5,law,0.1,0.0,1.0,frequency,full,,125,5,0.5513226413781777,helps,True,5.0,helps,1.0774768693597987,5.0
twin,twin/F5/law/cv10/s0/r2,,,,F5,law,0.1,0.0,2.0,composition,full,,125,5,0.05601104345210317,helps,True,2.0,hurts,-1.2971833227924425,4.0
twin,twin/F5/law/cv10/s0/r2,,,,F5,law,0.1,0.0,2.0,force,full,,125,5,0.0013294170886997136,neutral,True,4.0,helps,0.01735141253190218,2.0
twin,twin/F5/law/cv10/s0/r2,,,,F5,law,0.1,0.0,2.0,frequency,full,,125,5,0.7820699596653164,helps,True,4.0,helps,0.8324976041448624,4.0
twin,twin/F5/law/cv10/s0/r3,,,,F5,law,0.1,0.0,3.0,composition,full,,125,5,-0.004904429383118747,neutral,True,1.0,hurts,-0.5716372523807779,2.0
twin,twin/F5/law/cv10/s0/r3,,,,F5,law,0.1,0.0,3.0,force,full,,125,5,0.005555882344011609,neutral,True,5.0,helps,0.022950796018377573,5.0
twin,twin/F5/law/cv10/s0/r3,,,,F5,law,0.1,0.0,3.0,frequency,full,,125,5,0.4644285225178785,helps,True,5.0,helps,1.1757204439727853,5.0
twin,twin/F5/law/cv10/s0/r4,,,,F5,law,0.1,0.0,4.0,composition,full,,125,5,-0.07264853993141529,hurts,True,0.0,hurts,-2.4267679790763683,3.0
twin,twin/F5/law/cv10/s0/r4,,,,F5,law,0.1,0.0,4.0,force,full,,125,5,0.0035846329417458245,neutral,True,5.0,helps,0.010249891985131331,4.0
twin,twin/F5/law/cv10/s0/r4,,,,F5,law,0.1,0.0,4.0,frequency,full,,125,5,0.5024666784879274,helps,True,4.0,helps,1.433838405651058,4.0
twin,twin/F5/law/cv10/s0/r5,,,,F5,law,0.1,0.0,5.0,composition,full,,125,5,0.11810971596901909,helps,True,2.0,hurts,-0.3668103876736395,4.0
twin,twin/F5/law/cv10/s0/r5,,,,F5,law,0.1,0.0,5.0,force,full,,125,5,0.02075327078285849,helps,True,5.0,helps,0.03450599105910115,4.0
twin,twin/F5/law/cv10/s0/r5,,,,F5,law,0.1,0.0,5.0,frequency,full,,125,5,0.4987903464072756,helps,True,5.0,helps,1.1668217459367811,5.0
twin,twin/F5/law/cv10/s0/r6,,,,F5,law,0.1,0.0,6.0,composition,full,,125,5,-0.13981925915403637,hurts,True,0.0,hurts,-1.6710985391169597,2.0
twin,twin/F5/law/cv10/s0/r6,,,,F5,law,0.1,0.0,6.0,force,full,,125,5,0.010810828767224279,neutral,True,5.0,helps,0.02086495983524115,4.0
twin,twin/F5/law/cv10/s0/r6,,,,F5,law,0.1,0.0,6.0,frequency,full,,125,5,0.8829176306724502,helps,True,5.0,helps,1.0985610440278282,5.0
twin,twin/F5/law/cv10/s0/r7,,,,F5,law,0.1,0.0,7.0,composition,full,,125,5,-0.02166011505806209,hurts,True,0.0,hurts,-0.7003166333111568,2.0
twin,twin/F5/law/cv10/s0/r7,,,,F5,law,0.1,0.0,7.0,force,full,,125,5,0.0027794924340502902,neutral,True,5.0,helps,0.020455008082850213,3.0
twin,twin/F5/law/cv10/s0/r7,,,,F5,law,0.1,0.0,7.0,frequency,full,,125,5,0.5165895918560195,helps,True,5.0,helps,0.8298372331651789,5.0
twin,twin/F5/law/cv10/s0/r8,,,,F5,law,0.1,0.0,8.0,composition,full,,125,5,-0.08178246841448666,hurts,True,0.0,hurts,-0.16554651649877933,3.0
twin,twin/F5/law/cv10/s0/r8,,,,F5,law,0.1,0.0,8.0,force,full,,125,5,0.0017269520232491287,neutral,True,5.0,helps,0.014799643482247849,4.0
twin,twin/F5/law/cv10/s0/r8,,,,F5,law,0.1,0.0,8.0,frequency,full,,125,5,0.6852081520104608,helps,True,5.0,helps,1.2904572203750262,5.0
twin,twin/F5/law/cv10/s0/r9,,,,F5,law,0.1,0.0,9.0,composition,full,,125,5,0.0713486277010843,helps,True,0.0,hurts,-0.6260966712220744,1.0
twin,twin/F5/law/cv10/s0/r9,,,,F5,law,0.1,0.0,9.0,force,full,,125,5,0.028913987015666498,helps,True,5.0,helps,0.024477925023643855,4.0
twin,twin/F5/law/cv10/s0/r9,,,,F5,law,0.1,0.0,9.0,frequency,full,,125,5,0.5513919688417197,helps,True,5.0,helps,1.3038098357560468,5.0
twin,twin/F5/law/cv10/s0/r10,,,,F5,law,0.1,0.0,10.0,composition,full,,125,5,-0.36276966005051525,hurts,True,1.0,hurts,-0.6874270144628233,3.0
twin,twin/F5/law/cv10/s0/r10,,,,F5,law,0.1,0.0,10.0,force,full,,125,5,0.008584969478514504,neutral,True,5.0,helps,0.011771831953740809,5.0
twin,twin/F5/law/cv10/s0/r10,,,,F5,law,0.1,0.0,10.0,frequency,full,,125,5,0.602890402644116,helps,True,5.0,helps,1.481529212069963,5.0
twin,twin/F5/law/cv10/s0/r11,,,,F5,law,0.1,0.0,11.0,composition,full,,125,5,-0.04263076525209153,hurts,True,0.0,hurts,-1.8642264560484965,2.0
twin,twin/F5/law/cv10/s0/r11,,,,F5,law,0.1,0.0,11.0,force,full,,125,5,0.003414921167591012,neutral,True,5.0,helps,0.013323182180320203,4.0
twin,twin/F5/law/cv10/s0/r11,,,,F5,law,0.1,0.0,11.0,frequency,full,,125,5,0.41479626018262916,helps,True,3.0,helps,0.03200754855009249,3.0
twin,twin/F5/law/cv10/s0/r12,,,,F5,law,0.1,0.0,12.0,composition,full,,125,5,0.06559342844124794,helps,True,0.0,hurts,-0.853902635797823,2.0
twin,twin/F5/law/cv10/s0/r12,,,,F5,law,0.1,0.0,12.0,force,full,,125,5,0.015993882285290084,neutral,True,5.0,helps,0.026846496132354836,3.0
twin,twin/F5/law/cv10/s0/r12,,,,F5,law,0.1,0.0,12.0,frequency,full,,125,5,0.6007282285524976,helps,True,5.0,helps,1.181146222875445,5.0
twin,twin/F5/law/cv10/s0/r13,,,,F5,law,0.1,0.0,13.0,composition,full,,125,5,0.041782010050432916,helps,True,2.0,hurts,-0.062215434889703936,1.0
twin,twin/F5/law/cv10/s0/r13,,,,F5,law,0.1,0.0,13.0,force,full,,125,5,0.0015494768761886712,neutral,True,5.0,helps,0.013020907360684864,3.0
twin,twin/F5/law/cv10/s0/r13,,,,F5,law,0.1,0.0,13.0,frequency,full,,125,5,0.6285458129912106,helps,True,5.0,helps,1.0846378001156436,5.0
twin,twin/F5/law/cv10/s0/r14,,,,F5,law,0.1,0.0,14.0,composition,full,,125,5,0.06359211021539546,helps,True,3.0,helps,-0.0640031753913403,3.0
twin,twin/F5/law/cv10/s0/r14,,,,F5,law,0.1,0.0,14.0,force,full,,125,5,0.010729289356682159,neutral,True,5.0,helps,0.02300077995233798,5.0
twin,twin/F5/law/cv10/s0/r14,,,,F5,law,0.1,0.0,14.0,frequency,full,,125,5,0.7466530663933867,helps,True,5.0,helps,1.8207691035300257,5.0
twin,twin/F5/law/cv10/s0/r15,,,,F5,law,0.1,0.0,15.0,composition,full,,125,5,-0.05468620284360848,hurts,True,2.0,hurts,-0.13519260940848318,1.0
twin,twin/F5/law/cv10/s0/r15,,,,F5,law,0.1,0.0,15.0,force,full,,125,5,0.013514979610992794,neutral,True,5.0,helps,0.023391778401118855,5.0
twin,twin/F5/law/cv10/s0/r15,,,,F5,law,0.1,0.0,15.0,frequency,full,,125,5,0.8747453257307973,helps,True,5.0,helps,1.550379790162427,5.0
twin,twin/F5/law/cv10/s0/r16,,,,F5,law,0.1,0.0,16.0,composition,full,,125,5,0.0037257968220710813,neutral,True,1.0,hurts,-0.40978830688237106,1.0
twin,twin/F5/law/cv10/s0/r16,,,,F5,law,0.1,0.0,16.0,force,full,,125,5,0.001295885727914503,neutral,True,3.0,helps,0.003160704088761479,1.0
twin,twin/F5/law/cv10/s0/r16,,,,F5,law,0.1,0.0,16.0,frequency,full,,125,5,0.7543803792666497,helps,True,5.0,helps,1.535093952132204,5.0
twin,twin/F5/law/cv10/s0/r17,,,,F5,law,0.1,0.0,17.0,composition,full,,125,5,0.0938880948360522,helps,True,1.0,hurts,-0.8766922031905631,3.0
twin,twin/F5/law/cv10/s0/r17,,,,F5,law,0.1,0.0,17.0,force,full,,125,5,0.006576146675112748,neutral,True,5.0,helps,0.014989812428961358,4.0
twin,twin/F5/law/cv10/s0/r17,,,,F5,law,0.1,0.0,17.0,frequency,full,,125,5,0.5640671708094478,helps,True,5.0,helps,1.2237639642902278,5.0
twin,twin/F5/law/cv10/s0/r18,,,,F5,law,0.1,0.0,18.0,composition,full,,125,5,0.03838391864656876,helps,True,2.0,hurts,-0.051362831944883225,2.0
twin,twin/F5/law/cv10/s0/r18,,,,F5,law,0.1,0.0,18.0,force,full,,125,5,0.017750908622761408,neutral,True,5.0,helps,0.027924233944552145,4.0
twin,twin/F5/law/cv10/s0/r18,,,,F5,law,0.1,0.0,18.0,frequency,full,,125,5,0.7916487394221008,helps,True,5.0,helps,1.639146406382023,5.0
twin,twin/F5/law/cv10/s0/r19,,,,F5,law,0.1,0.0,19.0,composition,full,,125,5,-0.0008173372755626573,neutral,True,0.0,hurts,-0.6636642812064995,1.0
twin,twin/F5/law/cv10/s0/r19,,,,F5,law,0.1,0.0,19.0,force,full,,125,5,0.00494970047985499,neutral,True,5.0,helps,0.01904213062940261,5.0
twin,twin/F5/law/cv10/s0/r19,,,,F5,law,0.1,0.0,19.0,frequency,full,,125,5,0.5355268612660936,helps,True,5.0,helps,1.1839401752439893,5.0
twin,twin/F5/law/cv20/s0/r0,,,,F5,law,0.2,0.0,0.0,composition,full,,125,5,0.17929260896735322,helps,True,2.0,hurts,-4.28730585142869,2.0
twin,twin/F5/law/cv20/s0/r0,,,,F5,law,0.2,0.0,0.0,force,full,,125,5,0.004237146281008131,neutral,True,5.0,helps,0.007386497036261241,5.0
twin,twin/F5/law/cv20/s0/r0,,,,F5,law,0.2,0.0,0.0,frequency,full,,125,5,0.5802018651559964,helps,True,5.0,helps,1.3638247046114695,5.0
twin,twin/F5/law/cv20/s0/r1,,,,F5,law,0.2,0.0,1.0,composition,full,,125,5,-0.11166276015276155,hurts,True,0.0,hurts,-2.18941043811802,2.0
twin,twin/F5/law/cv20/s0/r1,,,,F5,law,0.2,0.0,1.0,force,full,,125,5,0.006046437465413779,neutral,True,5.0,helps,0.0160647390416331,5.0
twin,twin/F5/law/cv20/s0/r1,,,,F5,law,0.2,0.0,1.0,frequency,full,,125,5,0.48392953613268097,helps,True,5.0,helps,1.2750995400789429,5.0
twin,twin/F5/law/cv20/s0/r2,,,,F5,law,0.2,0.0,2.0,composition,full,,125,5,0.06712361973778402,helps,True,2.0,hurts,-0.26482115106164644,1.0
twin,twin/F5/law/cv20/s0/r2,,,,F5,law,0.2,0.0,2.0,force,full,,125,5,0.008084653242686701,neutral,True,5.0,helps,0.019726137755778785,5.0
twin,twin/F5/law/cv20/s0/r2,,,,F5,law,0.2,0.0,2.0,frequency,full,,125,5,0.5204693313858036,helps,True,5.0,helps,1.062018395220275,5.0
twin,twin/F5/law/cv20/s0/r3,,,,F5,law,0.2,0.0,3.0,composition,full,,125,5,0.06578276246799308,helps,True,1.0,hurts,-0.5616520904669037,1.0
twin,twin/F5/law/cv20/s0/r3,,,,F5,law,0.2,0.0,3.0,force,full,,125,5,0.0106178714148355,neutral,True,5.0,helps,0.013963117954343952,5.0
twin,twin/F5/law/cv20/s0/r3,,,,F5,law,0.2,0.0,3.0,frequency,full,,125,5,0.5365444125837628,helps,True,5.0,helps,1.0935503882668285,5.0
twin,twin/F5/law/cv20/s0/r4,,,,F5,law,0.2,0.0,4.0,composition,full,,125,5,0.026144512709022627,helps,True,3.0,helps,0.022272036072831992,3.0
twin,twin/F5/law/cv20/s0/r4,,,,F5,law,0.2,0.0,4.0,force,full,,125,5,0.004088609046471459,neutral,True,5.0,helps,0.008541535114447173,5.0
twin,twin/F5/law/cv20/s0/r4,,,,F5,law,0.2,0.0,4.0,frequency,full,,125,5,0.6239992086966392,helps,True,5.0,helps,1.255467145772382,5.0
twin,twin/F5/law/cv20/s0/r5,,,,F5,law,0.2,0.0,5.0,composition,full,,125,5,0.08583217171885249,helps,True,0.0,hurts,-1.887825819572915,1.0
twin,twin/F5/law/cv20/s0/r5,,,,F5,law,0.2,0.0,5.0,force,full,,125,5,0.006729773327929678,neutral,True,5.0,helps,0.012724944572036878,4.0
twin,twin/F5/law/cv20/s0/r5,,,,F5,law,0.2,0.0,5.0,frequency,full,,125,5,0.5034261551359045,helps,True,4.0,helps,0.876612360622714,4.0
twin,twin/F5/law/cv20/s0/r6,,,,F5,law,0.2,0.0,6.0,composition,full,,125,5,0.038273042811855174,helps,True,3.0,helps,0.07587445838413229,1.0
twin,twin/F5/law/cv20/s0/r6,,,,F5,law,0.2,0.0,6.0,force,full,,125,5,0.03503389732655948,helps,True,4.0,helps,0.028165385718869194,3.0
twin,twin/F5/law/cv20/s0/r6,,,,F5,law,0.2,0.0,6.0,frequency,full,,125,5,0.5482825525150845,helps,True,5.0,helps,1.0792123008478505,5.0
twin,twin/F5/law/cv20/s0/r7,,,,F5,law,0.2,0.0,7.0,composition,full,,125,5,0.02400002127826495,helps,True,0.0,hurts,-402.73723327112,3.0
twin,twin/F5/law/cv20/s0/r7,,,,F5,law,0.2,0.0,7.0,force,full,,125,5,0.00879812245862488,neutral,True,5.0,helps,0.015077384057164633,4.0
twin,twin/F5/law/cv20/s0/r7,,,,F5,law,0.2,0.0,7.0,frequency,full,,125,5,0.4988145251207774,helps,True,5.0,helps,0.9789773365027944,5.0
twin,twin/F5/law/cv20/s0/r8,,,,F5,law,0.2,0.0,8.0,composition,full,,125,5,0.04332376195707521,helps,True,0.0,hurts,-2.2086955982306846,2.0
twin,twin/F5/law/cv20/s0/r8,,,,F5,law,0.2,0.0,8.0,force,full,,125,5,0.012741850862116988,neutral,True,5.0,helps,0.06356996755821961,3.0
twin,twin/F5/law/cv20/s0/r8,,,,F5,law,0.2,0.0,8.0,frequency,full,,125,5,0.6499899597808046,helps,True,5.0,helps,1.1111137056317264,5.0
twin,twin/F5/law/cv20/s0/r9,,,,F5,law,0.2,0.0,9.0,composition,full,,125,5,0.03612346204402084,helps,True,3.0,helps,-0.05742098399345006,0.0
twin,twin/F5/law/cv20/s0/r9,,,,F5,law,0.2,0.0,9.0,force,full,,125,5,0.005168288920775255,neutral,True,5.0,helps,0.016217998607557394,5.0
twin,twin/F5/law/cv20/s0/r9,,,,F5,law,0.2,0.0,9.0,frequency,full,,125,5,0.6452328903617034,helps,True,5.0,helps,1.3076597899211435,5.0
twin,twin/F5/law/cv20/s0/r10,,,,F5,law,0.2,0.0,10.0,composition,full,,125,5,-0.12513687384158056,hurts,True,1.0,hurts,-0.4188646653248595,4.0
twin,twin/F5/law/cv20/s0/r10,,,,F5,law,0.2,0.0,10.0,force,full,,125,5,0.003454074157954068,neutral,True,5.0,helps,0.0043611417107915825,5.0
twin,twin/F5/law/cv20/s0/r10,,,,F5,law,0.2,0.0,10.0,frequency,full,,125,5,0.70595365345255,helps,True,5.0,helps,1.2904102963434383,5.0
twin,twin/F5/law/cv20/s0/r11,,,,F5,law,0.2,0.0,11.0,composition,full,,125,5,-0.12522840647892508,hurts,True,0.0,hurts,-3.3117966380659025,2.0
twin,twin/F5/law/cv20/s0/r11,,,,F5,law,0.2,0.0,11.0,force,full,,125,5,0.02041871713185528,helps,True,5.0,helps,0.0682063906838617,3.0
twin,twin/F5/law/cv20/s0/r11,,,,F5,law,0.2,0.0,11.0,frequency,full,,125,5,0.7337719089081125,helps,True,4.0,helps,1.2215735168404467,4.0
twin,twin/F5/law/cv20/s0/r12,,,,F5,law,0.2,0.0,12.0,composition,full,,125,5,0.11313742248451542,helps,True,0.0,hurts,-1.0070105861490788,1.0
twin,twin/F5/law/cv20/s0/r12,,,,F5,law,0.2,0.0,12.0,force,full,,125,5,0.008826837640834029,neutral,True,5.0,helps,0.021579348532698696,2.0
twin,twin/F5/law/cv20/s0/r12,,,,F5,law,0.2,0.0,12.0,frequency,full,,125,5,0.6625583402619152,helps,True,5.0,helps,1.0880918097751835,5.0
twin,twin/F5/law/cv20/s0/r13,,,,F5,law,0.2,0.0,13.0,composition,full,,125,5,-0.1283307911669057,hurts,True,2.0,hurts,-0.6266263936090637,1.0
twin,twin/F5/law/cv20/s0/r13,,,,F5,law,0.2,0.0,13.0,force,full,,125,5,0.011571869298642401,neutral,True,3.0,helps,0.008380311637722505,1.0
twin,twin/F5/law/cv20/s0/r13,,,,F5,law,0.2,0.0,13.0,frequency,full,,125,5,0.5504650354913304,helps,True,4.0,helps,0.715687767975456,4.0
twin,twin/F5/law/cv20/s0/r14,,,,F5,law,0.2,0.0,14.0,composition,full,,125,5,0.0888603957775983,helps,True,1.0,hurts,-0.300397618832175,0.0
twin,twin/F5/law/cv20/s0/r14,,,,F5,law,0.2,0.0,14.0,force,full,,125,5,0.00027495652126174885,neutral,True,5.0,helps,0.020917759570081775,3.0
twin,twin/F5/law/cv20/s0/r14,,,,F5,law,0.2,0.0,14.0,frequency,full,,125,5,0.6183281731021025,helps,True,5.0,helps,1.4008696571309616,5.0
twin,twin/F5/law/cv20/s0/r15,,,,F5,law,0.2,0.0,15.0,composition,full,,125,5,-0.09490785887634079,hurts,True,1.0,hurts,-0.20397610098887187,3.0
twin,twin/F5/law/cv20/s0/r15,,,,F5,law,0.2,0.0,15.0,force,full,,125,5,0.004740048754150128,neutral,True,5.0,helps,0.01303232195187789,3.0
twin,twin/F5/law/cv20/s0/r15,,,,F5,law,0.2,0.0,15.0,frequency,full,,125,5,0.602404312152973,helps,True,5.0,helps,1.3315383820251037,5.0
twin,twin/F5/law/cv20/s0/r16,,,,F5,law,0.2,0.0,16.0,composition,full,,125,5,0.013577027552002963,neutral,True,1.0,hurts,-0.4158955736790884,2.0
twin,twin/F5/law/cv20/s0/r16,,,,F5,law,0.2,0.0,16.0,force,full,,125,5,0.007831718407251054,neutral,True,4.0,helps,0.019119347228022644,2.0
twin,twin/F5/law/cv20/s0/r16,,,,F5,law,0.2,0.0,16.0,frequency,full,,125,5,0.42405295791634534,helps,True,5.0,helps,0.8197028588699883,5.0
twin,twin/F5/law/cv20/s0/r17,,,,F5,law,0.2,0.0,17.0,composition,full,,125,5,-0.15150346043430674,hurts,True,1.0,hurts,-0.42070905286854715,2.0
twin,twin/F5/law/cv20/s0/r17,,,,F5,law,0.2,0.0,17.0,force,full,,125,5,0.002568093839757646,neutral,True,4.0,helps,0.007700928868252443,3.0
twin,twin/F5/law/cv20/s0/r17,,,,F5,law,0.2,0.0,17.0,frequency,full,,125,5,0.5745583602052768,helps,True,5.0,helps,0.9051484229277612,5.0
twin,twin/F5/law/cv20/s0/r18,,,,F5,law,0.2,0.0,18.0,composition,full,,125,5,0.059607182511513646,helps,True,1.0,hurts,-0.44986565060183975,1.0
twin,twin/F5/law/cv20/s0/r18,,,,F5,law,0.2,0.0,18.0,force,full,,125,5,0.0064683540597314515,neutral,True,5.0,helps,0.011902194547604928,4.0
twin,twin/F5/law/cv20/s0/r18,,,,F5,law,0.2,0.0,18.0,frequency,full,,125,5,0.9053846023953745,helps,True,5.0,helps,1.3569768880122477,5.0
twin,twin/F5/law/cv20/s0/r19,,,,F5,law,0.2,0.0,19.0,composition,full,,125,5,-0.1457577971243217,hurts,True,1.0,hurts,-1.360420857892988,2.0
twin,twin/F5/law/cv20/s0/r19,,,,F5,law,0.2,0.0,19.0,force,full,,125,5,0.012401771149625485,neutral,True,5.0,helps,0.06782511961638067,3.0
twin,twin/F5/law/cv20/s0/r19,,,,F5,law,0.2,0.0,19.0,frequency,full,,125,5,0.7835097378723197,helps,True,5.0,helps,1.29727472731533,5.0
twin,twin/F5/twomode/cv10/s0/r0,,,,F5,twomode,0.1,0.0,0.0,composition,full,,125,5,0.056952754927919624,helps,True,2.0,hurts,-1.2953841646772966,3.0
twin,twin/F5/twomode/cv10/s0/r0,,,,F5,twomode,0.1,0.0,0.0,force,full,,125,5,0.017652634376576493,neutral,True,4.0,helps,0.015391670937716206,2.0
twin,twin/F5/twomode/cv10/s0/r0,,,,F5,twomode,0.1,0.0,0.0,frequency,full,,125,5,-1.5224749474778352,hurts,True,2.0,hurts,-1.0274621745859513,1.0
twin,twin/F5/twomode/cv10/s0/r1,,,,F5,twomode,0.1,0.0,1.0,composition,full,,125,5,0.06283023191365333,helps,True,4.0,helps,0.04837064795496737,2.0
twin,twin/F5/twomode/cv10/s0/r1,,,,F5,twomode,0.1,0.0,1.0,force,full,,125,5,0.0017450290406110236,neutral,True,5.0,helps,0.007443375219482751,4.0
twin,twin/F5/twomode/cv10/s0/r1,,,,F5,twomode,0.1,0.0,1.0,frequency,full,,125,5,-0.3890932916005192,hurts,True,2.0,hurts,-0.33796740109617324,1.0
twin,twin/F5/twomode/cv10/s0/r2,,,,F5,twomode,0.1,0.0,2.0,composition,full,,125,5,0.10080715767940118,helps,True,0.0,hurts,-1.4600874440850302,2.0
twin,twin/F5/twomode/cv10/s0/r2,,,,F5,twomode,0.1,0.0,2.0,force,full,,125,5,-0.001491607373649173,neutral,True,4.0,helps,0.0048123449182545745,3.0
twin,twin/F5/twomode/cv10/s0/r2,,,,F5,twomode,0.1,0.0,2.0,frequency,full,,125,5,-1.3180957013007788,hurts,True,2.0,hurts,-0.9823715393870531,1.0
twin,twin/F5/twomode/cv10/s0/r3,,,,F5,twomode,0.1,0.0,3.0,composition,full,,125,5,0.07944224620441132,helps,True,0.0,hurts,-0.8899557136398004,1.0
twin,twin/F5/twomode/cv10/s0/r3,,,,F5,twomode,0.1,0.0,3.0,force,full,,125,5,0.006869575016420715,neutral,True,5.0,helps,0.011356708517070092,4.0
twin,twin/F5/twomode/cv10/s0/r3,,,,F5,twomode,0.1,0.0,3.0,frequency,full,,125,5,-0.9557691908934745,hurts,True,2.0,hurts,-0.8984510852081824,1.0
twin,twin/F5/twomode/cv10/s0/r4,,,,F5,twomode,0.1,0.0,4.0,composition,full,,125,5,-0.056683478570126344,hurts,True,0.0,hurts,-3.7535012891281583,1.0
twin,twin/F5/twomode/cv10/s0/r4,,,,F5,twomode,0.1,0.0,4.0,force,full,,125,5,0.018646141637799762,neutral,True,5.0,helps,0.07891073376771415,4.0
twin,twin/F5/twomode/cv10/s0/r4,,,,F5,twomode,0.1,0.0,4.0,frequency,full,,125,5,-1.033238884546348,hurts,True,2.0,hurts,-0.930904621694344,2.0
twin,twin/F5/twomode/cv10/s0/r5,,,,F5,twomode,0.1,0.0,5.0,composition,full,,125,5,0.09662212397800951,helps,True,1.0,hurts,-0.2864365783787804,2.0
twin,twin/F5/twomode/cv10/s0/r5,,,,F5,twomode,0.1,0.0,5.0,force,full,,125,5,-0.00015186556827417874,neutral,True,3.0,helps,0.007447907228932538,0.0
twin,twin/F5/twomode/cv10/s0/r5,,,,F5,twomode,0.1,0.0,5.0,frequency,full,,125,5,-1.2836297620868558,hurts,True,2.0,hurts,-0.7752078300140033,1.0
twin,twin/F5/twomode/cv10/s0/r6,,,,F5,twomode,0.1,0.0,6.0,composition,full,,125,5,0.05132804127064361,helps,True,1.0,hurts,-10.144071551330283,3.0
twin,twin/F5/twomode/cv10/s0/r6,,,,F5,twomode,0.1,0.0,6.0,force,full,,125,5,0.013962597637280805,neutral,True,5.0,helps,0.038013813416083765,4.0
twin,twin/F5/twomode/cv10/s0/r6,,,,F5,twomode,0.1,0.0,6.0,frequency,full,,125,5,-1.3779433180719605,hurts,True,2.0,hurts,-1.2190152354381767,1.0
twin,twin/F5/twomode/cv10/s0/r7,,,,F5,twomode,0.1,0.0,7.0,composition,full,,125,5,0.05473395774316092,helps,True,2.0,hurts,-0.08252950783990876,4.0
twin,twin/F5/twomode/cv10/s0/r7,,,,F5,twomode,0.1,0.0,7.0,force,full,,125,5,0.0008147930575422846,neutral,True,5.0,helps,0.0036210029316500413,3.0
twin,twin/F5/twomode/cv10/s0/r7,,,,F5,twomode,0.1,0.0,7.0,frequency,full,,125,5,-1.73923837068135,hurts,True,2.0,hurts,-1.315498667585175,1.0
twin,twin/F5/twomode/cv10/s0/r8,,,,F5,twomode,0.1,0.0,8.0,composition,full,,125,5,0.05112935805901375,helps,True,3.0,helps,-0.08539039779391455,2.0
twin,twin/F5/twomode/cv10/s0/r8,,,,F5,twomode,0.1,0.0,8.0,force,full,,125,5,0.00813832887515653,neutral,True,4.0,helps,0.011209409023796635,3.0
twin,twin/F5/twomode/cv10/s0/r8,,,,F5,twomode,0.1,0.0,8.0,frequency,full,,125,5,-1.5970817799276023,hurts,True,2.0,hurts,-1.3127540087605847,1.0
twin,twin/F5/twomode/cv10/s0/r9,,,,F5,twomode,0.1,0.0,9.0,composition,full,,125,5,0.028014364798204627,helps,True,2.0,hurts,-0.31891089376161097,4.0
twin,twin/F5/twomode/cv10/s0/r9,,,,F5,twomode,0.1,0.0,9.0,force,full,,125,5,0.011560706916598162,neutral,True,5.0,helps,0.018916781026809625,4.0
twin,twin/F5/twomode/cv10/s0/r9,,,,F5,twomode,0.1,0.0,9.0,frequency,full,,125,5,-1.2215288857393034,hurts,True,2.0,hurts,-0.8146992699771985,1.0
twin,twin/F5/twomode/cv10/s0/r10,,,,F5,twomode,0.1,0.0,10.0,composition,full,,125,5,0.0422808172295871,helps,True,3.0,helps,-0.09615670649039983,3.0
twin,twin/F5/twomode/cv10/s0/r10,,,,F5,twomode,0.1,0.0,10.0,force,full,,125,5,0.005325306745123992,neutral,True,5.0,helps,0.012184132247203916,4.0
twin,twin/F5/twomode/cv10/s0/r10,,,,F5,twomode,0.1,0.0,10.0,frequency,full,,125,5,-1.1150239670831628,hurts,True,2.0,hurts,-1.473602699853938,1.0
twin,twin/F5/twomode/cv10/s0/r11,,,,F5,twomode,0.1,0.0,11.0,composition,full,,125,5,0.05039658748786435,helps,True,1.0,hurts,-32.08823365277151,1.0
twin,twin/F5/twomode/cv10/s0/r11,,,,F5,twomode,0.1,0.0,11.0,force,full,,125,5,-0.003837573233558156,neutral,True,4.0,helps,0.028458017954976555,0.0
twin,twin/F5/twomode/cv10/s0/r11,,,,F5,twomode,0.1,0.0,11.0,frequency,full,,125,5,-1.5817909367354295,hurts,True,1.0,hurts,-1.783236247757006,2.0
twin,twin/F5/twomode/cv10/s0/r12,,,,F5,twomode,0.1,0.0,12.0,composition,full,,125,5,0.13338291428279714,helps,True,1.0,hurts,-0.887585500620729,3.0
twin,twin/F5/twomode/cv10/s0/r12,,,,F5,twomode,0.1,0.0,12.0,force,full,,125,5,-0.0014822204653009985,neutral,True,2.0,hurts,0.0017963945356050503,1.0
twin,twin/F5/twomode/cv10/s0/r12,,,,F5,twomode,0.1,0.0,12.0,frequency,full,,125,5,-0.9813404849673781,hurts,True,2.0,hurts,-0.6849282662408901,1.0
twin,twin/F5/twomode/cv10/s0/r13,,,,F5,twomode,0.1,0.0,13.0,composition,full,,125,5,0.04058973288526302,helps,True,2.0,hurts,-0.6877612028109107,4.0
twin,twin/F5/twomode/cv10/s0/r13,,,,F5,twomode,0.1,0.0,13.0,force,full,,125,5,0.013772996081396816,neutral,True,5.0,helps,0.050391208509785776,2.0
twin,twin/F5/twomode/cv10/s0/r13,,,,F5,twomode,0.1,0.0,13.0,frequency,full,,125,5,-1.5127098225170763,hurts,True,2.0,hurts,-1.277484539901499,1.0
twin,twin/F5/twomode/cv10/s0/r14,,,,F5,twomode,0.1,0.0,14.0,composition,full,,125,5,0.07100255602797723,helps,True,0.0,hurts,-0.6738132167383055,2.0
twin,twin/F5/twomode/cv10/s0/r14,,,,F5,twomode,0.1,0.0,14.0,force,full,,125,5,0.0030114343627856144,neutral,True,3.0,helps,0.003051818963814501,2.0
twin,twin/F5/twomode/cv10/s0/r14,,,,F5,twomode,0.1,0.0,14.0,frequency,full,,125,5,-1.2077235844008993,hurts,True,2.0,hurts,-1.1987710744197533,1.0
twin,twin/F5/twomode/cv10/s0/r15,,,,F5,twomode,0.1,0.0,15.0,composition,full,,125,5,0.01586709575845968,neutral,True,2.0,hurts,-2.5822966452772174,1.0
twin,twin/F5/twomode/cv10/s0/r15,,,,F5,twomode,0.1,0.0,15.0,force,full,,125,5,0.015641910877941756,neutral,True,4.0,helps,0.0347289223998257,2.0
twin,twin/F5/twomode/cv10/s0/r15,,,,F5,twomode,0.1,0.0,15.0,frequency,full,,125,5,-1.2425160485453572,hurts,True,1.0,hurts,-2.0048142201855863,2.0
twin,twin/F5/twomode/cv10/s0/r16,,,,F5,twomode,0.1,0.0,16.0,composition,full,,125,5,0.037590602466944345,helps,True,1.0,hurts,-1.1410636436575998,1.0
twin,twin/F5/twomode/cv10/s0/r16,,,,F5,twomode,0.1,0.0,16.0,force,full,,125,5,0.026433660091215172,helps,True,4.0,helps,0.019251611576160243,2.0
twin,twin/F5/twomode/cv10/s0/r16,,,,F5,twomode,0.1,0.0,16.0,frequency,full,,125,5,-1.2828621201897423,hurts,True,2.0,hurts,-1.110055786983652,1.0
twin,twin/F5/twomode/cv10/s0/r17,,,,F5,twomode,0.1,0.0,17.0,composition,full,,125,5,0.04684509372229917,helps,True,2.0,hurts,-1.2139757637936222,4.0
twin,twin/F5/twomode/cv10/s0/r17,,,,F5,twomode,0.1,0.0,17.0,force,full,,125,5,0.004968230630362336,neutral,True,5.0,helps,0.007199325562705394,3.0
twin,twin/F5/twomode/cv10/s0/r17,,,,F5,twomode,0.1,0.0,17.0,frequency,full,,125,5,-1.31370953960803,hurts,True,2.0,hurts,-1.1018906382518596,1.0
twin,twin/F5/twomode/cv10/s0/r18,,,,F5,twomode,0.1,0.0,18.0,composition,full,,125,5,0.020244777717198792,helps,True,0.0,hurts,-4.1552415886840315,2.0
twin,twin/F5/twomode/cv10/s0/r18,,,,F5,twomode,0.1,0.0,18.0,force,full,,125,5,-0.0020272397111301688,neutral,True,3.0,helps,0.01154761810980467,2.0
twin,twin/F5/twomode/cv10/s0/r18,,,,F5,twomode,0.1,0.0,18.0,frequency,full,,125,5,-1.0679687978764254,hurts,True,2.0,hurts,-0.880974275259206,1.0
twin,twin/F5/twomode/cv10/s0/r19,,,,F5,twomode,0.1,0.0,19.0,composition,full,,125,5,-0.19788774660531316,hurts,True,1.0,hurts,-1.282134771789601,2.0
twin,twin/F5/twomode/cv10/s0/r19,,,,F5,twomode,0.1,0.0,19.0,force,full,,125,5,0.0030249887007713916,neutral,True,5.0,helps,0.023572237860231948,2.0
twin,twin/F5/twomode/cv10/s0/r19,,,,F5,twomode,0.1,0.0,19.0,frequency,full,,125,5,-1.2241960032582004,hurts,True,2.0,hurts,-1.4888025942804046,1.0
twin,twin/F5/twomode/cv20/s0/r0,,,,F5,twomode,0.2,0.0,0.0,composition,full,,125,5,-0.37818854674503677,hurts,True,0.0,hurts,-3.239371847667072,3.0
twin,twin/F5/twomode/cv20/s0/r0,,,,F5,twomode,0.2,0.0,0.0,force,full,,125,5,-0.0015889248481270046,neutral,True,4.0,helps,0.014508368566796982,1.0
twin,twin/F5/twomode/cv20/s0/r0,,,,F5,twomode,0.2,0.0,0.0,frequency,full,,125,5,-1.0018709491927607,hurts,True,1.0,hurts,-1.7338386974149025,2.0
twin,twin/F5/twomode/cv20/s0/r1,,,,F5,twomode,0.2,0.0,1.0,composition,full,,125,5,0.1006713437962038,helps,True,0.0,hurts,-0.6929584134399168,2.0
twin,twin/F5/twomode/cv20/s0/r1,,,,F5,twomode,0.2,0.0,1.0,force,full,,125,5,0.001269149705325212,neutral,True,5.0,helps,0.006419620936002013,3.0
twin,twin/F5/twomode/cv20/s0/r1,,,,F5,twomode,0.2,0.0,1.0,frequency,full,,125,5,-1.1411012132622482,hurts,True,2.0,hurts,-0.7973915101486798,1.0
twin,twin/F5/twomode/cv20/s0/r2,,,,F5,twomode,0.2,0.0,2.0,composition,full,,125,5,0.040958090625947796,helps,True,1.0,hurts,-0.11063042672712346,2.0
twin,twin/F5/twomode/cv20/s0/r2,,,,F5,twomode,0.2,0.0,2.0,force,full,,125,5,-0.0032522758440334254,neutral,True,2.0,hurts,0.0016777236300420163,1.0
twin,twin/F5/twomode/cv20/s0/r2,,,,F5,twomode,0.2,0.0,2.0,frequency,full,,125,5,-0.96153124380628,hurts,True,2.0,hurts,-0.6484293402693193,1.0
twin,twin/F5/twomode/cv20/s0/r3,,,,F5,twomode,0.2,0.0,3.0,composition,full,,125,5,0.04651008203722162,helps,True,0.0,hurts,-1.1772110755952703,3.0
twin,twin/F5/twomode/cv20/s0/r3,,,,F5,twomode,0.2,0.0,3.0,force,full,,125,5,0.004047981065739226,neutral,True,4.0,helps,0.014540193944669122,4.0
twin,twin/F5/twomode/cv20/s0/r3,,,,F5,twomode,0.2,0.0,3.0,frequency,full,,125,5,-0.6425158051200346,hurts,True,2.0,hurts,-0.3910882401659917,1.0
twin,twin/F5/twomode/cv20/s0/r4,,,,F5,twomode,0.2,0.0,4.0,composition,full,,125,5,0.010874760992872323,neutral,True,0.0,hurts,-13.218379535682327,3.0
twin,twin/F5/twomode/cv20/s0/r4,,,,F5,twomode,0.2,0.0,4.0,force,full,,125,5,0.015289775014635687,neutral,True,5.0,helps,0.036695093973908646,5.0
twin,twin/F5/twomode/cv20/s0/r4,,,,F5,twomode,0.2,0.0,4.0,frequency,full,,125,5,-0.8852304092178791,hurts,True,2.0,hurts,-0.6606461306279443,1.0
twin,twin/F5/twomode/cv20/s0/r5,,,,F5,twomode,0.2,0.0,5.0,composition,full,,125,5,-0.04715681982430109,hurts,True,1.0,hurts,-5.350644616850781,3.0
twin,twin/F5/twomode/cv20/s0/r5,,,,F5,twomode,0.2,0.0,5.0,force,full,,125,5,0.01104269037851957,neutral,True,4.0,helps,0.034727884591339596,3.0
twin,twin/F5/twomode/cv20/s0/r5,,,,F5,twomode,0.2,0.0,5.0,frequency,full,,125,5,-0.9484922481062026,hurts,True,2.0,hurts,-0.6848336359922477,1.0
twin,twin/F5/twomode/cv20/s0/r6,,,,F5,twomode,0.2,0.0,6.0,composition,full,,125,5,-1.4943332786128938,hurts,True,1.0,hurts,-3.4473396829711627,1.0
twin,twin/F5/twomode/cv20/s0/r6,,,,F5,twomode,0.2,0.0,6.0,force,full,,125,5,0.004981298556491653,neutral,True,5.0,helps,0.014368926064863285,4.0
twin,twin/F5/twomode/cv20/s0/r6,,,,F5,twomode,0.2,0.0,6.0,frequency,full,,125,5,-0.8012838917923801,hurts,True,1.0,hurts,-1.021804852123401,2.0
twin,twin/F5/twomode/cv20/s0/r7,,,,F5,twomode,0.2,0.0,7.0,composition,full,,125,5,-0.060444379984090246,hurts,True,0.0,hurts,-7.280847671588537,2.0
twin,twin/F5/twomode/cv20/s0/r7,,,,F5,twomode,0.2,0.0,7.0,force,full,,125,5,-0.0025155989252555466,neutral,True,4.0,helps,0.003683649943638856,3.0
twin,twin/F5/twomode/cv20/s0/r7,,,,F5,twomode,0.2,0.0,7.0,frequency,full,,125,5,-1.4095711141877314,hurts,True,2.0,hurts,-1.1237966077838455,1.0
twin,twin/F5/twomode/cv20/s0/r8,,,,F5,twomode,0.2,0.0,8.0,composition,full,,125,5,0.019736550959809307,neutral,True,1.0,hurts,-10.763650983026851,2.0
twin,twin/F5/twomode/cv20/s0/r8,,,,F5,twomode,0.2,0.0,8.0,force,full,,125,5,-0.0009361670050408444,neutral,True,4.0,helps,0.005939587062461249,2.0
twin,twin/F5/twomode/cv20/s0/r8,,,,F5,twomode,0.2,0.0,8.0,frequency,full,,125,5,-1.6050868137269991,hurts,True,1.0,hurts,-1.2194830413306297,2.0
twin,twin/F5/twomode/cv20/s0/r9,,,,F5,twomode,0.2,0.0,9.0,composition,full,,125,5,-0.05720825542478292,hurts,True,0.0,hurts,-1.2481694314705207,2.0
twin,twin/F5/twomode/cv20/s0/r9,,,,F5,twomode,0.2,0.0,9.0,force,full,,125,5,0.0026094609764507615,neutral,True,5.0,helps,0.00584701701372734,4.0
twin,twin/F5/twomode/cv20/s0/r9,,,,F5,twomode,0.2,0.0,9.0,frequency,full,,125,5,-1.2371212746059124,hurts,True,2.0,hurts,-1.2441898035953964,1.0
twin,twin/F5/twomode/cv20/s0/r10,,,,F5,twomode,0.2,0.0,10.0,composition,full,,125,5,-0.07730598811549061,hurts,True,0.0,hurts,-1.0809425739153729,2.0
twin,twin/F5/twomode/cv20/s0/r10,,,,F5,twomode,0.2,0.0,10.0,force,full,,125,5,0.008652031533478599,neutral,True,5.0,helps,0.013047117504731708,4.0
twin,twin/F5/twomode/cv20/s0/r10,,,,F5,twomode,0.2,0.0,10.0,frequency,full,,125,5,-0.9079306669277876,hurts,True,2.0,hurts,-0.8188751852499794,1.0
twin,twin/F5/twomode/cv20/s0/r11,,,,F5,twomode,0.2,0.0,11.0,composition,full,,125,5,-1.5989014148120024,hurts,True,0.0,hurts,-2.8600133018674825,3.0
twin,twin/F5/twomode/cv20/s0/r11,,,,F5,twomode,0.2,0.0,11.0,force,full,,125,5,0.0013968815958456116,neutral,True,5.0,helps,0.00563581459789495,4.0
twin,twin/F5/twomode/cv20/s0/r11,,,,F5,twomode,0.2,0.0,11.0,frequency,full,,125,5,-1.2916386966706783,hurts,True,2.0,hurts,-1.2684213504197963,1.0
twin,twin/F5/twomode/cv20/s0/r12,,,,F5,twomode,0.2,0.0,12.0,composition,full,,125,5,-0.11337294024694367,hurts,True,0.0,hurts,-5.072330703270226,3.0
twin,twin/F5/twomode/cv20/s0/r12,,,,F5,twomode,0.2,0.0,12.0,force,full,,125,5,0.015179720611661396,neutral,True,5.0,helps,0.01794447425066321,3.0
twin,twin/F5/twomode/cv20/s0/r12,,,,F5,twomode,0.2,0.0,12.0,frequency,full,,125,5,-1.0817570137274966,hurts,True,2.0,hurts,-0.9173076987589533,1.0
twin,twin/F5/twomode/cv20/s0/r13,,,,F5,twomode,0.2,0.0,13.0,composition,full,,125,5,-0.07217475872514034,hurts,True,0.0,hurts,-8.259205321222792,4.0
twin,twin/F5/twomode/cv20/s0/r13,,,,F5,twomode,0.2,0.0,13.0,force,full,,125,5,0.004995566804890439,neutral,True,5.0,helps,0.0776699426307667,3.0
twin,twin/F5/twomode/cv20/s0/r13,,,,F5,twomode,0.2,0.0,13.0,frequency,full,,125,5,-1.0754339746513488,hurts,True,2.0,hurts,-1.0896046421456806,1.0
twin,twin/F5/twomode/cv20/s0/r14,,,,F5,twomode,0.2,0.0,14.0,composition,full,,125,5,-0.14145427078070483,hurts,True,0.0,hurts,-0.3427189136998055,4.0
twin,twin/F5/twomode/cv20/s0/r14,,,,F5,twomode,0.2,0.0,14.0,force,full,,125,5,0.013413496206868714,neutral,True,5.0,helps,0.0190362913480693,5.0
twin,twin/F5/twomode/cv20/s0/r14,,,,F5,twomode,0.2,0.0,14.0,frequency,full,,125,5,-0.4609353157467613,hurts,True,2.0,hurts,-0.39997747791325333,1.0
twin,twin/F5/twomode/cv20/s0/r15,,,,F5,twomode,0.2,0.0,15.0,composition,full,,125,5,-0.015510471491318567,neutral,True,0.0,hurts,-2.235766457418027,3.0
twin,twin/F5/twomode/cv20/s0/r15,,,,F5,twomode,0.2,0.0,15.0,force,full,,125,5,0.014339240477390103,neutral,True,5.0,helps,0.04344555332299451,3.0
twin,twin/F5/twomode/cv20/s0/r15,,,,F5,twomode,0.2,0.0,15.0,frequency,full,,125,5,-1.3295023480248145,hurts,True,1.0,hurts,-1.4435895319441392,3.0
twin,twin/F5/twomode/cv20/s0/r16,,,,F5,twomode,0.2,0.0,16.0,composition,full,,125,5,-0.38277085830390045,hurts,True,1.0,hurts,-0.3727351470585302,2.0
twin,twin/F5/twomode/cv20/s0/r16,,,,F5,twomode,0.2,0.0,16.0,force,full,,125,5,0.002347703340946583,neutral,True,5.0,helps,0.018691930749870123,2.0
twin,twin/F5/twomode/cv20/s0/r16,,,,F5,twomode,0.2,0.0,16.0,frequency,full,,125,5,-1.014036287162773,hurts,True,2.0,hurts,-0.996590019078042,1.0
twin,twin/F5/twomode/cv20/s0/r17,,,,F5,twomode,0.2,0.0,17.0,composition,full,,125,5,0.055388605568036375,helps,True,1.0,hurts,-2.733852010848929,3.0
twin,twin/F5/twomode/cv20/s0/r17,,,,F5,twomode,0.2,0.0,17.0,force,full,,125,5,0.0017108076265069938,neutral,True,4.0,helps,0.0031583648018597365,2.0
twin,twin/F5/twomode/cv20/s0/r17,,,,F5,twomode,0.2,0.0,17.0,frequency,full,,125,5,-1.494418093490541,hurts,True,3.0,helps,-1.589623317204414,0.0
twin,twin/F5/twomode/cv20/s0/r18,,,,F5,twomode,0.2,0.0,18.0,composition,full,,125,5,-0.2243880710042364,hurts,True,1.0,hurts,-0.19693470080518094,2.0
twin,twin/F5/twomode/cv20/s0/r18,,,,F5,twomode,0.2,0.0,18.0,force,full,,125,5,0.0052199692546085474,neutral,True,5.0,helps,0.023348248453758314,5.0
twin,twin/F5/twomode/cv20/s0/r18,,,,F5,twomode,0.2,0.0,18.0,frequency,full,,125,5,-0.9311645928190906,hurts,True,2.0,hurts,-0.8260834170579056,1.0
twin,twin/F5/twomode/cv20/s0/r19,,,,F5,twomode,0.2,0.0,19.0,composition,full,,125,5,-1.7888546632956568,hurts,True,1.0,hurts,-2.7323443228845483,3.0
twin,twin/F5/twomode/cv20/s0/r19,,,,F5,twomode,0.2,0.0,19.0,force,full,,125,5,-0.006105785790432416,neutral,True,3.0,helps,0.011062042275631168,1.0
twin,twin/F5/twomode/cv20/s0/r19,,,,F5,twomode,0.2,0.0,19.0,frequency,full,,125,5,-1.4759280089044902,hurts,True,2.0,hurts,-1.0965777342781027,1.0
twin_sens,twin/F5/law/cv10/s42/r0,,,,F5,law,0.1,42.0,0.0,composition,full,,125,5,0.04994039157275265,helps,True,1.0,hurts,-0.2869679413468173,4.0
twin_sens,twin/F5/law/cv10/s42/r0,,,,F5,law,0.1,42.0,0.0,force,full,,125,5,0.0003400081907285468,neutral,True,5.0,helps,0.007710608293396782,3.0
twin_sens,twin/F5/law/cv10/s42/r0,,,,F5,law,0.1,42.0,0.0,frequency,full,,125,5,0.7164470921691392,helps,True,5.0,helps,1.089314080770704,5.0
twin_sens,twin/F5/law/cv10/s42/r1,,,,F5,law,0.1,42.0,1.0,composition,full,,125,5,-0.07037110672357272,hurts,True,0.0,hurts,-1.20000762350074,2.0
twin_sens,twin/F5/law/cv10/s42/r1,,,,F5,law,0.1,42.0,1.0,force,full,,125,5,0.006014394981135429,neutral,True,5.0,helps,0.02496293657407702,4.0
twin_sens,twin/F5/law/cv10/s42/r1,,,,F5,law,0.1,42.0,1.0,frequency,full,,125,5,0.7953081020743314,helps,True,5.0,helps,1.5328621249042196,5.0
twin_sens,twin/F5/law/cv10/s42/r2,,,,F5,law,0.1,42.0,2.0,composition,full,,125,5,0.04299496049968998,helps,True,3.0,helps,-0.2070324744451785,3.0
twin_sens,twin/F5/law/cv10/s42/r2,,,,F5,law,0.1,42.0,2.0,force,full,,125,5,0.0029600362377306677,neutral,True,5.0,helps,0.02396665516044134,4.0
twin_sens,twin/F5/law/cv10/s42/r2,,,,F5,law,0.1,42.0,2.0,frequency,full,,125,5,0.5687769663195219,helps,True,5.0,helps,1.0285281339990042,5.0
twin_sens,twin/F5/law/cv10/s42/r3,,,,F5,law,0.1,42.0,3.0,composition,full,,125,5,0.037452385887357775,helps,True,2.0,hurts,-0.3397097585261997,2.0
twin_sens,twin/F5/law/cv10/s42/r3,,,,F5,law,0.1,42.0,3.0,force,full,,125,5,0.006003054617815584,neutral,True,5.0,helps,0.02454547241663132,4.0
twin_sens,twin/F5/law/cv10/s42/r3,,,,F5,law,0.1,42.0,3.0,frequency,full,,125,5,0.505375628425743,helps,True,5.0,helps,0.8672525806284096,5.0
twin_sens,twin/F5/law/cv10/s42/r4,,,,F5,law,0.1,42.0,4.0,composition,full,,125,5,0.04420136559603072,helps,True,2.0,hurts,-0.8396066892548113,2.0
twin_sens,twin/F5/law/cv10/s42/r4,,,,F5,law,0.1,42.0,4.0,force,full,,125,5,0.0038369858269963197,neutral,True,5.0,helps,0.028299172372058014,4.0
twin_sens,twin/F5/law/cv10/s42/r4,,,,F5,law,0.1,42.0,4.0,frequency,full,,125,5,0.5508948411908918,helps,True,5.0,helps,1.00556882553455,5.0
twin_sens,twin/F5/law/cv10/s42/r5,,,,F5,law,0.1,42.0,5.0,composition,full,,125,5,-0.05887029769438845,hurts,True,2.0,hurts,-0.1292358516513869,1.0
twin_sens,twin/F5/law/cv10/s42/r5,,,,F5,law,0.1,42.0,5.0,force,full,,125,5,0.009994403892876091,neutral,True,5.0,helps,0.025621107104851392,4.0
twin_sens,twin/F5/law/cv10/s42/r5,,,,F5,law,0.1,42.0,5.0,frequency,full,,125,5,0.5289310872141936,helps,True,5.0,helps,1.053872348705143,5.0
twin_sens,twin/F5/law/cv10/s42/r6,,,,F5,law,0.1,42.0,6.0,composition,full,,125,5,-0.8472120706932329,hurts,True,1.0,hurts,-0.8365554369734032,2.0
twin_sens,twin/F5/law/cv10/s42/r6,,,,F5,law,0.1,42.0,6.0,force,full,,125,5,0.005432099323537831,neutral,True,5.0,helps,0.013948490550267012,5.0
twin_sens,twin/F5/law/cv10/s42/r6,,,,F5,law,0.1,42.0,6.0,frequency,full,,125,5,0.591990792721006,helps,True,5.0,helps,1.0047947520285216,5.0
twin_sens,twin/F5/law/cv10/s42/r7,,,,F5,law,0.1,42.0,7.0,composition,full,,125,5,0.06791845671805008,helps,True,0.0,hurts,-0.2023717231940218,1.0
twin_sens,twin/F5/law/cv10/s42/r7,,,,F5,law,0.1,42.0,7.0,force,full,,125,5,0.006437333798689271,neutral,True,5.0,helps,0.010786570435143639,4.0
twin_sens,twin/F5/law/cv10/s42/r7,,,,F5,law,0.1,42.0,7.0,frequency,full,,125,5,0.6454291342654971,helps,True,5.0,helps,1.1638966378511515,5.0
twin_sens,twin/F5/law/cv10/s42/r8,,,,F5,law,0.1,42.0,8.0,composition,full,,125,5,0.17055577053813453,helps,True,1.0,hurts,-0.16931161498291714,3.0
twin_sens,twin/F5/law/cv10/s42/r8,,,,F5,law,0.1,42.0,8.0,force,full,,125,5,0.007239450781171053,neutral,True,5.0,helps,0.013298368040158427,3.0
twin_sens,twin/F5/law/cv10/s42/r8,,,,F5,law,0.1,42.0,8.0,frequency,full,,125,5,0.4885067674053276,helps,True,5.0,helps,1.5654210074134143,5.0
twin_sens,twin/F5/law/cv10/s42/r9,,,,F5,law,0.1,42.0,9.0,composition,full,,125,5,-0.03370641759794546,hurts,True,1.0,hurts,-0.0748457382940128,1.0
twin_sens,twin/F5/law/cv10/s42/r9,,,,F5,law,0.1,42.0,9.0,force,full,,125,5,0.006624857936475159,neutral,True,5.0,helps,0.02242921169005203,3.0
twin_sens,twin/F5/law/cv10/s42/r9,,,,F5,law,0.1,42.0,9.0,frequency,full,,125,5,0.7085045690286609,helps,True,5.0,helps,1.1268617633152531,5.0
twin_sens,twin/F5/law/cv20/s42/r0,,,,F5,law,0.2,42.0,0.0,composition,full,,125,5,-0.2593380421834318,hurts,True,1.0,hurts,-0.5791500186031678,2.0
twin_sens,twin/F5/law/cv20/s42/r0,,,,F5,law,0.2,42.0,0.0,force,full,,125,5,0.00686965583336574,neutral,True,5.0,helps,0.017476968122835324,3.0
twin_sens,twin/F5/law/cv20/s42/r0,,,,F5,law,0.2,42.0,0.0,frequency,full,,125,5,0.7136674668728631,helps,True,5.0,helps,1.0136946622081073,5.0
twin_sens,twin/F5/law/cv20/s42/r1,,,,F5,law,0.2,42.0,1.0,composition,full,,125,5,-0.45789761232022774,hurts,True,0.0,hurts,-0.628132601305498,3.0
twin_sens,twin/F5/law/cv20/s42/r1,,,,F5,law,0.2,42.0,1.0,force,full,,125,5,0.011505743648334232,neutral,True,5.0,helps,0.019808878307916798,5.0
twin_sens,twin/F5/law/cv20/s42/r1,,,,F5,law,0.2,42.0,1.0,frequency,full,,125,5,0.5130280469281749,helps,True,5.0,helps,1.0407103919334193,5.0
twin_sens,twin/F5/law/cv20/s42/r2,,,,F5,law,0.2,42.0,2.0,composition,full,,125,5,-0.0014800830242812646,neutral,True,1.0,hurts,-0.7427991326133323,2.0
twin_sens,twin/F5/law/cv20/s42/r2,,,,F5,law,0.2,42.0,2.0,force,full,,125,5,0.0005215719961422227,neutral,True,4.0,helps,0.001558633583148694,4.0
twin_sens,twin/F5/law/cv20/s42/r2,,,,F5,law,0.2,42.0,2.0,frequency,full,,125,5,0.526461681352222,helps,True,5.0,helps,0.7748780621041629,5.0
twin_sens,twin/F5/law/cv20/s42/r3,,,,F5,law,0.2,42.0,3.0,composition,full,,125,5,-0.2542574517976792,hurts,True,0.0,hurts,-1.050971472392015,3.0
twin_sens,twin/F5/law/cv20/s42/r3,,,,F5,law,0.2,42.0,3.0,force,full,,125,5,0.007201443060875556,neutral,True,5.0,helps,0.03822921929315881,4.0
twin_sens,twin/F5/law/cv20/s42/r3,,,,F5,law,0.2,42.0,3.0,frequency,full,,125,5,0.7017198381106832,helps,True,5.0,helps,1.4635805746689825,5.0
twin_sens,twin/F5/law/cv20/s42/r4,,,,F5,law,0.2,42.0,4.0,composition,full,,125,5,-2.409438586266673,hurts,True,0.0,hurts,-3.9455582550353396,3.0
twin_sens,twin/F5/law/cv20/s42/r4,,,,F5,law,0.2,42.0,4.0,force,full,,125,5,0.005702272406697073,neutral,True,5.0,helps,0.016407858892897885,4.0
twin_sens,twin/F5/law/cv20/s42/r4,,,,F5,law,0.2,42.0,4.0,frequency,full,,125,5,0.6909570230538923,helps,True,5.0,helps,1.2745807157841516,5.0
twin_sens,twin/F5/law/cv20/s42/r5,,,,F5,law,0.2,42.0,5.0,composition,full,,125,5,0.17701822321258398,helps,True,3.0,helps,0.03235021416586472,2.0
twin_sens,twin/F5/law/cv20/s42/r5,,,,F5,law,0.2,42.0,5.0,force,full,,125,5,0.01634197326727327,neutral,True,4.0,helps,0.014837427966245941,2.0
twin_sens,twin/F5/law/cv20/s42/r5,,,,F5,law,0.2,42.0,5.0,frequency,full,,125,5,0.4943481918516405,helps,True,4.0,helps,0.9062405096036328,4.0
twin_sens,twin/F5/law/cv20/s42/r6,,,,F5,law,0.2,42.0,6.0,composition,full,,125,5,-0.49426952637691424,hurts,True,0.0,hurts,-0.7586427239012555,3.0
twin_sens,twin/F5/law/cv20/s42/r6,,,,F5,law,0.2,42.0,6.0,force,full,,125,5,0.01316663467423429,neutral,True,5.0,helps,0.016782097144860987,4.0
twin_sens,twin/F5/law/cv20/s42/r6,,,,F5,law,0.2,42.0,6.0,frequency,full,,125,5,0.731654562013512,helps,True,5.0,helps,1.3058733758186147,5.0
twin_sens,twin/F5/law/cv20/s42/r7,,,,F5,law,0.2,42.0,7.0,composition,full,,125,5,0.0376763658942425,helps,True,1.0,hurts,-0.7326831825960695,0.0
twin_sens,twin/F5/law/cv20/s42/r7,,,,F5,law,0.2,42.0,7.0,force,full,,125,5,0.012187360167055572,neutral,True,5.0,helps,0.015929024159499084,4.0
twin_sens,twin/F5/law/cv20/s42/r7,,,,F5,law,0.2,42.0,7.0,frequency,full,,125,5,0.5726020658560232,helps,True,5.0,helps,1.1316070690934628,5.0
twin_sens,twin/F5/law/cv20/s42/r8,,,,F5,law,0.2,42.0,8.0,composition,full,,125,5,-0.440016846683026,hurts,True,0.0,hurts,-0.5848859430154725,3.0
twin_sens,twin/F5/law/cv20/s42/r8,,,,F5,law,0.2,42.0,8.0,force,full,,125,5,0.005785235082006901,neutral,True,5.0,helps,0.015774693557939857,5.0
twin_sens,twin/F5/law/cv20/s42/r8,,,,F5,law,0.2,42.0,8.0,frequency,full,,125,5,0.5257349145997613,helps,True,5.0,helps,1.2378477879179595,5.0
twin_sens,twin/F5/law/cv20/s42/r9,,,,F5,law,0.2,42.0,9.0,composition,full,,125,5,-0.01585201491914423,neutral,True,2.0,hurts,-0.019243210967989532,3.0
twin_sens,twin/F5/law/cv20/s42/r9,,,,F5,law,0.2,42.0,9.0,force,full,,125,5,0.004442982301026577,neutral,True,5.0,helps,0.014848658209485267,5.0
twin_sens,twin/F5/law/cv20/s42/r9,,,,F5,law,0.2,42.0,9.0,frequency,full,,125,5,0.4732496460790092,helps,True,5.0,helps,1.5230625953029315,5.0
twin_sens,twin/F5/twomode/cv10/s42/r0,,,,F5,twomode,0.1,42.0,0.0,composition,full,,125,5,0.03978568537262195,helps,True,1.0,hurts,-2.9409637158856876,1.0
twin_sens,twin/F5/twomode/cv10/s42/r0,,,,F5,twomode,0.1,42.0,0.0,force,full,,125,5,0.0011183981864079096,neutral,True,5.0,helps,0.009981648094724349,2.0
twin_sens,twin/F5/twomode/cv10/s42/r0,,,,F5,twomode,0.1,42.0,0.0,frequency,full,,125,5,-1.1247461439347717,hurts,True,2.0,hurts,-1.3171588422806508,1.0
twin_sens,twin/F5/twomode/cv10/s42/r1,,,,F5,twomode,0.1,42.0,1.0,composition,full,,125,5,0.009192688877731947,neutral,True,0.0,hurts,-2.0377257480060957,2.0
twin_sens,twin/F5/twomode/cv10/s42/r1,,,,F5,twomode,0.1,42.0,1.0,force,full,,125,5,0.008722454326355877,neutral,True,5.0,helps,0.016269079293239886,4.0
twin_sens,twin/F5/twomode/cv10/s42/r1,,,,F5,twomode,0.1,42.0,1.0,frequency,full,,125,5,-1.4054681445176342,hurts,True,2.0,hurts,-1.6256385474081039,1.0
twin_sens,twin/F5/twomode/cv10/s42/r2,,,,F5,twomode,0.1,42.0,2.0,composition,full,,125,5,0.03668752453448698,helps,True,2.0,hurts,-12.047983922356613,4.0
twin_sens,twin/F5/twomode/cv10/s42/r2,,,,F5,twomode,0.1,42.0,2.0,force,full,,125,5,0.006093208965228913,neutral,True,5.0,helps,0.012183834973417684,4.0
twin_sens,twin/F5/twomode/cv10/s42/r2,,,,F5,twomode,0.1,42.0,2.0,frequency,full,,125,5,-1.010145380126911,hurts,True,2.0,hurts,-0.9719495784920588,1.0
twin_sens,twin/F5/twomode/cv10/s42/r3,,,,F5,twomode,0.1,42.0,3.0,composition,full,,125,5,0.004716138179706952,neutral,True,0.0,hurts,-0.8732704385162062,1.0
twin_sens,twin/F5/twomode/cv10/s42/r3,,,,F5,twomode,0.1,42.0,3.0,force,full,,125,5,0.03369716304710668,helps,True,4.0,helps,0.07470305616833695,4.0
twin_sens,twin/F5/twomode/cv10/s42/r3,,,,F5,twomode,0.1,42.0,3.0,frequency,full,,125,5,-1.0869039156723277,hurts,True,2.0,hurts,-1.218134138309109,1.0
twin_sens,twin/F5/twomode/cv10/s42/r4,,,,F5,twomode,0.1,42.0,4.0,composition,full,,125,5,0.031023472693977205,helps,True,1.0,hurts,-0.4338177228955226,4.0
twin_sens,twin/F5/twomode/cv10/s42/r4,,,,F5,twomode,0.1,42.0,4.0,force,full,,125,5,-0.001237979472274997,neutral,True,1.0,hurts,-0.004514203055603017,2.0
twin_sens,twin/F5/twomode/cv10/s42/r4,,,,F5,twomode,0.1,42.0,4.0,frequency,full,,125,5,-1.6739501192004353,hurts,True,1.0,hurts,-1.4805995065315092,2.0
twin_sens,twin/F5/twomode/cv10/s42/r5,,,,F5,twomode,0.1,42.0,5.0,composition,full,,125,5,-0.4372689020339755,hurts,True,0.0,hurts,-1.414306872195668,2.0
twin_sens,twin/F5/twomode/cv10/s42/r5,,,,F5,twomode,0.1,42.0,5.0,force,full,,125,5,-0.0032619792074183307,neutral,True,3.0,helps,0.006882572437714685,2.0
twin_sens,twin/F5/twomode/cv10/s42/r5,,,,F5,twomode,0.1,42.0,5.0,frequency,full,,125,5,-1.5860707100670952,hurts,True,1.0,hurts,-1.697738185846975,2.0
twin_sens,twin/F5/twomode/cv10/s42/r6,,,,F5,twomode,0.1,42.0,6.0,composition,full,,125,5,0.013913224760652376,neutral,True,1.0,hurts,-2.1364983865869633,4.0
twin_sens,twin/F5/twomode/cv10/s42/r6,,,,F5,twomode,0.1,42.0,6.0,force,full,,125,5,0.0035517549293139217,neutral,True,5.0,helps,0.01740408367087225,3.0
twin_sens,twin/F5/twomode/cv10/s42/r6,,,,F5,twomode,0.1,42.0,6.0,frequency,full,,125,5,-1.3546694844084346,hurts,True,2.0,hurts,-1.31510260155286,1.0
twin_sens,twin/F5/twomode/cv10/s42/r7,,,,F5,twomode,0.1,42.0,7.0,composition,full,,125,5,0.01846951063875102,neutral,True,1.0,hurts,-0.10223329900068663,3.0
twin_sens,twin/F5/twomode/cv10/s42/r7,,,,F5,twomode,0.1,42.0,7.0,force,full,,125,5,-0.005004743920296262,neutral,True,2.0,hurts,-0.003646339504696039,2.0
twin_sens,twin/F5/twomode/cv10/s42/r7,,,,F5,twomode,0.1,42.0,7.0,frequency,full,,125,5,-1.6082110260389286,hurts,True,2.0,hurts,-1.350267898169473,1.0
twin_sens,twin/F5/twomode/cv10/s42/r8,,,,F5,twomode,0.1,42.0,8.0,composition,full,,125,5,0.031076539197101294,helps,True,1.0,hurts,-0.07070094804277835,2.0
twin_sens,twin/F5/twomode/cv10/s42/r8,,,,F5,twomode,0.1,42.0,8.0,force,full,,125,5,0.00998782715314217,neutral,True,4.0,helps,0.01669455470319412,4.0
twin_sens,twin/F5/twomode/cv10/s42/r8,,,,F5,twomode,0.1,42.0,8.0,frequency,full,,125,5,-1.473937514407452,hurts,True,2.0,hurts,-1.353031443336263,2.0
twin_sens,twin/F5/twomode/cv10/s42/r9,,,,F5,twomode,0.1,42.0,9.0,composition,full,,125,5,-0.12584541738833177,hurts,True,0.0,hurts,-5.337881915917579,4.0
twin_sens,twin/F5/twomode/cv10/s42/r9,,,,F5,twomode,0.1,42.0,9.0,force,full,,125,5,0.0007318670038933828,neutral,True,3.0,helps,0.0025987278147441505,4.0
twin_sens,twin/F5/twomode/cv10/s42/r9,,,,F5,twomode,0.1,42.0,9.0,frequency,full,,125,5,-1.5732638097089633,hurts,True,2.0,hurts,-1.1495015888249154,1.0
twin_sens,twin/F5/twomode/cv20/s42/r0,,,,F5,twomode,0.2,42.0,0.0,composition,full,,125,5,-0.672805938027434,hurts,True,0.0,hurts,-3.0098717466585017,2.0
twin_sens,twin/F5/twomode/cv20/s42/r0,,,,F5,twomode,0.2,42.0,0.0,force,full,,125,5,7.919959280833222e-05,neutral,True,4.0,helps,0.01768986872353808,1.0
twin_sens,twin/F5/twomode/cv20/s42/r0,,,,F5,twomode,0.2,42.0,0.0,frequency,full,,125,5,-0.861053868470588,hurts,True,2.0,hurts,-0.7148295531908694,1.0
twin_sens,twin/F5/twomode/cv20/s42/r1,,,,F5,twomode,0.2,42.0,1.0,composition,full,,125,5,0.09464592609470479,helps,True,1.0,hurts,-19.338180851533114,2.0
twin_sens,twin/F5/twomode/cv20/s42/r1,,,,F5,twomode,0.2,42.0,1.0,force,full,,125,5,0.012103371568630839,neutral,True,5.0,helps,0.03259751613542601,5.0
twin_sens,twin/F5/twomode/cv20/s42/r1,,,,F5,twomode,0.2,42.0,1.0,frequency,full,,125,5,-0.7087273264269016,hurts,True,2.0,hurts,-1.0313493946046042,1.0
twin_sens,twin/F5/twomode/cv20/s42/r2,,,,F5,twomode,0.2,42.0,2.0,composition,full,,125,5,0.0676257972523644,helps,True,2.0,hurts,-131.46267001136883,1.0
twin_sens,twin/F5/twomode/cv20/s42/r2,,,,F5,twomode,0.2,42.0,2.0,force,full,,125,5,0.0017872694314888804,neutral,True,4.0,helps,0.007937966356049176,3.0
twin_sens,twin/F5/twomode/cv20/s42/r2,,,,F5,twomode,0.2,42.0,2.0,frequency,full,,125,5,-0.9397484229004314,hurts,True,2.0,hurts,-1.2423345961706727,1.0
twin_sens,twin/F5/twomode/cv20/s42/r3,,,,F5,twomode,0.2,42.0,3.0,composition,full,,125,5,0.00934565611290894,neutral,True,2.0,hurts,-0.30254968482902606,3.0
twin_sens,twin/F5/twomode/cv20/s42/r3,,,,F5,twomode,0.2,42.0,3.0,force,full,,125,5,0.011145371157993855,neutral,True,5.0,helps,0.011200673683668172,4.0
twin_sens,twin/F5/twomode/cv20/s42/r3,,,,F5,twomode,0.2,42.0,3.0,frequency,full,,125,5,-0.7539012514850087,hurts,True,2.0,hurts,-0.6655799893472721,1.0
twin_sens,twin/F5/twomode/cv20/s42/r4,,,,F5,twomode,0.2,42.0,4.0,composition,full,,125,5,-1.5503276402820516,hurts,True,0.0,hurts,-7.027231336144768,5.0
twin_sens,twin/F5/twomode/cv20/s42/r4,,,,F5,twomode,0.2,42.0,4.0,force,full,,125,5,0.0010995969056287747,neutral,True,3.0,helps,0.006080489140819756,2.0
twin_sens,twin/F5/twomode/cv20/s42/r4,,,,F5,twomode,0.2,42.0,4.0,frequency,full,,125,5,-0.7890174089922315,hurts,True,2.0,hurts,-0.9233377866682883,1.0
twin_sens,twin/F5/twomode/cv20/s42/r5,,,,F5,twomode,0.2,42.0,5.0,composition,full,,125,5,0.04994709571815048,helps,True,1.0,hurts,-0.7252614337292114,1.0
twin_sens,twin/F5/twomode/cv20/s42/r5,,,,F5,twomode,0.2,42.0,5.0,force,full,,125,5,-0.0022726705953277637,neutral,True,4.0,helps,0.00799930827948796,3.0
twin_sens,twin/F5/twomode/cv20/s42/r5,,,,F5,twomode,0.2,42.0,5.0,frequency,full,,125,5,-1.4800556921478951,hurts,True,2.0,hurts,-1.1170382880784857,1.0
twin_sens,twin/F5/twomode/cv20/s42/r6,,,,F5,twomode,0.2,42.0,6.0,composition,full,,125,5,-0.07516839740641734,hurts,True,2.0,hurts,-7.303963441333467,1.0
twin_sens,twin/F5/twomode/cv20/s42/r6,,,,F5,twomode,0.2,42.0,6.0,force,full,,125,5,-0.0039917888860412365,neutral,True,3.0,helps,0.018113877738992024,2.0
twin_sens,twin/F5/twomode/cv20/s42/r6,,,,F5,twomode,0.2,42.0,6.0,frequency,full,,125,5,-1.9257145210644397,hurts,True,2.0,hurts,-1.407817518606656,1.0
twin_sens,twin/F5/twomode/cv20/s42/r7,,,,F5,twomode,0.2,42.0,7.0,composition,full,,125,5,-0.4305863792921456,hurts,True,0.0,hurts,-3.0204235662447454,2.0
twin_sens,twin/F5/twomode/cv20/s42/r7,,,,F5,twomode,0.2,42.0,7.0,force,full,,125,5,0.013583812276687368,neutral,True,4.0,helps,0.009296116704236334,3.0
twin_sens,twin/F5/twomode/cv20/s42/r7,,,,F5,twomode,0.2,42.0,7.0,frequency,full,,125,5,-0.5041121351090387,hurts,True,2.0,hurts,-0.8492004060228726,1.0
twin_sens,twin/F5/twomode/cv20/s42/r8,,,,F5,twomode,0.2,42.0,8.0,composition,full,,125,5,-0.044029494123471236,hurts,True,1.0,hurts,-0.9849382464326288,2.0
twin_sens,twin/F5/twomode/cv20/s42/r8,,,,F5,twomode,0.2,42.0,8.0,force,full,,125,5,0.0044622991661618094,neutral,True,4.0,helps,0.008695429697732538,3.0
twin_sens,twin/F5/twomode/cv20/s42/r8,,,,F5,twomode,0.2,42.0,8.0,frequency,full,,125,5,-1.3459637976031518,hurts,True,2.0,hurts,-1.2426822637021622,1.0
twin_sens,twin/F5/twomode/cv20/s42/r9,,,,F5,twomode,0.2,42.0,9.0,composition,full,,125,5,0.006583033721379805,neutral,True,0.0,hurts,-5.846806013993433,3.0
twin_sens,twin/F5/twomode/cv20/s42/r9,,,,F5,twomode,0.2,42.0,9.0,force,full,,125,5,0.0019718909533195106,neutral,True,5.0,helps,0.010138434451790102,3.0
twin_sens,twin/F5/twomode/cv20/s42/r9,,,,F5,twomode,0.2,42.0,9.0,frequency,full,,125,5,-1.6045858386850615,hurts,True,2.0,hurts,-1.6632113403365498,1.0
external,ext/Li/full,Li,,,,,,,,force,full,,19,10,0.0005918348887870017,neutral,True,8.0,helps,0.001715860235440403,1.0
real,real/rms_Voc/n75,,rms_Voc,n75,,,,,,composition,full,,75,5,-0.5991930246251146,hurts,True,1.0,hurts,-0.39832060808640535,3.0
real,real/rms_Voc/n75,,rms_Voc,n75,,,,,,frequency,full,,75,5,-1.7412070303889924,hurts,True,3.0,helps,-1.3895809646451696,0.0
real,real/Vpp/n75,,Vpp,n75,,,,,,composition,full,,75,5,-0.48761608322270855,hurts,True,2.0,hurts,-0.3079301854975579,3.0
real,real/Vpp/n75,,Vpp,n75,,,,,,frequency,full,,75,5,-7.01176889007964,hurts,True,1.0,hurts,-973.9543625837157,2.0
real,real/Vmax/n75,,Vmax,n75,,,,,,composition,full,,75,5,-0.7014869593171407,hurts,True,2.0,hurts,-0.4370320982707755,3.0
real,real/Vmax/n75,,Vmax,n75,,,,,,frequency,full,,75,5,-1.7141076612693267,hurts,True,1.0,hurts,-18.4688859501644,2.0
twin,twin/F3/law/cv10/s0/r0,,,,F3,law,0.1,0.0,0.0,composition,full,,75,5,0.060757977925833706,helps,True,3.0,helps,-0.04327025512992344,3.0
twin,twin/F3/law/cv10/s0/r0,,,,F3,law,0.1,0.0,0.0,frequency,full,,75,5,0.5994932806563,helps,True,5.0,helps,0.993664043417923,5.0
twin,twin/F3/law/cv10/s0/r1,,,,F3,law,0.1,0.0,1.0,composition,full,,75,5,0.06989018455721929,helps,True,4.0,helps,0.007289342881197469,4.0
twin,twin/F3/law/cv10/s0/r1,,,,F3,law,0.1,0.0,1.0,frequency,full,,75,5,0.614246405096765,helps,True,5.0,helps,0.8536910068240792,5.0
twin,twin/F3/law/cv10/s0/r2,,,,F3,law,0.1,0.0,2.0,composition,full,,75,5,0.08331039849157806,helps,True,2.0,hurts,-1.3340061004124397,3.0
twin,twin/F3/law/cv10/s0/r2,,,,F3,law,0.1,0.0,2.0,frequency,full,,75,5,0.49221867503207684,helps,True,5.0,helps,0.975396347270814,5.0
twin,twin/F3/law/cv10/s0/r3,,,,F3,law,0.1,0.0,3.0,composition,full,,75,5,-0.07703554828107462,hurts,True,0.0,hurts,-3.9626041449211393,2.0
twin,twin/F3/law/cv10/s0/r3,,,,F3,law,0.1,0.0,3.0,frequency,full,,75,5,0.5555347715251128,helps,True,5.0,helps,1.2146355415093764,5.0
twin,twin/F3/law/cv10/s0/r4,,,,F3,law,0.1,0.0,4.0,composition,full,,75,5,-0.12536152584142668,hurts,True,0.0,hurts,-0.8183052458659988,1.0
twin,twin/F3/law/cv10/s0/r4,,,,F3,law,0.1,0.0,4.0,frequency,full,,75,5,0.6201163174094259,helps,True,4.0,helps,0.8543139087134405,4.0
twin,twin/F3/law/cv10/s0/r5,,,,F3,law,0.1,0.0,5.0,composition,full,,75,5,0.06743067861164853,helps,True,1.0,hurts,-0.5164615826167674,3.0
twin,twin/F3/law/cv10/s0/r5,,,,F3,law,0.1,0.0,5.0,frequency,full,,75,5,0.691267613587014,helps,True,5.0,helps,1.1029894508404532,5.0
twin,twin/F3/law/cv10/s0/r6,,,,F3,law,0.1,0.0,6.0,composition,full,,75,5,-0.033471692065292435,hurts,True,1.0,hurts,-0.7138947166641925,3.0
twin,twin/F3/law/cv10/s0/r6,,,,F3,law,0.1,0.0,6.0,frequency,full,,75,5,0.6903467995364002,helps,True,5.0,helps,1.1508521092931787,5.0
twin,twin/F3/law/cv10/s0/r7,,,,F3,law,0.1,0.0,7.0,composition,full,,75,5,0.02549555616030741,helps,True,2.0,hurts,-0.2876255594961607,2.0
twin,twin/F3/law/cv10/s0/r7,,,,F3,law,0.1,0.0,7.0,frequency,full,,75,5,0.4341818039329981,helps,True,5.0,helps,0.9107008027750115,5.0
twin,twin/F3/law/cv10/s0/r8,,,,F3,law,0.1,0.0,8.0,composition,full,,75,5,-0.0035773275168555774,neutral,True,0.0,hurts,-0.06393552346653034,3.0
twin,twin/F3/law/cv10/s0/r8,,,,F3,law,0.1,0.0,8.0,frequency,full,,75,5,0.89251804354131,helps,True,5.0,helps,1.1321910485247324,5.0
twin,twin/F3/law/cv10/s0/r9,,,,F3,law,0.1,0.0,9.0,composition,full,,75,5,0.04714667104857351,helps,True,0.0,hurts,-0.5826112851386711,1.0
twin,twin/F3/law/cv10/s0/r9,,,,F3,law,0.1,0.0,9.0,frequency,full,,75,5,0.4756367333192104,helps,True,4.0,helps,0.9688044599194843,4.0
twin,twin/F3/law/cv10/s0/r10,,,,F3,law,0.1,0.0,10.0,composition,full,,75,5,-0.2675340617162534,hurts,True,0.0,hurts,-0.9750274501883176,2.0
twin,twin/F3/law/cv10/s0/r10,,,,F3,law,0.1,0.0,10.0,frequency,full,,75,5,0.6210729373419875,helps,True,5.0,helps,1.1565234193155565,5.0
twin,twin/F3/law/cv10/s0/r11,,,,F3,law,0.1,0.0,11.0,composition,full,,75,5,-0.11344970574835156,hurts,True,0.0,hurts,-0.8498212525465989,3.0
twin,twin/F3/law/cv10/s0/r11,,,,F3,law,0.1,0.0,11.0,frequency,full,,75,5,0.656627340838439,helps,True,5.0,helps,1.1452002408313056,5.0
twin,twin/F3/law/cv10/s0/r12,,,,F3,law,0.1,0.0,12.0,composition,full,,75,5,0.07738484264570633,helps,True,0.0,hurts,-0.8062640572084427,1.0
twin,twin/F3/law/cv10/s0/r12,,,,F3,law,0.1,0.0,12.0,frequency,full,,75,5,0.29703249847032187,helps,True,4.0,helps,0.6177490513076774,4.0
twin,twin/F3/law/cv10/s0/r13,,,,F3,law,0.1,0.0,13.0,composition,full,,75,5,-0.015942855707756443,neutral,True,2.0,hurts,-3.1977998380682346,0.0
twin,twin/F3/law/cv10/s0/r13,,,,F3,law,0.1,0.0,13.0,frequency,full,,75,5,0.5407460984536898,helps,True,5.0,helps,1.0516573854738396,5.0
twin,twin/F3/law/cv10/s0/r14,,,,F3,law,0.1,0.0,14.0,composition,full,,75,5,0.03929199678581574,helps,True,2.0,hurts,-0.24622428099811877,1.0
twin,twin/F3/law/cv10/s0/r14,,,,F3,law,0.1,0.0,14.0,frequency,full,,75,5,0.6301790649579649,helps,True,4.0,helps,0.8010687981253897,4.0
twin,twin/F3/law/cv10/s0/r15,,,,F3,law,0.1,0.0,15.0,composition,full,,75,5,-0.08356929979158023,hurts,True,3.0,helps,-0.07725553583403941,0.0
twin,twin/F3/law/cv10/s0/r15,,,,F3,law,0.1,0.0,15.0,frequency,full,,75,5,0.3903924953787763,helps,True,3.0,helps,-0.3629210438559958,3.0
twin,twin/F3/law/cv10/s0/r16,,,,F3,law,0.1,0.0,16.0,composition,full,,75,5,-0.17878529758325556,hurts,True,0.0,hurts,-0.5323974499184219,2.0
twin,twin/F3/law/cv10/s0/r16,,,,F3,law,0.1,0.0,16.0,frequency,full,,75,5,0.5111303384379458,helps,True,4.0,helps,0.9480271407006292,4.0
twin,twin/F3/law/cv10/s0/r17,,,,F3,law,0.1,0.0,17.0,composition,full,,75,5,-0.10549898468283658,hurts,True,0.0,hurts,-2.929414243288322,1.0
twin,twin/F3/law/cv10/s0/r17,,,,F3,law,0.1,0.0,17.0,frequency,full,,75,5,0.6029863688374383,helps,True,4.0,helps,0.6878742849011081,4.0
twin,twin/F3/law/cv10/s0/r18,,,,F3,law,0.1,0.0,18.0,composition,full,,75,5,0.018955922605478404,neutral,True,3.0,helps,0.006207797498125523,1.0
twin,twin/F3/law/cv10/s0/r18,,,,F3,law,0.1,0.0,18.0,frequency,full,,75,5,0.6918175471316473,helps,True,5.0,helps,0.9911386489710219,5.0
twin,twin/F3/law/cv10/s0/r19,,,,F3,law,0.1,0.0,19.0,composition,full,,75,5,0.033187997657638246,helps,True,0.0,hurts,-0.7683995814551032,1.0
twin,twin/F3/law/cv10/s0/r19,,,,F3,law,0.1,0.0,19.0,frequency,full,,75,5,0.4893620080869254,helps,True,4.0,helps,0.8099019893251492,4.0
twin,twin/F3/law/cv20/s0/r0,,,,F3,law,0.2,0.0,0.0,composition,full,,75,5,0.07065768851352106,helps,True,1.0,hurts,-0.035534211519032174,1.0
twin,twin/F3/law/cv20/s0/r0,,,,F3,law,0.2,0.0,0.0,frequency,full,,75,5,0.5174442195367851,helps,True,5.0,helps,1.5348969355672888,5.0
twin,twin/F3/law/cv20/s0/r1,,,,F3,law,0.2,0.0,1.0,composition,full,,75,5,-0.284839902848916,hurts,True,0.0,hurts,-1.3291432963715895,2.0
twin,twin/F3/law/cv20/s0/r1,,,,F3,law,0.2,0.0,1.0,frequency,full,,75,5,0.4022732895149288,helps,True,5.0,helps,0.9685139897081909,5.0
twin,twin/F3/law/cv20/s0/r2,,,,F3,law,0.2,0.0,2.0,composition,full,,75,5,-0.2386037800827009,hurts,True,2.0,hurts,-0.26012493206306486,1.0
twin,twin/F3/law/cv20/s0/r2,,,,F3,law,0.2,0.0,2.0,frequency,full,,75,5,0.5235294845078364,helps,True,5.0,helps,1.0859661356263581,5.0
twin,twin/F3/law/cv20/s0/r3,,,,F3,law,0.2,0.0,3.0,composition,full,,75,5,0.06365630087400764,helps,True,1.0,hurts,-0.8375438499805827,0.0
twin,twin/F3/law/cv20/s0/r3,,,,F3,law,0.2,0.0,3.0,frequency,full,,75,5,0.5471145888799769,helps,True,5.0,helps,0.9462802305283461,5.0
twin,twin/F3/law/cv20/s0/r4,,,,F3,law,0.2,0.0,4.0,composition,full,,75,5,0.08351950839144584,helps,True,5.0,helps,0.06973018628668423,3.0
twin,twin/F3/law/cv20/s0/r4,,,,F3,law,0.2,0.0,4.0,frequency,full,,75,5,0.7837858042875286,helps,True,4.0,helps,1.1209396285358388,4.0
twin,twin/F3/law/cv20/s0/r5,,,,F3,law,0.2,0.0,5.0,composition,full,,75,5,-0.19251466875620094,hurts,True,1.0,hurts,-0.4567649631091689,1.0
twin,twin/F3/law/cv20/s0/r5,,,,F3,law,0.2,0.0,5.0,frequency,full,,75,5,0.5192591954557394,helps,True,5.0,helps,0.8235658357693829,4.0
twin,twin/F3/law/cv20/s0/r6,,,,F3,law,0.2,0.0,6.0,composition,full,,75,5,-0.055213894925556395,hurts,True,2.0,hurts,-0.0021991791811160734,1.0
twin,twin/F3/law/cv20/s0/r6,,,,F3,law,0.2,0.0,6.0,frequency,full,,75,5,0.6865950037113606,helps,True,5.0,helps,1.0157436798038215,5.0
twin,twin/F3/law/cv20/s0/r7,,,,F3,law,0.2,0.0,7.0,composition,full,,75,5,0.04123328671953019,helps,True,1.0,hurts,-0.30985647349613255,4.0
twin,twin/F3/law/cv20/s0/r7,,,,F3,law,0.2,0.0,7.0,frequency,full,,75,5,0.42552761410597806,helps,True,5.0,helps,0.8162571943047011,5.0
twin,twin/F3/law/cv20/s0/r8,,,,F3,law,0.2,0.0,8.0,composition,full,,75,5,0.054480281892630655,helps,True,0.0,hurts,-2.2978937290227672,2.0
twin,twin/F3/law/cv20/s0/r8,,,,F3,law,0.2,0.0,8.0,frequency,full,,75,5,0.7596686427964553,helps,True,5.0,helps,1.0781812999052485,5.0
twin,twin/F3/law/cv20/s0/r9,,,,F3,law,0.2,0.0,9.0,composition,full,,75,5,-0.017709922894452612,neutral,True,1.0,hurts,-0.41988329062280466,2.0
twin,twin/F3/law/cv20/s0/r9,,,,F3,law,0.2,0.0,9.0,frequency,full,,75,5,0.35288249895096824,helps,True,4.0,helps,0.5851649061793527,4.0
twin,twin/F3/law/cv20/s0/r10,,,,F3,law,0.2,0.0,10.0,composition,full,,75,5,-0.1393037313066967,hurts,True,0.0,hurts,-0.603249421566056,3.0
twin,twin/F3/law/cv20/s0/r10,,,,F3,law,0.2,0.0,10.0,frequency,full,,75,5,0.7129546306462758,helps,True,5.0,helps,1.4115357939814317,5.0
twin,twin/F3/law/cv20/s0/r11,,,,F3,law,0.2,0.0,11.0,composition,full,,75,5,-0.09661470593015065,hurts,True,1.0,hurts,-2.8193746923744136,3.0
twin,twin/F3/law/cv20/s0/r11,,,,F3,law,0.2,0.0,11.0,frequency,full,,75,5,0.3469103207330917,helps,True,5.0,helps,0.7874622925488242,5.0
twin,twin/F3/law/cv20/s0/r12,,,,F3,law,0.2,0.0,12.0,composition,full,,75,5,-0.02187869433391665,hurts,True,1.0,hurts,-0.9756482339710523,2.0
twin,twin/F3/law/cv20/s0/r12,,,,F3,law,0.2,0.0,12.0,frequency,full,,75,5,0.47091303129725726,helps,True,4.0,helps,0.7557688659081446,4.0
twin,twin/F3/law/cv20/s0/r13,,,,F3,law,0.2,0.0,13.0,composition,full,,75,5,-0.37211637570870093,hurts,True,1.0,hurts,-0.5711799488271637,2.0
twin,twin/F3/law/cv20/s0/r13,,,,F3,law,0.2,0.0,13.0,frequency,full,,75,5,0.5766080686726,helps,True,5.0,helps,0.9907813221150368,5.0
twin,twin/F3/law/cv20/s0/r14,,,,F3,law,0.2,0.0,14.0,composition,full,,75,5,0.1022188348381079,helps,True,2.0,hurts,-0.07729909371829365,1.0
twin,twin/F3/law/cv20/s0/r14,,,,F3,law,0.2,0.0,14.0,frequency,full,,75,5,0.593595878598156,helps,True,5.0,helps,1.3108121373288277,5.0
twin,twin/F3/law/cv20/s0/r15,,,,F3,law,0.2,0.0,15.0,composition,full,,75,5,-0.0007786112098481235,neutral,True,3.0,helps,-0.0026599873836439915,4.0
twin,twin/F3/law/cv20/s0/r15,,,,F3,law,0.2,0.0,15.0,frequency,full,,75,5,0.9105214152887654,helps,True,5.0,helps,1.7658694308865954,5.0
twin,twin/F3/law/cv20/s0/r16,,,,F3,law,0.2,0.0,16.0,composition,full,,75,5,-0.0023114689700962643,neutral,True,2.0,hurts,-0.36777925347679996,3.0
twin,twin/F3/law/cv20/s0/r16,,,,F3,law,0.2,0.0,16.0,frequency,full,,75,5,0.49401988639031913,helps,True,4.0,helps,0.6812838176631096,4.0
twin,twin/F3/law/cv20/s0/r17,,,,F3,law,0.2,0.0,17.0,composition,full,,75,5,-0.20733223576129434,hurts,True,0.0,hurts,-3.7304306985449904,3.0
twin,twin/F3/law/cv20/s0/r17,,,,F3,law,0.2,0.0,17.0,frequency,full,,75,5,0.6187342818499549,helps,True,5.0,helps,0.8524333716698316,5.0
twin,twin/F3/law/cv20/s0/r18,,,,F3,law,0.2,0.0,18.0,composition,full,,75,5,0.10357327294245644,helps,True,2.0,hurts,-0.033228212183907035,0.0
twin,twin/F3/law/cv20/s0/r18,,,,F3,law,0.2,0.0,18.0,frequency,full,,75,5,0.41096672879312046,helps,True,5.0,helps,0.8834477995769365,5.0
twin,twin/F3/law/cv20/s0/r19,,,,F3,law,0.2,0.0,19.0,composition,full,,75,5,-0.05368440422669252,hurts,True,0.0,hurts,-0.6536512143891742,2.0
twin,twin/F3/law/cv20/s0/r19,,,,F3,law,0.2,0.0,19.0,frequency,full,,75,5,0.5887187022065337,helps,True,4.0,helps,0.8454098548402049,4.0
twin,twin/F3/twomode/cv10/s0/r0,,,,F3,twomode,0.1,0.0,0.0,composition,full,,75,5,0.039354575854878115,helps,True,2.0,hurts,-0.2492007656429923,3.0
twin,twin/F3/twomode/cv10/s0/r0,,,,F3,twomode,0.1,0.0,0.0,frequency,full,,75,5,-1.5567747367426987,hurts,True,2.0,hurts,-0.9470099996752325,1.0
twin,twin/F3/twomode/cv10/s0/r1,,,,F3,twomode,0.1,0.0,1.0,composition,full,,75,5,0.054828651462651146,helps,True,3.0,helps,0.0026707855182213523,1.0
twin,twin/F3/twomode/cv10/s0/r1,,,,F3,twomode,0.1,0.0,1.0,frequency,full,,75,5,-0.9791589505434555,hurts,True,2.0,hurts,-0.7179227327477761,2.0
twin,twin/F3/twomode/cv10/s0/r2,,,,F3,twomode,0.1,0.0,2.0,composition,full,,75,5,0.02344265923066069,helps,True,0.0,hurts,-4.218853693483252,2.0
twin,twin/F3/twomode/cv10/s0/r2,,,,F3,twomode,0.1,0.0,2.0,frequency,full,,75,5,-1.3970948028747054,hurts,True,2.0,hurts,-1.584033838702067,1.0
twin,twin/F3/twomode/cv10/s0/r3,,,,F3,twomode,0.1,0.0,3.0,composition,full,,75,5,-0.021288744559467943,hurts,True,0.0,hurts,-4.231228733829892,1.0
twin,twin/F3/twomode/cv10/s0/r3,,,,F3,twomode,0.1,0.0,3.0,frequency,full,,75,5,-0.8842524707661648,hurts,True,2.0,hurts,-1.2829569662174103,1.0
twin,twin/F3/twomode/cv10/s0/r4,,,,F3,twomode,0.1,0.0,4.0,composition,full,,75,5,0.04895015770813471,helps,True,0.0,hurts,-1.7063470686713273,2.0
twin,twin/F3/twomode/cv10/s0/r4,,,,F3,twomode,0.1,0.0,4.0,frequency,full,,75,5,-1.5200755846731622,hurts,True,2.0,hurts,-1.2103082580928475,1.0
twin,twin/F3/twomode/cv10/s0/r5,,,,F3,twomode,0.1,0.0,5.0,composition,full,,75,5,0.09053601625566599,helps,True,0.0,hurts,-0.8737838906622656,1.0
twin,twin/F3/twomode/cv10/s0/r5,,,,F3,twomode,0.1,0.0,5.0,frequency,full,,75,5,-1.0220358889891066,hurts,True,2.0,hurts,-1.3277041823154008,1.0
twin,twin/F3/twomode/cv10/s0/r6,,,,F3,twomode,0.1,0.0,6.0,composition,full,,75,5,0.07243052301106623,helps,True,3.0,helps,-0.36262970422955104,3.0
twin,twin/F3/twomode/cv10/s0/r6,,,,F3,twomode,0.1,0.0,6.0,frequency,full,,75,5,-1.1311534434662676,hurts,True,2.0,hurts,-0.9498575045648199,1.0
twin,twin/F3/twomode/cv10/s0/r7,,,,F3,twomode,0.1,0.0,7.0,composition,full,,75,5,0.04936516699907234,helps,True,3.0,helps,-0.07983052680559685,3.0
twin,twin/F3/twomode/cv10/s0/r7,,,,F3,twomode,0.1,0.0,7.0,frequency,full,,75,5,-1.3072421735159119,hurts,True,2.0,hurts,-1.2632489775927358,1.0
twin,twin/F3/twomode/cv10/s0/r8,,,,F3,twomode,0.1,0.0,8.0,composition,full,,75,5,0.02886984251762459,helps,True,2.0,hurts,-0.7819180518055203,4.0
twin,twin/F3/twomode/cv10/s0/r8,,,,F3,twomode,0.1,0.0,8.0,frequency,full,,75,5,-1.2560631379156009,hurts,True,2.0,hurts,-1.0770603374515582,1.0
twin,twin/F3/twomode/cv10/s0/r9,,,,F3,twomode,0.1,0.0,9.0,composition,full,,75,5,0.02817434323651491,helps,True,1.0,hurts,-0.37736130167435683,2.0
twin,twin/F3/twomode/cv10/s0/r9,,,,F3,twomode,0.1,0.0,9.0,frequency,full,,75,5,-0.5709388142728695,hurts,True,2.0,hurts,-0.3474626985501188,1.0
twin,twin/F3/twomode/cv10/s0/r10,,,,F3,twomode,0.1,0.0,10.0,composition,full,,75,5,-0.026070139046824314,hurts,True,1.0,hurts,-0.5529983310399761,3.0
twin,twin/F3/twomode/cv10/s0/r10,,,,F3,twomode,0.1,0.0,10.0,frequency,full,,75,5,-1.0371516173371127,hurts,True,2.0,hurts,-1.078173314165303,1.0
twin,twin/F3/twomode/cv10/s0/r11,,,,F3,twomode,0.1,0.0,11.0,composition,full,,75,5,0.0686296222424081,helps,True,2.0,hurts,-0.19425917471041787,0.0
twin,twin/F3/twomode/cv10/s0/r11,,,,F3,twomode,0.1,0.0,11.0,frequency,full,,75,5,-1.132682962496541,hurts,True,2.0,hurts,-1.012278660010474,1.0
twin,twin/F3/twomode/cv10/s0/r12,,,,F3,twomode,0.1,0.0,12.0,composition,full,,75,5,0.059759468003259375,helps,True,2.0,hurts,-1.0893243705851925,2.0
twin,twin/F3/twomode/cv10/s0/r12,,,,F3,twomode,0.1,0.0,12.0,frequency,full,,75,5,-1.5435905405020836,hurts,True,2.0,hurts,-1.1606637235245878,1.0
twin,twin/F3/twomode/cv10/s0/r13,,,,F3,twomode,0.1,0.0,13.0,composition,full,,75,5,0.13170813972544426,helps,True,2.0,hurts,-5.116505944116872,2.0
twin,twin/F3/twomode/cv10/s0/r13,,,,F3,twomode,0.1,0.0,13.0,frequency,full,,75,5,-2.3432408243627023,hurts,True,3.0,helps,-1.5791936664787023,2.0
twin,twin/F3/twomode/cv10/s0/r14,,,,F3,twomode,0.1,0.0,14.0,composition,full,,75,5,0.10261944938571232,helps,True,1.0,hurts,-0.2339439258805646,1.0
twin,twin/F3/twomode/cv10/s0/r14,,,,F3,twomode,0.1,0.0,14.0,frequency,full,,75,5,-1.142858378312268,hurts,True,1.0,hurts,-0.9992245003179615,2.0
twin,twin/F3/twomode/cv10/s0/r15,,,,F3,twomode,0.1,0.0,15.0,composition,full,,75,5,0.01911897763936299,neutral,True,2.0,hurts,-0.454216063675468,2.0
twin,twin/F3/twomode/cv10/s0/r15,,,,F3,twomode,0.1,0.0,15.0,frequency,full,,75,5,-1.7369564011993548,hurts,True,1.0,hurts,-1.7788562307791735,2.0
twin,twin/F3/twomode/cv10/s0/r16,,,,F3,twomode,0.1,0.0,16.0,composition,full,,75,5,0.006193164838819154,neutral,True,1.0,hurts,-0.7474184022432582,2.0
twin,twin/F3/twomode/cv10/s0/r16,,,,F3,twomode,0.1,0.0,16.0,frequency,full,,75,5,-1.7110993817932107,hurts,True,2.0,hurts,-1.418886637893869,1.0
twin,twin/F3/twomode/cv10/s0/r17,,,,F3,twomode,0.1,0.0,17.0,composition,full,,75,5,0.0350579332774128,helps,True,0.0,hurts,-0.2371688307978203,3.0
twin,twin/F3/twomode/cv10/s0/r17,,,,F3,twomode,0.1,0.0,17.0,frequency,full,,75,5,-1.5809051194300223,hurts,True,2.0,hurts,-1.0597141283806704,2.0
twin,twin/F3/twomode/cv10/s0/r18,,,,F3,twomode,0.1,0.0,18.0,composition,full,,75,5,0.03469173664384839,helps,True,0.0,hurts,-0.6826896818909713,2.0
twin,twin/F3/twomode/cv10/s0/r18,,,,F3,twomode,0.1,0.0,18.0,frequency,full,,75,5,-1.682486720801017,hurts,True,2.0,hurts,-1.850757866135443,1.0
twin,twin/F3/twomode/cv10/s0/r19,,,,F3,twomode,0.1,0.0,19.0,composition,full,,75,5,-0.5061177494880408,hurts,True,0.0,hurts,-3.37017149635124,2.0
twin,twin/F3/twomode/cv10/s0/r19,,,,F3,twomode,0.1,0.0,19.0,frequency,full,,75,5,-1.7511688624891928,hurts,True,2.0,hurts,-1.3297096971256486,1.0
twin,twin/F3/twomode/cv20/s0/r0,,,,F3,twomode,0.2,0.0,0.0,composition,full,,75,5,-0.4283142825289097,hurts,True,1.0,hurts,-147.8878132265622,2.0
twin,twin/F3/twomode/cv20/s0/r0,,,,F3,twomode,0.2,0.0,0.0,frequency,full,,75,5,-1.264351452919299,hurts,True,2.0,hurts,-1.1835675153426901,1.0
twin,twin/F3/twomode/cv20/s0/r1,,,,F3,twomode,0.2,0.0,1.0,composition,full,,75,5,0.10032715951911497,helps,True,1.0,hurts,-1.052435560644866,2.0
twin,twin/F3/twomode/cv20/s0/r1,,,,F3,twomode,0.2,0.0,1.0,frequency,full,,75,5,-0.9541004972004794,hurts,True,1.0,hurts,-2.1470799205633604,2.0
twin,twin/F3/twomode/cv20/s0/r2,,,,F3,twomode,0.2,0.0,2.0,composition,full,,75,5,-0.0293989309492122,hurts,True,0.0,hurts,-0.9904617411647102,3.0
twin,twin/F3/twomode/cv20/s0/r2,,,,F3,twomode,0.2,0.0,2.0,frequency,full,,75,5,-0.7268734466898201,hurts,True,2.0,hurts,-0.3259319947082483,1.0
twin,twin/F3/twomode/cv20/s0/r3,,,,F3,twomode,0.2,0.0,3.0,composition,full,,75,5,-0.10520069876806848,hurts,True,0.0,hurts,-1.5987490073150172,2.0
twin,twin/F3/twomode/cv20/s0/r3,,,,F3,twomode,0.2,0.0,3.0,frequency,full,,75,5,-0.7528236790496301,hurts,True,1.0,hurts,-1.0392402945597843,2.0
twin,twin/F3/twomode/cv20/s0/r4,,,,F3,twomode,0.2,0.0,4.0,composition,full,,75,5,0.12837385828237857,helps,True,2.0,hurts,-1.2033578262237434,3.0
twin,twin/F3/twomode/cv20/s0/r4,,,,F3,twomode,0.2,0.0,4.0,frequency,full,,75,5,0.06138249887665603,helps,True,3.0,helps,-0.028434697913816365,1.0
twin,twin/F3/twomode/cv20/s0/r5,,,,F3,twomode,0.2,0.0,5.0,composition,full,,75,5,-0.08522950835821874,hurts,True,1.0,hurts,-0.9691712954542269,4.0
twin,twin/F3/twomode/cv20/s0/r5,,,,F3,twomode,0.2,0.0,5.0,frequency,full,,75,5,-1.9783047677032755,hurts,True,3.0,helps,-1.3408117253160616,1.0
twin,twin/F3/twomode/cv20/s0/r6,,,,F3,twomode,0.2,0.0,6.0,composition,full,,75,5,-2.594389891069629,hurts,True,0.0,hurts,-1.6676136848731289,3.0
twin,twin/F3/twomode/cv20/s0/r6,,,,F3,twomode,0.2,0.0,6.0,frequency,full,,75,5,-1.146277311039372,hurts,True,2.0,hurts,-1.4526229520705347,1.0
twin,twin/F3/twomode/cv20/s0/r7,,,,F3,twomode,0.2,0.0,7.0,composition,full,,75,5,-0.06511534501436778,hurts,True,0.0,hurts,-0.7185313898614212,3.0
twin,twin/F3/twomode/cv20/s0/r7,,,,F3,twomode,0.2,0.0,7.0,frequency,full,,75,5,-0.5870262083691293,hurts,True,2.0,hurts,-0.19407484931668315,1.0
twin,twin/F3/twomode/cv20/s0/r8,,,,F3,twomode,0.2,0.0,8.0,composition,full,,75,5,-0.018338621082641948,neutral,True,2.0,hurts,-0.3431516688631782,4.0
twin,twin/F3/twomode/cv20/s0/r8,,,,F3,twomode,0.2,0.0,8.0,frequency,full,,75,5,-0.9889509564651755,hurts,True,1.0,hurts,-1.8490987649236057,2.0
twin,twin/F3/twomode/cv20/s0/r9,,,,F3,twomode,0.2,0.0,9.0,composition,full,,75,5,-0.003818398762389652,neutral,True,0.0,hurts,-4.042970594411907,2.0
twin,twin/F3/twomode/cv20/s0/r9,,,,F3,twomode,0.2,0.0,9.0,frequency,full,,75,5,-2.0447383548879587,hurts,True,2.0,hurts,-1.7802974628829957,1.0
twin,twin/F3/twomode/cv20/s0/r10,,,,F3,twomode,0.2,0.0,10.0,composition,full,,75,5,-0.08700887718721739,hurts,True,0.0,hurts,-1.1551144581728838,2.0
twin,twin/F3/twomode/cv20/s0/r10,,,,F3,twomode,0.2,0.0,10.0,frequency,full,,75,5,-0.6594259160348597,hurts,True,2.0,hurts,-0.804892891985129,1.0
twin,twin/F3/twomode/cv20/s0/r11,,,,F3,twomode,0.2,0.0,11.0,composition,full,,75,5,-1.6078913299738389,hurts,True,0.0,hurts,-2.6194134328213794,3.0
twin,twin/F3/twomode/cv20/s0/r11,,,,F3,twomode,0.2,0.0,11.0,frequency,full,,75,5,-0.8355827983852793,hurts,True,2.0,hurts,-1.2264252525109014,1.0
twin,twin/F3/twomode/cv20/s0/r12,,,,F3,twomode,0.2,0.0,12.0,composition,full,,75,5,-0.00036142695918373047,neutral,True,1.0,hurts,-3.6522026144112707,3.0
twin,twin/F3/twomode/cv20/s0/r12,,,,F3,twomode,0.2,0.0,12.0,frequency,full,,75,5,-1.093883540363386,hurts,True,2.0,hurts,-0.9640802556589456,1.0
twin,twin/F3/twomode/cv20/s0/r13,,,,F3,twomode,0.2,0.0,13.0,composition,full,,75,5,-0.1527532066316879,hurts,True,0.0,hurts,-237.3115070425669,3.0
twin,twin/F3/twomode/cv20/s0/r13,,,,F3,twomode,0.2,0.0,13.0,frequency,full,,75,5,-1.9540382541680619,hurts,True,2.0,hurts,-1.8828872620955195,1.0
twin,twin/F3/twomode/cv20/s0/r14,,,,F3,twomode,0.2,0.0,14.0,composition,full,,75,5,-0.1853650245733881,hurts,True,0.0,hurts,-0.5288567154727765,5.0
twin,twin/F3/twomode/cv20/s0/r14,,,,F3,twomode,0.2,0.0,14.0,frequency,full,,75,5,-1.759674854354797,hurts,True,2.0,hurts,-1.810963672876359,1.0
twin,twin/F3/twomode/cv20/s0/r15,,,,F3,twomode,0.2,0.0,15.0,composition,full,,75,5,-0.11704710255312645,hurts,True,0.0,hurts,-5.438050307620388,4.0
twin,twin/F3/twomode/cv20/s0/r15,,,,F3,twomode,0.2,0.0,15.0,frequency,full,,75,5,-2.3846314629550185,hurts,True,2.0,hurts,-1.8075167027384853,2.0
twin,twin/F3/twomode/cv20/s0/r16,,,,F3,twomode,0.2,0.0,16.0,composition,full,,75,5,-0.313194552047675,hurts,True,0.0,hurts,-21.26704068851796,3.0
twin,twin/F3/twomode/cv20/s0/r16,,,,F3,twomode,0.2,0.0,16.0,frequency,full,,75,5,-1.2031505882645637,hurts,True,1.0,hurts,-1.315645276705982,2.0
twin,twin/F3/twomode/cv20/s0/r17,,,,F3,twomode,0.2,0.0,17.0,composition,full,,75,5,0.02365547043714966,helps,True,0.0,hurts,-1.6025805575346959,2.0
twin,twin/F3/twomode/cv20/s0/r17,,,,F3,twomode,0.2,0.0,17.0,frequency,full,,75,5,-1.553652906236438,hurts,True,1.0,hurts,-1.6603951670833712,2.0
twin,twin/F3/twomode/cv20/s0/r18,,,,F3,twomode,0.2,0.0,18.0,composition,full,,75,5,-0.3667552109286607,hurts,True,1.0,hurts,-0.22153816033985824,2.0
twin,twin/F3/twomode/cv20/s0/r18,,,,F3,twomode,0.2,0.0,18.0,frequency,full,,75,5,-1.4606263047121946,hurts,True,2.0,hurts,-0.985518086117465,1.0
twin,twin/F3/twomode/cv20/s0/r19,,,,F3,twomode,0.2,0.0,19.0,composition,full,,75,5,-1.8001055877400622,hurts,True,0.0,hurts,-412.83754000331794,4.0
twin,twin/F3/twomode/cv20/s0/r19,,,,F3,twomode,0.2,0.0,19.0,frequency,full,,75,5,-0.913630820167056,hurts,True,1.0,hurts,-0.965435231279897,2.0
twin_sens,twin/F3/law/cv10/s42/r0,,,,F3,law,0.1,42.0,0.0,composition,full,,75,5,0.02448553626566763,helps,True,2.0,hurts,-0.21733628698051116,2.0
twin_sens,twin/F3/law/cv10/s42/r0,,,,F3,law,0.1,42.0,0.0,frequency,full,,75,5,0.9365302408834635,helps,True,4.0,helps,1.1396900922511928,4.0
twin_sens,twin/F3/law/cv10/s42/r1,,,,F3,law,0.1,42.0,1.0,composition,full,,75,5,0.07073233396000289,helps,True,1.0,hurts,-0.7602092648927234,3.0
twin_sens,twin/F3/law/cv10/s42/r1,,,,F3,law,0.1,42.0,1.0,frequency,full,,75,5,0.821510209528328,helps,True,4.0,helps,1.1608836716025877,4.0
twin_sens,twin/F3/law/cv10/s42/r2,,,,F3,law,0.1,42.0,2.0,composition,full,,75,5,-0.01126316481771672,neutral,True,2.0,hurts,-0.021153485356424605,1.0
twin_sens,twin/F3/law/cv10/s42/r2,,,,F3,law,0.1,42.0,2.0,frequency,full,,75,5,0.46717997324793004,helps,True,5.0,helps,0.9675248164031812,5.0
twin_sens,twin/F3/law/cv10/s42/r3,,,,F3,law,0.1,42.0,3.0,composition,full,,75,5,0.04243271659252845,helps,True,2.0,hurts,-0.5861075024085615,2.0
twin_sens,twin/F3/law/cv10/s42/r3,,,,F3,law,0.1,42.0,3.0,frequency,full,,75,5,0.750804939866456,helps,True,5.0,helps,0.7774697770560207,5.0
twin_sens,twin/F3/law/cv10/s42/r4,,,,F3,law,0.1,42.0,4.0,composition,full,,75,5,0.01071922549329174,neutral,True,1.0,hurts,-0.18719162095080452,1.0
twin_sens,twin/F3/law/cv10/s42/r4,,,,F3,law,0.1,42.0,4.0,frequency,full,,75,5,0.5673892265873116,helps,True,5.0,helps,0.8470822370774664,5.0
twin_sens,twin/F3/law/cv10/s42/r5,,,,F3,law,0.1,42.0,5.0,composition,full,,75,5,-0.2369968052410939,hurts,True,2.0,hurts,-0.2666603374066007,3.0
twin_sens,twin/F3/law/cv10/s42/r5,,,,F3,law,0.1,42.0,5.0,frequency,full,,75,5,0.48296352898464145,helps,True,5.0,helps,0.933702574108939,5.0
twin_sens,twin/F3/law/cv10/s42/r6,,,,F3,law,0.1,42.0,6.0,composition,full,,75,5,-0.8411031670134459,hurts,True,1.0,hurts,-0.7206326591672123,2.0
twin_sens,twin/F3/law/cv10/s42/r6,,,,F3,law,0.1,42.0,6.0,frequency,full,,75,5,0.6619069047365883,helps,True,3.0,helps,-1.1646799464708772,3.0
twin_sens,twin/F3/law/cv10/s42/r7,,,,F3,law,0.1,42.0,7.0,composition,full,,75,5,0.11146891434706863,helps,True,1.0,hurts,-0.26420530662067065,0.0
twin_sens,twin/F3/law/cv10/s42/r7,,,,F3,law,0.1,42.0,7.0,frequency,full,,75,5,0.5667299796168244,helps,True,4.0,helps,0.6614558371937702,4.0
twin_sens,twin/F3/law/cv10/s42/r8,,,,F3,law,0.1,42.0,8.0,composition,full,,75,5,0.06655665679663603,helps,True,2.0,hurts,-0.11248526576432649,1.0
twin_sens,twin/F3/law/cv10/s42/r8,,,,F3,law,0.1,42.0,8.0,frequency,full,,75,5,0.6362344195848093,helps,True,5.0,helps,1.3402206707048543,5.0
twin_sens,twin/F3/law/cv10/s42/r9,,,,F3,law,0.1,42.0,9.0,composition,full,,75,5,0.008669758734849209,neutral,True,2.0,hurts,-0.06663956719702584,1.0
twin_sens,twin/F3/law/cv10/s42/r9,,,,F3,law,0.1,42.0,9.0,frequency,full,,75,5,0.4720067877588674,helps,True,4.0,helps,0.5064498835700745,4.0
twin_sens,twin/F3/law/cv20/s42/r0,,,,F3,law,0.2,42.0,0.0,composition,full,,75,5,-0.212627725511909,hurts,True,1.0,hurts,-0.5616700767629406,2.0
twin_sens,twin/F3/law/cv20/s42/r0,,,,F3,law,0.2,42.0,0.0,frequency,full,,75,5,0.3946503347075032,helps,True,5.0,helps,0.9917211491497788,5.0
twin_sens,twin/F3/law/cv20/s42/r1,,,,F3,law,0.2,42.0,1.0,composition,full,,75,5,-0.3086384433162178,hurts,True,0.0,hurts,-1.0988700510783318,3.0
twin_sens,twin/F3/law/cv20/s42/r1,,,,F3,law,0.2,42.0,1.0,frequency,full,,75,5,0.3743968044438407,helps,True,3.0,helps,0.5125438463012416,3.0
twin_sens,twin/F3/law/cv20/s42/r2,,,,F3,law,0.2,42.0,2.0,composition,full,,75,5,0.021436555212063557,helps,True,1.0,hurts,-30.39647551767569,2.0
twin_sens,twin/F3/law/cv20/s42/r2,,,,F3,law,0.2,42.0,2.0,frequency,full,,75,5,0.4292441282192243,helps,True,4.0,helps,0.7697160055047243,4.0
twin_sens,twin/F3/law/cv20/s42/r3,,,,F3,law,0.2,42.0,3.0,composition,full,,75,5,-0.47916339386631024,hurts,True,0.0,hurts,-0.9120251452523453,2.0
twin_sens,twin/F3/law/cv20/s42/r3,,,,F3,law,0.2,42.0,3.0,frequency,full,,75,5,0.6076833443710192,helps,True,5.0,helps,1.0400973649827978,5.0
twin_sens,twin/F3/law/cv20/s42/r4,,,,F3,law,0.2,42.0,4.0,composition,full,,75,5,-3.1502374787397347,hurts,True,0.0,hurts,-5.1582482209725145,4.0
twin_sens,twin/F3/law/cv20/s42/r4,,,,F3,law,0.2,42.0,4.0,frequency,full,,75,5,0.4992300640152728,helps,True,5.0,helps,0.7598942588947966,5.0
twin_sens,twin/F3/law/cv20/s42/r5,,,,F3,law,0.2,42.0,5.0,composition,full,,75,5,0.12170302344463657,helps,True,3.0,helps,-0.06868994900148691,2.0
twin_sens,twin/F3/law/cv20/s42/r5,,,,F3,law,0.2,42.0,5.0,frequency,full,,75,5,0.5732485274794559,helps,True,5.0,helps,1.1842420637590343,5.0
twin_sens,twin/F3/law/cv20/s42/r6,,,,F3,law,0.2,42.0,6.0,composition,full,,75,5,-0.8276775481334153,hurts,True,0.0,hurts,-1.4365337116905124,3.0
twin_sens,twin/F3/law/cv20/s42/r6,,,,F3,law,0.2,42.0,6.0,frequency,full,,75,5,0.5307873898324738,helps,True,5.0,helps,1.054637996776344,5.0
twin_sens,twin/F3/law/cv20/s42/r7,,,,F3,law,0.2,42.0,7.0,composition,full,,75,5,0.05268817386580538,helps,True,1.0,hurts,-1.917212134399864,0.0
twin_sens,twin/F3/law/cv20/s42/r7,,,,F3,law,0.2,42.0,7.0,frequency,full,,75,5,0.45671078337103,helps,True,5.0,helps,0.8705060716132106,5.0
twin_sens,twin/F3/law/cv20/s42/r8,,,,F3,law,0.2,42.0,8.0,composition,full,,75,5,-0.12761089189573938,hurts,True,3.0,helps,-0.1009634370623705,1.0
twin_sens,twin/F3/law/cv20/s42/r8,,,,F3,law,0.2,42.0,8.0,frequency,full,,75,5,0.5678673451384255,helps,True,5.0,helps,1.061641069328842,5.0
twin_sens,twin/F3/law/cv20/s42/r9,,,,F3,law,0.2,42.0,9.0,composition,full,,75,5,-0.0026589122338542825,neutral,True,2.0,hurts,0.00544977423852675,3.0
twin_sens,twin/F3/law/cv20/s42/r9,,,,F3,law,0.2,42.0,9.0,frequency,full,,75,5,0.8779757149293255,helps,True,5.0,helps,1.5615688619884938,5.0
twin_sens,twin/F3/twomode/cv10/s42/r0,,,,F3,twomode,0.1,42.0,0.0,composition,full,,75,5,0.031242486809371806,helps,True,1.0,hurts,-0.7281523391734221,3.0
twin_sens,twin/F3/twomode/cv10/s42/r0,,,,F3,twomode,0.1,42.0,0.0,frequency,full,,75,5,-1.8228444445294056,hurts,True,2.0,hurts,-1.3416856720781567,1.0
twin_sens,twin/F3/twomode/cv10/s42/r1,,,,F3,twomode,0.1,42.0,1.0,composition,full,,75,5,-0.052324500687038755,hurts,True,0.0,hurts,-1.0611210146769998,3.0
twin_sens,twin/F3/twomode/cv10/s42/r1,,,,F3,twomode,0.1,42.0,1.0,frequency,full,,75,5,-1.301125315914335,hurts,True,1.0,hurts,-1.969837948615001,2.0
twin_sens,twin/F3/twomode/cv10/s42/r2,,,,F3,twomode,0.1,42.0,2.0,composition,full,,75,5,0.04411049497348152,helps,True,2.0,hurts,-228.29241271270865,1.0
twin_sens,twin/F3/twomode/cv10/s42/r2,,,,F3,twomode,0.1,42.0,2.0,frequency,full,,75,5,-1.9417874321558646,hurts,True,2.0,hurts,-1.2522785650930977,1.0
twin_sens,twin/F3/twomode/cv10/s42/r3,,,,F3,twomode,0.1,42.0,3.0,composition,full,,75,5,-0.09021826978076908,hurts,True,0.0,hurts,-2.4297917009373498,2.0
twin_sens,twin/F3/twomode/cv10/s42/r3,,,,F3,twomode,0.1,42.0,3.0,frequency,full,,75,5,-1.5731559215292146,hurts,True,1.0,hurts,-2.1461904209893503,2.0
twin_sens,twin/F3/twomode/cv10/s42/r4,,,,F3,twomode,0.1,42.0,4.0,composition,full,,75,5,0.03717298472055308,helps,True,1.0,hurts,-34.94032682899696,3.0
twin_sens,twin/F3/twomode/cv10/s42/r4,,,,F3,twomode,0.1,42.0,4.0,frequency,full,,75,5,-1.718312211300566,hurts,True,2.0,hurts,-1.5325226111760633,1.0
twin_sens,twin/F3/twomode/cv10/s42/r5,,,,F3,twomode,0.1,42.0,5.0,composition,full,,75,5,-0.35360352012210294,hurts,True,0.0,hurts,-1.7686865263340987,4.0
twin_sens,twin/F3/twomode/cv10/s42/r5,,,,F3,twomode,0.1,42.0,5.0,frequency,full,,75,5,-1.3142846068312823,hurts,True,2.0,hurts,-0.9168648902710139,2.0
twin_sens,twin/F3/twomode/cv10/s42/r6,,,,F3,twomode,0.1,42.0,6.0,composition,full,,75,5,-0.06113217681901473,hurts,True,1.0,hurts,-0.19627253653437476,1.0
twin_sens,twin/F3/twomode/cv10/s42/r6,,,,F3,twomode,0.1,42.0,6.0,frequency,full,,75,5,-1.402354431755982,hurts,True,2.0,hurts,-1.1230116116741193,2.0
twin_sens,twin/F3/twomode/cv10/s42/r7,,,,F3,twomode,0.1,42.0,7.0,composition,full,,75,5,-0.034436449003054204,hurts,True,0.0,hurts,-0.19079499563185134,3.0
twin_sens,twin/F3/twomode/cv10/s42/r7,,,,F3,twomode,0.1,42.0,7.0,frequency,full,,75,5,-1.8981041847118734,hurts,True,3.0,helps,-1.3895845539765292,0.0
twin_sens,twin/F3/twomode/cv10/s42/r8,,,,F3,twomode,0.1,42.0,8.0,composition,full,,75,5,-0.012326483227892981,neutral,True,2.0,hurts,-0.04721733155088918,1.0
twin_sens,twin/F3/twomode/cv10/s42/r8,,,,F3,twomode,0.1,42.0,8.0,frequency,full,,75,5,-1.7683522785577375,hurts,True,2.0,hurts,-1.2943200540264173,1.0
twin_sens,twin/F3/twomode/cv10/s42/r9,,,,F3,twomode,0.1,42.0,9.0,composition,full,,75,5,-0.33325250090716585,hurts,True,1.0,hurts,-0.3636191690424374,3.0
twin_sens,twin/F3/twomode/cv10/s42/r9,,,,F3,twomode,0.1,42.0,9.0,frequency,full,,75,5,-1.3930018106963535,hurts,True,2.0,hurts,-1.565007396531022,1.0
twin_sens,twin/F3/twomode/cv20/s42/r0,,,,F3,twomode,0.2,42.0,0.0,composition,full,,75,5,-0.5059928510552929,hurts,True,0.0,hurts,-2.093558107642004,2.0
twin_sens,twin/F3/twomode/cv20/s42/r0,,,,F3,twomode,0.2,42.0,0.0,frequency,full,,75,5,-1.2095092392901052,hurts,True,1.0,hurts,-1.2569454145459145,2.0
twin_sens,twin/F3/twomode/cv20/s42/r1,,,,F3,twomode,0.2,42.0,1.0,composition,full,,75,5,0.05240851419415127,helps,True,2.0,hurts,-77.15395520645643,3.0
twin_sens,twin/F3/twomode/cv20/s42/r1,,,,F3,twomode,0.2,42.0,1.0,frequency,full,,75,5,-1.5244875651439758,hurts,True,2.0,hurts,-1.145651194391127,1.0
twin_sens,twin/F3/twomode/cv20/s42/r2,,,,F3,twomode,0.2,42.0,2.0,composition,full,,75,5,0.08212704475347898,helps,True,2.0,hurts,-0.1815929481852554,1.0
twin_sens,twin/F3/twomode/cv20/s42/r2,,,,F3,twomode,0.2,42.0,2.0,frequency,full,,75,5,-0.6022603075611461,hurts,True,3.0,helps,-0.4181335215374915,0.0
twin_sens,twin/F3/twomode/cv20/s42/r3,,,,F3,twomode,0.2,42.0,3.0,composition,full,,75,5,-0.0825474205328548,hurts,True,1.0,hurts,-0.23911788080053736,3.0
twin_sens,twin/F3/twomode/cv20/s42/r3,,,,F3,twomode,0.2,42.0,3.0,frequency,full,,75,5,-1.0198966069057422,hurts,True,2.0,hurts,-1.2719807819668485,1.0
twin_sens,twin/F3/twomode/cv20/s42/r4,,,,F3,twomode,0.2,42.0,4.0,composition,full,,75,5,-1.3391893596652058,hurts,True,0.0,hurts,-3.985597385031993,5.0
twin_sens,twin/F3/twomode/cv20/s42/r4,,,,F3,twomode,0.2,42.0,4.0,frequency,full,,75,5,-0.6929871102386089,hurts,True,2.0,hurts,-1.0774464104450616,1.0
twin_sens,twin/F3/twomode/cv20/s42/r5,,,,F3,twomode,0.2,42.0,5.0,composition,full,,75,5,0.0188832710924689,neutral,True,1.0,hurts,-3.409563075130433,2.0
twin_sens,twin/F3/twomode/cv20/s42/r5,,,,F3,twomode,0.2,42.0,5.0,frequency,full,,75,5,-0.898032901298706,hurts,True,2.0,hurts,-1.0780692912365184,1.0
twin_sens,twin/F3/twomode/cv20/s42/r6,,,,F3,twomode,0.2,42.0,6.0,composition,full,,75,5,-0.16862477833748635,hurts,True,0.0,hurts,-0.6541918652971679,4.0
twin_sens,twin/F3/twomode/cv20/s42/r6,,,,F3,twomode,0.2,42.0,6.0,frequency,full,,75,5,-1.233088813595696,hurts,True,2.0,hurts,-1.1792512800072485,1.0
twin_sens,twin/F3/twomode/cv20/s42/r7,,,,F3,twomode,0.2,42.0,7.0,composition,full,,75,5,-1.022485769832216,hurts,True,0.0,hurts,-7.474467806611477,2.0
twin_sens,twin/F3/twomode/cv20/s42/r7,,,,F3,twomode,0.2,42.0,7.0,frequency,full,,75,5,-0.7434247976169868,hurts,True,2.0,hurts,-1.2255637240273363,1.0
twin_sens,twin/F3/twomode/cv20/s42/r8,,,,F3,twomode,0.2,42.0,8.0,composition,full,,75,5,0.0314115005409209,helps,True,1.0,hurts,-1.378355397604804,1.0
twin_sens,twin/F3/twomode/cv20/s42/r8,,,,F3,twomode,0.2,42.0,8.0,frequency,full,,75,5,-0.8822715310406815,hurts,True,2.0,hurts,-0.5480473303807786,1.0
twin_sens,twin/F3/twomode/cv20/s42/r9,,,,F3,twomode,0.2,42.0,9.0,composition,full,,75,5,-0.04176497352260666,hurts,True,1.0,hurts,-0.1454539944770131,1.0
twin_sens,twin/F3/twomode/cv20/s42/r9,,,,F3,twomode,0.2,42.0,9.0,frequency,full,,75,5,-1.3392588620542782,hurts,True,1.0,hurts,-2.0541372549204584,2.0
real,real/rms_Voc/n72,,rms_Voc,n72,,,,,,composition,full,,72,5,-0.5525505670566291,hurts,True,1.0,hurts,-0.41738847148802555,3.0
real,real/rms_Voc/n72,,rms_Voc,n72,,,,,,frequency,full,,72,5,-2.079717729915398,hurts,True,1.0,hurts,-2.131585136076508,2.0
real,real/Vpp/n72,,Vpp,n72,,,,,,composition,full,,72,5,-0.3768136537073714,hurts,True,2.0,hurts,-0.15663814096084874,2.0
real,real/Vpp/n72,,Vpp,n72,,,,,,frequency,full,,72,5,-8.837323453668008,hurts,True,1.0,hurts,-942.4863425355409,3.0
real,real/Vmax/n72,,Vmax,n72,,,,,,composition,full,,72,5,-0.5827115048953997,hurts,True,1.0,hurts,-0.3366591192870472,3.0
real,real/Vmax/n72,,Vmax,n72,,,,,,frequency,full,,72,5,-4.454140866696566,hurts,True,1.0,hurts,-18.04716842289447,3.0
external,ext/Shi/full,Shi,,,,,,,,composition,full,,50,6,0.0377756912387871,helps,True,3.0,hurts,-0.0309692168642194,2.0
external,ext/SalamaForce/full,SalamaForce,,,,,,,,force,full,,68,5,-0.07474554452044657,hurts,True,4.0,helps,0.23737937970888884,0.0
external_sub,ext/SalamaForce/composition5/4,SalamaForce,,,,,,,,composition,0.5|1.0|2.0|2.5|3.0,5.0,50,5,0.11267550919693281,helps,True,0.0,hurts,-0.5187259287027637,1.0
external_sub,ext/SalamaForce/composition5/5,SalamaForce,,,,,,,,composition,0.5|1.5|2.0|2.5|3.0,5.0,50,5,-1.7064768774009171,hurts,True,0.0,hurts,-6.763606790601225,1.0
external_sub,ext/SalamaForce/composition5/0,SalamaForce,,,,,,,,composition,0.0|0.5|1.5|2.5|3.0,5.0,48,5,0.29469985468410653,helps,True,1.0,hurts,-0.14023878840241089,1.0
external_sub,ext/SalamaForce/composition5/1,SalamaForce,,,,,,,,composition,0.0|1.0|1.5|2.0|2.5,5.0,48,5,0.37414185725907845,helps,True,0.0,hurts,-13.850329395071872,1.0
external_sub,ext/SalamaForce/composition5/2,SalamaForce,,,,,,,,composition,0.0|1.0|2.0|2.5|3.0,5.0,48,5,0.3961645889516038,helps,True,1.0,hurts,-1.3805190502931306,2.0
external_sub,ext/SalamaForce/composition5/3,SalamaForce,,,,,,,,composition,0.0|1.5|2.0|2.5|3.0,5.0,48,5,-5.6170756192410485,hurts,True,0.0,hurts,-18.159834446773793,1.0
external_sub,ext/Shi/composition5/5,Shi,,,,,,,,composition,PBC-1|PBC-2.5|PBC-5|PBC-7.5|PVDF-TrFE,5.0,45,5,0.2958701238402319,helps,True,2.0,hurts,-3.9040393389858794,1.0
twin,twin/f3/law/cv10/s0/r0,,,,f3,law,0.1,0.0,0.0,composition,full,,45,5,0.008666111930851872,neutral,True,2.0,hurts,-0.05748439672060348,0.0
twin,twin/f3/law/cv10/s0/r1,,,,f3,law,0.1,0.0,1.0,composition,full,,45,5,0.05605634203409715,helps,True,1.0,hurts,-0.06694646081506572,0.0
twin,twin/f3/law/cv10/s0/r2,,,,f3,law,0.1,0.0,2.0,composition,full,,45,5,0.06585806843214947,helps,True,2.0,hurts,-1.0822169500852037,3.0
twin,twin/f3/law/cv10/s0/r3,,,,f3,law,0.1,0.0,3.0,composition,full,,45,5,-0.07184667680682055,hurts,True,0.0,hurts,-1.3634910230013721,1.0
twin,twin/f3/law/cv10/s0/r4,,,,f3,law,0.1,0.0,4.0,composition,full,,45,5,-0.019607675085189014,neutral,True,0.0,hurts,-16.3818083978429,3.0
twin,twin/f3/law/cv10/s0/r5,,,,f3,law,0.1,0.0,5.0,composition,full,,45,5,0.049225650332021864,helps,True,3.0,helps,-0.4304677194702823,3.0
twin,twin/f3/law/cv10/s0/r6,,,,f3,law,0.1,0.0,6.0,composition,full,,45,5,-0.08517983745995072,hurts,True,1.0,hurts,-1.1075439448647635,3.0
twin,twin/f3/law/cv10/s0/r7,,,,f3,law,0.1,0.0,7.0,composition,full,,45,5,0.0133873264658817,neutral,True,0.0,hurts,-1.1088387194383618,2.0
twin,twin/f3/law/cv10/s0/r8,,,,f3,law,0.1,0.0,8.0,composition,full,,45,5,-0.05032817315447635,hurts,True,0.0,hurts,-0.2261655582606715,4.0
twin,twin/f3/law/cv10/s0/r9,,,,f3,law,0.1,0.0,9.0,composition,full,,45,5,0.05722842069029377,helps,True,1.0,hurts,-0.6997953109844185,3.0
twin,twin/f3/law/cv10/s0/r10,,,,f3,law,0.1,0.0,10.0,composition,full,,45,5,-0.25539977896832855,hurts,True,1.0,hurts,-0.4547225626824515,2.0
twin,twin/f3/law/cv10/s0/r11,,,,f3,law,0.1,0.0,11.0,composition,full,,45,5,0.06548505559814721,helps,True,0.0,hurts,-0.36524145075106673,2.0
twin,twin/f3/law/cv10/s0/r12,,,,f3,law,0.1,0.0,12.0,composition,full,,45,5,0.0733711765544579,helps,True,3.0,helps,-0.4512964180341987,4.0
twin,twin/f3/law/cv10/s0/r13,,,,f3,law,0.1,0.0,13.0,composition,full,,45,5,0.0023566627634342696,neutral,True,3.0,helps,-0.03726110585542804,2.0
twin,twin/f3/law/cv10/s0/r14,,,,f3,law,0.1,0.0,14.0,composition,full,,45,5,0.03747399050251965,helps,True,4.0,helps,0.0462910760435977,0.0
twin,twin/f3/law/cv10/s0/r15,,,,f3,law,0.1,0.0,15.0,composition,full,,45,5,-0.011621854105441698,neutral,True,0.0,hurts,-1.1596121740193532,3.0
twin,twin/f3/law/cv10/s0/r16,,,,f3,law,0.1,0.0,16.0,composition,full,,45,5,-0.05249503867698835,hurts,True,2.0,hurts,-0.2549376366832322,3.0
twin,twin/f3/law/cv10/s0/r17,,,,f3,law,0.1,0.0,17.0,composition,full,,45,5,0.06844728371491438,helps,True,0.0,hurts,-1.3835265327005208,1.0
twin,twin/f3/law/cv10/s0/r18,,,,f3,law,0.1,0.0,18.0,composition,full,,45,5,-0.004802164475245174,neutral,True,1.0,hurts,-0.07550462536738851,3.0
twin,twin/f3/law/cv10/s0/r19,,,,f3,law,0.1,0.0,19.0,composition,full,,45,5,0.06262610125961521,helps,True,0.0,hurts,-0.6376126935119055,1.0
twin,twin/f3/law/cv20/s0/r0,,,,f3,law,0.2,0.0,0.0,composition,full,,45,5,-0.0377960535724019,hurts,True,1.0,hurts,-0.5405403265819236,2.0
twin,twin/f3/law/cv20/s0/r1,,,,f3,law,0.2,0.0,1.0,composition,full,,45,5,-0.18977762810961574,hurts,True,0.0,hurts,-1.447588145118886,3.0
twin,twin/f3/law/cv20/s0/r2,,,,f3,law,0.2,0.0,2.0,composition,full,,45,5,-0.012882116816151035,neutral,True,1.0,hurts,-0.2751664992201456,1.0
twin,twin/f3/law/cv20/s0/r3,,,,f3,law,0.2,0.0,3.0,composition,full,,45,5,0.05815378496859158,helps,True,2.0,hurts,-0.4611392570466353,0.0
twin,twin/f3/law/cv20/s0/r4,,,,f3,law,0.2,0.0,4.0,composition,full,,45,5,0.04445705505471931,helps,True,4.0,helps,0.027983650057809784,2.0
twin,twin/f3/law/cv20/s0/r5,,,,f3,law,0.2,0.0,5.0,composition,full,,45,5,-0.01437476510260971,neutral,True,0.0,hurts,-0.7761758340493422,2.0
twin,twin/f3/law/cv20/s0/r6,,,,f3,law,0.2,0.0,6.0,composition,full,,45,5,0.008234892057144783,neutral,True,1.0,hurts,-2.774962988283503,3.0
twin,twin/f3/law/cv20/s0/r7,,,,f3,law,0.2,0.0,7.0,composition,full,,45,5,0.06258903850182806,helps,True,2.0,hurts,-1.9417642596123301,2.0
twin,twin/f3/law/cv20/s0/r8,,,,f3,law,0.2,0.0,8.0,composition,full,,45,5,-0.04936930997980016,hurts,True,0.0,hurts,-3.0655218579507553,2.0
twin,twin/f3/law/cv20/s0/r9,,,,f3,law,0.2,0.0,9.0,composition,full,,45,5,-0.08855296667634183,hurts,True,1.0,hurts,-0.4569426592036095,2.0
twin,twin/f3/law/cv20/s0/r10,,,,f3,law,0.2,0.0,10.0,composition,full,,45,5,-0.15666306682520248,hurts,True,0.0,hurts,-0.7140910887093407,3.0
twin,twin/f3/law/cv20/s0/r11,,,,f3,law,0.2,0.0,11.0,composition,full,,45,5,-0.26039819911781203,hurts,True,0.0,hurts,-4.0058394781952416,2.0
twin,twin/f3/law/cv20/s0/r12,,,,f3,law,0.2,0.0,12.0,composition,full,,45,5,0.09853479985701497,helps,True,1.0,hurts,-1.1054357906833885,2.0
twin,twin/f3/law/cv20/s0/r13,,,,f3,law,0.2,0.0,13.0,composition,full,,45,5,-0.2675105687008833,hurts,True,2.0,hurts,-1.0502182395384145,1.0
twin,twin/f3/law/cv20/s0/r14,,,,f3,law,0.2,0.0,14.0,composition,full,,45,5,0.08304401299240205,helps,True,2.0,hurts,-0.15422321121233437,2.0
twin,twin/f3/law/cv20/s0/r15,,,,f3,law,0.2,0.0,15.0,composition,full,,45,5,-0.09886561031618268,hurts,True,0.0,hurts,-5.443319719089745,3.0
twin,twin/f3/law/cv20/s0/r16,,,,f3,law,0.2,0.0,16.0,composition,full,,45,5,0.018477985246435957,neutral,True,2.0,hurts,-0.45232062954908175,3.0
twin,twin/f3/law/cv20/s0/r17,,,,f3,law,0.2,0.0,17.0,composition,full,,45,5,-0.13336507374959838,hurts,True,2.0,hurts,-0.5212381339655059,1.0
twin,twin/f3/law/cv20/s0/r18,,,,f3,law,0.2,0.0,18.0,composition,full,,45,5,-0.08276454480836837,hurts,True,1.0,hurts,-0.4785700548696732,2.0
twin,twin/f3/law/cv20/s0/r19,,,,f3,law,0.2,0.0,19.0,composition,full,,45,5,-0.03569644636264979,hurts,True,1.0,hurts,-0.5106342504923009,2.0
twin,twin/f3/twomode/cv10/s0/r0,,,,f3,twomode,0.1,0.0,0.0,composition,full,,45,5,-0.21541643066562455,hurts,True,1.0,hurts,-0.6377455115132582,1.0
twin,twin/f3/twomode/cv10/s0/r1,,,,f3,twomode,0.1,0.0,1.0,composition,full,,45,5,0.07810558681674518,helps,True,4.0,helps,0.038204469137645414,4.0
twin,twin/f3/twomode/cv10/s0/r2,,,,f3,twomode,0.1,0.0,2.0,composition,full,,45,5,0.1131926628192148,helps,True,2.0,hurts,-0.7566648102238396,3.0
twin,twin/f3/twomode/cv10/s0/r3,,,,f3,twomode,0.1,0.0,3.0,composition,full,,45,5,-0.0494723713005053,hurts,True,0.0,hurts,-0.36703987709954566,2.0
twin,twin/f3/twomode/cv10/s0/r4,,,,f3,twomode,0.1,0.0,4.0,composition,full,,45,5,-0.0179186620469578,neutral,True,0.0,hurts,-0.6756560502635456,1.0
twin,twin/f3/twomode/cv10/s0/r5,,,,f3,twomode,0.1,0.0,5.0,composition,full,,45,5,0.12116486934072901,helps,True,2.0,hurts,-0.6256901514091181,3.0
twin,twin/f3/twomode/cv10/s0/r6,,,,f3,twomode,0.1,0.0,6.0,composition,full,,45,5,0.052315204367442414,helps,True,3.0,helps,-0.061649114834713116,3.0
twin,twin/f3/twomode/cv10/s0/r7,,,,f3,twomode,0.1,0.0,7.0,composition,full,,45,5,0.010035549218977091,neutral,True,2.0,hurts,-0.07993406620579753,1.0
twin,twin/f3/twomode/cv10/s0/r8,,,,f3,twomode,0.1,0.0,8.0,composition,full,,45,5,0.03698744010147392,helps,True,2.0,hurts,-0.8495892321194212,5.0
twin,twin/f3/twomode/cv10/s0/r9,,,,f3,twomode,0.1,0.0,9.0,composition,full,,45,5,0.06611926903331622,helps,True,1.0,hurts,-0.09470049032318258,3.0
twin,twin/f3/twomode/cv10/s0/r10,,,,f3,twomode,0.1,0.0,10.0,composition,full,,45,5,0.012208172336044432,neutral,True,3.0,helps,0.009418494297211023,0.0
twin,twin/f3/twomode/cv10/s0/r11,,,,f3,twomode,0.1,0.0,11.0,composition,full,,45,5,0.05812826585540698,helps,True,1.0,hurts,-0.3212450065391267,2.0
twin,twin/f3/twomode/cv10/s0/r12,,,,f3,twomode,0.1,0.0,12.0,composition,full,,45,5,0.11840417159616456,helps,True,0.0,hurts,-1.558060825594198,2.0
twin,twin/f3/twomode/cv10/s0/r13,,,,f3,twomode,0.1,0.0,13.0,composition,full,,45,5,0.0813716653724087,helps,True,2.0,hurts,-0.6207242024991944,2.0
twin,twin/f3/twomode/cv10/s0/r14,,,,f3,twomode,0.1,0.0,14.0,composition,full,,45,5,-0.23577632361224743,hurts,True,0.0,hurts,-0.9919803807716843,1.0
twin,twin/f3/twomode/cv10/s0/r15,,,,f3,twomode,0.1,0.0,15.0,composition,full,,45,5,0.044671804431369644,helps,True,3.0,helps,-0.1424031326912762,3.0
twin,twin/f3/twomode/cv10/s0/r16,,,,f3,twomode,0.1,0.0,16.0,composition,full,,45,5,-0.04352947958046727,hurts,True,1.0,hurts,-1.1916697436949877,2.0
twin,twin/f3/twomode/cv10/s0/r17,,,,f3,twomode,0.1,0.0,17.0,composition,full,,45,5,0.04226730108429422,helps,True,1.0,hurts,-0.28807731995591174,2.0
twin,twin/f3/twomode/cv10/s0/r18,,,,f3,twomode,0.1,0.0,18.0,composition,full,,45,5,-0.003556876156621147,neutral,True,0.0,hurts,-0.9515489423815209,2.0
twin,twin/f3/twomode/cv10/s0/r19,,,,f3,twomode,0.1,0.0,19.0,composition,full,,45,5,-0.5725629832348194,hurts,True,1.0,hurts,-13.236725704733079,2.0
twin,twin/f3/twomode/cv20/s0/r0,,,,f3,twomode,0.2,0.0,0.0,composition,full,,45,5,-0.8950922381453791,hurts,True,2.0,hurts,-0.7497101404478299,1.0
twin,twin/f3/twomode/cv20/s0/r1,,,,f3,twomode,0.2,0.0,1.0,composition,full,,45,5,0.1910481085109279,helps,True,1.0,hurts,-0.7409620449591447,2.0
twin,twin/f3/twomode/cv20/s0/r2,,,,f3,twomode,0.2,0.0,2.0,composition,full,,45,5,0.02299967520268098,helps,True,3.0,helps,-0.0007750791412048707,2.0
twin,twin/f3/twomode/cv20/s0/r3,,,,f3,twomode,0.2,0.0,3.0,composition,full,,45,5,-0.08027912342335075,hurts,True,0.0,hurts,-1.340744492545983,1.0
twin,twin/f3/twomode/cv20/s0/r4,,,,f3,twomode,0.2,0.0,4.0,composition,full,,45,5,0.1215258086026334,helps,True,2.0,hurts,-0.20821244100795694,2.0
twin,twin/f3/twomode/cv20/s0/r5,,,,f3,twomode,0.2,0.0,5.0,composition,full,,45,5,-0.11452963148567785,hurts,True,0.0,hurts,-0.3046595979224124,5.0
twin,twin/f3/twomode/cv20/s0/r6,,,,f3,twomode,0.2,0.0,6.0,composition,full,,45,5,-1.8351363579286823,hurts,True,2.0,hurts,-1.1751224236519684,1.0
twin,twin/f3/twomode/cv20/s0/r7,,,,f3,twomode,0.2,0.0,7.0,composition,full,,45,5,-0.09857389860438348,hurts,True,2.0,hurts,-0.08146768682403767,2.0
twin,twin/f3/twomode/cv20/s0/r8,,,,f3,twomode,0.2,0.0,8.0,composition,full,,45,5,0.03248489696676615,helps,True,3.0,helps,-0.13301723764706763,1.0
twin,twin/f3/twomode/cv20/s0/r9,,,,f3,twomode,0.2,0.0,9.0,composition,full,,45,5,-0.04729062575032106,hurts,True,1.0,hurts,-1.3497927988247032,1.0
twin,twin/f3/twomode/cv20/s0/r10,,,,f3,twomode,0.2,0.0,10.0,composition,full,,45,5,-0.09169494294694525,hurts,True,0.0,hurts,-1.1919749660575356,2.0
twin,twin/f3/twomode/cv20/s0/r11,,,,f3,twomode,0.2,0.0,11.0,composition,full,,45,5,-1.8814686538101164,hurts,True,1.0,hurts,-3.1316794321485495,4.0
twin,twin/f3/twomode/cv20/s0/r12,,,,f3,twomode,0.2,0.0,12.0,composition,full,,45,5,-0.13316690518540675,hurts,True,1.0,hurts,-0.7951367280482976,3.0
twin,twin/f3/twomode/cv20/s0/r13,,,,f3,twomode,0.2,0.0,13.0,composition,full,,45,5,-0.09747333389870505,hurts,True,0.0,hurts,-2.1802247623734887,2.0
twin,twin/f3/twomode/cv20/s0/r14,,,,f3,twomode,0.2,0.0,14.0,composition,full,,45,5,-0.277456863400141,hurts,True,0.0,hurts,-0.9548937801957962,5.0
twin,twin/f3/twomode/cv20/s0/r15,,,,f3,twomode,0.2,0.0,15.0,composition,full,,45,5,-0.2041629884349656,hurts,True,0.0,hurts,-0.6123055492185296,3.0
twin,twin/f3/twomode/cv20/s0/r16,,,,f3,twomode,0.2,0.0,16.0,composition,full,,45,5,-0.26651558730095914,hurts,True,0.0,hurts,-1.5874535735778614,3.0
twin,twin/f3/twomode/cv20/s0/r17,,,,f3,twomode,0.2,0.0,17.0,composition,full,,45,5,0.1313032536954175,helps,True,2.0,hurts,-0.7707988858515418,4.0
twin,twin/f3/twomode/cv20/s0/r18,,,,f3,twomode,0.2,0.0,18.0,composition,full,,45,5,-0.4523741830730059,hurts,True,0.0,hurts,-1.8282931304697034,4.0
twin,twin/f3/twomode/cv20/s0/r19,,,,f3,twomode,0.2,0.0,19.0,composition,full,,45,5,-1.390614010970512,hurts,True,1.0,hurts,-0.7464652312965545,2.0
twin_sens,twin/f3/law/cv10/s42/r0,,,,f3,law,0.1,42.0,0.0,composition,full,,45,5,0.053488538809734476,helps,True,2.0,hurts,-0.9898176791793833,3.0
twin_sens,twin/f3/law/cv10/s42/r1,,,,f3,law,0.1,42.0,1.0,composition,full,,45,5,0.03374149543126703,helps,True,1.0,hurts,-0.7518156294148601,3.0
twin_sens,twin/f3/law/cv10/s42/r2,,,,f3,law,0.1,42.0,2.0,composition,full,,45,5,0.00541892961864654,neutral,True,2.0,hurts,-0.02312815740698415,3.0
twin_sens,twin/f3/law/cv10/s42/r3,,,,f3,law,0.1,42.0,3.0,composition,full,,45,5,0.03254504433325622,helps,True,2.0,hurts,-0.27279643481528604,2.0
twin_sens,twin/f3/law/cv10/s42/r4,,,,f3,law,0.1,42.0,4.0,composition,full,,45,5,0.04781000504591293,helps,True,3.0,helps,-0.13884341978001444,3.0
twin_sens,twin/f3/law/cv10/s42/r5,,,,f3,law,0.1,42.0,5.0,composition,full,,45,5,-0.18651686803212564,hurts,True,0.0,hurts,-1.8346013910098726,3.0
twin_sens,twin/f3/law/cv10/s42/r6,,,,f3,law,0.1,42.0,6.0,composition,full,,45,5,-1.045852735253011,hurts,True,0.0,hurts,-1.09596305002804,3.0
twin_sens,twin/f3/law/cv10/s42/r7,,,,f3,law,0.1,42.0,7.0,composition,full,,45,5,-0.23186372300643732,hurts,True,0.0,hurts,-1.977880693116194,3.0
twin_sens,twin/f3/law/cv10/s42/r8,,,,f3,law,0.1,42.0,8.0,composition,full,,45,5,0.03618208699821346,helps,True,2.0,hurts,-0.14871633709477394,1.0
twin_sens,twin/f3/law/cv10/s42/r9,,,,f3,law,0.1,42.0,9.0,composition,full,,45,5,-0.01966692255478264,neutral,True,2.0,hurts,-0.18171727403257987,1.0
twin_sens,twin/f3/law/cv20/s42/r0,,,,f3,law,0.2,42.0,0.0,composition,full,,45,5,-0.28102738831163154,hurts,True,1.0,hurts,-0.6234863787571108,4.0
twin_sens,twin/f3/law/cv20/s42/r1,,,,f3,law,0.2,42.0,1.0,composition,full,,45,5,-0.05069866217830332,hurts,True,0.0,hurts,-318.74791356247704,3.0
twin_sens,twin/f3/law/cv20/s42/r2,,,,f3,law,0.2,42.0,2.0,composition,full,,45,5,0.03997187419907833,helps,True,1.0,hurts,-0.9352207798596608,2.0
twin_sens,twin/f3/law/cv20/s42/r3,,,,f3,law,0.2,42.0,3.0,composition,full,,45,5,-0.4638917141284544,hurts,True,1.0,hurts,-1.1809741368215863,2.0
twin_sens,twin/f3/law/cv20/s42/r4,,,,f3,law,0.2,42.0,4.0,composition,full,,45,5,-2.6762326691422937,hurts,True,1.0,hurts,-4.311070406608229,3.0
twin_sens,twin/f3/law/cv20/s42/r5,,,,f3,law,0.2,42.0,5.0,composition,full,,45,5,0.0795691485713097,helps,True,2.0,hurts,-7.837262063682833,3.0
twin_sens,twin/f3/law/cv20/s42/r6,,,,f3,law,0.2,42.0,6.0,composition,full,,45,5,-0.7086059563714331,hurts,True,0.0,hurts,-0.9023219322982993,3.0
twin_sens,twin/f3/law/cv20/s42/r7,,,,f3,law,0.2,42.0,7.0,composition,full,,45,5,0.035499513804009064,helps,True,3.0,helps,-0.17582007291990562,1.0
twin_sens,twin/f3/law/cv20/s42/r8,,,,f3,law,0.2,42.0,8.0,composition,full,,45,5,-0.2117620809979518,hurts,True,2.0,hurts,-0.1765202406174996,0.0
twin_sens,twin/f3/law/cv20/s42/r9,,,,f3,law,0.2,42.0,9.0,composition,full,,45,5,0.1720515028740831,helps,True,2.0,hurts,-0.25493141397834557,3.0
twin_sens,twin/f3/twomode/cv10/s42/r0,,,,f3,twomode,0.1,42.0,0.0,composition,full,,45,5,0.034883592308381894,helps,True,1.0,hurts,-0.3940731205196134,2.0
twin_sens,twin/f3/twomode/cv10/s42/r1,,,,f3,twomode,0.1,42.0,1.0,composition,full,,45,5,-0.1001759809183922,hurts,True,1.0,hurts,-1.1937075559576062,2.0
twin_sens,twin/f3/twomode/cv10/s42/r2,,,,f3,twomode,0.1,42.0,2.0,composition,full,,45,5,0.05034813319023079,helps,True,3.0,helps,-1.1134495159996933,3.0
twin_sens,twin/f3/twomode/cv10/s42/r3,,,,f3,twomode,0.1,42.0,3.0,composition,full,,45,5,-0.11950773003493886,hurts,True,0.0,hurts,-0.8489219071056129,3.0
twin_sens,twin/f3/twomode/cv10/s42/r4,,,,f3,twomode,0.1,42.0,4.0,composition,full,,45,5,0.010121478840716347,neutral,True,1.0,hurts,-0.4363518849613685,1.0
twin_sens,twin/f3/twomode/cv10/s42/r5,,,,f3,twomode,0.1,42.0,5.0,composition,full,,45,5,-0.6257034493405491,hurts,True,0.0,hurts,-1306.8088367669905,3.0
twin_sens,twin/f3/twomode/cv10/s42/r6,,,,f3,twomode,0.1,42.0,6.0,composition,full,,45,5,0.014481328351407252,neutral,True,2.0,hurts,0.04015796149603228,2.0
twin_sens,twin/f3/twomode/cv10/s42/r7,,,,f3,twomode,0.1,42.0,7.0,composition,full,,45,5,0.029904686688844828,helps,True,2.0,hurts,-0.14786344707149665,1.0
twin_sens,twin/f3/twomode/cv10/s42/r8,,,,f3,twomode,0.1,42.0,8.0,composition,full,,45,5,-0.16692380007363783,hurts,True,2.0,hurts,-0.26096963443370996,2.0
twin_sens,twin/f3/twomode/cv10/s42/r9,,,,f3,twomode,0.1,42.0,9.0,composition,full,,45,5,-0.2644362930245042,hurts,True,1.0,hurts,-0.6209204398370662,1.0
twin_sens,twin/f3/twomode/cv20/s42/r0,,,,f3,twomode,0.2,42.0,0.0,composition,full,,45,5,-0.883194765623583,hurts,True,1.0,hurts,-2.0646197423890458,1.0
twin_sens,twin/f3/twomode/cv20/s42/r1,,,,f3,twomode,0.2,42.0,1.0,composition,full,,45,5,0.02831271940107538,helps,True,0.0,hurts,-1.3782770545956464,2.0
twin_sens,twin/f3/twomode/cv20/s42/r2,,,,f3,twomode,0.2,42.0,2.0,composition,full,,45,5,0.07312684622166443,helps,True,2.0,hurts,-0.07299065585701137,3.0
twin_sens,twin/f3/twomode/cv20/s42/r3,,,,f3,twomode,0.2,42.0,3.0,composition,full,,45,5,-0.05761947710080351,hurts,True,1.0,hurts,-0.38005314602613843,3.0
twin_sens,twin/f3/twomode/cv20/s42/r4,,,,f3,twomode,0.2,42.0,4.0,composition,full,,45,5,-1.3326536266335574,hurts,True,3.0,helps,-0.48405118257519586,2.0
twin_sens,twin/f3/twomode/cv20/s42/r5,,,,f3,twomode,0.2,42.0,5.0,composition,full,,45,5,0.03055044826822051,helps,True,5.0,helps,0.041412484478550636,2.0
twin_sens,twin/f3/twomode/cv20/s42/r6,,,,f3,twomode,0.2,42.0,6.0,composition,full,,45,5,-0.04687609503301082,hurts,True,3.0,helps,-0.5165733262892594,1.0
twin_sens,twin/f3/twomode/cv20/s42/r7,,,,f3,twomode,0.2,42.0,7.0,composition,full,,45,5,-0.9973872273656768,hurts,True,0.0,hurts,-3.648931760950904,3.0
twin_sens,twin/f3/twomode/cv20/s42/r8,,,,f3,twomode,0.2,42.0,8.0,composition,full,,45,5,0.008789897580308681,neutral,True,2.0,hurts,-0.04826079032706272,1.0
twin_sens,twin/f3/twomode/cv20/s42/r9,,,,f3,twomode,0.2,42.0,9.0,composition,full,,45,5,0.04323055841203127,helps,True,3.0,helps,-0.0736485589632437,3.0
external,ext/SalamaFreq/full,SalamaFreq,,,,,,,,composition,full,,30,6,0.5815460285403181,helps,True,4.0,helps,0.3806211539570353,5.0
external_sub,ext/Shi/composition5/4,Shi,,,,,,,,composition,PB-5|PBC-2.5|PBC-5|PBC-7.5|PVDF-TrFE,5.0,43,5,0.27710501288367073,helps,True,2.0,hurts,-0.18623310596211382,2.0
external_sub,ext/Shi/composition5/3,Shi,,,,,,,,composition,PB-5|PBC-1|PBC-5|PBC-7.5|PVDF-TrFE,5.0,42,5,0.599058457783578,helps,True,2.0,hurts,-0.35930459705188567,2.0
external_sub,ext/Shi/composition5/0,Shi,,,,,,,,composition,PB-5|PBC-1|PBC-2.5|PBC-5|PBC-7.5,5.0,40,5,-0.6881063222283317,hurts,True,0.0,hurts,-3.317548986147421,5.0
external_sub,ext/Shi/composition5/1,Shi,,,,,,,,composition,PB-5|PBC-1|PBC-2.5|PBC-5|PVDF-TrFE,5.0,40,5,-0.07935518881258952,hurts,True,3.0,helps,-0.36956690382025137,2.0
external_sub,ext/Shi/composition5/2,Shi,,,,,,,,composition,PB-5|PBC-1|PBC-2.5|PBC-7.5|PVDF-TrFE,5.0,40,5,-0.5903873846518759,hurts,True,1.0,hurts,-7.009173232722107,1.0
external,ext/SalamaFreq/full,SalamaFreq,,,,,,,,frequency,full,,30,5,0.0001681123098716819,neutral,True,2.0,hurts,-0.011907487412467365,4.0
external_sub,ext/Shi/force5/5,Shi,,,,,,,,force,30|70|80|90|100,5.0,28,5,-0.016666275369686345,neutral,True,0.0,hurts,-0.012303254151103182,5.0
real,real/rms_Voc/n75,,rms_Voc,n75,,,,,,force,full,,75,3,0.20897221076673678,helps,True,3.0,helps,0.6438480276301527,2.0
real,real/Vpp/n75,,Vpp,n75,,,,,,force,full,,75,3,0.806397041815092,helps,True,3.0,helps,0.6879511053529779,3.0
real,real/Vmax/n75,,Vmax,n75,,,,,,force,full,,75,3,0.8992472809064433,helps,True,3.0,helps,0.7442939867618055,3.0
external_sub,ext/Shi/force5/4,Shi,,,,,,,,force,20|40|50|80|90,5.0,27,5,0.02075034573412582,helps,True,4.0,helps,0.10144272360719116,2.0
twin,twin/F3/law/cv10/s0/r0,,,,F3,law,0.1,0.0,0.0,force,full,,75,3,0.12338160715430668,helps,True,3.0,helps,1.2695470540729124,3.0
twin,twin/F3/law/cv10/s0/r1,,,,F3,law,0.1,0.0,1.0,force,full,,75,3,0.06781620465011806,helps,True,3.0,helps,1.2775683569784089,3.0
twin,twin/F3/law/cv10/s0/r2,,,,F3,law,0.1,0.0,2.0,force,full,,75,3,0.030520560940032748,helps,True,3.0,helps,1.1621650759571038,2.0
twin,twin/F3/law/cv10/s0/r3,,,,F3,law,0.1,0.0,3.0,force,full,,75,3,0.05200234390687464,helps,True,3.0,helps,1.2782574080811677,3.0
twin,twin/F3/law/cv10/s0/r4,,,,F3,law,0.1,0.0,4.0,force,full,,75,3,0.05588844787148306,helps,True,3.0,helps,1.1448940562573975,2.0
twin,twin/F3/law/cv10/s0/r5,,,,F3,law,0.1,0.0,5.0,force,full,,75,3,0.14299013872873578,helps,True,3.0,helps,1.2606558754528219,3.0
twin,twin/F3/law/cv10/s0/r6,,,,F3,law,0.1,0.0,6.0,force,full,,75,3,0.06770437380392857,helps,True,3.0,helps,1.228839022559148,2.0
twin,twin/F3/law/cv10/s0/r7,,,,F3,law,0.1,0.0,7.0,force,full,,75,3,0.10757181383685177,helps,True,3.0,helps,1.2067153108590951,3.0
twin,twin/F3/law/cv10/s0/r8,,,,F3,law,0.1,0.0,8.0,force,full,,75,3,0.11031905479460624,helps,True,3.0,helps,1.3474757649248605,3.0
twin,twin/F3/law/cv10/s0/r9,,,,F3,law,0.1,0.0,9.0,force,full,,75,3,0.0327545586260759,helps,True,3.0,helps,1.1962540491899902,3.0
twin,twin/F3/law/cv10/s0/r10,,,,F3,law,0.1,0.0,10.0,force,full,,75,3,0.07305347589734246,helps,True,3.0,helps,1.1288148006719985,3.0
twin,twin/F3/law/cv10/s0/r11,,,,F3,law,0.1,0.0,11.0,force,full,,75,3,0.07438726610899316,helps,True,3.0,helps,1.2347351073599988,3.0
twin,twin/F3/law/cv10/s0/r12,,,,F3,law,0.1,0.0,12.0,force,full,,75,3,0.019252807371274883,neutral,True,3.0,helps,1.220267427301673,2.0
twin,twin/F3/law/cv10/s0/r13,,,,F3,law,0.1,0.0,13.0,force,full,,75,3,0.09658917994873562,helps,True,3.0,helps,1.2574731532400734,3.0
twin,twin/F3/law/cv10/s0/r14,,,,F3,law,0.1,0.0,14.0,force,full,,75,3,0.09689219203920352,helps,True,3.0,helps,1.255160320902728,3.0
twin,twin/F3/law/cv10/s0/r15,,,,F3,law,0.1,0.0,15.0,force,full,,75,3,0.06595069322108515,helps,True,3.0,helps,1.2587450506690627,3.0
twin,twin/F3/law/cv10/s0/r16,,,,F3,law,0.1,0.0,16.0,force,full,,75,3,0.14663681463015643,helps,True,3.0,helps,1.208040267814786,3.0
twin,twin/F3/law/cv10/s0/r17,,,,F3,law,0.1,0.0,17.0,force,full,,75,3,0.07817672161997269,helps,True,3.0,helps,1.22973994611743,3.0
twin,twin/F3/law/cv10/s0/r18,,,,F3,law,0.1,0.0,18.0,force,full,,75,3,0.1429787335983146,helps,True,3.0,helps,1.2463633274302823,3.0
twin,twin/F3/law/cv10/s0/r19,,,,F3,law,0.1,0.0,19.0,force,full,,75,3,0.0827018280247418,helps,True,3.0,helps,1.1455392957025847,2.0
twin,twin/F3/law/cv20/s0/r0,,,,F3,law,0.2,0.0,0.0,force,full,,75,3,0.05853604172435656,helps,True,3.0,helps,1.2747402053006518,3.0
twin,twin/F3/law/cv20/s0/r1,,,,F3,law,0.2,0.0,1.0,force,full,,75,3,0.11226629837980706,helps,True,3.0,helps,1.2600968813172189,3.0
twin,twin/F3/law/cv20/s0/r2,,,,F3,law,0.2,0.0,2.0,force,full,,75,3,0.0878961527068346,helps,True,3.0,helps,1.2481519658073925,3.0
twin,twin/F3/law/cv20/s0/r3,,,,F3,law,0.2,0.0,3.0,force,full,,75,3,0.09690087351060805,helps,True,3.0,helps,1.1808602081778095,2.0
twin,twin/F3/law/cv20/s0/r4,,,,F3,law,0.2,0.0,4.0,force,full,,75,3,0.0762531373681491,helps,True,3.0,helps,1.2684587939342153,3.0
twin,twin/F3/law/cv20/s0/r5,,,,F3,law,0.2,0.0,5.0,force,full,,75,3,0.14441158663671105,helps,True,3.0,helps,1.2092501620823797,3.0
twin,twin/F3/law/cv20/s0/r6,,,,F3,law,0.2,0.0,6.0,force,full,,75,3,0.0922524751024808,helps,True,3.0,helps,1.2101459399692958,3.0
twin,twin/F3/law/cv20/s0/r7,,,,F3,law,0.2,0.0,7.0,force,full,,75,3,0.0483985829344864,helps,True,3.0,helps,1.2240022249989038,2.0
twin,twin/F3/law/cv20/s0/r8,,,,F3,law,0.2,0.0,8.0,force,full,,75,3,0.11719813462910877,helps,True,3.0,helps,1.1772704703546089,3.0
twin,twin/F3/law/cv20/s0/r9,,,,F3,law,0.2,0.0,9.0,force,full,,75,3,0.08109768416060714,helps,True,3.0,helps,1.3138702574429564,3.0
twin,twin/F3/law/cv20/s0/r10,,,,F3,law,0.2,0.0,10.0,force,full,,75,3,0.026866459635453976,helps,True,3.0,helps,1.2365346023679853,3.0
twin,twin/F3/law/cv20/s0/r11,,,,F3,law,0.2,0.0,11.0,force,full,,75,3,0.06511473570927295,helps,True,3.0,helps,1.1321410464143464,3.0
twin,twin/F3/law/cv20/s0/r12,,,,F3,law,0.2,0.0,12.0,force,full,,75,3,0.0659544751725798,helps,True,3.0,helps,1.2219446411723127,3.0
twin,twin/F3/law/cv20/s0/r13,,,,F3,law,0.2,0.0,13.0,force,full,,75,3,0.09701632615541012,helps,True,3.0,helps,1.1078299087702532,2.0
twin,twin/F3/law/cv20/s0/r14,,,,F3,law,0.2,0.0,14.0,force,full,,75,3,0.07454758330873568,helps,True,3.0,helps,1.2506925104968911,3.0
twin,twin/F3/law/cv20/s0/r15,,,,F3,law,0.2,0.0,15.0,force,full,,75,3,0.06105313658469802,helps,True,3.0,helps,1.227040534942191,3.0
twin,twin/F3/law/cv20/s0/r16,,,,F3,law,0.2,0.0,16.0,force,full,,75,3,0.059551681559884106,helps,True,3.0,helps,1.1378878374584906,3.0
twin,twin/F3/law/cv20/s0/r17,,,,F3,law,0.2,0.0,17.0,force,full,,75,3,0.1657045206945469,helps,True,3.0,helps,1.1934634720938233,3.0
twin,twin/F3/law/cv20/s0/r18,,,,F3,law,0.2,0.0,18.0,force,full,,75,3,0.05010349803931524,helps,True,3.0,helps,1.2673968258632293,3.0
twin,twin/F3/law/cv20/s0/r19,,,,F3,law,0.2,0.0,19.0,force,full,,75,3,0.0747402125109713,helps,True,3.0,helps,1.2085839521120232,3.0
twin,twin/F3/twomode/cv10/s0/r0,,,,F3,twomode,0.1,0.0,0.0,force,full,,75,3,0.10749050876730526,helps,True,3.0,helps,1.2888655330329088,2.0
twin,twin/F3/twomode/cv10/s0/r1,,,,F3,twomode,0.1,0.0,1.0,force,full,,75,3,0.10705931328606932,helps,True,3.0,helps,1.4475757551560342,3.0
twin,twin/F3/twomode/cv10/s0/r2,,,,F3,twomode,0.1,0.0,2.0,force,full,,75,3,0.10754922422617963,helps,True,3.0,helps,1.4093077756581138,3.0
twin,twin/F3/twomode/cv10/s0/r3,,,,F3,twomode,0.1,0.0,3.0,force,full,,75,3,0.05898103439023572,helps,True,3.0,helps,1.388581024093762,3.0
twin,twin/F3/twomode/cv10/s0/r4,,,,F3,twomode,0.1,0.0,4.0,force,full,,75,3,0.04032709778651933,helps,True,3.0,helps,1.2953014234221092,2.0
twin,twin/F3/twomode/cv10/s0/r5,,,,F3,twomode,0.1,0.0,5.0,force,full,,75,3,0.0813908016567958,helps,True,3.0,helps,1.3803057629029805,3.0
twin,twin/F3/twomode/cv10/s0/r6,,,,F3,twomode,0.1,0.0,6.0,force,full,,75,3,0.06237693225764496,helps,True,3.0,helps,1.4186569612628246,3.0
twin,twin/F3/twomode/cv10/s0/r7,,,,F3,twomode,0.1,0.0,7.0,force,full,,75,3,0.13248679024039345,helps,True,3.0,helps,1.3267775326820581,3.0
twin,twin/F3/twomode/cv10/s0/r8,,,,F3,twomode,0.1,0.0,8.0,force,full,,75,3,0.05225452485359028,helps,True,3.0,helps,1.2085666689892853,3.0
twin,twin/F3/twomode/cv10/s0/r9,,,,F3,twomode,0.1,0.0,9.0,force,full,,75,3,0.09732992219254133,helps,True,3.0,helps,1.375288058259418,2.0
twin,twin/F3/twomode/cv10/s0/r10,,,,F3,twomode,0.1,0.0,10.0,force,full,,75,3,0.2593802143736097,helps,True,3.0,helps,1.310800391863992,3.0
twin,twin/F3/twomode/cv10/s0/r11,,,,F3,twomode,0.1,0.0,11.0,force,full,,75,3,0.08271682152261295,helps,True,3.0,helps,1.3975929064942665,3.0
twin,twin/F3/twomode/cv10/s0/r12,,,,F3,twomode,0.1,0.0,12.0,force,full,,75,3,0.12890666863587152,helps,True,3.0,helps,1.284162700003283,3.0
twin,twin/F3/twomode/cv10/s0/r13,,,,F3,twomode,0.1,0.0,13.0,force,full,,75,3,0.16082744277013317,helps,True,3.0,helps,1.3102395248034941,3.0
twin,twin/F3/twomode/cv10/s0/r14,,,,F3,twomode,0.1,0.0,14.0,force,full,,75,3,0.008844126514805595,neutral,True,3.0,helps,1.3957384635759527,2.0
twin,twin/F3/twomode/cv10/s0/r15,,,,F3,twomode,0.1,0.0,15.0,force,full,,75,3,0.09589294437898199,helps,True,3.0,helps,1.3115228068291793,3.0
twin,twin/F3/twomode/cv10/s0/r16,,,,F3,twomode,0.1,0.0,16.0,force,full,,75,3,0.0920029425282648,helps,True,3.0,helps,1.2172049710423274,2.0
twin,twin/F3/twomode/cv10/s0/r17,,,,F3,twomode,0.1,0.0,17.0,force,full,,75,3,0.13077820529483186,helps,True,3.0,helps,1.3233285849753214,2.0
twin,twin/F3/twomode/cv10/s0/r18,,,,F3,twomode,0.1,0.0,18.0,force,full,,75,3,0.07012237739806992,helps,True,3.0,helps,1.3152609641775936,3.0
twin,twin/F3/twomode/cv10/s0/r19,,,,F3,twomode,0.1,0.0,19.0,force,full,,75,3,0.10909805315656484,helps,True,3.0,helps,1.3478121219370915,3.0
twin,twin/F3/twomode/cv20/s0/r0,,,,F3,twomode,0.2,0.0,0.0,force,full,,75,3,0.08599744918184904,helps,True,3.0,helps,1.2150923409523904,3.0
twin,twin/F3/twomode/cv20/s0/r1,,,,F3,twomode,0.2,0.0,1.0,force,full,,75,3,0.13461750471262646,helps,True,3.0,helps,1.405313796291266,3.0
twin,twin/F3/twomode/cv20/s0/r2,,,,F3,twomode,0.2,0.0,2.0,force,full,,75,3,0.13125002278552,helps,True,3.0,helps,1.3793932981590433,3.0
twin,twin/F3/twomode/cv20/s0/r3,,,,F3,twomode,0.2,0.0,3.0,force,full,,75,3,0.05158732071418948,helps,True,3.0,helps,1.2603427921236487,3.0
twin,twin/F3/twomode/cv20/s0/r4,,,,F3,twomode,0.2,0.0,4.0,force,full,,75,3,0.04158566706553246,helps,True,3.0,helps,1.3774483161479443,2.0
twin,twin/F3/twomode/cv20/s0/r5,,,,F3,twomode,0.2,0.0,5.0,force,full,,75,3,0.17338886521047592,helps,True,3.0,helps,1.2916211669823683,3.0
twin,twin/F3/twomode/cv20/s0/r6,,,,F3,twomode,0.2,0.0,6.0,force,full,,75,3,0.08754574469181264,helps,True,3.0,helps,0.9807995761542623,3.0
twin,twin/F3/twomode/cv20/s0/r7,,,,F3,twomode,0.2,0.0,7.0,force,full,,75,3,0.07460079011688758,helps,True,3.0,helps,1.3852395924884775,3.0
twin,twin/F3/twomode/cv20/s0/r8,,,,F3,twomode,0.2,0.0,8.0,force,full,,75,3,0.09498296810831897,helps,True,3.0,helps,1.2485617546712833,3.0
twin,twin/F3/twomode/cv20/s0/r9,,,,F3,twomode,0.2,0.0,9.0,force,full,,75,3,0.052101242895970956,helps,True,3.0,helps,1.1933038140209122,2.0
twin,twin/F3/twomode/cv20/s0/r10,,,,F3,twomode,0.2,0.0,10.0,force,full,,75,3,0.04662236320359159,helps,True,3.0,helps,1.2594441488662533,3.0
twin,twin/F3/twomode/cv20/s0/r11,,,,F3,twomode,0.2,0.0,11.0,force,full,,75,3,0.07704643776999343,helps,True,3.0,helps,1.174180650145299,3.0
twin,twin/F3/twomode/cv20/s0/r12,,,,F3,twomode,0.2,0.0,12.0,force,full,,75,3,0.07208369703025108,helps,True,3.0,helps,1.1617220821954664,2.0
twin,twin/F3/twomode/cv20/s0/r13,,,,F3,twomode,0.2,0.0,13.0,force,full,,75,3,0.0770285710710612,helps,True,3.0,helps,1.1267269937558135,2.0
twin,twin/F3/twomode/cv20/s0/r14,,,,F3,twomode,0.2,0.0,14.0,force,full,,75,3,0.09972362010889291,helps,True,3.0,helps,1.2744344874867302,2.0
twin,twin/F3/twomode/cv20/s0/r15,,,,F3,twomode,0.2,0.0,15.0,force,full,,75,3,0.11374645539612271,helps,True,3.0,helps,1.3160270921298154,3.0
twin,twin/F3/twomode/cv20/s0/r16,,,,F3,twomode,0.2,0.0,16.0,force,full,,75,3,0.08911268375235493,helps,True,3.0,helps,1.2649842549271086,3.0
twin,twin/F3/twomode/cv20/s0/r17,,,,F3,twomode,0.2,0.0,17.0,force,full,,75,3,0.11566308354230681,helps,True,3.0,helps,1.296745815602802,2.0
twin,twin/F3/twomode/cv20/s0/r18,,,,F3,twomode,0.2,0.0,18.0,force,full,,75,3,0.09670121784769348,helps,True,3.0,helps,1.1976918031743498,3.0
twin,twin/F3/twomode/cv20/s0/r19,,,,F3,twomode,0.2,0.0,19.0,force,full,,75,3,0.07359979280133944,helps,True,3.0,helps,1.079993997075956,3.0
twin_sens,twin/F3/law/cv10/s42/r0,,,,F3,law,0.1,42.0,0.0,force,full,,75,3,0.09189962837497812,helps,True,3.0,helps,1.2707523896215356,3.0
twin_sens,twin/F3/law/cv10/s42/r1,,,,F3,law,0.1,42.0,1.0,force,full,,75,3,0.04769223199077266,helps,True,3.0,helps,1.2149078142644116,3.0
twin_sens,twin/F3/law/cv10/s42/r2,,,,F3,law,0.1,42.0,2.0,force,full,,75,3,0.1396169211875984,helps,True,3.0,helps,1.3225023756942111,3.0
twin_sens,twin/F3/law/cv10/s42/r3,,,,F3,law,0.1,42.0,3.0,force,full,,75,3,0.0937748298689628,helps,True,3.0,helps,1.15105090154296,3.0
twin_sens,twin/F3/law/cv10/s42/r4,,,,F3,law,0.1,42.0,4.0,force,full,,75,3,0.15348939744582768,helps,True,3.0,helps,1.2526612053578636,2.0
twin_sens,twin/F3/law/cv10/s42/r5,,,,F3,law,0.1,42.0,5.0,force,full,,75,3,0.08672187438300971,helps,True,3.0,helps,1.2216284633116854,2.0
twin_sens,twin/F3/law/cv10/s42/r6,,,,F3,law,0.1,42.0,6.0,force,full,,75,3,0.12630636964644537,helps,True,3.0,helps,1.136334733862275,3.0
twin_sens,twin/F3/law/cv10/s42/r7,,,,F3,law,0.1,42.0,7.0,force,full,,75,3,0.08967451329004306,helps,True,3.0,helps,1.2948245259970343,3.0
twin_sens,twin/F3/law/cv10/s42/r8,,,,F3,law,0.1,42.0,8.0,force,full,,75,3,0.06379513886799848,helps,True,3.0,helps,1.291541021745857,3.0
twin_sens,twin/F3/law/cv10/s42/r9,,,,F3,law,0.1,42.0,9.0,force,full,,75,3,0.11921699492042326,helps,True,3.0,helps,1.2722315084179947,3.0
twin_sens,twin/F3/law/cv20/s42/r0,,,,F3,law,0.2,42.0,0.0,force,full,,75,3,0.039643208068726676,helps,True,3.0,helps,1.1688643322916585,2.0
twin_sens,twin/F3/law/cv20/s42/r1,,,,F3,law,0.2,42.0,1.0,force,full,,75,3,0.16189498655282553,helps,True,3.0,helps,1.2543526036853192,3.0
twin_sens,twin/F3/law/cv20/s42/r2,,,,F3,law,0.2,42.0,2.0,force,full,,75,3,0.07954851117455597,helps,True,3.0,helps,1.1857327427891917,3.0
twin_sens,twin/F3/law/cv20/s42/r3,,,,F3,law,0.2,42.0,3.0,force,full,,75,3,0.046003475998244614,helps,True,3.0,helps,1.1633152152265922,3.0
twin_sens,twin/F3/law/cv20/s42/r4,,,,F3,law,0.2,42.0,4.0,force,full,,75,3,0.0758236055658762,helps,True,3.0,helps,1.0371926655477646,2.0
twin_sens,twin/F3/law/cv20/s42/r5,,,,F3,law,0.2,42.0,5.0,force,full,,75,3,0.053690716668159943,helps,True,3.0,helps,1.334222122794892,3.0
twin_sens,twin/F3/law/cv20/s42/r6,,,,F3,law,0.2,42.0,6.0,force,full,,75,3,0.08417926310009016,helps,True,3.0,helps,1.156521620183263,2.0
twin_sens,twin/F3/law/cv20/s42/r7,,,,F3,law,0.2,42.0,7.0,force,full,,75,3,0.12582729644148927,helps,True,3.0,helps,1.230457585559073,2.0
twin_sens,twin/F3/law/cv20/s42/r8,,,,F3,law,0.2,42.0,8.0,force,full,,75,3,0.045478526920984086,helps,True,3.0,helps,1.1188648606509224,2.0
twin_sens,twin/F3/law/cv20/s42/r9,,,,F3,law,0.2,42.0,9.0,force,full,,75,3,0.048390244581968056,helps,True,3.0,helps,1.2434368700785754,3.0
twin_sens,twin/F3/twomode/cv10/s42/r0,,,,F3,twomode,0.1,42.0,0.0,force,full,,75,3,0.12124046816871747,helps,True,3.0,helps,1.3303026881667073,3.0
twin_sens,twin/F3/twomode/cv10/s42/r1,,,,F3,twomode,0.1,42.0,1.0,force,full,,75,3,0.06113394603312239,helps,True,3.0,helps,1.233908522015773,3.0
twin_sens,twin/F3/twomode/cv10/s42/r2,,,,F3,twomode,0.1,42.0,2.0,force,full,,75,3,0.12583302895926773,helps,True,3.0,helps,1.3339004570345547,3.0
twin_sens,twin/F3/twomode/cv10/s42/r3,,,,F3,twomode,0.1,42.0,3.0,force,full,,75,3,0.1432266930019812,helps,True,3.0,helps,1.3325523079098511,3.0
twin_sens,twin/F3/twomode/cv10/s42/r4,,,,F3,twomode,0.1,42.0,4.0,force,full,,75,3,0.07282337869147182,helps,True,3.0,helps,1.2707428822994993,2.0
twin_sens,twin/F3/twomode/cv10/s42/r5,,,,F3,twomode,0.1,42.0,5.0,force,full,,75,3,0.058597163878003844,helps,True,3.0,helps,1.2537490469181563,2.0
twin_sens,twin/F3/twomode/cv10/s42/r6,,,,F3,twomode,0.1,42.0,6.0,force,full,,75,3,0.11742069814847822,helps,True,3.0,helps,1.3671341667025974,3.0
twin_sens,twin/F3/twomode/cv10/s42/r7,,,,F3,twomode,0.1,42.0,7.0,force,full,,75,3,0.11919189435799993,helps,True,3.0,helps,1.299541237129887,3.0
twin_sens,twin/F3/twomode/cv10/s42/r8,,,,F3,twomode,0.1,42.0,8.0,force,full,,75,3,0.13621065647066966,helps,True,3.0,helps,1.3255133614141195,3.0
twin_sens,twin/F3/twomode/cv10/s42/r9,,,,F3,twomode,0.1,42.0,9.0,force,full,,75,3,0.07545359847522126,helps,True,3.0,helps,1.2764634382390512,2.0
twin_sens,twin/F3/twomode/cv20/s42/r0,,,,F3,twomode,0.2,42.0,0.0,force,full,,75,3,0.0866464828327993,helps,True,3.0,helps,1.2153093973419278,2.0
twin_sens,twin/F3/twomode/cv20/s42/r1,,,,F3,twomode,0.2,42.0,1.0,force,full,,75,3,0.08648486600987815,helps,True,3.0,helps,1.2887674744416362,3.0
twin_sens,twin/F3/twomode/cv20/s42/r2,,,,F3,twomode,0.2,42.0,2.0,force,full,,75,3,0.024548981228940003,helps,True,3.0,helps,1.2041130394290047,3.0
twin_sens,twin/F3/twomode/cv20/s42/r3,,,,F3,twomode,0.2,42.0,3.0,force,full,,75,3,0.058481857313270935,helps,True,3.0,helps,1.161627828872321,3.0
twin_sens,twin/F3/twomode/cv20/s42/r4,,,,F3,twomode,0.2,42.0,4.0,force,full,,75,3,0.07350430074599545,helps,True,3.0,helps,1.1341040574479446,3.0
twin_sens,twin/F3/twomode/cv20/s42/r5,,,,F3,twomode,0.2,42.0,5.0,force,full,,75,3,0.05656248479618908,helps,True,3.0,helps,1.3430122266505258,3.0
twin_sens,twin/F3/twomode/cv20/s42/r6,,,,F3,twomode,0.2,42.0,6.0,force,full,,75,3,0.1205293941203931,helps,True,3.0,helps,1.2700110718405757,3.0
twin_sens,twin/F3/twomode/cv20/s42/r7,,,,F3,twomode,0.2,42.0,7.0,force,full,,75,3,0.08873738423446698,helps,True,3.0,helps,1.2144917337899754,3.0
twin_sens,twin/F3/twomode/cv20/s42/r8,,,,F3,twomode,0.2,42.0,8.0,force,full,,75,3,0.2777213407869741,helps,True,3.0,helps,1.4401974711650702,3.0
twin_sens,twin/F3/twomode/cv20/s42/r9,,,,F3,twomode,0.2,42.0,9.0,force,full,,75,3,0.11548147462838587,helps,True,3.0,helps,1.313491844535794,3.0
real,real/rms_Voc/n72,,rms_Voc,n72,,,,,,force,full,,72,3,0.12450681377757733,helps,True,3.0,helps,0.5544755002712444,2.0
real,real/Vpp/n72,,Vpp,n72,,,,,,force,full,,72,3,0.7550939979618669,helps,True,3.0,helps,0.5926451510824614,3.0
real,real/Vmax/n72,,Vmax,n72,,,,,,force,full,,72,3,0.8975832229637528,helps,True,3.0,helps,0.6644722367457297,3.0
external_sub,ext/SalamaFreq/composition5/0,SalamaFreq,,,,,,,,composition,0.5|1.0|1.5|2.0|2.5,5.0,25,5,0.173591354423008,helps,True,1.0,hurts,-2.2529185948241985,2.0
external_sub,ext/SalamaFreq/composition5/1,SalamaFreq,,,,,,,,composition,0.5|1.0|1.5|2.0|3.0,5.0,25,5,-0.11722077227063654,hurts,True,2.0,hurts,-4.398007241814012,3.0
external_sub,ext/SalamaFreq/composition5/2,SalamaFreq,,,,,,,,composition,0.5|1.0|1.5|2.5|3.0,5.0,25,5,0.6936153305728197,helps,True,3.0,helps,-5.160710831660301,2.0
external_sub,ext/SalamaFreq/composition5/3,SalamaFreq,,,,,,,,composition,0.5|1.0|2.0|2.5|3.0,5.0,25,5,1.24685445151697,helps,True,5.0,helps,0.8779543424996022,5.0
external_sub,ext/SalamaFreq/composition5/4,SalamaFreq,,,,,,,,composition,0.5|1.5|2.0|2.5|3.0,5.0,25,5,-0.21221852665985885,hurts,True,3.0,helps,0.18578768784957025,2.0
external_sub,ext/SalamaFreq/composition5/5,SalamaFreq,,,,,,,,composition,1.0|1.5|2.0|2.5|3.0,5.0,25,5,0.49910508615990934,helps,True,4.0,helps,0.36341740363860076,3.0
external_sub,ext/Shi/force5/1,Shi,,,,,,,,force,10|30|70|90|100,5.0,25,5,0.03079079870758261,helps,True,4.0,helps,0.11613845779786056,2.0
external_sub,ext/Shi/force5/2,Shi,,,,,,,,force,20|30|40|60|70,5.0,24,5,-0.005982882693483349,neutral,True,5.0,helps,0.05478665548934003,3.0
external_sub,ext/Shi/force5/3,Shi,,,,,,,,force,20|30|50|60|90,5.0,24,5,0.04851565500747779,helps,True,4.0,helps,0.1520444983746394,3.0
external_sub,ext/Shi/force5/0,Shi,,,,,,,,force,10|30|40|60|100,5.0,22,5,0.22024484251963894,helps,True,5.0,helps,0.3751598426930812,4.0
twin,twin/f3/law/cv10/s0/r0,,,,f3,law,0.1,0.0,0.0,force,full,,45,3,0.416735393387055,helps,True,3.0,helps,1.3021507940051498,3.0
twin,twin/f3/law/cv10/s0/r0,,,,f3,law,0.1,0.0,0.0,frequency,full,,45,3,1.8992670079085174,helps,True,3.0,helps,2.0125735841599983,2.0
twin,twin/f3/law/cv10/s0/r1,,,,f3,law,0.1,0.0,1.0,force,full,,45,3,0.6120445420052558,helps,True,3.0,helps,1.37051493663757,3.0
twin,twin/f3/law/cv10/s0/r1,,,,f3,law,0.1,0.0,1.0,frequency,full,,45,3,1.8702542420302817,helps,True,3.0,helps,2.043052497743122,3.0
twin,twin/f3/law/cv10/s0/r2,,,,f3,law,0.1,0.0,2.0,force,full,,45,3,0.05498605535901857,helps,True,3.0,helps,1.2482406233619467,3.0
twin,twin/f3/law/cv10/s0/r2,,,,f3,law,0.1,0.0,2.0,frequency,full,,45,3,2.036528113506861,helps,True,3.0,helps,1.893286741126028,2.0
twin,twin/f3/law/cv10/s0/r3,,,,f3,law,0.1,0.0,3.0,force,full,,45,3,0.20390978849850094,helps,True,3.0,helps,1.3126068488354035,3.0
twin,twin/f3/law/cv10/s0/r3,,,,f3,law,0.1,0.0,3.0,frequency,full,,45,3,2.357425283633455,helps,True,3.0,helps,2.0934928999015723,2.0
twin,twin/f3/law/cv10/s0/r4,,,,f3,law,0.1,0.0,4.0,force,full,,45,3,0.10068843207027234,helps,True,3.0,helps,1.3048282013009413,3.0
twin,twin/f3/law/cv10/s0/r4,,,,f3,law,0.1,0.0,4.0,frequency,full,,45,3,2.250989477160117,helps,True,3.0,helps,1.9163232179966687,3.0
twin,twin/f3/law/cv10/s0/r5,,,,f3,law,0.1,0.0,5.0,force,full,,45,3,0.06523671179285595,helps,True,3.0,helps,1.2889219654840514,2.0
twin,twin/f3/law/cv10/s0/r5,,,,f3,law,0.1,0.0,5.0,frequency,full,,45,3,2.2773414147554543,helps,True,3.0,helps,2.049765863312634,2.0
twin,twin/f3/law/cv10/s0/r6,,,,f3,law,0.1,0.0,6.0,force,full,,45,3,0.09691816877357884,helps,True,3.0,helps,1.2874708342875694,3.0
twin,twin/f3/law/cv10/s0/r6,,,,f3,law,0.1,0.0,6.0,frequency,full,,45,3,2.4931558634846547,helps,True,3.0,helps,1.9744118876670596,2.0
twin,twin/f3/law/cv10/s0/r7,,,,f3,law,0.1,0.0,7.0,force,full,,45,3,0.19541881010223694,helps,True,3.0,helps,1.2288717576661017,2.0
twin,twin/f3/law/cv10/s0/r7,,,,f3,law,0.1,0.0,7.0,frequency,full,,45,3,2.144841869885287,helps,True,3.0,helps,1.8292004692389074,2.0
twin,twin/f3/law/cv10/s0/r8,,,,f3,law,0.1,0.0,8.0,force,full,,45,3,0.10356712098293552,helps,True,3.0,helps,1.3262586339211586,3.0
twin,twin/f3/law/cv10/s0/r8,,,,f3,law,0.1,0.0,8.0,frequency,full,,45,3,2.7469996553034406,helps,True,3.0,helps,2.112232680132369,3.0
twin,twin/f3/law/cv10/s0/r9,,,,f3,law,0.1,0.0,9.0,force,full,,45,3,0.08466046623668166,helps,True,3.0,helps,1.239209977766595,3.0
twin,twin/f3/law/cv10/s0/r9,,,,f3,law,0.1,0.0,9.0,frequency,full,,45,3,2.230055422905453,helps,True,3.0,helps,1.9987008820653644,2.0
twin,twin/f3/law/cv10/s0/r10,,,,f3,law,0.1,0.0,10.0,force,full,,45,3,0.036358360530790446,helps,True,3.0,helps,1.2415375185320505,3.0
twin,twin/f3/law/cv10/s0/r10,,,,f3,law,0.1,0.0,10.0,frequency,full,,45,3,2.4859620339522177,helps,True,3.0,helps,1.852848836770425,3.0
twin,twin/f3/law/cv10/s0/r11,,,,f3,law,0.1,0.0,11.0,force,full,,45,3,0.05546132819074312,helps,True,3.0,helps,1.3108583060802002,3.0
twin,twin/f3/law/cv10/s0/r11,,,,f3,law,0.1,0.0,11.0,frequency,full,,45,3,2.393521219866015,helps,True,3.0,helps,2.104247950734804,2.0
twin,twin/f3/law/cv10/s0/r12,,,,f3,law,0.1,0.0,12.0,force,full,,45,3,0.10877786406189127,helps,True,3.0,helps,1.3192370898280583,3.0
twin,twin/f3/law/cv10/s0/r12,,,,f3,law,0.1,0.0,12.0,frequency,full,,45,3,2.081595865051614,helps,True,3.0,helps,1.9809382379784672,2.0
twin,twin/f3/law/cv10/s0/r13,,,,f3,law,0.1,0.0,13.0,force,full,,45,3,0.16618694946505663,helps,True,3.0,helps,1.3418483155465453,3.0
twin,twin/f3/law/cv10/s0/r13,,,,f3,law,0.1,0.0,13.0,frequency,full,,45,3,2.17108705812566,helps,True,3.0,helps,2.0560064071430233,2.0
twin,twin/f3/law/cv10/s0/r14,,,,f3,law,0.1,0.0,14.0,force,full,,45,3,0.15335235665337454,helps,True,3.0,helps,1.3084264240997567,3.0
twin,twin/f3/law/cv10/s0/r14,,,,f3,law,0.1,0.0,14.0,frequency,full,,45,3,1.739902553254641,helps,True,3.0,helps,1.931421076500518,2.0
twin,twin/f3/law/cv10/s0/r15,,,,f3,law,0.1,0.0,15.0,force,full,,45,3,0.12824264264100338,helps,True,3.0,helps,1.3486812398964005,3.0
twin,twin/f3/law/cv10/s0/r15,,,,f3,law,0.1,0.0,15.0,frequency,full,,45,3,2.2325300691878907,helps,True,3.0,helps,1.9712318697061388,2.0
twin,twin/f3/law/cv10/s0/r16,,,,f3,law,0.1,0.0,16.0,force,full,,45,3,0.11280066685643586,helps,True,3.0,helps,1.2307643746843366,3.0
twin,twin/f3/law/cv10/s0/r16,,,,f3,law,0.1,0.0,16.0,frequency,full,,45,3,2.1027072935544293,helps,True,3.0,helps,2.0117074410076827,2.0
twin,twin/f3/law/cv10/s0/r17,,,,f3,law,0.1,0.0,17.0,force,full,,45,3,0.1624732394349241,helps,True,3.0,helps,1.3326783405847318,3.0
twin,twin/f3/law/cv10/s0/r17,,,,f3,law,0.1,0.0,17.0,frequency,full,,45,3,2.0308777344444775,helps,True,3.0,helps,1.887691174082681,2.0
twin,twin/f3/law/cv10/s0/r18,,,,f3,law,0.1,0.0,18.0,force,full,,45,3,0.557269280451546,helps,True,3.0,helps,1.350783352527858,3.0
twin,twin/f3/law/cv10/s0/r18,,,,f3,law,0.1,0.0,18.0,frequency,full,,45,3,2.351579759856662,helps,True,3.0,helps,2.0405386217887878,2.0
twin,twin/f3/law/cv10/s0/r19,,,,f3,law,0.1,0.0,19.0,force,full,,45,3,0.12300710811341764,helps,True,3.0,helps,1.2875072228922322,2.0
twin,twin/f3/law/cv10/s0/r19,,,,f3,law,0.1,0.0,19.0,frequency,full,,45,3,1.8090488321439797,helps,True,3.0,helps,1.99774318910852,2.0
twin,twin/f3/law/cv20/s0/r0,,,,f3,law,0.2,0.0,0.0,force,full,,45,3,0.10724903983729739,helps,True,3.0,helps,1.3372806387250826,3.0
twin,twin/f3/law/cv20/s0/r0,,,,f3,law,0.2,0.0,0.0,frequency,full,,45,3,2.316246421940468,helps,True,3.0,helps,2.028915529204008,2.0
twin,twin/f3/law/cv20/s0/r1,,,,f3,law,0.2,0.0,1.0,force,full,,45,3,0.14667396427493773,helps,True,3.0,helps,1.2797609203314835,3.0
twin,twin/f3/law/cv20/s0/r1,,,,f3,law,0.2,0.0,1.0,frequency,full,,45,3,2.38262714833708,helps,True,3.0,helps,1.9818776594798422,2.0
twin,twin/f3/law/cv20/s0/r2,,,,f3,law,0.2,0.0,2.0,force,full,,45,3,0.17183712992705846,helps,True,3.0,helps,1.3325889574591752,3.0
twin,twin/f3/law/cv20/s0/r2,,,,f3,law,0.2,0.0,2.0,frequency,full,,45,3,2.355858823614137,helps,True,3.0,helps,1.9953817030560277,3.0
twin,twin/f3/law/cv20/s0/r3,,,,f3,law,0.2,0.0,3.0,force,full,,45,3,0.07804976903673089,helps,True,3.0,helps,1.2794868952466234,2.0
twin,twin/f3/law/cv20/s0/r3,,,,f3,law,0.2,0.0,3.0,frequency,full,,45,3,2.1204212441105694,helps,True,3.0,helps,2.0131333392016537,2.0
twin,twin/f3/law/cv20/s0/r4,,,,f3,law,0.2,0.0,4.0,force,full,,45,3,0.0681274119643075,helps,True,3.0,helps,1.3359803992786325,3.0
twin,twin/f3/law/cv20/s0/r4,,,,f3,law,0.2,0.0,4.0,frequency,full,,45,3,2.2314675677866607,helps,True,3.0,helps,2.0280158614157373,3.0
twin,twin/f3/law/cv20/s0/r5,,,,f3,law,0.2,0.0,5.0,force,full,,45,3,0.1138113216743748,helps,True,3.0,helps,1.2889312861431013,2.0
twin,twin/f3/law/cv20/s0/r5,,,,f3,law,0.2,0.0,5.0,frequency,full,,45,3,2.52722179049462,helps,True,3.0,helps,2.1371699339659482,2.0
twin,twin/f3/law/cv20/s0/r6,,,,f3,law,0.2,0.0,6.0,force,full,,45,3,0.07852118001135766,helps,True,3.0,helps,1.2346243900799148,3.0
twin,twin/f3/law/cv20/s0/r6,,,,f3,law,0.2,0.0,6.0,frequency,full,,45,3,2.605221972680239,helps,True,3.0,helps,1.9823722918789486,3.0
twin,twin/f3/law/cv20/s0/r7,,,,f3,law,0.2,0.0,7.0,force,full,,45,3,0.06281062322439124,helps,True,3.0,helps,1.2646365982628656,3.0
twin,twin/f3/law/cv20/s0/r7,,,,f3,law,0.2,0.0,7.0,frequency,full,,45,3,2.3625651235818736,helps,True,3.0,helps,2.10988217030758,3.0
twin,twin/f3/law/cv20/s0/r8,,,,f3,law,0.2,0.0,8.0,force,full,,45,3,0.09261593653815703,helps,True,3.0,helps,1.2522897252271137,3.0
twin,twin/f3/law/cv20/s0/r8,,,,f3,law,0.2,0.0,8.0,frequency,full,,45,3,1.8100657325366019,helps,True,3.0,helps,1.8990319495906582,3.0
twin,twin/f3/law/cv20/s0/r9,,,,f3,law,0.2,0.0,9.0,force,full,,45,3,0.29272296645161466,helps,True,3.0,helps,1.3672559639043496,3.0
twin,twin/f3/law/cv20/s0/r9,,,,f3,law,0.2,0.0,9.0,frequency,full,,45,3,1.7673670272857511,helps,True,3.0,helps,1.9165613774868442,2.0
twin,twin/f3/law/cv20/s0/r10,,,,f3,law,0.2,0.0,10.0,force,full,,45,3,0.14041933379871407,helps,True,3.0,helps,1.321000811598203,3.0
twin,twin/f3/law/cv20/s0/r10,,,,f3,law,0.2,0.0,10.0,frequency,full,,45,3,2.2803689663611246,helps,True,3.0,helps,2.0391906632673646,2.0
twin,twin/f3/law/cv20/s0/r11,,,,f3,law,0.2,0.0,11.0,force,full,,45,3,0.09731706340285629,helps,True,3.0,helps,1.1662786226359225,3.0
twin,twin/f3/law/cv20/s0/r11,,,,f3,law,0.2,0.0,11.0,frequency,full,,45,3,2.1230792228830664,helps,True,3.0,helps,1.822205523355725,3.0
twin,twin/f3/law/cv20/s0/r12,,,,f3,law,0.2,0.0,12.0,force,full,,45,3,0.1046336104210921,helps,True,3.0,helps,1.2858447445595942,3.0
twin,twin/f3/law/cv20/s0/r12,,,,f3,law,0.2,0.0,12.0,frequency,full,,45,3,2.2046970190622917,helps,True,3.0,helps,1.919402866941213,2.0
twin,twin/f3/law/cv20/s0/r13,,,,f3,law,0.2,0.0,13.0,force,full,,45,3,0.10792637689145002,helps,True,3.0,helps,1.1794387640745188,3.0
twin,twin/f3/law/cv20/s0/r13,,,,f3,law,0.2,0.0,13.0,frequency,full,,45,3,2.213918613865369,helps,True,3.0,helps,1.7899665467116213,3.0
twin,twin/f3/law/cv20/s0/r14,,,,f3,law,0.2,0.0,14.0,force,full,,45,3,0.0400940663223216,helps,True,3.0,helps,1.2603956213073377,3.0
twin,twin/f3/law/cv20/s0/r14,,,,f3,law,0.2,0.0,14.0,frequency,full,,45,3,2.7456421347699216,helps,True,3.0,helps,1.911440747903975,3.0
twin,twin/f3/law/cv20/s0/r15,,,,f3,law,0.2,0.0,15.0,force,full,,45,3,0.10632373897828518,helps,True,3.0,helps,1.2155955726767682,3.0
twin,twin/f3/law/cv20/s0/r15,,,,f3,law,0.2,0.0,15.0,frequency,full,,45,3,2.398850640369056,helps,True,3.0,helps,1.9415882041120966,3.0
twin,twin/f3/law/cv20/s0/r16,,,,f3,law,0.2,0.0,16.0,force,full,,45,3,0.10902186149894166,helps,True,3.0,helps,1.1030253997588477,3.0
twin,twin/f3/law/cv20/s0/r16,,,,f3,law,0.2,0.0,16.0,frequency,full,,45,3,2.226483072400529,helps,True,3.0,helps,1.899221588496422,3.0
twin,twin/f3/law/cv20/s0/r17,,,,f3,law,0.2,0.0,17.0,force,full,,45,3,0.13923681712911007,helps,True,3.0,helps,1.2480721280615805,3.0
twin,twin/f3/law/cv20/s0/r17,,,,f3,law,0.2,0.0,17.0,frequency,full,,45,3,1.9402048403172218,helps,True,3.0,helps,1.759625412204005,2.0
twin,twin/f3/law/cv20/s0/r18,,,,f3,law,0.2,0.0,18.0,force,full,,45,3,0.26476262694444497,helps,True,3.0,helps,1.3437314199877903,3.0
twin,twin/f3/law/cv20/s0/r18,,,,f3,law,0.2,0.0,18.0,frequency,full,,45,3,1.9742397241964973,helps,True,3.0,helps,2.09404897256187,2.0
twin,twin/f3/law/cv20/s0/r19,,,,f3,law,0.2,0.0,19.0,force,full,,45,3,0.09537838898325612,helps,True,3.0,helps,1.2268871815500908,3.0
twin,twin/f3/law/cv20/s0/r19,,,,f3,law,0.2,0.0,19.0,frequency,full,,45,3,2.0074754370908336,helps,True,3.0,helps,1.864809891896323,2.0
twin,twin/f3/twomode/cv10/s0/r0,,,,f3,twomode,0.1,0.0,0.0,force,full,,45,3,0.21346370927231584,helps,True,3.0,helps,1.7156721556917682,2.0
twin,twin/f3/twomode/cv10/s0/r0,,,,f3,twomode,0.1,0.0,0.0,frequency,full,,45,3,-12.680674915153165,hurts,True,1.0,hurts,-8.255090484809058,3.0
twin,twin/f3/twomode/cv10/s0/r1,,,,f3,twomode,0.1,0.0,1.0,force,full,,45,3,0.08483597575474844,helps,True,3.0,helps,1.8622498681406177,3.0
twin,twin/f3/twomode/cv10/s0/r1,,,,f3,twomode,0.1,0.0,1.0,frequency,full,,45,3,-9.901919490947542,hurts,True,1.0,hurts,-7.211748492747074,3.0
twin,twin/f3/twomode/cv10/s0/r2,,,,f3,twomode,0.1,0.0,2.0,force,full,,45,3,0.04488129914932426,helps,True,3.0,helps,1.8443968871123193,3.0
twin,twin/f3/twomode/cv10/s0/r2,,,,f3,twomode,0.1,0.0,2.0,frequency,full,,45,3,-12.407002850237049,hurts,True,1.0,hurts,-9.654366764264536,3.0
twin,twin/f3/twomode/cv10/s0/r3,,,,f3,twomode,0.1,0.0,3.0,force,full,,45,3,0.3473504608078042,helps,True,3.0,helps,1.8161781034122093,3.0
twin,twin/f3/twomode/cv10/s0/r3,,,,f3,twomode,0.1,0.0,3.0,frequency,full,,45,3,-11.678766708624025,hurts,True,1.0,hurts,-9.574557660814397,3.0
twin,twin/f3/twomode/cv10/s0/r4,,,,f3,twomode,0.1,0.0,4.0,force,full,,45,3,0.0822509536476479,helps,True,3.0,helps,1.8101505512580245,3.0
twin,twin/f3/twomode/cv10/s0/r4,,,,f3,twomode,0.1,0.0,4.0,frequency,full,,45,3,-12.598966555223246,hurts,True,1.0,hurts,-9.572258770771677,3.0
twin,twin/f3/twomode/cv10/s0/r5,,,,f3,twomode,0.1,0.0,5.0,force,full,,45,3,0.16958919989575227,helps,True,3.0,helps,1.9909338467981799,3.0
twin,twin/f3/twomode/cv10/s0/r5,,,,f3,twomode,0.1,0.0,5.0,frequency,full,,45,3,-11.219292717119036,hurts,True,1.0,hurts,-8.594287170961195,3.0
twin,twin/f3/twomode/cv10/s0/r6,,,,f3,twomode,0.1,0.0,6.0,force,full,,45,3,0.29577308170188066,helps,True,3.0,helps,1.864946510500647,3.0
twin,twin/f3/twomode/cv10/s0/r6,,,,f3,twomode,0.1,0.0,6.0,frequency,full,,45,3,-15.279604390623929,hurts,True,1.0,hurts,-9.060239562355171,3.0
twin,twin/f3/twomode/cv10/s0/r7,,,,f3,twomode,0.1,0.0,7.0,force,full,,45,3,0.8327511628178724,helps,True,3.0,helps,1.8591883215594585,3.0
twin,twin/f3/twomode/cv10/s0/r7,,,,f3,twomode,0.1,0.0,7.0,frequency,full,,45,3,-14.646421054567123,hurts,True,1.0,hurts,-8.828629546232238,3.0
twin,twin/f3/twomode/cv10/s0/r8,,,,f3,twomode,0.1,0.0,8.0,force,full,,45,3,0.25507472464901526,helps,True,3.0,helps,1.7741125061189613,3.0
twin,twin/f3/twomode/cv10/s0/r8,,,,f3,twomode,0.1,0.0,8.0,frequency,full,,45,3,-11.762619756087457,hurts,True,1.0,hurts,-9.386395851069912,3.0
twin,twin/f3/twomode/cv10/s0/r9,,,,f3,twomode,0.1,0.0,9.0,force,full,,45,3,0.26532274512705667,helps,True,3.0,helps,1.784134013113711,3.0
twin,twin/f3/twomode/cv10/s0/r9,,,,f3,twomode,0.1,0.0,9.0,frequency,full,,45,3,-10.952826466611315,hurts,True,1.0,hurts,-8.853335325904398,3.0
twin,twin/f3/twomode/cv10/s0/r10,,,,f3,twomode,0.1,0.0,10.0,force,full,,45,3,0.3202693517986308,helps,True,3.0,helps,1.7372776348748857,3.0
twin,twin/f3/twomode/cv10/s0/r10,,,,f3,twomode,0.1,0.0,10.0,frequency,full,,45,3,-9.964712950644872,hurts,True,1.0,hurts,-8.044206360418974,3.0
twin,twin/f3/twomode/cv10/s0/r11,,,,f3,twomode,0.1,0.0,11.0,force,full,,45,3,0.24232466998158508,helps,True,3.0,helps,1.7628283439617285,3.0
twin,twin/f3/twomode/cv10/s0/r11,,,,f3,twomode,0.1,0.0,11.0,frequency,full,,45,3,-10.797768638528689,hurts,True,1.0,hurts,-8.985452733595567,3.0
twin,twin/f3/twomode/cv10/s0/r12,,,,f3,twomode,0.1,0.0,12.0,force,full,,45,3,0.05547234742096352,helps,True,3.0,helps,1.8015140934874878,2.0
twin,twin/f3/twomode/cv10/s0/r12,,,,f3,twomode,0.1,0.0,12.0,frequency,full,,45,3,-11.480420898077032,hurts,True,1.0,hurts,-7.376379929585062,3.0
twin,twin/f3/twomode/cv10/s0/r13,,,,f3,twomode,0.1,0.0,13.0,force,full,,45,3,0.08580506676365895,helps,True,3.0,helps,1.692754471772239,2.0
twin,twin/f3/twomode/cv10/s0/r13,,,,f3,twomode,0.1,0.0,13.0,frequency,full,,45,3,-11.23619364942489,hurts,True,1.0,hurts,-8.512902128712476,3.0
twin,twin/f3/twomode/cv10/s0/r14,,,,f3,twomode,0.1,0.0,14.0,force,full,,45,3,0.27519518072548543,helps,True,3.0,helps,1.811827896690153,3.0
twin,twin/f3/twomode/cv10/s0/r14,,,,f3,twomode,0.1,0.0,14.0,frequency,full,,45,3,-10.339202385243823,hurts,True,1.0,hurts,-7.268312501100023,3.0
twin,twin/f3/twomode/cv10/s0/r15,,,,f3,twomode,0.1,0.0,15.0,force,full,,45,3,0.21320527574876136,helps,True,3.0,helps,1.777977923545036,3.0
twin,twin/f3/twomode/cv10/s0/r15,,,,f3,twomode,0.1,0.0,15.0,frequency,full,,45,3,-10.329115536376648,hurts,True,1.0,hurts,-8.50138888639152,3.0
twin,twin/f3/twomode/cv10/s0/r16,,,,f3,twomode,0.1,0.0,16.0,force,full,,45,3,0.12404156484079099,helps,True,3.0,helps,1.5473356559724278,2.0
twin,twin/f3/twomode/cv10/s0/r16,,,,f3,twomode,0.1,0.0,16.0,frequency,full,,45,3,-8.944013672720617,hurts,True,1.0,hurts,-7.938410523064459,3.0
twin,twin/f3/twomode/cv10/s0/r17,,,,f3,twomode,0.1,0.0,17.0,force,full,,45,3,0.13900058871641718,helps,True,3.0,helps,1.8343063118003897,3.0
twin,twin/f3/twomode/cv10/s0/r17,,,,f3,twomode,0.1,0.0,17.0,frequency,full,,45,3,-11.854442206763245,hurts,True,1.0,hurts,-9.64731881768764,3.0
twin,twin/f3/twomode/cv10/s0/r18,,,,f3,twomode,0.1,0.0,18.0,force,full,,45,3,0.19445604920450754,helps,True,3.0,helps,1.7756441493189836,3.0
twin,twin/f3/twomode/cv10/s0/r18,,,,f3,twomode,0.1,0.0,18.0,frequency,full,,45,3,-10.506392139118113,hurts,True,1.0,hurts,-7.977703884926254,3.0
twin,twin/f3/twomode/cv10/s0/r19,,,,f3,twomode,0.1,0.0,19.0,force,full,,45,3,0.0983279724065157,helps,True,3.0,helps,1.7848584181603442,3.0
twin,twin/f3/twomode/cv10/s0/r19,,,,f3,twomode,0.1,0.0,19.0,frequency,full,,45,3,-10.042983387800433,hurts,True,1.0,hurts,-7.621630060697133,3.0
twin,twin/f3/twomode/cv20/s0/r0,,,,f3,twomode,0.2,0.0,0.0,force,full,,45,3,0.12367326079411745,helps,True,3.0,helps,1.5655683426934488,3.0
twin,twin/f3/twomode/cv20/s0/r0,,,,f3,twomode,0.2,0.0,0.0,frequency,full,,45,3,-8.005906970291914,hurts,True,1.0,hurts,-6.443536444978702,3.0
twin,twin/f3/twomode/cv20/s0/r1,,,,f3,twomode,0.2,0.0,1.0,force,full,,45,3,0.08731229047654843,helps,True,3.0,helps,1.8727693676355088,3.0
twin,twin/f3/twomode/cv20/s0/r1,,,,f3,twomode,0.2,0.0,1.0,frequency,full,,45,3,-12.120389672854545,hurts,True,1.0,hurts,-10.387039119342761,3.0
twin,twin/f3/twomode/cv20/s0/r2,,,,f3,twomode,0.2,0.0,2.0,force,full,,45,3,0.12203819400997173,helps,True,3.0,helps,1.9067010290811108,3.0
twin,twin/f3/twomode/cv20/s0/r2,,,,f3,twomode,0.2,0.0,2.0,frequency,full,,45,3,-13.498884566987165,hurts,True,1.0,hurts,-8.145556875161201,3.0
twin,twin/f3/twomode/cv20/s0/r3,,,,f3,twomode,0.2,0.0,3.0,force,full,,45,3,0.14613156101550517,helps,True,3.0,helps,1.6847532322586163,3.0
twin,twin/f3/twomode/cv20/s0/r3,,,,f3,twomode,0.2,0.0,3.0,frequency,full,,45,3,-9.723318818417587,hurts,True,1.0,hurts,-7.543738436346627,3.0
twin,twin/f3/twomode/cv20/s0/r4,,,,f3,twomode,0.2,0.0,4.0,force,full,,45,3,0.11861826663619135,helps,True,3.0,helps,1.7594238100944135,2.0
twin,twin/f3/twomode/cv20/s0/r4,,,,f3,twomode,0.2,0.0,4.0,frequency,full,,45,3,-10.323604599380142,hurts,True,1.0,hurts,-8.168779688998114,3.0
twin,twin/f3/twomode/cv20/s0/r5,,,,f3,twomode,0.2,0.0,5.0,force,full,,45,3,0.26368936486760086,helps,True,3.0,helps,1.7957254557669262,3.0
twin,twin/f3/twomode/cv20/s0/r5,,,,f3,twomode,0.2,0.0,5.0,frequency,full,,45,3,-14.019518263587305,hurts,True,1.0,hurts,-8.800720842598512,3.0
twin,twin/f3/twomode/cv20/s0/r6,,,,f3,twomode,0.2,0.0,6.0,force,full,,45,3,0.031943500911305156,helps,True,3.0,helps,1.2287172306119762,3.0
twin,twin/f3/twomode/cv20/s0/r6,,,,f3,twomode,0.2,0.0,6.0,frequency,full,,45,3,-7.090871932765392,hurts,True,1.0,hurts,-7.284821508605408,3.0
twin,twin/f3/twomode/cv20/s0/r7,,,,f3,twomode,0.2,0.0,7.0,force,full,,45,3,0.14264965331256196,helps,True,3.0,helps,1.7491289297794648,3.0
twin,twin/f3/twomode/cv20/s0/r7,,,,f3,twomode,0.2,0.0,7.0,frequency,full,,45,3,-10.242307809378499,hurts,True,1.0,hurts,-6.608189940867938,3.0
twin,twin/f3/twomode/cv20/s0/r8,,,,f3,twomode,0.2,0.0,8.0,force,full,,45,3,0.3573545551689006,helps,True,3.0,helps,1.8392250976484619,3.0
twin,twin/f3/twomode/cv20/s0/r8,,,,f3,twomode,0.2,0.0,8.0,frequency,full,,45,3,-10.193764690683896,hurts,True,1.0,hurts,-7.56613043418984,3.0
twin,twin/f3/twomode/cv20/s0/r9,,,,f3,twomode,0.2,0.0,9.0,force,full,,45,3,0.12859079543343277,helps,True,3.0,helps,1.5922330482753504,3.0
twin,twin/f3/twomode/cv20/s0/r9,,,,f3,twomode,0.2,0.0,9.0,frequency,full,,45,3,-8.920617527858129,hurts,True,1.0,hurts,-7.602993455340012,3.0
twin,twin/f3/twomode/cv20/s0/r10,,,,f3,twomode,0.2,0.0,10.0,force,full,,45,3,0.07827769386754291,helps,True,3.0,helps,1.6635431601438766,2.0
twin,twin/f3/twomode/cv20/s0/r10,,,,f3,twomode,0.2,0.0,10.0,frequency,full,,45,3,-8.406582499966992,hurts,True,1.0,hurts,-7.2535515423089665,3.0
twin,twin/f3/twomode/cv20/s0/r11,,,,f3,twomode,0.2,0.0,11.0,force,full,,45,3,0.31778523653652435,helps,True,3.0,helps,1.5227280422757763,3.0
twin,twin/f3/twomode/cv20/s0/r11,,,,f3,twomode,0.2,0.0,11.0,frequency,full,,45,3,-7.659678544611609,hurts,True,1.0,hurts,-6.290973779915999,3.0
twin,twin/f3/twomode/cv20/s0/r12,,,,f3,twomode,0.2,0.0,12.0,force,full,,45,3,0.1127040604963856,helps,True,3.0,helps,1.5190539877902787,3.0
twin,twin/f3/twomode/cv20/s0/r12,,,,f3,twomode,0.2,0.0,12.0,frequency,full,,45,3,-8.76990465787609,hurts,True,1.0,hurts,-6.825428960021731,3.0
twin,twin/f3/twomode/cv20/s0/r13,,,,f3,twomode,0.2,0.0,13.0,force,full,,45,3,0.1777611596596177,helps,True,3.0,helps,1.5210950021197949,3.0
twin,twin/f3/twomode/cv20/s0/r13,,,,f3,twomode,0.2,0.0,13.0,frequency,full,,45,3,-8.55787115878283,hurts,True,1.0,hurts,-7.464663742260491,3.0
twin,twin/f3/twomode/cv20/s0/r14,,,,f3,twomode,0.2,0.0,14.0,force,full,,45,3,0.14647233967988715,helps,True,3.0,helps,1.7560557732938473,2.0
twin,twin/f3/twomode/cv20/s0/r14,,,,f3,twomode,0.2,0.0,14.0,frequency,full,,45,3,-10.321344896469697,hurts,True,1.0,hurts,-8.182982404323056,3.0
twin,twin/f3/twomode/cv20/s0/r15,,,,f3,twomode,0.2,0.0,15.0,force,full,,45,3,0.3622206752754582,helps,True,3.0,helps,1.7929239410618125,3.0
twin,twin/f3/twomode/cv20/s0/r15,,,,f3,twomode,0.2,0.0,15.0,frequency,full,,45,3,-12.553869432176347,hurts,True,1.0,hurts,-7.642310483469003,3.0
twin,twin/f3/twomode/cv20/s0/r16,,,,f3,twomode,0.2,0.0,16.0,force,full,,45,3,0.07144020265705475,helps,True,3.0,helps,1.6402250615232081,3.0
twin,twin/f3/twomode/cv20/s0/r16,,,,f3,twomode,0.2,0.0,16.0,frequency,full,,45,3,-10.286733457401512,hurts,True,1.0,hurts,-9.343215279864458,3.0
twin,twin/f3/twomode/cv20/s0/r17,,,,f3,twomode,0.2,0.0,17.0,force,full,,45,3,0.09458019780486371,helps,True,3.0,helps,1.7001911433808001,2.0
twin,twin/f3/twomode/cv20/s0/r17,,,,f3,twomode,0.2,0.0,17.0,frequency,full,,45,3,-10.928332160063052,hurts,True,1.0,hurts,-7.989650625831384,3.0
twin,twin/f3/twomode/cv20/s0/r18,,,,f3,twomode,0.2,0.0,18.0,force,full,,45,3,0.03678712146788732,helps,True,3.0,helps,1.5362009609194243,2.0
twin,twin/f3/twomode/cv20/s0/r18,,,,f3,twomode,0.2,0.0,18.0,frequency,full,,45,3,-11.801530743783097,hurts,True,1.0,hurts,-8.437644967782079,3.0
twin,twin/f3/twomode/cv20/s0/r19,,,,f3,twomode,0.2,0.0,19.0,force,full,,45,3,0.06048160883280396,helps,True,3.0,helps,1.3990938449553771,3.0
twin,twin/f3/twomode/cv20/s0/r19,,,,f3,twomode,0.2,0.0,19.0,frequency,full,,45,3,-8.567287516960072,hurts,True,1.0,hurts,-7.385436119425667,3.0
twin_sens,twin/f3/law/cv10/s42/r0,,,,f3,law,0.1,42.0,0.0,force,full,,45,3,0.10740255595317072,helps,True,3.0,helps,1.3422230143536922,3.0
twin_sens,twin/f3/law/cv10/s42/r0,,,,f3,law,0.1,42.0,0.0,frequency,full,,45,3,2.5779719365617577,helps,True,3.0,helps,2.0374338884754226,3.0
twin_sens,twin/f3/law/cv10/s42/r1,,,,f3,law,0.1,42.0,1.0,force,full,,45,3,0.03363274932276661,helps,True,3.0,helps,1.3029605977574696,2.0
twin_sens,twin/f3/law/cv10/s42/r1,,,,f3,law,0.1,42.0,1.0,frequency,full,,45,3,2.384437568026839,helps,True,3.0,helps,2.050382284549721,3.0
twin_sens,twin/f3/law/cv10/s42/r2,,,,f3,law,0.1,42.0,2.0,force,full,,45,3,0.08376994127059989,helps,True,3.0,helps,1.2683560056135368,3.0
twin_sens,twin/f3/law/cv10/s42/r2,,,,f3,law,0.1,42.0,2.0,frequency,full,,45,3,2.190627778403078,helps,True,3.0,helps,2.018422313317377,2.0
twin_sens,twin/f3/law/cv10/s42/r3,,,,f3,law,0.1,42.0,3.0,force,full,,45,3,0.0788846357961589,helps,True,3.0,helps,1.2864657474482695,3.0
twin_sens,twin/f3/law/cv10/s42/r3,,,,f3,law,0.1,42.0,3.0,frequency,full,,45,3,2.1879613535174434,helps,True,3.0,helps,1.9649543883677338,3.0
twin_sens,twin/f3/law/cv10/s42/r4,,,,f3,law,0.1,42.0,4.0,force,full,,45,3,0.24413740291146602,helps,True,3.0,helps,1.35070818020736,2.0
twin_sens,twin/f3/law/cv10/s42/r4,,,,f3,law,0.1,42.0,4.0,frequency,full,,45,3,1.7370710470561512,helps,True,3.0,helps,2.0104526660673394,2.0
twin_sens,twin/f3/law/cv10/s42/r5,,,,f3,law,0.1,42.0,5.0,force,full,,45,3,0.2825747732186127,helps,True,3.0,helps,1.2886201161294208,3.0
twin_sens,twin/f3/law/cv10/s42/r5,,,,f3,law,0.1,42.0,5.0,frequency,full,,45,3,2.3596742502192325,helps,True,3.0,helps,2.0129900808429784,2.0
twin_sens,twin/f3/law/cv10/s42/r6,,,,f3,law,0.1,42.0,6.0,force,full,,45,3,0.11290405758174138,helps,True,3.0,helps,1.1106664690019017,3.0
twin_sens,twin/f3/law/cv10/s42/r6,,,,f3,law,0.1,42.0,6.0,frequency,full,,45,3,1.7354378919174516,helps,True,3.0,helps,1.6642805855645804,2.0
twin_sens,twin/f3/law/cv10/s42/r7,,,,f3,law,0.1,42.0,7.0,force,full,,45,3,0.12904125056770244,helps,True,3.0,helps,1.2441130724638543,3.0
twin_sens,twin/f3/law/cv10/s42/r7,,,,f3,law,0.1,42.0,7.0,frequency,full,,45,3,1.8737444957668927,helps,True,3.0,helps,2.0076502529125064,2.0
twin_sens,twin/f3/law/cv10/s42/r8,,,,f3,law,0.1,42.0,8.0,force,full,,45,3,0.10910405811392054,helps,True,3.0,helps,1.3126321602928133,3.0
twin_sens,twin/f3/law/cv10/s42/r8,,,,f3,law,0.1,42.0,8.0,frequency,full,,45,3,2.4129285691542224,helps,True,3.0,helps,2.195079527142084,2.0
twin_sens,twin/f3/law/cv10/s42/r9,,,,f3,law,0.1,42.0,9.0,force,full,,45,3,0.15685698504064194,helps,True,3.0,helps,1.3095511792395231,3.0
twin_sens,twin/f3/law/cv10/s42/r9,,,,f3,law,0.1,42.0,9.0,frequency,full,,45,3,2.233256326704544,helps,True,3.0,helps,1.9900618244635766,2.0
twin_sens,twin/f3/law/cv20/s42/r0,,,,f3,law,0.2,42.0,0.0,force,full,,45,3,0.08498184446989077,helps,True,3.0,helps,1.2490421397271732,3.0
twin_sens,twin/f3/law/cv20/s42/r0,,,,f3,law,0.2,42.0,0.0,frequency,full,,45,3,2.378085571712665,helps,True,3.0,helps,1.9709008295775297,2.0
twin_sens,twin/f3/law/cv20/s42/r1,,,,f3,law,0.2,42.0,1.0,force,full,,45,3,0.11749972749211368,helps,True,3.0,helps,1.2822488442962021,2.0
twin_sens,twin/f3/law/cv20/s42/r1,,,,f3,law,0.2,42.0,1.0,frequency,full,,45,3,2.471783130946477,helps,True,3.0,helps,2.059284589761094,2.0
twin_sens,twin/f3/law/cv20/s42/r2,,,,f3,law,0.2,42.0,2.0,force,full,,45,3,0.1036123546083988,helps,True,3.0,helps,1.236588762675688,3.0
twin_sens,twin/f3/law/cv20/s42/r2,,,,f3,law,0.2,42.0,2.0,frequency,full,,45,3,2.218028300545268,helps,True,3.0,helps,1.7168917629552005,3.0
twin_sens,twin/f3/law/cv20/s42/r3,,,,f3,law,0.2,42.0,3.0,force,full,,45,3,0.17775179581873468,helps,True,3.0,helps,1.2948186403560802,3.0
twin_sens,twin/f3/law/cv20/s42/r3,,,,f3,law,0.2,42.0,3.0,frequency,full,,45,3,2.0009100254800045,helps,True,3.0,helps,1.9511807890238326,2.0
twin_sens,twin/f3/law/cv20/s42/r4,,,,f3,law,0.2,42.0,4.0,force,full,,45,3,0.09598090665993975,helps,True,3.0,helps,1.1309291963694235,3.0
twin_sens,twin/f3/law/cv20/s42/r4,,,,f3,law,0.2,42.0,4.0,frequency,full,,45,3,2.2928189384550803,helps,True,3.0,helps,1.6606619697719154,3.0
twin_sens,twin/f3/law/cv20/s42/r5,,,,f3,law,0.2,42.0,5.0,force,full,,45,3,0.5878256363243765,helps,True,3.0,helps,1.3802397553598766,3.0
twin_sens,twin/f3/law/cv20/s42/r5,,,,f3,law,0.2,42.0,5.0,frequency,full,,45,3,2.237892150644205,helps,True,3.0,helps,2.1076410706327184,2.0
twin_sens,twin/f3/law/cv20/s42/r6,,,,f3,law,0.2,42.0,6.0,force,full,,45,3,0.13684654100369087,helps,True,3.0,helps,1.2697585205557103,3.0
twin_sens,twin/f3/law/cv20/s42/r6,,,,f3,law,0.2,42.0,6.0,frequency,full,,45,3,2.305461760276959,helps,True,3.0,helps,2.0557732716735333,2.0
twin_sens,twin/f3/law/cv20/s42/r7,,,,f3,law,0.2,42.0,7.0,force,full,,45,3,0.10958669185593983,helps,True,3.0,helps,1.296090214532238,3.0
twin_sens,twin/f3/law/cv20/s42/r7,,,,f3,law,0.2,42.0,7.0,frequency,full,,45,3,2.223571459962014,helps,True,3.0,helps,2.027903060072895,2.0
twin_sens,twin/f3/law/cv20/s42/r8,,,,f3,law,0.2,42.0,8.0,force,full,,45,3,0.108383538834258,helps,True,3.0,helps,1.2651013610495738,3.0
twin_sens,twin/f3/law/cv20/s42/r8,,,,f3,law,0.2,42.0,8.0,frequency,full,,45,3,2.108407881405227,helps,True,3.0,helps,1.812046740106389,3.0
twin_sens,twin/f3/law/cv20/s42/r9,,,,f3,law,0.2,42.0,9.0,force,full,,45,3,0.2617488598065907,helps,True,3.0,helps,1.2260449565588076,3.0
twin_sens,twin/f3/law/cv20/s42/r9,,,,f3,law,0.2,42.0,9.0,frequency,full,,45,3,1.9724820408884018,helps,True,3.0,helps,1.8446427505478915,2.0
twin_sens,twin/f3/twomode/cv10/s42/r0,,,,f3,twomode,0.1,42.0,0.0,force,full,,45,3,0.29815785405530437,helps,True,3.0,helps,1.7812870428174092,3.0
twin_sens,twin/f3/twomode/cv10/s42/r0,,,,f3,twomode,0.1,42.0,0.0,frequency,full,,45,3,-10.8753966109585,hurts,True,1.0,hurts,-8.197494527628564,3.0
twin_sens,twin/f3/twomode/cv10/s42/r1,,,,f3,twomode,0.1,42.0,1.0,force,full,,45,3,0.2798089807941584,helps,True,3.0,helps,1.7062813440647335,2.0
twin_sens,twin/f3/twomode/cv10/s42/r1,,,,f3,twomode,0.1,42.0,1.0,frequency,full,,45,3,-9.763827411047524,hurts,True,1.0,hurts,-7.732563627281159,3.0
twin_sens,twin/f3/twomode/cv10/s42/r2,,,,f3,twomode,0.1,42.0,2.0,force,full,,45,3,0.24153141762688746,helps,True,3.0,helps,1.7045583706041831,3.0
twin_sens,twin/f3/twomode/cv10/s42/r2,,,,f3,twomode,0.1,42.0,2.0,frequency,full,,45,3,-9.316182216808201,hurts,True,1.0,hurts,-8.541472792061752,3.0
twin_sens,twin/f3/twomode/cv10/s42/r3,,,,f3,twomode,0.1,42.0,3.0,force,full,,45,3,0.20748573373327228,helps,True,3.0,helps,1.7617384278859998,3.0
twin_sens,twin/f3/twomode/cv10/s42/r3,,,,f3,twomode,0.1,42.0,3.0,frequency,full,,45,3,-8.666815847628897,hurts,True,1.0,hurts,-8.239727344390214,3.0
twin_sens,twin/f3/twomode/cv10/s42/r4,,,,f3,twomode,0.1,42.0,4.0,force,full,,45,3,0.18655562350800947,helps,True,3.0,helps,1.738706342210666,3.0
twin_sens,twin/f3/twomode/cv10/s42/r4,,,,f3,twomode,0.1,42.0,4.0,frequency,full,,45,3,-9.260879120490557,hurts,True,1.0,hurts,-9.356233366881192,3.0
twin_sens,twin/f3/twomode/cv10/s42/r5,,,,f3,twomode,0.1,42.0,5.0,force,full,,45,3,0.11633698181732721,helps,True,3.0,helps,1.6578241377362126,2.0
twin_sens,twin/f3/twomode/cv10/s42/r5,,,,f3,twomode,0.1,42.0,5.0,frequency,full,,45,3,-11.532070907070638,hurts,True,1.0,hurts,-9.587191004063037,3.0
twin_sens,twin/f3/twomode/cv10/s42/r6,,,,f3,twomode,0.1,42.0,6.0,force,full,,45,3,0.37251782652836485,helps,True,3.0,helps,1.934642419131533,3.0
twin_sens,twin/f3/twomode/cv10/s42/r6,,,,f3,twomode,0.1,42.0,6.0,frequency,full,,45,3,-13.207313897236492,hurts,True,1.0,hurts,-9.069400459048873,3.0
twin_sens,twin/f3/twomode/cv10/s42/r7,,,,f3,twomode,0.1,42.0,7.0,force,full,,45,3,0.3025269002884895,helps,True,3.0,helps,1.817852963134284,3.0
twin_sens,twin/f3/twomode/cv10/s42/r7,,,,f3,twomode,0.1,42.0,7.0,frequency,full,,45,3,-10.945880032381204,hurts,True,1.0,hurts,-8.784037301099934,3.0
twin_sens,twin/f3/twomode/cv10/s42/r8,,,,f3,twomode,0.1,42.0,8.0,force,full,,45,3,0.08482743792388636,helps,True,3.0,helps,1.8577184349320477,2.0
twin_sens,twin/f3/twomode/cv10/s42/r8,,,,f3,twomode,0.1,42.0,8.0,frequency,full,,45,3,-12.66595868129176,hurts,True,1.0,hurts,-8.856432898992955,3.0
twin_sens,twin/f3/twomode/cv10/s42/r9,,,,f3,twomode,0.1,42.0,9.0,force,full,,45,3,0.1380212832641814,helps,True,3.0,helps,1.7000022459057627,3.0
twin_sens,twin/f3/twomode/cv10/s42/r9,,,,f3,twomode,0.1,42.0,9.0,frequency,full,,45,3,-11.55410567178475,hurts,True,1.0,hurts,-9.108828925529089,3.0
twin_sens,twin/f3/twomode/cv20/s42/r0,,,,f3,twomode,0.2,42.0,0.0,force,full,,45,3,0.1319102426629165,helps,True,3.0,helps,1.6392530679486021,3.0
twin_sens,twin/f3/twomode/cv20/s42/r0,,,,f3,twomode,0.2,42.0,0.0,frequency,full,,45,3,-8.134969339247519,hurts,True,1.0,hurts,-5.456013720109869,3.0
twin_sens,twin/f3/twomode/cv20/s42/r1,,,,f3,twomode,0.2,42.0,1.0,force,full,,45,3,0.12655535679445762,helps,True,3.0,helps,1.585555323350748,3.0
twin_sens,twin/f3/twomode/cv20/s42/r1,,,,f3,twomode,0.2,42.0,1.0,frequency,full,,45,3,-8.53895680567179,hurts,True,1.0,hurts,-7.32596685432641,3.0
twin_sens,twin/f3/twomode/cv20/s42/r2,,,,f3,twomode,0.2,42.0,2.0,force,full,,45,3,0.07497081045102105,helps,True,3.0,helps,1.5259455905030792,3.0
twin_sens,twin/f3/twomode/cv20/s42/r2,,,,f3,twomode,0.2,42.0,2.0,frequency,full,,45,3,-8.171448789788602,hurts,True,1.0,hurts,-5.560802062351679,3.0
twin_sens,twin/f3/twomode/cv20/s42/r3,,,,f3,twomode,0.2,42.0,3.0,force,full,,45,3,0.08685563528129192,helps,True,3.0,helps,1.4670882393491713,2.0
twin_sens,twin/f3/twomode/cv20/s42/r3,,,,f3,twomode,0.2,42.0,3.0,frequency,full,,45,3,-10.70751489530333,hurts,True,1.0,hurts,-8.065820023617407,3.0
twin_sens,twin/f3/twomode/cv20/s42/r4,,,,f3,twomode,0.2,42.0,4.0,force,full,,45,3,0.10188606228361374,helps,True,3.0,helps,1.6596303626110356,3.0
twin_sens,twin/f3/twomode/cv20/s42/r4,,,,f3,twomode,0.2,42.0,4.0,frequency,full,,45,3,-9.930758960261096,hurts,True,1.0,hurts,-7.703397756989372,3.0
twin_sens,twin/f3/twomode/cv20/s42/r5,,,,f3,twomode,0.2,42.0,5.0,force,full,,45,3,0.26484922071367056,helps,True,3.0,helps,1.801685010961009,3.0
twin_sens,twin/f3/twomode/cv20/s42/r5,,,,f3,twomode,0.2,42.0,5.0,frequency,full,,45,3,-13.350873659689316,hurts,True,1.0,hurts,-8.83332413466771,3.0
twin_sens,twin/f3/twomode/cv20/s42/r6,,,,f3,twomode,0.2,42.0,6.0,force,full,,45,3,0.1974925197657985,helps,True,3.0,helps,1.7547275295744622,3.0
twin_sens,twin/f3/twomode/cv20/s42/r6,,,,f3,twomode,0.2,42.0,6.0,frequency,full,,45,3,-12.823121547546311,hurts,True,1.0,hurts,-8.178039072320434,3.0
twin_sens,twin/f3/twomode/cv20/s42/r7,,,,f3,twomode,0.2,42.0,7.0,force,full,,45,3,0.055591119898747876,helps,True,3.0,helps,1.5706314580389467,2.0
twin_sens,twin/f3/twomode/cv20/s42/r7,,,,f3,twomode,0.2,42.0,7.0,frequency,full,,45,3,-10.632251830669178,hurts,True,1.0,hurts,-9.087729103642934,3.0
twin_sens,twin/f3/twomode/cv20/s42/r8,,,,f3,twomode,0.2,42.0,8.0,force,full,,45,3,0.25901742394351535,helps,True,3.0,helps,1.8736499532698072,3.0
twin_sens,twin/f3/twomode/cv20/s42/r8,,,,f3,twomode,0.2,42.0,8.0,frequency,full,,45,3,-12.958133142746744,hurts,True,1.0,hurts,-9.342273210715506,3.0
twin_sens,twin/f3/twomode/cv20/s42/r9,,,,f3,twomode,0.2,42.0,9.0,force,full,,45,3,0.2137449893771447,helps,True,3.0,helps,1.6508268745425638,2.0
twin_sens,twin/f3/twomode/cv20/s42/r9,,,,f3,twomode,0.2,42.0,9.0,frequency,full,,45,3,-8.901922607225588,hurts,True,1.0,hurts,-7.468056986029649,3.0
external_sub,ext/SalamaForce/force3/5,SalamaForce,,,,,,,,force,0.3|0.4|0.5,3.0,42,3,0.5178858246395557,helps,True,3.0,helps,0.836340920573616,2.0
external_sub,ext/SalamaForce/force3/2,SalamaForce,,,,,,,,force,0.1|0.3|0.4,3.0,41,3,1.5122994916919306,helps,True,3.0,helps,2.0798727395639767,3.0
external_sub,ext/SalamaForce/force3/3,SalamaForce,,,,,,,,force,0.1|0.3|0.5,3.0,41,3,1.4273178692112332,helps,True,3.0,helps,2.1816347426361298,3.0
external_sub,ext/SalamaForce/force3/4,SalamaForce,,,,,,,,force,0.2|0.3|0.4,3.0,41,3,0.8012031327948718,helps,True,3.0,helps,1.3307076942233986,3.0
external_sub,ext/SalamaForce/force3/0,SalamaForce,,,,,,,,force,0.1|0.2|0.3,3.0,40,3,1.3059181333955525,helps,True,3.0,helps,1.931633549226671,3.0
external_sub,ext/SalamaForce/force3/1,SalamaForce,,,,,,,,force,0.1|0.2|0.5,3.0,40,3,1.398899921011104,helps,True,3.0,helps,2.076865946938101,3.0
external,ext/SalamaForce/full,SalamaForce,,,,,,,,frequency,full,,68,2,0.7401744114604845,helps,False,,,,
external_sub,ext/SalamaForce/composition3/3,SalamaForce,,,,,,,,composition,0.5|1.0|2.0,3.0,30,3,-0.4115792893773452,hurts,True,3.0,helps,0.26608864649902386,0.0
external_sub,ext/SalamaForce/composition3/4,SalamaForce,,,,,,,,composition,0.5|1.5|2.0,3.0,30,3,-4.083529748508234,hurts,True,2.0,helps,0.18753551553613065,2.0
external_sub,ext/SalamaForce/composition3/5,SalamaForce,,,,,,,,composition,1.0|1.5|2.0,3.0,30,3,-1.756228659157739,hurts,True,1.0,hurts,0.054817463925119846,3.0
external_sub,ext/SalamaForce/composition3/0,SalamaForce,,,,,,,,composition,0.0|0.5|1.5,3.0,28,3,0.8898777969604235,helps,True,1.0,hurts,-0.22280585581720627,1.0
external_sub,ext/SalamaForce/composition3/1,SalamaForce,,,,,,,,composition,0.0|1.0|3.0,3.0,28,3,-1.0765346036425785,hurts,True,1.0,hurts,0.0910395906670266,1.0
external_sub,ext/SalamaForce/composition3/2,SalamaForce,,,,,,,,composition,0.0|1.5|2.5,3.0,28,3,-1.0976909464334614,hurts,True,1.0,hurts,-0.14974506659772177,1.0
external_sub,ext/Shi/composition3/4,Shi,,,,,,,,composition,PBC-2.5|PBC-5|PBC-7.5,3.0,28,3,-0.04076546623099864,hurts,True,3.0,helps,0.8212957178978902,0.0
external_sub,ext/Shi/composition3/5,Shi,,,,,,,,composition,PBC-2.5|PBC-5|PVDF-TrFE,3.0,28,3,-0.08386220270510192,hurts,True,3.0,helps,0.47468909896853767,1.0
external_sub,ext/Li/force5/3,Li,,,,,,,,force,40.0|300.0|370.0|420.0|480.0,5.0,10,5,0.44475289083239467,helps,True,5.0,helps,0.23927293063922464,3.0
external_sub,ext/Li/force5/4,Li,,,,,,,,force,90.0|130.0|170.0|230.0|480.0,5.0,10,5,0.9000009034716601,helps,True,5.0,helps,0.6409811310892511,3.0
external_sub,ext/Li/force5/5,Li,,,,,,,,force,90.0|130.0|170.0|420.0|480.0,5.0,10,5,-0.004194761238722644,neutral,True,2.0,hurts,0.42897482631173683,1.0
external_sub,ext/Shi/composition3/3,Shi,,,,,,,,composition,PBC-1|PBC-5|PVDF-TrFE,3.0,27,3,-2.1663651478836172,hurts,True,3.0,helps,0.38241715244638214,1.0
external_sub,ext/Shi/composition3/1,Shi,,,,,,,,composition,PBC-1|PBC-2.5|PBC-7.5,3.0,25,3,-0.5324165924249186,hurts,True,3.0,helps,0.6717099402079851,0.0
external_sub,ext/Shi/composition3/2,Shi,,,,,,,,composition,PBC-1|PBC-2.5|PVDF-TrFE,3.0,25,3,-0.3218220567762542,hurts,True,3.0,helps,0.6042138216547764,1.0
external_sub,ext/Li/force5/0,Li,,,,,,,,force,15.0|90.0|130.0|170.0|480.0,5.0,9,5,0.5846726226894271,helps,True,5.0,helps,1.0029073034599925,3.0
external_sub,ext/Li/force5/1,Li,,,,,,,,force,15.0|90.0|170.0|370.0|480.0,5.0,9,5,-0.009476079842331564,neutral,True,4.0,helps,0.3313665072117303,0.0
external_sub,ext/Li/force5/2,Li,,,,,,,,force,15.0|130.0|170.0|370.0|480.0,5.0,9,5,0.02731702596847929,helps,True,5.0,helps,0.3551875230968082,4.0
external_sub,ext/Shi/composition3/0,Shi,,,,,,,,composition,PB-5|PBC-2.5|PVDF-TrFE,3.0,23,3,0.08160359371527326,helps,True,3.0,helps,0.92111136788741,2.0
external_sub,ext/SalamaFreq/frequency3/0,SalamaFreq,,,,,,,,frequency,1.0|2.0|3.0,3.0,18,3,-26890.998470621293,hurts,True,0.0,hurts,-5.099766981471892,3.0
external_sub,ext/SalamaFreq/frequency3/1,SalamaFreq,,,,,,,,frequency,1.0|2.0|5.0,3.0,18,3,-5.940246921970257,hurts,True,0.0,hurts,-5.702023064931047,3.0
external_sub,ext/SalamaFreq/frequency3/2,SalamaFreq,,,,,,,,frequency,1.0|3.0|4.0,3.0,18,3,-468.3169616554415,hurts,True,0.0,hurts,-4.098562581905391,3.0
external_sub,ext/SalamaFreq/frequency3/3,SalamaFreq,,,,,,,,frequency,1.0|3.0|5.0,3.0,18,3,-30.281654622616646,hurts,True,0.0,hurts,-6.403444036602932,3.0
external_sub,ext/SalamaFreq/frequency3/4,SalamaFreq,,,,,,,,frequency,1.0|4.0|5.0,3.0,18,3,-11.309572796359571,hurts,True,0.0,hurts,-3.9931223467787222,3.0
external_sub,ext/SalamaFreq/frequency3/5,SalamaFreq,,,,,,,,frequency,2.0|3.0|4.0,3.0,18,3,-105159.17852560116,hurts,True,0.0,hurts,-4.063082709530403,3.0
external_sub,ext/Shi/force3/2,Shi,,,,,,,,force,20|80|90,3.0,17,3,0.6112570728821303,helps,True,3.0,helps,2.00592394393588,3.0
external_sub,ext/Shi/force3/5,Shi,,,,,,,,force,40|80|100,3.0,17,3,0.33420828893159227,helps,True,3.0,helps,1.8237435524085897,2.0
external_sub,ext/Shi/force3/4,Shi,,,,,,,,force,30|80|100,3.0,16,3,0.2030713667531936,helps,True,3.0,helps,1.9199823435290646,2.0
external_sub,ext/SalamaFreq/composition3/0,SalamaFreq,,,,,,,,composition,0.5|1.0|1.5,3.0,15,3,0.5719935583339008,helps,True,3.0,helps,0.015486329456438982,3.0
external_sub,ext/SalamaFreq/composition3/1,SalamaFreq,,,,,,,,composition,0.5|1.0|2.0,3.0,15,3,0.35649245543646935,helps,True,2.0,helps,-0.052950427086340714,2.0
external_sub,ext/SalamaFreq/composition3/2,SalamaFreq,,,,,,,,composition,0.5|1.5|2.5,3.0,15,3,-6.117230187594702,hurts,True,2.0,helps,0.008318701044170762,2.0
external_sub,ext/SalamaFreq/composition3/3,SalamaFreq,,,,,,,,composition,0.5|2.5|3.0,3.0,15,3,-24.137252231908565,hurts,True,3.0,helps,0.4474229365662315,0.0
external_sub,ext/SalamaFreq/composition3/4,SalamaFreq,,,,,,,,composition,1.0|1.5|3.0,3.0,15,3,-12.635401808678536,hurts,True,3.0,helps,0.12199150530209613,1.0
external_sub,ext/SalamaFreq/composition3/5,SalamaFreq,,,,,,,,composition,2.0|2.5|3.0,3.0,15,3,0.9247428236834518,helps,True,1.0,hurts,-0.03641835265777815,1.0
external_sub,ext/Shi/force3/3,Shi,,,,,,,,force,30|40|70,3.0,15,3,-0.11962288079338657,hurts,True,3.0,helps,1.2207332625217129,1.0
external_sub,ext/Shi/force3/0,Shi,,,,,,,,force,20|30|50,3.0,14,3,-0.14494920950475232,hurts,True,3.0,helps,1.5795474854920235,1.0
external_sub,ext/Shi/force3/1,Shi,,,,,,,,force,20|40|60,3.0,14,3,0.21495980786358804,helps,True,3.0,helps,1.483010670962323,2.0
external,ext/Li/full,Li,,,,,,,,composition,full,,19,2,-0.012321749693897432,neutral,False,,,,
external_sub,ext/Li/force3/2,Li,,,,,,,,force,40.0|90.0|230.0,3.0,6,3,1.643903257096204,helps,True,3.0,helps,2.483763537063553,3.0
external_sub,ext/Li/force3/3,Li,,,,,,,,force,40.0|130.0|300.0,3.0,6,3,1.921722904185479,helps,True,3.0,helps,2.8479444068436393,3.0
external_sub,ext/Li/force3/4,Li,,,,,,,,force,130.0|170.0|370.0,3.0,6,3,1.5290166828110738,helps,True,3.0,helps,2.283953803954705,3.0
external_sub,ext/Li/force3/5,Li,,,,,,,,force,170.0|300.0|420.0,3.0,6,3,1.0949399945649105,helps,True,3.0,helps,2.1458841732942866,3.0
external_sub,ext/Li/force3/0,Li,,,,,,,,force,15.0|230.0|370.0,3.0,5,3,1.7191529984650145,helps,True,3.0,helps,1.692966330628881,3.0
external_sub,ext/Li/force3/1,Li,,,,,,,,force,15.0|300.0|420.0,3.0,5,3,1.5786605172257502,helps,True,3.0,helps,1.8442812207956871,3.0
