dataset,scheme,subset,level,n_train,K_chosen,BIC_K1,BIC_K2,BIC_K3,BIC_K4,BIC_K5
Grid:rms_Voc,loo,n75,0,74,2,-470.34434299396486,-496.59671095745,-483.6845156778375,-470.772320398225,-457.8601251186125
Grid:rms_Voc,loo,n75,1,74,2,-470.6014607605244,-496.8405735993774,-483.92837831976493,-471.01618304015244,-458.1039877605399
Grid:rms_Voc,loo,n75,2,74,2,-471.79893573855924,-500.4890761247684,-487.5768808451559,-474.66468556554344,-461.7524902859309
Grid:rms_Voc,loo,n75,3,74,2,-472.10072520147094,-499.36589177827955,-486.45369649866706,-473.54150121905457,-460.629305939442
Grid:rms_Voc,loo,n75,4,74,2,-470.94934539318973,-498.67678593799906,-485.76459065838657,-472.8523953787741,-459.94020009916153
Grid:rms_Voc,loo,n75,5,74,2,-470.4938425947803,-496.5271655097804,-483.6149702301679,-470.7027749505554,-457.79057967094286
Grid:rms_Voc,loo,n75,6,74,2,-470.37184747076736,-496.5233579399477,-483.6111626603352,-470.6989673807227,-457.78677210111016
Grid:rms_Voc,loo,n75,7,74,2,-470.3646346649095,-496.5323174702255,-483.620122190613,-470.7079269110005,-457.795731631388
Grid:rms_Voc,loo,n75,8,74,2,-470.11529201051883,-496.76564063437263,-483.85344535476014,-470.94125007514765,-458.0290547955351
Grid:rms_Voc,loo,n75,9,74,2,-470.11351142924997,-496.6644161420247,-483.75222086241223,-470.84002558279974,-457.9278303031872
Grid:rms_Voc,loo,n75,10,74,2,-470.73867910568003,-496.52776597525497,-483.6155706956425,-470.70337541603,-457.79118013641744
Grid:rms_Voc,loo,n75,11,74,2,-471.18870810914075,-496.59128477563604,-483.67908949602355,-470.76689421641106,-457.8546989367985
Grid:rms_Voc,loo,n75,12,74,2,-471.7823052119128,-497.16013987834083,-484.24794459872834,-471.33574931911585,-458.4235540395033
Grid:rms_Voc,loo,n75,13,74,2,-470.71289820241026,-498.9992882572044,-486.0870929775919,-473.1748976979794,-460.26270241836687
Grid:rms_Voc,loo,n75,14,74,2,-472.0993975153542,-497.5859963015307,-484.6738010219182,-471.76160574230573,-458.8494104626932
Grid:rms_Voc,loo,n75,15,74,2,-471.3664168797707,-497.73173428266296,-484.81953900305047,-471.907343723438,-458.9951484438254
Grid:rms_Voc,loo,n75,16,74,2,-472.26925302303835,-498.97253478496566,-486.06033950535317,-473.1481442257407,-460.23594894612813
Grid:rms_Voc,loo,n75,17,74,2,-473.03393822134507,-502.9817972608141,-490.06960198120163,-477.15740670158914,-464.2452114219766
Grid:rms_Voc,loo,n75,18,74,2,-475.25203445416076,-504.4871786589846,-491.5749833793721,-478.6627880997596,-465.75059282014706
Grid:rms_Voc,loo,n75,19,74,2,-470.58779364647364,-497.89840665177144,-484.98621137215895,-472.07401609254646,-459.1618208129339
Grid:rms_Voc,loo,n75,20,74,2,-471.4146258760273,-497.09987285961586,-484.18767758000337,-471.2754823003909,-458.36328702077833
Grid:rms_Voc,loo,n75,21,74,2,-470.57154659927255,-496.55114016137304,-483.63894488176055,-470.72674960214806,-457.8145543225355
Grid:rms_Voc,loo,n75,22,74,2,-470.19192172248427,-497.442724992967,-484.5305297133545,-471.618334433742,-458.70613915412946
Grid:rms_Voc,loo,n75,23,74,2,-470.1507360381564,-496.52332216898174,-483.61112688936925,-470.69893160975676,-457.7867363301442
Grid:rms_Voc,loo,n75,24,74,2,-470.11138318873293,-496.6743263549181,-483.7621310753057,-470.8499357956932,-457.9377405160807
Grid:rms_Voc,loo,n75,25,74,2,-471.1665035702454,-496.5758695490274,-483.6636742694149,-470.7514789898024,-457.8392837101899
Grid:rms_Voc,loo,n75,26,74,2,-471.0855839657023,-496.56018074519704,-483.64798546558455,-470.73579018597206,-457.8235949063595
Grid:rms_Voc,loo,n75,27,74,2,-470.48908252070447,-496.5261363141627,-483.61394103455024,-470.70174575493775,-457.7895504753252
Grid:rms_Voc,loo,n75,28,74,2,-470.3079904273387,-496.5241770987541,-483.6119818191416,-470.6997865395291,-457.78759125991655
Grid:rms_Voc,loo,n75,29,74,2,-470.35575964476965,-496.54374029661096,-483.6315450169985,-470.719349737386,-457.80715445777344
Grid:rms_Voc,loo,n75,30,74,2,-470.12094583636593,-497.01111833750394,-484.09892305789145,-471.18672777827896,-458.2745324986664
Grid:rms_Voc,loo,n75,31,74,2,-470.29944745431516,-497.69529499909004,-484.78309971947755,-471.87090443986506,-458.9587091602525
Grid:rms_Voc,loo,n75,32,74,2,-471.16789067641025,-497.4468107282852,-484.5346154486727,-471.6224201690602,-458.71022488944766
Grid:rms_Voc,loo,n75,33,74,2,-472.1704397444404,-500.98138125412913,-488.06918597451664,-475.15699069490415,-462.2447954152916
Grid:rms_Voc,loo,n75,34,74,2,-470.2525557603225,-496.5435458754349,-483.6313505958224,-470.71915531620994,-457.8069600365974
Grid:rms_Voc,loo,n75,35,74,2,-470.9194021398595,-496.54717065129137,-483.6349753716789,-470.7227800920664,-457.81058481245384
Grid:rms_Voc,loo,n75,36,74,2,-470.53150199414466,-496.5425801862442,-483.6303849066317,-470.7181896270192,-457.8059943474067
Grid:rms_Voc,loo,n75,37,74,2,-470.1375804013772,-496.81699560423124,-483.90480032461875,-470.99260504500626,-458.0804097653937
Grid:rms_Voc,loo,n75,38,74,2,-470.41250146943077,-497.9342692431253,-485.0220739635128,-472.1098786839003,-459.1976834042878
Grid:rms_Voc,loo,n75,39,74,2,-470.9671068169006,-496.7513022894326,-483.8391070098201,-470.9269117302076,-458.0147164505951
Grid:rms_Voc,loo,n75,40,74,2,-470.44573608165973,-497.2169152735039,-484.3047199938914,-471.3925247142789,-458.4803294346664
Grid:rms_Voc,loo,n75,41,74,2,-471.1450726404988,-496.5653836922636,-483.6531884126511,-470.7409931330386,-457.82879785342607
Grid:rms_Voc,loo,n75,42,74,2,-472.4670078128936,-497.0717818193915,-484.159586539779,-471.2473912601665,-458.335195980554
Grid:rms_Voc,loo,n75,43,74,2,-471.3658781983571,-501.5334074214479,-488.62121214183543,-475.70901686222294,-462.7968215826104
Grid:rms_Voc,loo,n75,44,74,2,-472.93396316833173,-497.61893910023423,-484.70674382062174,-471.79454854100925,-458.8823532613967
Grid:rms_Voc,loo,n75,45,74,2,-470.4348656409828,-496.5546970720244,-483.6425017924119,-470.7303065127994,-457.81811123318687
Grid:rms_Voc,loo,n75,46,74,2,-470.1670808126354,-496.56975126527425,-483.65755598566176,-470.74536070604927,-457.8331654264367
Grid:rms_Voc,loo,n75,47,74,2,-470.97953852115063,-497.1428043834012,-484.2306091037887,-471.3184138241762,-458.40621854456367
Grid:rms_Voc,loo,n75,48,74,2,-472.4042443076987,-501.5588798221994,-488.6466845425869,-475.7344892629744,-462.8222939833619
Grid:rms_Voc,loo,n75,49,74,2,-470.1039398460474,-496.7521626221212,-483.8399673425087,-470.9277720628962,-458.0155767832837
Grid:rms_Voc,loo,n75,50,74,2,-470.8585889506178,-496.5216415793234,-483.6094462997109,-470.6972510200984,-457.78505574048586
Grid:rms_Voc,loo,n75,51,74,2,-471.2307766030495,-496.5904016741881,-483.6782063945756,-470.76601111496313,-457.8538158353506
Grid:rms_Voc,loo,n75,52,74,2,-470.41350089474014,-496.54972426653455,-483.63752898692206,-470.7253337073096,-457.813138427697
Grid:rms_Voc,loo,n75,53,74,2,-478.374848825559,-506.92068322122554,-494.00848794161305,-481.09629266200056,-468.184097382388
Grid:rms_Voc,loo,n75,54,74,2,-470.1859204641082,-496.72918275376696,-483.8169874741545,-470.904792194542,-457.99259691492944
Grid:rms_Voc,loo,n75,55,74,2,-472.1884064890067,-496.54246525234225,-483.63026997272976,-470.7180746931173,-457.8058794135047
Grid:rms_Voc,loo,n75,56,74,2,-473.3153632827736,-496.9116809649536,-483.9994856853411,-471.0872904057286,-458.17509512611605
Grid:rms_Voc,loo,n75,57,74,2,-470.29565786895137,-497.272628839366,-484.3604335597535,-471.448238280141,-458.5360430005285
Grid:rms_Voc,loo,n75,58,74,2,-479.027740843716,-505.3165878110275,-492.404392531415,-479.4921972518025,-466.58000197218996
Grid:rms_Voc,loo,n75,59,74,2,-470.5382910814047,-496.7308044170678,-483.8186091374553,-470.90641385784284,-457.9942185782303
Grid:rms_Voc,loo,n75,60,74,2,-470.20089157433074,-496.54372713989756,-483.63153186028507,-470.7193365806726,-457.80714130106
Grid:rms_Voc,loo,n75,61,74,2,-470.1007470442706,-496.81766717605376,-483.90547189644127,-470.9932766168288,-458.08108133721623
Grid:rms_Voc,loo,n75,62,74,2,-470.30871973943187,-496.54994622249365,-483.63775094288115,-470.72555566326866,-457.8133603836561
Grid:rms_Voc,loo,n75,63,74,2,-470.26052446171775,-497.108558924867,-484.1963636452545,-471.284168365642,-458.37197308602947
Grid:rms_Voc,loo,n75,64,74,2,-470.4080477828506,-496.62763739150876,-483.71544211189627,-470.8032468322838,-457.89105155267123
Grid:rms_Voc,loo,n75,65,74,2,-471.38962723209005,-496.6509745267497,-483.7387792471372,-470.8265839675248,-457.91438868791226
Grid:rms_Voc,loo,n75,66,74,2,-470.33267510489713,-496.7642853382648,-483.8520900586523,-470.93989477903983,-458.0276994994273
Grid:rms_Voc,loo,n75,67,74,2,-470.3818744560685,-496.5611446343187,-483.6489493547062,-470.7367540750937,-457.82455879548115
Grid:rms_Voc,loo,n75,68,74,2,-472.0838958572534,-498.20882174610813,-485.29662646649564,-472.38443118688315,-459.4722359072706
Grid:rms_Voc,loo,n75,69,74,2,-470.19217716081624,-496.7041622069007,-483.79196692728823,-470.87977164767574,-457.9675763680632
Grid:rms_Voc,loo,n75,70,74,2,-471.2486167140664,-496.63976831574485,-483.72757303613236,-470.81537775651987,-457.9031824769073
Grid:rms_Voc,loo,n75,71,74,2,-471.07788412099677,-496.7257715421041,-483.8135762624916,-470.9013809828791,-457.98918570326657
Grid:rms_Voc,loo,n75,72,74,2,-474.290422490812,-497.9028159912415,-484.990620711629,-472.0784254320165,-459.16623015240395
Grid:rms_Voc,loo,n75,73,74,2,-470.2736480607553,-498.78979995434145,-485.87760467472896,-472.96540939511647,-460.0532141155039
Grid:rms_Voc,loo,n75,74,74,2,-471.48381115156957,-496.57280013822833,-483.66060485861584,-470.74840957900335,-457.8362142993908
Grid:rms_Voc,composition,n75,PVDF,60,2,-375.9841518861576,-397.1891704462324,-384.9061367595661,-372.6231030728998,-360.3400693862335
Grid:rms_Voc,composition,n75,PVDF+BaTiO3,60,2,-382.05322956809556,-407.3336515317796,-395.05061784511327,-382.767584158447,-370.4845504717807
Grid:rms_Voc,composition,n75,PVDF+BaTiO3+%1CNT,60,2,-382.06053589309914,-408.57776448917224,-396.2947308025059,-384.01169711583964,-371.7286634291733
Grid:rms_Voc,composition,n75,PVDF+BaTiO3+%2CNT,60,2,-396.1235087607157,-418.56129401731033,-406.278260330644,-393.99522664397773,-381.7121929573114
Grid:rms_Voc,composition,n75,PVDF+BaTiO3+%3CNT,60,2,-384.1831110350216,-406.665651823037,-394.3826181363707,-382.0995844497044,-369.8165507630381
Grid:rms_Voc,force,n75,1,50,2,-314.5730036629801,-352.2453497945745,-340.5092807782901,-328.77321176200564,-317.0371427457212
Grid:rms_Voc,force,n75,2,50,2,-307.36765965055093,-320.1460808413109,-308.41001182502646,-296.673942808742,-284.93787379245765
Grid:rms_Voc,force,n75,3,50,2,-325.8660912325059,-328.5408484999392,-316.8047794836548,-305.06871046737035,-293.3326414510859
Grid:rms_Voc,frequency,n75,5,60,2,-377.1676924241816,-387.88420525337534,-375.601171566709,-363.31813788004274,-351.0351041933764
Grid:rms_Voc,frequency,n75,10,60,2,-381.2253137070582,-389.52229559778124,-377.2392619111149,-364.95622822444864,-352.6731945377823
Grid:rms_Voc,frequency,n75,15,60,1,-404.4281887198753,-399.2039767428874,-386.92094305622106,-374.6379093695548,-362.35487568288846
Grid:rms_Voc,frequency,n75,20,60,1,-452.74856338463167,-440.8949512739583,-428.611917587292,-416.3288839006257,-404.0458502139594
Grid:rms_Voc,frequency,n75,25,60,1,-402.4527112915923,-390.92902486906485,-378.6459911823985,-366.36295749573225,-354.0799238090659
Grid:Vpp,loo,n75,0,74,2,-51.264182106769965,-64.94828579948299,-52.036090519870484,-39.12389524025797,-26.21169996064546
Grid:Vpp,loo,n75,1,74,2,-51.56391103454777,-65.22471536019458,-52.31252008058206,-39.40032480096955,-26.48812952135704
Grid:Vpp,loo,n75,2,74,2,-52.771123741869005,-67.90727878259733,-54.99508350298481,-42.0828882233723,-29.17069294375979
Grid:Vpp,loo,n75,3,74,2,-51.19524146589971,-65.12583843723641,-52.21364315762389,-39.30144787801138,-26.38925259839887
Grid:Vpp,loo,n75,4,74,2,-51.610225496847235,-66.17428457417506,-53.26208929456256,-40.349894014950046,-27.437698735337534
Grid:Vpp,loo,n75,5,74,2,-52.12346560415456,-65.25735972813106,-52.345164448518545,-39.432969168906034,-26.520773889293523
Grid:Vpp,loo,n75,6,74,2,-51.94248978810221,-65.1364095033577,-52.22421422374518,-39.31201894413267,-26.399823664520156
Grid:Vpp,loo,n75,7,74,2,-51.03741866287072,-64.82796168475741,-51.91576640514491,-39.003571125532396,-26.091375845919913
Grid:Vpp,loo,n75,8,74,2,-50.96397531899487,-64.80911501808839,-51.89691973847587,-38.98472445886336,-26.07252917925085
Grid:Vpp,loo,n75,9,74,2,-50.92006460867435,-65.06385058986876,-52.151655310256245,-39.239460030643734,-26.327264751031223
Grid:Vpp,loo,n75,10,74,2,-51.13411238763656,-64.93489243993847,-52.02269716032595,-39.110501880713436,-26.198306601100924
Grid:Vpp,loo,n75,11,74,2,-51.389339493734056,-64.79379389664265,-51.881598617030164,-38.96940333741765,-26.05720805780514
Grid:Vpp,loo,n75,12,74,2,-53.07682322015826,-66.7185954037125,-53.80640012409998,-40.89420484448747,-27.98200956487497
Grid:Vpp,loo,n75,13,74,2,-52.607842773826846,-68.1296374599209,-55.217442180308396,-42.305246900695884,-29.393051621083373
Grid:Vpp,loo,n75,14,74,2,-51.28755196526829,-64.84638125246059,-51.9341859728481,-39.02199069323559,-26.109795413623075
Grid:Vpp,loo,n75,15,74,2,-51.73906730111398,-65.39233010552658,-52.48013482591408,-39.56793954630157,-26.655744266689055
Grid:Vpp,loo,n75,16,74,2,-51.83488651890964,-65.49975823584055,-52.58756295622803,-39.675367676615515,-26.763172397003004
Grid:Vpp,loo,n75,17,74,2,-51.69356845784934,-66.20487580929486,-53.29268052968236,-40.380485250069846,-27.468289970457334
Grid:Vpp,loo,n75,18,74,2,-53.89281862666864,-68.8178804385995,-55.905685158986984,-42.99348987937447,-30.08129459976196
Grid:Vpp,loo,n75,19,74,2,-51.23622479120155,-65.53146621226568,-52.61927093265318,-39.70707565304067,-26.794880373428157
Grid:Vpp,loo,n75,20,74,2,-52.78411763845496,-65.80416675746068,-52.89197147784817,-39.97977619823566,-27.06758091862315
Grid:Vpp,loo,n75,21,74,2,-52.46000293248407,-65.53938313182789,-52.62718785221537,-39.71499257260286,-26.80279729299035
Grid:Vpp,loo,n75,22,74,2,-51.059355507107725,-65.31549939105423,-52.40330411144173,-39.491108831829216,-26.578913552216704
Grid:Vpp,loo,n75,23,74,2,-52.95222690155815,-68.32985924006121,-55.41766396044871,-42.505468680836195,-29.593273401223698
Grid:Vpp,loo,n75,24,74,2,-50.92077071301419,-65.06646398564953,-52.154268706037044,-39.24207342642453,-26.329878146812035
Grid:Vpp,loo,n75,25,74,2,-51.82494131181464,-64.81599734070338,-51.903802061090886,-38.991606781478374,-26.079411501865863
Grid:Vpp,loo,n75,26,74,2,-53.094340320319816,-65.47860099299137,-52.56640571337887,-39.65421043376636,-26.742015154153847
Grid:Vpp,loo,n75,27,74,2,-50.955621821055615,-64.78356334110279,-51.87136806149027,-38.95917278187776,-26.04697750226525
Grid:Vpp,loo,n75,28,74,2,-55.47246184399772,-70.15884093295128,-57.24664565333876,-44.33445037372625,-31.422255094113737
Grid:Vpp,loo,n75,29,74,2,-51.55082771246259,-65.00749560652923,-52.09530032691673,-39.18310504730422,-26.270909767691705
Grid:Vpp,loo,n75,30,74,2,-50.89194388192895,-64.93179327339857,-52.01959799378605,-39.10740271417354,-26.195207434561027
Grid:Vpp,loo,n75,31,74,2,-50.95270396350229,-65.31790348452293,-52.40570820491044,-39.49351292529793,-26.581317645685417
Grid:Vpp,loo,n75,32,74,2,-51.3419591781507,-65.17564255810555,-52.26344727849305,-39.351251998880535,-26.439056719268024
Grid:Vpp,loo,n75,33,74,2,-53.68612688486412,-69.13316696607626,-56.220971686463756,-43.30877640685127,-30.39658112723876
Grid:Vpp,loo,n75,34,74,2,-51.01354757208513,-64.81682231594164,-51.90462703632913,-38.99243175671662,-26.08023647710411
Grid:Vpp,loo,n75,35,74,2,-52.53464018453535,-65.23077060948293,-52.31857532987043,-39.406380050257916,-26.494184770645404
Grid:Vpp,loo,n75,36,74,2,-52.066551286964696,-64.97836655389378,-52.06617127428132,-39.153975994668805,-26.241780715056294
Grid:Vpp,loo,n75,37,74,2,-50.89110327120751,-64.8852940764931,-51.97309879688058,-39.06090351726808,-26.14870823765557
Grid:Vpp,loo,n75,38,74,2,-52.9100357680975,-68.24590225759476,-55.33370697798226,-42.42151169836975,-29.509316418757237
Grid:Vpp,loo,n75,39,74,2,-50.893382715026206,-64.93820132096121,-52.02600604134871,-39.1138107617362,-26.201615482123685
Grid:Vpp,loo,n75,40,74,2,-51.69186807758287,-64.8498831951423,-51.93768791552978,-39.02549263591727,-26.113297356304756
Grid:Vpp,loo,n75,41,74,2,-51.867806615303564,-64.79572476044484,-51.88352948083232,-38.97133420121981,-26.0591389216073
Grid:Vpp,loo,n75,42,74,2,-52.888876273803945,-66.02940882390635,-53.11721354429385,-40.205018264681335,-27.292822985068824
Grid:Vpp,loo,n75,43,74,2,-52.22104748048332,-67.45625918254467,-54.544063902932166,-41.63186862331967,-28.719673343707157
Grid:Vpp,loo,n75,44,74,2,-52.489754616584534,-65.4176450812505,-52.50544980163801,-39.5932545220255,-26.681059242412985
Grid:Vpp,loo,n75,45,74,2,-51.03218984968851,-64.78308803580941,-51.87089275619691,-38.9586974765844,-26.046502196971886
Grid:Vpp,loo,n75,46,74,2,-50.89291013607516,-64.97261939137874,-52.060424111766224,-39.14822883215373,-26.236033552541215
Grid:Vpp,loo,n75,47,74,2,-51.17934790197674,-64.96062486548036,-52.04842958586785,-39.13623430625534,-26.224039026642828
Grid:Vpp,loo,n75,48,74,2,-56.31527100803521,-73.07729790621426,-60.16510262660175,-47.25290734698924,-34.34071206737673
Grid:Vpp,loo,n75,49,74,2,-50.90708756256021,-64.79339078666953,-51.88119550705703,-38.96900022744452,-26.056804947832006
Grid:Vpp,loo,n75,50,74,2,-52.24911242581297,-64.92429353313386,-52.012098253521344,-39.09990297390883,-26.18770769429632
Grid:Vpp,loo,n75,51,74,2,-51.89752338151112,-64.82053135268623,-51.90833607307373,-38.996140793461215,-26.083945513848704
Grid:Vpp,loo,n75,52,74,2,-50.94312336993244,-65.31455708379201,-52.402361804179506,-39.490166524566995,-26.577971244954483
Grid:Vpp,loo,n75,53,74,2,-51.228947055320944,-65.09890306615378,-52.18670778654128,-39.274512506928765,-26.362317227316254
Grid:Vpp,loo,n75,54,74,2,-51.144637139238995,-64.7811815176141,-51.8689862380016,-38.956790958389085,-26.044595678776574
Grid:Vpp,loo,n75,55,74,2,-51.602063322929666,-65.12348545233453,-52.21129017272206,-39.29909489310955,-26.386899613497036
Grid:Vpp,loo,n75,56,74,2,-52.103141657145656,-64.82930601550927,-51.917110735896756,-39.004915456284245,-26.092720176671733
Grid:Vpp,loo,n75,57,74,2,-50.908326609262545,-65.09921270860801,-52.18701742899552,-39.274822149383006,-26.362626869770494
Grid:Vpp,loo,n75,58,74,2,-72.68848534573475,-94.70268346009905,-81.79048818048653,-68.87829290087402,-55.96609762126151
Grid:Vpp,loo,n75,59,74,2,-51.819910111486934,-64.85495395671586,-51.94275867710334,-39.03056339749083,-26.11836811787832
Grid:Vpp,loo,n75,60,74,2,-51.0303819260304,-64.78877532976051,-51.87658005014802,-38.96438477053551,-26.052189490923
Grid:Vpp,loo,n75,61,74,2,-50.9275329689972,-64.86923103586625,-51.957035756253745,-39.044840476641234,-26.132645197028722
Grid:Vpp,loo,n75,62,74,2,-51.1310421941003,-64.89607408750834,-51.983878807895834,-39.07168352828332,-26.15948824867081
Grid:Vpp,loo,n75,63,74,2,-53.04802049443694,-68.06178698898435,-55.14959170937183,-42.23739642975932,-29.32520115014681
Grid:Vpp,loo,n75,64,74,2,-51.27982558741378,-64.9808521064127,-52.06865682680018,-39.15646154718767,-26.244266267575156
Grid:Vpp,loo,n75,65,74,2,-52.08640926447093,-64.82994960916832,-51.91775432955582,-39.00555904994332,-26.09336377033081
Grid:Vpp,loo,n75,66,74,2,-52.01092316862797,-64.822392222344,-51.9101969427315,-38.99800166311899,-26.08580638350648
Grid:Vpp,loo,n75,67,74,2,-50.92452359804102,-65.32839579001134,-52.416200510398824,-39.50400523078631,-26.5918099511738
Grid:Vpp,loo,n75,68,74,2,-50.91106059232061,-64.78490683016881,-51.8727115505563,-38.96051627094379,-26.04832099133128
Grid:Vpp,loo,n75,69,74,2,-51.05629800270367,-64.79666873694993,-51.88447345733741,-38.972278177724895,-26.060082898112384
Grid:Vpp,loo,n75,70,74,2,-51.58681831029975,-65.30136059003792,-52.38916531042541,-39.4769700308129,-26.56477475120039
Grid:Vpp,loo,n75,71,74,2,-51.11329299553367,-66.15760411738864,-53.245408837776125,-40.333213558163614,-27.421018278551102
Grid:Vpp,loo,n75,72,74,2,-52.01566487426729,-64.94981107578835,-52.03761579617583,-39.12542051656332,-26.213225236950805
Grid:Vpp,loo,n75,73,74,2,-50.99198141460906,-65.0971131489433,-52.184917869330775,-39.27272258971826,-26.360527310105752
Grid:Vpp,loo,n75,74,74,2,-51.15718587137245,-64.91889881313622,-52.006703533523705,-39.094508253911194,-26.182312974298682
Grid:Vpp,composition,n75,PVDF,60,2,-35.529156057315745,-45.565961355828016,-33.282927669161715,-20.999893982495415,-8.716860295829107
Grid:Vpp,composition,n75,PVDF+BaTiO3,60,2,-44.96688360401125,-55.130287661466745,-42.84725397480046,-30.56422028813416,-18.28118660146785
Grid:Vpp,composition,n75,PVDF+BaTiO3+%1CNT,60,2,-43.567414525283574,-54.60598443953183,-42.32295075286553,-30.039917066199244,-17.756883379532937
Grid:Vpp,composition,n75,PVDF+BaTiO3+%2CNT,60,2,-57.25927357009899,-74.36274391371572,-62.07971022704941,-49.79667654038311,-37.5136428537168
Grid:Vpp,composition,n75,PVDF+BaTiO3+%3CNT,60,2,-41.163538097355996,-53.76931629138803,-41.48628260472173,-29.20324891805543,-16.920215231389122
Grid:Vpp,force,n75,1,50,2,-28.065997117254415,-43.60876766445293,-31.872698648168495,-20.13662963188407,-8.40056061559963
Grid:Vpp,force,n75,2,50,2,-24.77799532603262,-26.738918088761768,-15.002849072477332,-3.266780056192893,8.469288960091546
Grid:Vpp,force,n75,3,50,2,-53.7396306640333,-60.24501030365012,-48.51424314339239,-36.77817412710795,-25.042105110823513
Grid:Vpp,frequency,n75,5,60,2,-36.80974402588555,-38.381048409700746,-26.098014723034446,-13.814981036368145,-1.5319473497018379
Grid:Vpp,frequency,n75,10,60,2,-38.59556729178008,-39.46039089301457,-27.17735720634827,-14.894323519681969,-2.611289833015661
Grid:Vpp,frequency,n75,15,60,1,-50.17793660551043,-43.672432597467896,-31.389398910801596,-19.106365224135295,-6.823331537469002
Grid:Vpp,frequency,n75,20,60,1,-117.12775446467592,-107.79495235699059,-95.51191867032429,-83.22888498365799,-70.94585129699169
Grid:Vpp,frequency,n75,25,60,1,-50.680964912752906,-38.50851110966706,-26.22547742300076,-13.94244373633446,-1.6594100496681676
Grid:Vmax,loo,n75,0,74,2,-119.4064916266049,-129.76849756985726,-116.85630229024474,-103.94410701063222,-91.03191173101972
Grid:Vmax,loo,n75,1,74,2,-119.48308351333675,-129.8651582843566,-116.95296300474408,-104.04076772513156,-91.12857244551905
Grid:Vmax,loo,n75,2,74,2,-119.98454459108542,-131.07046610757456,-118.15827082796204,-105.24607554834952,-92.33388026873702
Grid:Vmax,loo,n75,3,74,2,-119.3675079746762,-129.89392167120647,-116.98172639159395,-104.06953111198143,-91.15733583236893
Grid:Vmax,loo,n75,4,74,2,-120.15867397552576,-131.46527577953486,-118.55308049992234,-105.64088522030983,-92.72868994069732
Grid:Vmax,loo,n75,5,74,2,-120.41567903643353,-130.20376688717624,-117.29157160756372,-104.3793763279512,-91.4671810483387
Grid:Vmax,loo,n75,6,74,2,-120.142471578517,-130.13641345870283,-117.22421817909031,-104.3120228994778,-91.39982761986529
Grid:Vmax,loo,n75,7,74,2,-119.71859388592706,-130.11931872723542,-117.20712344762293,-104.29492816801041,-91.38273288839791
Grid:Vmax,loo,n75,8,74,2,-119.17853069256479,-129.811539484628,-116.8993442050155,-103.987148925403,-91.0749536457905
Grid:Vmax,loo,n75,9,74,2,-119.16986340037828,-129.71571719559302,-116.80352191598053,-103.891326636368,-90.9791313567555
Grid:Vmax,loo,n75,10,74,2,-119.36425763052908,-129.83217506250904,-116.91997978289652,-104.007784503284,-91.0955892236715
Grid:Vmax,loo,n75,11,74,2,-119.39572403110624,-129.7201393200335,-116.80794404042098,-103.89574876080846,-90.98355348119595
Grid:Vmax,loo,n75,12,74,2,-120.38738894577291,-130.5940400397304,-117.68184476011788,-104.76964948050536,-91.85745420089286
Grid:Vmax,loo,n75,13,74,2,-121.56873939964318,-134.19008401578324,-121.27788873617075,-108.36569345655823,-95.45349817694573
Grid:Vmax,loo,n75,14,74,2,-119.23197974590461,-129.71067691734902,-116.7984816377365,-103.88628635812398,-90.97409107851148
Grid:Vmax,loo,n75,15,74,2,-120.09809451915392,-130.38890877024966,-117.47671349063714,-104.56451821102462,-91.65232293141212
Grid:Vmax,loo,n75,16,74,2,-119.97173943947753,-130.34490629895043,-117.43271101933792,-104.5205157397254,-91.60832046011289
Grid:Vmax,loo,n75,17,74,2,-120.08750591478953,-131.22678184910887,-118.31458656949636,-105.40239128988384,-92.49019601027133
Grid:Vmax,loo,n75,18,74,2,-123.12165768090854,-134.78072635825464,-121.86853107864212,-108.9563357990296,-96.0441405194171
Grid:Vmax,loo,n75,19,74,2,-119.3323447921682,-130.1081933348074,-117.19599805519488,-104.28380277558236,-91.37160749596985
Grid:Vmax,loo,n75,20,74,2,-121.73845525687825,-131.35212114953868,-118.43992586992616,-105.52773059031364,-92.61553531070113
Grid:Vmax,loo,n75,21,74,2,-121.31734542028069,-131.20813931055383,-118.29594403094131,-105.3837487513288,-92.47155347171629
Grid:Vmax,loo,n75,22,74,2,-119.55684010755517,-130.61261355002586,-117.70041827041334,-104.78822299080082,-91.87602771118831
Grid:Vmax,loo,n75,23,74,2,-120.04772721983166,-131.33989890493393,-118.42770362532141,-105.5155083457089,-92.60331306609642
Grid:Vmax,loo,n75,24,74,2,-119.1551409008121,-129.79175951991064,-116.87956424029815,-103.96736896068563,-91.05517368107313
Grid:Vmax,loo,n75,25,74,2,-119.6064781401116,-129.7010384715869,-116.7888431919744,-103.87664791236188,-90.96445263274937
Grid:Vmax,loo,n75,26,74,2,-122.48259682320143,-131.6789593431842,-118.76676406357169,-105.85456878395917,-92.94237350434666
Grid:Vmax,loo,n75,27,74,2,-119.1785245478848,-129.7119778918698,-116.79978261225727,-103.88758733264476,-90.97539205303225
Grid:Vmax,loo,n75,28,74,2,-124.36426338764882,-135.4281996682675,-122.51600438865498,-109.60380910904246,-96.69161382942995
Grid:Vmax,loo,n75,29,74,2,-120.15972977378978,-130.16535146167644,-117.25315618206392,-104.3409609024514,-91.4287656228389
Grid:Vmax,loo,n75,30,74,2,-119.15847248463102,-129.95456304051717,-117.04236776090465,-104.13017248129213,-91.21797720167963
Grid:Vmax,loo,n75,31,74,2,-119.28386192313441,-130.31272960532976,-117.40053432571727,-104.48833904610476,-91.57614376649225
Grid:Vmax,loo,n75,32,74,2,-119.74536947524449,-130.2064342102751,-117.29423893066257,-104.38204365105005,-91.46984837143755
Grid:Vmax,loo,n75,33,74,2,-121.43764286546183,-133.20159522328666,-120.28939994367414,-107.37720466406162,-94.46500938444912
Grid:Vmax,loo,n75,34,74,2,-119.2831945322517,-129.71738009124388,-116.80518481163136,-103.89298953201885,-90.98079425240634
Grid:Vmax,loo,n75,35,74,2,-121.54171679358238,-130.55888132306396,-117.64668604345144,-104.73449076383892,-91.82229548422642
Grid:Vmax,loo,n75,36,74,2,-119.65811062072937,-129.695467636725,-116.78327235711248,-103.87107707749996,-90.95888179788746
Grid:Vmax,loo,n75,37,74,2,-120.33152684736508,-130.4986199630509,-117.5864246834384,-104.67422940382588,-91.76203412421337
Grid:Vmax,loo,n75,38,74,2,-121.60733611545733,-133.88736865708984,-120.97517337747732,-108.0629780978648,-95.1507828182523
Grid:Vmax,loo,n75,39,74,2,-119.16247038019667,-129.84303401459317,-116.93083873498065,-104.01864345536814,-91.10644817575563
Grid:Vmax,loo,n75,40,74,2,-120.19236009076722,-129.71347379533609,-116.80127851572357,-103.88908323611105,-90.97688795649854
Grid:Vmax,loo,n75,41,74,2,-119.70507583422345,-129.75519587326394,-116.84300059365145,-103.93080531403893,-91.01861003442643
Grid:Vmax,loo,n75,42,74,2,-122.44304819482788,-132.03931101893085,-119.12711573931833,-106.21492045970581,-93.3027251800933
Grid:Vmax,loo,n75,43,74,2,-119.80721525382073,-131.3359202522839,-118.42372497267141,-105.51152969305889,-92.59933441344639
Grid:Vmax,loo,n75,44,74,2,-121.90066329147096,-131.07141462317034,-118.15921934355782,-105.2470240639453,-92.3348287843328
Grid:Vmax,loo,n75,45,74,2,-119.33589086549482,-129.6862755621597,-116.77408028254717,-103.86188500293466,-90.94968972332215
Grid:Vmax,loo,n75,46,74,2,-119.16929501706433,-129.76560048673724,-116.85340520712472,-103.9412099275122,-91.0290146478997
Grid:Vmax,loo,n75,47,74,2,-119.24554486315462,-129.70251360883753,-116.79031832922502,-103.8781230496125,-90.96592777
Grid:Vmax,loo,n75,48,74,2,-123.1727595602943,-135.70058178473118,-122.78838650511867,-109.87619122550615,-96.96399594589364
Grid:Vmax,loo,n75,49,74,2,-119.16772345211,-129.71134953986424,-116.79915426025173,-103.8869589806392,-90.9747637010267
Grid:Vmax,loo,n75,50,74,2,-121.97797207286418,-130.60145033913898,-117.68925505952646,-104.77705977991394,-91.86486450030144
Grid:Vmax,loo,n75,51,74,2,-120.65103030950162,-130.04635643186543,-117.13416115225291,-104.22196587264042,-91.30977059302792
Grid:Vmax,loo,n75,52,74,2,-120.56522957008924,-133.21263606068592,-120.3004407810734,-107.38824550146089,-94.47605022184838
Grid:Vmax,loo,n75,53,74,2,-128.27347297258893,-140.9805184219674,-128.06832314235487,-115.15612786274235,-102.24393258312985
Grid:Vmax,loo,n75,54,74,2,-119.40886354122345,-129.6859889668377,-116.77379368722518,-103.86159840761266,-90.94940312800016
Grid:Vmax,loo,n75,55,74,2,-119.93394128603155,-130.02739446443175,-117.11519918481923,-104.20300390520671,-91.29080862559421
Grid:Vmax,loo,n75,56,74,2,-119.7926473131629,-129.83493764811075,-116.92274236849823,-104.01054708888572,-91.09835180927321
Grid:Vmax,loo,n75,57,74,2,-119.54861339370966,-131.9468610590044,-119.03466577939187,-106.12247049977935,-93.21027522016685
Grid:Vmax,loo,n75,58,74,2,-124.19603395214087,-134.9702495826371,-122.05805430302459,-109.14585902341207,-96.23366374379957
Grid:Vmax,loo,n75,59,74,2,-119.95060905184671,-129.69676622771752,-116.784570948105,-103.87237566849248,-90.96018038887998
Grid:Vmax,loo,n75,60,74,2,-119.23396581483105,-129.72055542094822,-116.8083601413357,-103.89616486172318,-90.98396958211067
Grid:Vmax,loo,n75,61,74,2,-119.16116535015571,-129.79125291922526,-116.87905763961274,-103.96686236000022,-91.05466708038772
Grid:Vmax,loo,n75,62,74,2,-119.5327223312433,-129.91249199909382,-117.0002967194813,-104.08810143986878,-91.17590616025628
Grid:Vmax,loo,n75,63,74,2,-120.3530725180474,-131.48846219103046,-118.57626691141795,-105.66407163180543,-92.75187635219292
Grid:Vmax,loo,n75,64,74,2,-119.45821597726483,-129.80410454120928,-116.89190926159677,-103.97971398198425,-91.06751870237174
Grid:Vmax,loo,n75,65,74,2,-120.09529908024514,-129.69758977830554,-116.78539449869302,-103.8731992190805,-90.961003939468
Grid:Vmax,loo,n75,66,74,2,-119.37094186714957,-129.77677056089263,-116.86457528128011,-103.95238000166759,-91.04018472205509
Grid:Vmax,loo,n75,67,74,2,-119.18021681898834,-129.79232696290165,-116.88013168328914,-103.96793640367662,-91.05574112406411
Grid:Vmax,loo,n75,68,74,2,-119.16434761583294,-129.7431534648919,-116.83095818527937,-103.91876290566685,-91.00656762605435
Grid:Vmax,loo,n75,69,74,2,-119.46082712531536,-129.6865751813002,-116.7743799016877,-103.86218462207518,-90.94998934246267
Grid:Vmax,loo,n75,70,74,2,-119.3579788890113,-130.98352329533517,-118.07618812578767,-105.16399284617515,-92.25179756656264
Grid:Vmax,loo,n75,71,74,2,-119.24592449553292,-130.7080844779639,-117.79588919835138,-104.88369391873886,-91.97149863912635
Grid:Vmax,loo,n75,72,74,2,-121.41176303344393,-130.50378939341718,-117.59159411380472,-104.6793988341922,-91.7672035545797
Grid:Vmax,loo,n75,73,74,2,-119.17206074899651,-129.69235408959767,-116.78015880998515,-103.86796353037263,-90.95576825076013
Grid:Vmax,loo,n75,74,74,2,-119.20607198727863,-130.2302921642234,-117.3180968846109,-104.4059016049984,-91.4937063253859
Grid:Vmax,composition,n75,PVDF,60,2,-89.70054652581413,-97.66233515637188,-85.37930146970558,-73.09626778303928,-60.81323409637298
Grid:Vmax,composition,n75,PVDF+BaTiO3,60,2,-105.02722856837173,-113.20144250883959,-100.91851696233141,-88.63548327566511,-76.35244958899881
Grid:Vmax,composition,n75,PVDF+BaTiO3+%1CNT,60,2,-103.87412334788971,-111.85406032491773,-99.57102663825142,-87.28799295158512,-75.00495926491882
Grid:Vmax,composition,n75,PVDF+BaTiO3+%2CNT,60,2,-113.07611660404385,-126.86966218957855,-114.58662850291225,-102.30359481624595,-90.02056112957965
Grid:Vmax,composition,n75,PVDF+BaTiO3+%3CNT,60,2,-98.13705089451986,-110.18377891404955,-97.90074522738325,-85.61771154071695,-73.33467785405065
Grid:Vmax,force,n75,1,50,2,-71.00763021398166,-81.44839221631338,-69.71232320002895,-57.97625418374451,-46.24018516746007
Grid:Vmax,force,n75,2,50,2,-82.34543115079404,-83.91103204652478,-72.17496303024035,-60.43889401395591,-48.70282499767147
Grid:Vmax,force,n75,3,50,2,-81.34683565055525,-83.66112594454555,-72.17906211078969,-60.4465563534173,-48.71048734008696
Grid:Vmax,frequency,n75,5,60,1,-94.1355864516133,-93.10343929390052,-80.82040560723422,-68.53737192056792,-56.25433823390162
Grid:Vmax,frequency,n75,10,60,2,-92.59168612804879,-93.65184145217253,-81.36880776550623,-69.08577407883993,-56.80274039217363
Grid:Vmax,frequency,n75,15,60,1,-105.95353378762093,-100.20738638803496,-87.92435270136866,-75.64131901470236,-63.35828532803606
Grid:Vmax,frequency,n75,20,60,1,-148.94166435184695,-140.1220130854591,-127.83897939879279,-115.55594571212649,-103.27291202546019
Grid:Vmax,frequency,n75,25,60,1,-103.68923669212111,-91.67722827747616,-79.39419459080989,-67.11116090414359,-54.828127217477274
Grid:rms_Voc,loo,n72,0,71,2,-448.2106184995821,-474.9168196441069,-462.12878001298293,-449.340740381859,-436.5527007507351
Grid:rms_Voc,loo,n72,1,71,2,-448.4629787981152,-475.1724579806362,-462.3844183495122,-449.5963787183883,-436.80833908726436
Grid:rms_Voc,loo,n72,2,71,2,-449.62522790370235,-478.9024259885121,-466.1143863573882,-453.3263467262642,-440.5383070951402
Grid:rms_Voc,loo,n72,3,71,2,-449.9018292932614,-477.517728447957,-464.729688816833,-451.9416491857091,-439.15360955458516
Grid:rms_Voc,loo,n72,4,71,2,-448.8006562036148,-477.05362681833526,-464.2655871872113,-451.47754755608736,-438.68950792496344
Grid:rms_Voc,loo,n72,5,71,2,-448.3592506715889,-474.8457495308768,-462.0577098997528,-449.2696702686289,-436.48163063750496
Grid:rms_Voc,loo,n72,6,71,2,-448.24429482340935,-474.8367306557124,-462.0486910245885,-449.2606513934645,-436.47261176234053
Grid:rms_Voc,loo,n72,7,71,2,-448.220384831417,-474.83870249513546,-462.05066286401154,-449.2626232328876,-436.4745836017637
Grid:rms_Voc,loo,n72,8,71,2,-447.9880459435914,-475.178504026156,-462.39046439503204,-449.6024247639081,-436.8143851327842
Grid:rms_Voc,loo,n72,9,71,2,-447.98320815062345,-475.019299865185,-462.2312602340611,-449.4432206029371,-436.65518097181314
Grid:rms_Voc,loo,n72,10,71,2,-448.60258751740855,-474.8390824952115,-462.05104286408755,-449.2630032329636,-436.4749636018397
Grid:rms_Voc,loo,n72,11,71,2,-449.05751486517335,-474.93588252890186,-462.1478428977779,-449.35980326665396,-436.57176363553003
Grid:rms_Voc,loo,n72,12,71,2,-449.5753803099829,-475.33532412811707,-462.54728449699314,-449.75924486586916,-436.9712052347452
Grid:rms_Voc,loo,n72,13,71,2,-448.5880617298532,-477.83046762600225,-465.04242799487827,-452.2543883637544,-439.4663487326304
Grid:rms_Voc,loo,n72,14,71,2,-449.876113183922,-475.7437902259859,-462.9557505948619,-450.167710963738,-437.37967133261407
Grid:rms_Voc,loo,n72,15,71,2,-449.2021495994322,-476.06031711959616,-463.27227748847224,-450.48423785734826,-437.6961982262243
Grid:rms_Voc,loo,n72,16,71,2,-450.08311160118484,-477.32504168695226,-464.53700205582834,-451.74896242470436,-438.9609227935804
Grid:rms_Voc,loo,n72,17,71,2,-450.82332322044397,-481.4225101965522,-468.6344705654283,-455.8464309343043,-443.0583913031803
Grid:rms_Voc,loo,n72,18,71,2,-452.94922267925915,-482.5078731102589,-469.719833479135,-456.931793848011,-444.14375421688703
Grid:rms_Voc,loo,n72,19,71,2,-448.4491896294607,-476.2643135945732,-463.4762739634492,-450.6882343323253,-437.90019470120137
Grid:rms_Voc,loo,n72,20,71,2,-449.25546346159086,-475.4410564218614,-462.6530167907374,-449.8649771596135,-437.07693752848957
Grid:rms_Voc,loo,n72,21,71,2,-448.4406564845209,-474.8787978397688,-462.09075820864484,-449.3027185775209,-436.514678946397
Grid:rms_Voc,loo,n72,22,71,2,-448.065651894693,-475.870569576808,-463.0825299456841,-450.2944903145601,-437.5064506834361
Grid:rms_Voc,loo,n72,23,71,2,-448.01892784633196,-474.85490080101056,-462.0668611698866,-449.27882153876266,-436.49078190763873
Grid:rms_Voc,loo,n72,24,71,2,-447.98130643593925,-475.0304527463388,-462.24241311521484,-449.4543734840909,-436.666333852967
Grid:rms_Voc,loo,n72,25,71,2,-449.0205222277804,-474.9055737070946,-462.11753407597064,-449.3294944448467,-436.5414548137228
Grid:rms_Voc,loo,n72,26,71,2,-448.95594591256435,-474.8980760588234,-462.11003642769947,-449.3219967965755,-436.5339571654515
Grid:rms_Voc,loo,n72,27,71,2,-448.3350594034913,-474.86246129437444,-462.0744216632505,-449.28638203212654,-436.49834240100256
Grid:rms_Voc,loo,n72,28,71,2,-448.1685997181595,-474.84520987565105,-462.05717024452713,-449.26913061340315,-436.48109098227917
Grid:rms_Voc,loo,n72,29,71,2,-448.2075698710782,-474.88802378078896,-462.09998414966503,-449.31194451854105,-436.5239048874171
Grid:rms_Voc,loo,n72,30,71,2,-447.9916872941245,-475.28288443047364,-462.4948447993497,-449.70680516822574,-436.91876553710176
Grid:rms_Voc,loo,n72,31,71,2,-448.1632974733809,-475.9030487273177,-463.11500909619383,-450.32696946506985,-437.5389298339459
Grid:rms_Voc,loo,n72,32,71,2,-449.016922503861,-475.62087274234176,-462.83283311121784,-450.04479348009386,-437.2567538489699
Grid:rms_Voc,loo,n72,33,71,2,-450.02230760360953,-479.2644012506301,-466.4763616195062,-453.6883219883822,-440.9002823572582
Grid:rms_Voc,loo,n72,34,71,2,-448.11995588961634,-474.8455083540094,-462.05746872288546,-449.2694290917615,-436.4813894606375
Grid:rms_Voc,loo,n72,35,71,2,-448.772245049794,-474.8849207836991,-462.0968811525752,-449.3088415214512,-436.5208018903272
Grid:rms_Voc,loo,n72,36,71,2,-448.398633565839,-474.83900459657724,-462.0509649654533,-449.26292533432934,-436.47488570320536
Grid:rms_Voc,loo,n72,37,71,2,-448.0121065694924,-475.3262152378787,-462.53817560675475,-449.7501359756308,-436.9620963445069
Grid:rms_Voc,loo,n72,38,71,2,-448.3140040421497,-476.2329645203519,-463.444924889228,-450.656885258104,-437.86884562698003
Grid:rms_Voc,loo,n72,39,71,2,-448.8188554730951,-474.9714846740063,-462.18344504288234,-449.3954054117584,-436.6073657806345
Grid:rms_Voc,loo,n72,40,71,2,-448.3141276055018,-475.3766718140965,-462.58863218297256,-449.8005925518486,-437.0125529207246
Grid:rms_Voc,loo,n72,41,71,2,-449.01808890981005,-474.83987604764974,-462.0518364165258,-449.26379678540184,-436.47575715427786
Grid:rms_Voc,loo,n72,42,71,2,-450.41141018580333,-475.0904728977478,-462.3024332666239,-449.5143936354999,-436.72635400437593
Grid:rms_Voc,loo,n72,43,71,2,-449.33110065397926,-479.79144184919625,-467.0034022180723,-454.21536258694834,-441.42732295582437
Grid:rms_Voc,loo,n72,44,71,2,-450.7768385310957,-475.5982465052995,-462.8102068741756,-450.0221672430516,-437.23412761192765
Grid:rms_Voc,loo,n72,45,71,2,-448.2944891050393,-474.873480012353,-462.0854403812291,-449.2974007501051,-436.50936111898113
Grid:rms_Voc,loo,n72,46,71,2,-448.034934328035,-474.8771232293016,-462.0890835981777,-449.3010439670537,-436.51300433592974
Grid:rms_Voc,loo,n72,47,71,2,-448.8610962372701,-475.4028353154905,-462.6147956843665,-449.8267560532426,-437.0387164221187
Grid:rms_Voc,loo,n72,48,71,2,-450.3376241838497,-480.28970776582383,-467.5016681346999,-454.71362850357593,-441.92558887245195
Grid:rms_Voc,loo,n72,49,71,2,-447.9746771637551,-475.0980042920678,-462.3099646609438,-449.5219250298199,-436.733885398696
Grid:rms_Voc,loo,n72,50,71,2,-448.70295849129786,-474.8366067396888,-462.04856710856484,-449.2605274774409,-436.472487846317
Grid:rms_Voc,loo,n72,51,71,2,-449.0565409241023,-474.9260123948735,-462.13797276374953,-449.3499331326256,-436.5618935015017
Grid:rms_Voc,loo,n72,53,71,2,-455.6810228080611,-484.113973217042,-471.32593358591805,-458.5378939547941,-445.7498543236701
Grid:rms_Voc,loo,n72,55,71,2,-449.9910723678754,-474.86814018202585,-462.0801005509019,-449.29206091977795,-436.50402128865403
Grid:rms_Voc,loo,n72,56,71,2,-451.0869088629322,-475.3012697941328,-462.51323016300887,-449.7251905318849,-436.9371509007609
Grid:rms_Voc,loo,n72,57,71,2,-448.2280364543304,-475.81785433958066,-463.0298147084567,-450.24177507733276,-437.45373544620884
Grid:rms_Voc,loo,n72,58,71,2,-456.37542344141406,-482.1510708975273,-469.36303126640337,-456.5749916352794,-443.7869520041554
Grid:rms_Voc,loo,n72,59,71,2,-448.4467730810649,-475.15781411857654,-462.36977448745256,-449.58173485632864,-436.7936952252047
Grid:rms_Voc,loo,n72,60,71,2,-448.0658325175152,-474.875502985133,-462.08746335400906,-449.2994237228851,-436.5113840917611
Grid:rms_Voc,loo,n72,61,71,2,-447.972702221446,-475.21362534549274,-462.4255857143688,-449.63754608324484,-436.84950645212086
Grid:rms_Voc,loo,n72,62,71,2,-448.21552227151415,-474.9049107044421,-462.1168710733182,-449.3288314421942,-436.5407918110702
Grid:rms_Voc,loo,n72,63,71,2,-448.20002669045203,-476.05705470857,-463.26901507744606,-450.4809754463221,-437.6929358151981
Grid:rms_Voc,loo,n72,64,71,2,-448.29870486846295,-474.97208579850803,-462.18404616738405,-449.3960065362602,-436.6079669051362
Grid:rms_Voc,loo,n72,65,71,2,-449.1927254576282,-474.904789783411,-462.11675015228707,-449.3287105211631,-436.5406708900391
Grid:rms_Voc,loo,n72,66,71,2,-448.17192136174964,-475.24912011754145,-462.4610804864175,-449.67304085529355,-436.8850012241696
Grid:rms_Voc,loo,n72,67,71,2,-448.3570255441325,-474.83663943842566,-462.0485998073017,-449.26056017617776,-436.47252054505384
Grid:rms_Voc,loo,n72,68,71,2,-449.8318664759068,-475.3144549341092,-462.52641530298524,-449.7383756718613,-436.9503360407374
Grid:rms_Voc,loo,n72,69,71,2,-448.0960915478603,-474.95335068370395,-462.16531105258,-449.37727142145604,-436.58923179033206
Grid:rms_Voc,loo,n72,70,71,2,-449.0457086041741,-475.09481783568856,-462.3067782045646,-449.51873857344066,-436.73069894231674
Grid:rms_Voc,loo,n72,71,71,2,-448.83903944584216,-475.32630209221736,-462.5382624610934,-449.75022282996946,-436.96218319884554
Grid:rms_Voc,loo,n72,72,71,2,-453.0795029080195,-477.25664640735545,-464.46860677623147,-451.6805671451076,-438.8925275139836
Grid:rms_Voc,loo,n72,74,71,2,-449.57093863978145,-474.97835730274016,-462.1903176716162,-449.40227804049226,-436.61423840936834
Grid:rms_Voc,composition,n72,PVDF,57,2,-354.0311076920119,-376.0149094801061,-363.88575567660246,-351.7566018730988,-339.6274480695951
Grid:rms_Voc,composition,n72,PVDF+BaTiO3,57,2,-359.92179543575736,-386.0091367395678,-373.87998293606415,-361.7508291325605,-349.6216753290568
Grid:rms_Voc,composition,n72,PVDF+BaTiO3+%1CNT,57,2,-361.1543838555364,-385.0345547298519,-372.90540092634825,-360.77624712284455,-348.6470933193409
Grid:rms_Voc,composition,n72,PVDF+BaTiO3+%2CNT,59,2,-388.6806557791061,-410.4047910573019,-398.17217872558473,-385.9395663938676,-373.70695406215043
Grid:rms_Voc,composition,n72,PVDF+BaTiO3+%3CNT,58,2,-371.2612209983639,-390.730526267787,-378.5491972361478,-366.3678682045085,-354.1865391728693
Grid:rms_Voc,force,n72,1,47,2,-292.9783992579572,-332.82419142044864,-321.2737486153184,-309.72330581018826,-298.1728630050581
Grid:rms_Voc,force,n72,2,49,2,-300.1226136909492,-312.5843074137164,-300.9088465193845,-289.2333856250526,-277.55792473072074
Grid:rms_Voc,force,n72,3,48,2,-310.76817097165775,-312.6346925057058,-301.0210894729821,-289.4074864402584,-277.79388340753474
Grid:rms_Voc,frequency,n72,5,57,2,-355.2734566846982,-366.401686964451,-354.2725331609474,-342.1433793574437,-330.01422555394004
Grid:rms_Voc,frequency,n72,10,57,2,-359.6806438003592,-368.52520920873656,-356.3960554052329,-344.2669016017293,-332.1377477982256
Grid:rms_Voc,frequency,n72,15,58,1,-391.24867754232116,-386.84606630774283,-374.6647372761036,-362.48340824446433,-350.3020792128251
Grid:rms_Voc,frequency,n72,20,58,1,-435.98803577741995,-424.2172561171052,-412.03592708546597,-399.8545980538267,-387.67326902218747
Grid:rms_Voc,frequency,n72,25,58,1,-388.1750784140046,-377.02286021988647,-364.84153118824725,-352.66020215660797,-340.4788731249687
Grid:Vpp,loo,n72,0,71,2,-45.972923880185434,-59.16070565966786,-46.37266602854393,-33.58462639741998,-20.79658676629603
Grid:Vpp,loo,n72,1,71,2,-46.26512135228785,-59.43248075990173,-46.644441128777785,-33.856401497653835,-21.068361866529884
Grid:Vpp,loo,n72,2,71,2,-47.45781802796371,-62.1213342596044,-49.33329462848046,-36.54525499735651,-23.757215366232558
Grid:Vpp,loo,n72,3,71,2,-45.89824472172718,-59.30685370369829,-46.518814072574344,-33.73077444145039,-20.942734810326442
Grid:Vpp,loo,n72,4,71,2,-46.29781308097401,-60.35309661555707,-47.56505698443313,-34.777017353309176,-21.988977722185226
Grid:Vpp,loo,n72,5,71,2,-46.80433724276284,-59.4663275218114,-46.67828789068746,-33.890248259563506,-21.102208628439556
Grid:Vpp,loo,n72,6,71,2,-46.636671388828475,-59.35143294168493,-46.56339331056098,-33.77535367943703,-20.98731404831308
Grid:Vpp,loo,n72,7,71,2,-45.736937455976715,-59.022708044464856,-46.23466841334091,-33.44662878221696,-20.65858915109301
Grid:Vpp,loo,n72,8,71,2,-45.67510878323462,-59.01027855785889,-46.22223892673496,-33.43419929561101,-20.646159664487058
Grid:Vpp,loo,n72,9,71,2,-45.63678555886413,-59.27434700662422,-46.486307375500274,-33.698267744376324,-20.910228113252373
Grid:Vpp,loo,n72,10,71,2,-45.848699165122994,-59.13873040805638,-46.35069077693244,-33.56265114580849,-20.77461151468455
Grid:Vpp,loo,n72,11,71,2,-46.10340253271674,-59.005480728701706,-46.21744109757776,-33.42940146645381,-20.641361835329874
Grid:Vpp,loo,n72,12,71,2,-47.629352116327055,-60.67907239901502,-47.891032767891076,-35.102993136767125,-22.314953505643174
Grid:Vpp,loo,n72,13,71,2,-47.35064056432083,-62.557424123297444,-49.769384492173515,-36.981344861049564,-24.193305229925613
Grid:Vpp,loo,n72,14,71,2,-46.01622614268443,-59.05759866334264,-46.269559032218694,-33.481519401094744,-20.693479769970793
Grid:Vpp,loo,n72,15,71,2,-46.43151999513991,-59.59394684470609,-46.805907213582145,-34.017867582458194,-21.229827951334244
Grid:Vpp,loo,n72,16,71,2,-46.52730144200922,-59.701117530819666,-46.91307789969572,-34.12503826857177,-21.33699863744782
Grid:Vpp,loo,n72,17,71,2,-46.40673369352541,-60.43762820669779,-47.649588575573844,-34.86154894444992,-22.07350931332597
Grid:Vpp,loo,n72,18,71,2,-48.486365370041284,-62.83298532873267,-50.044945697608725,-37.25690606648479,-24.468866435360837
Grid:Vpp,loo,n72,19,71,2,-45.93944232189112,-59.727577406260686,-46.93953777513674,-34.15149814401279,-21.36345851288884
Grid:Vpp,loo,n72,20,71,2,-47.442616246282284,-60.00096854961685,-47.212928918492906,-34.424889287368956,-21.636849656245005
Grid:Vpp,loo,n72,21,71,2,-47.13847016596853,-59.74757828462045,-46.95953865349651,-34.17149902237256,-21.383459391248607
Grid:Vpp,loo,n72,22,71,2,-45.79385871636056,-59.59006314379733,-46.80202351267339,-34.013983881549436,-21.225944250425485
Grid:Vpp,loo,n72,23,71,2,-47.65155671607198,-62.628586594413385,-49.84054696328944,-37.05250733216549,-24.26446770104154
Grid:Vpp,loo,n72,24,71,2,-45.63742726867204,-59.276904629267726,-46.48886499814381,-33.700825367019874,-20.912785735895923
Grid:Vpp,loo,n72,25,71,2,-46.517389733159845,-59.03333881066231,-46.245299179538364,-33.45725954841441,-20.669219917290462
Grid:Vpp,loo,n72,26,71,2,-47.76203177036898,-59.69598905056004,-46.90794941943609,-34.11990978831216,-21.331870157188206
Grid:Vpp,loo,n72,27,71,2,-45.658128487201964,-59.01412207853408,-46.226082447410136,-33.4380428162862,-20.650003185162248
Grid:Vpp,loo,n72,28,71,2,-49.97310398481011,-63.924904068837016,-51.1368644377131,-38.34882480658915,-25.5607851754652
Grid:Vpp,loo,n72,29,71,2,-46.277178207236545,-59.21299648305337,-46.42495685192942,-33.636917220805486,-20.848877589681535
Grid:Vpp,loo,n72,30,71,2,-45.61312380808988,-59.13298599969827,-46.34494636857433,-33.556906737450376,-20.768867106326425
Grid:Vpp,loo,n72,31,71,2,-45.66914951659811,-59.49128328819716,-46.703243657073216,-33.915204025949265,-21.127164394825314
Grid:Vpp,loo,n72,32,71,2,-46.020703612353515,-59.31621211481379,-46.52817248368984,-33.74013285256589,-20.95209322144194
Grid:Vpp,loo,n72,33,71,2,-48.30377782473215,-63.16253177668154,-50.374492145557596,-37.586452514433645,-24.798412883309695
Grid:Vpp,loo,n72,34,71,2,-45.73296482319712,-59.02644737073954,-46.23840773961561,-33.45036810849166,-20.66232847736771
Grid:Vpp,loo,n72,35,71,2,-47.20822502639645,-59.466979965611934,-46.67894033448799,-33.89090070336405,-21.10286107224013
Grid:Vpp,loo,n72,36,71,2,-46.77198933208766,-59.222364810165594,-46.43432517904165,-33.6462855479177,-20.85824591679375
Grid:Vpp,loo,n72,37,71,2,-45.611463486252035,-59.1826752330148,-46.394635601890855,-33.606595970766904,-20.818556339642953
Grid:Vpp,loo,n72,38,71,2,-47.55139584403176,-62.25074082457096,-49.46270119344702,-36.67466156232307,-23.886621931199116
Grid:Vpp,loo,n72,39,71,2,-45.615246442479815,-59.169162458331066,-46.38112282720712,-33.59308319608317,-20.80504356495922
Grid:Vpp,loo,n72,40,71,2,-46.395620775617175,-59.04360458435584,-46.2555649532319,-33.467525322107946,-20.679485690983995
Grid:Vpp,loo,n72,41,71,2,-46.591930740158276,-58.99897146560081,-46.21093183447687,-33.422892203352916,-20.634852572228965
Grid:Vpp,loo,n72,42,71,2,-47.42678989759267,-59.87833209024296,-47.09029245911901,-34.30225282799506,-21.51421319687111
Grid:Vpp,loo,n72,43,71,2,-46.88412045063771,-61.438205146768546,-48.650165515644616,-35.862125884520665,-23.074086253396715
Grid:Vpp,loo,n72,44,71,2,-47.21345600026591,-59.56296066402114,-46.7749210328972,-33.986881401773246,-21.198841770649295
Grid:Vpp,loo,n72,45,71,2,-45.748583072732714,-58.99732170597009,-46.20928207484614,-33.42124244372219,-20.633202812598242
Grid:Vpp,loo,n72,46,71,2,-45.614131874098376,-59.17406362978428,-46.386023998660335,-33.597984367536384,-20.809944736412433
Grid:Vpp,loo,n72,47,71,2,-45.877153013815345,-59.136513790997874,-46.34847415987393,-33.56043452874998,-20.77239489762603
Grid:Vpp,loo,n72,48,71,2,-50.97233102791667,-67.25054159772998,-54.46250196660604,-41.67446233548209,-28.88642270435814
Grid:Vpp,loo,n72,49,71,2,-45.63054350982311,-59.00906701792908,-46.22102738680515,-33.4329877556812,-20.644948124557246
Grid:Vpp,loo,n72,50,71,2,-46.924873807831915,-59.14481743184107,-46.356777800717126,-33.568738169593175,-20.780698538469224
Grid:Vpp,loo,n72,51,71,2,-46.59394636768121,-59.04241247211586,-46.25437284099192,-33.46633320986797,-20.678293578744018
Grid:Vpp,loo,n72,53,71,2,-45.89568650560426,-59.252581611279346,-46.4645419801554,-33.67650234903145,-20.8884627179075
Grid:Vpp,loo,n72,55,71,2,-46.30088285040452,-59.30472627709393,-46.51668664596998,-33.72864701484603,-20.94060738372208
Grid:Vpp,loo,n72,56,71,2,-46.80183394989392,-59.03034655518295,-46.24230692405901,-33.45426729293506,-20.666227661811106
Grid:Vpp,loo,n72,57,71,2,-45.619391589560024,-59.496121306420285,-46.708081675296356,-33.920042044172405,-21.13200241304847
Grid:Vpp,loo,n72,58,71,2,-67.29102303693357,-88.66365344700222,-75.87561381587828,-63.08757418475433,-50.29953455363038
Grid:Vpp,loo,n72,59,71,2,-46.593505551772935,-59.061562598332564,-46.27352296720862,-33.48548333608467,-20.69744370496072
Grid:Vpp,loo,n72,60,71,2,-45.743939834118194,-59.006865728250425,-46.21882609712648,-33.43078646600253,-20.64274683487858
Grid:Vpp,loo,n72,61,71,2,-45.644884977847866,-59.095924309130815,-46.30788467800687,-33.51984504688292,-20.73180541575897
Grid:Vpp,loo,n72,62,71,2,-45.85899112210693,-59.11426579079137,-46.32622615966743,-33.53818652854348,-20.750146897419526
Grid:Vpp,loo,n72,63,71,2,-48.076903105648526,-62.98008006025366,-50.19204042912972,-37.40400079800577,-24.615961166881817
Grid:Vpp,loo,n72,64,71,2,-46.0229936412436,-59.21031512925827,-46.422275498134326,-33.634235867010375,-20.846196235886424
Grid:Vpp,loo,n72,65,71,2,-46.75030509920538,-59.03018272193061,-46.242143090806664,-33.45410345968271,-20.66606382855879
Grid:Vpp,loo,n72,66,71,2,-46.666537405149086,-59.01923024481871,-46.231190613694764,-33.44315098257081,-20.655111351446862
Grid:Vpp,loo,n72,67,71,2,-45.635144611068014,-59.51616426914182,-46.728124638017874,-33.94008500689394,-21.152045375769987
Grid:Vpp,loo,n72,68,71,2,-45.61199318685165,-59.07529981805087,-46.28726018692693,-33.49922055580298,-20.711180924679027
Grid:Vpp,loo,n72,69,71,2,-45.8230077108352,-59.00177705764323,-46.21373742651929,-33.42569779539534,-20.637658164271386
Grid:Vpp,loo,n72,70,71,2,-46.26627007767523,-59.59077408638799,-46.80273445526406,-34.01469482414012,-21.22665519301617
Grid:Vpp,loo,n72,71,71,2,-45.80898080332834,-60.56036370914783,-47.772324078023885,-34.984284446899935,-22.196244815775984
Grid:Vpp,loo,n72,72,71,2,-46.90137592961648,-59.20060531863735,-46.41256568751341,-33.624526056389456,-20.83648642526552
Grid:Vpp,loo,n72,74,71,2,-45.98147091672206,-59.085980523780655,-46.29794089265671,-33.50990126153276,-20.72186163040881
Grid:Vpp,composition,n72,PVDF,57,2,-30.43895892501546,-40.068605411008214,-27.939451607504566,-15.81029780400091,-3.6811440004972695
Grid:Vpp,composition,n72,PVDF+BaTiO3,57,2,-39.46199744773169,-49.120902784050635,-36.99174898054699,-24.86259517704333,-12.733441373539677
Grid:Vpp,composition,n72,PVDF+BaTiO3+%1CNT,57,2,-38.4567812495511,-47.86632714309133,-35.737173339587684,-23.60801953608403,-11.478865732580374
Grid:Vpp,composition,n72,PVDF+BaTiO3+%2CNT,59,2,-55.820311257055025,-72.31898928613603,-60.08637695441888,-47.85376462270172,-35.621152290984554
Grid:Vpp,composition,n72,PVDF+BaTiO3+%3CNT,58,2,-38.02872317080274,-49.30765920740149,-37.126330175762234,-24.945001144122976,-12.763672112483718
Grid:Vpp,force,n72,1,47,2,-23.65329361318981,-38.91766879285981,-27.367225987729633,-15.816783182599458,-4.266340377469277
Grid:Vpp,force,n72,2,49,2,-23.26017783835438,-25.20445629488105,-13.52899540054917,-1.8535345062173079,9.82192638811457
Grid:Vpp,force,n72,3,48,2,-49.98849661053589,-55.756294928467085,-44.14433378973867,-32.53073075701499,-20.91712772429132
Grid:Vpp,frequency,n72,5,57,2,-31.692762870876972,-33.093792301703495,-20.964638498199847,-8.835484694696191,3.293669108807464
Grid:Vpp,frequency,n72,10,57,2,-33.62992915501705,-34.26637961254854,-22.137225809044892,-10.008072005541237,2.121081797962418
Grid:Vpp,frequency,n72,15,58,1,-46.232218186344,-39.64372571766258,-27.462396686023325,-15.281067654384067,-3.099738622744809
Grid:Vpp,frequency,n72,20,58,1,-113.20194152348378,-103.68399701515352,-91.50266798351426,-79.32133895187499,-67.14000992023574
Grid:Vpp,frequency,n72,25,58,1,-47.079268957003535,-35.11142728932476,-22.9300982576855,-10.748769226046242,1.4325598055930158
Grid:Vmax,loo,n72,0,71,2,-112.56181673526508,-123.90833402171884,-111.12029439059489,-98.33225475947094,-85.54421512834699
Grid:Vmax,loo,n72,1,71,2,-112.6390311318958,-124.00237711426962,-111.21433748314573,-98.42629785202178,-85.63825822089782
Grid:Vmax,loo,n72,2,71,2,-113.15795111952751,-125.31090071004255,-112.5228610789186,-99.73482144779464,-86.9467818166707
Grid:Vmax,loo,n72,3,71,2,-112.51431470997805,-124.01209483359253,-111.22405520246858,-98.43601557134463,-85.64797594022068
Grid:Vmax,loo,n72,4,71,2,-113.27364193440631,-125.60621346222086,-112.81817383109691,-100.03013419997296,-87.24209456884901
Grid:Vmax,loo,n72,5,71,2,-113.55183425176462,-124.33610882263719,-111.54806919151324,-98.76002956038928,-85.97198992926533
Grid:Vmax,loo,n72,6,71,2,-113.29152067316356,-124.26276578169103,-111.47472615056708,-98.68668651944313,-85.89864688831918
Grid:Vmax,loo,n72,7,71,2,-112.8237146582657,-124.17257474266202,-111.38453511153807,-98.59649548041412,-85.80845584929017
Grid:Vmax,loo,n72,8,71,2,-112.34573032609661,-124.00072760575236,-111.21268797462841,-98.42464834350449,-85.63660871238054
Grid:Vmax,loo,n72,9,71,2,-112.3373223453688,-123.85415702602043,-111.06611739489648,-98.27807776377253,-85.49003813264858
Grid:Vmax,loo,n72,10,71,2,-112.52008016913435,-123.98666485462192,-111.19862522349797,-98.41058559237402,-85.62254596125007
Grid:Vmax,loo,n72,11,71,2,-112.55660081117499,-123.8710556272697,-111.08301599614575,-98.2949763650218,-85.50693673389785
Grid:Vmax,loo,n72,12,71,2,-113.42525471297269,-124.53836349251853,-111.75032386139458,-98.96228423027063,-86.17424459914668
Grid:Vmax,loo,n72,13,71,2,-114.83220021619526,-128.865158072738,-116.07711844161406,-103.28907881049011,-90.50103917936616
Grid:Vmax,loo,n72,14,71,2,-112.41647926034638,-123.84777260391894,-111.05973297279499,-98.27169334167104,-85.48365371054709
Grid:Vmax,loo,n72,15,71,2,-113.24040618259615,-124.5279367272557,-111.73989709613176,-98.9518574650078,-86.16381783388385
Grid:Vmax,loo,n72,16,71,2,-113.11976199465722,-124.47998967195446,-111.6919500408305,-98.90391040970655,-86.1158707785826
Grid:Vmax,loo,n72,17,71,2,-113.26078035315139,-125.47340354612194,-112.68536391499799,-99.89732428387404,-87.10928465275009
Grid:Vmax,loo,n72,18,71,2,-116.17023540012987,-128.83435799959142,-116.04631836846747,-103.25827873734352,-90.47023910621957
Grid:Vmax,loo,n72,19,71,2,-112.47813782127385,-124.24603716639743,-111.45799753527348,-98.66995790414953,-85.88191827302558
Grid:Vmax,loo,n72,20,71,2,-114.85049541248533,-125.4827543983624,-112.69471476723845,-99.9066751361145,-87.11863550499055
Grid:Vmax,loo,n72,21,71,2,-114.4491961230478,-125.32691095545798,-112.53887132433402,-99.75083169321007,-86.96279206208612
Grid:Vmax,loo,n72,22,71,2,-112.75102105675701,-124.91261818505731,-112.12457855393336,-99.33653892280941,-86.54849929168546
Grid:Vmax,loo,n72,23,71,2,-113.23830451104455,-125.66058383249006,-112.87254420136611,-100.08450457024216,-87.29646493911821
Grid:Vmax,loo,n72,24,71,2,-112.31569013981003,-123.9274826011899,-111.13944297006594,-98.35140333894199,-85.56336370781804
Grid:Vmax,loo,n72,25,71,2,-112.75763704555222,-123.84685602455241,-111.05881639342846,-98.27077676230451,-85.48273713118056
Grid:Vmax,loo,n72,26,71,2,-115.60723279334097,-125.77779826997275,-112.9897586388488,-100.20171900772485,-87.4136793766009
Grid:Vmax,loo,n72,27,71,2,-112.32599034067407,-123.90462627514873,-111.11658664402478,-98.32854701290083,-85.54050738177688
Grid:Vmax,loo,n72,28,71,2,-117.31903663454928,-129.19703008206412,-116.40899045094017,-103.62095081981622,-90.83291118869226
Grid:Vmax,loo,n72,29,71,2,-113.3950161433343,-124.33867321191795,-111.550633580794,-98.76259394967005,-85.9745543185461
Grid:Vmax,loo,n72,30,71,2,-112.3183952578977,-124.09052378369793,-111.30248415257398,-98.51444452145003,-85.72640489032608
Grid:Vmax,loo,n72,31,71,2,-112.43611601651328,-124.44389948087743,-111.65585984975348,-98.86782021862953,-86.07978058750558
Grid:Vmax,loo,n72,32,71,2,-112.83670276743659,-124.23187307464786,-111.44383344352391,-98.65579381239996,-85.86775418127601
Grid:Vmax,loo,n72,33,71,2,-114.520247483062,-127.28417518956681,-114.49613555844289,-101.70809592731894,-88.92005629619499
Grid:Vmax,loo,n72,34,71,2,-112.44923593752661,-123.85658956203389,-111.06854993090994,-98.28051029978599,-85.49247066866204
Grid:Vmax,loo,n72,35,71,2,-114.67525716073912,-124.73683383349046,-111.94879420236651,-99.16075457124256,-86.37271494011864
Grid:Vmax,loo,n72,36,71,2,-112.83471783486722,-123.84177330433855,-111.0537336732146,-98.26569404209064,-85.4776544109667
Grid:Vmax,loo,n72,37,71,2,-113.31417453937014,-124.35318477755894,-111.56514514643499,-98.77710551531106,-85.98906588418711
Grid:Vmax,loo,n72,38,71,2,-114.6472762431908,-127.86808399851589,-115.08004436739193,-102.29200473626798,-89.50396510514403
Grid:Vmax,loo,n72,39,71,2,-112.32699941236403,-124.0014607050027,-111.21342107387875,-98.4253814427548,-85.63734181163085
Grid:Vmax,loo,n72,40,71,2,-113.3501548831634,-123.84812128982318,-111.06008165869923,-98.27204202757528,-85.48400239645133
Grid:Vmax,loo,n72,41,71,2,-112.89839394570477,-123.88237291061986,-111.09433327949594,-98.30629364837199,-85.51825401724804
Grid:Vmax,loo,n72,42,71,2,-115.20773705146145,-125.42699687361448,-112.63895724249053,-99.85091761136658,-87.06287798024263
Grid:Vmax,loo,n72,43,71,2,-112.8927180531128,-125.29700783153055,-112.5089682004066,-99.72092856928265,-86.9328889381587
Grid:Vmax,loo,n72,44,71,2,-115.19751137433836,-125.18218584347179,-112.39414621234783,-99.60610658122388,-86.81806695009996
Grid:Vmax,loo,n72,45,71,2,-112.49552504471554,-123.8279953063761,-111.03995567525214,-98.2519160441282,-85.46387641300424
Grid:Vmax,loo,n72,46,71,2,-112.33192860983463,-123.90327195270646,-111.11523232158254,-98.32719269045859,-85.53915305933464
Grid:Vmax,loo,n72,47,71,2,-112.37655706967534,-123.82877063257644,-111.04073100145249,-98.25269137032853,-85.46465173920458
Grid:Vmax,loo,n72,48,71,2,-116.19978227950985,-129.829201132375,-117.04116150125105,-104.2531218701271,-91.46508223900315
Grid:Vmax,loo,n72,49,71,2,-112.33031698735978,-123.85601871535383,-111.06797908422988,-98.27993945310592,-85.49189982198197
Grid:Vmax,loo,n72,50,71,2,-115.11105926162098,-124.77651778129211,-111.98847815016816,-99.20043851904421,-86.41239888792026
Grid:Vmax,loo,n72,51,71,2,-113.84186955254957,-124.21223038817422,-111.42419075705027,-98.63615112592632,-85.84811149480237
Grid:Vmax,loo,n72,53,71,2,-121.79031479006126,-135.7777761328791,-122.98973650175515,-110.20169687063122,-97.41365723950727
Grid:Vmax,loo,n72,55,71,2,-113.09841362452654,-124.14487654933063,-111.35683691820668,-98.56879728708273,-85.78075765595878
Grid:Vmax,loo,n72,56,71,2,-112.99923450121331,-123.95655341674058,-111.16851378561663,-98.38047415449267,-85.59243452336872
Grid:Vmax,loo,n72,57,71,2,-112.9571844673461,-127.3348864050273,-114.54684677390335,-101.7588071427794,-88.97076751165545
Grid:Vmax,loo,n72,58,71,2,-117.98290872326605,-129.791757514832,-117.00371788370805,-104.2156782525841,-91.42763862146015
Grid:Vmax,loo,n72,59,71,2,-113.17648362680391,-123.8342159509971,-111.04617631987315,-98.2581366887492,-85.47009705762525
Grid:Vmax,loo,n72,60,71,2,-112.39416057628928,-123.86533698046296,-111.077297349339,-98.28925771821505,-85.5012180870911
Grid:Vmax,loo,n72,61,71,2,-112.32280982379986,-123.94103846501545,-111.1529988338915,-98.36495920276755,-85.5769195716436
Grid:Vmax,loo,n72,62,71,2,-112.6330710053946,-123.99793644441945,-111.2098968132955,-98.42185718217155,-85.6338175510476
Grid:Vmax,loo,n72,63,71,2,-113.52907608347151,-125.8758117419666,-113.08777211084265,-100.2997324797187,-87.51169284859475
Grid:Vmax,loo,n72,64,71,2,-112.62882400523684,-123.95297964185994,-111.16494001073599,-98.37690037961204,-85.58886074848809
Grid:Vmax,loo,n72,65,71,2,-113.24820391975997,-123.83677359507084,-111.04873396394689,-98.26069433282294,-85.47265470169899
Grid:Vmax,loo,n72,66,71,2,-112.54493998464709,-123.93380320000114,-111.14576356887719,-98.35772393775324,-85.56968430662928
Grid:Vmax,loo,n72,67,71,2,-112.31890343807349,-124.05193694139683,-111.26389731027288,-98.47585767914893,-85.68781804802498
Grid:Vmax,loo,n72,68,71,2,-112.3215185308568,-123.97922054732169,-111.19118091619774,-98.40314128507379,-85.61510165394984
Grid:Vmax,loo,n72,69,71,2,-112.65138671092761,-123.82969072081985,-111.0416510896959,-98.25361145857195,-85.465571827448
Grid:Vmax,loo,n72,70,71,2,-112.52147210353219,-125.20912599451128,-112.42221121185923,-99.63417158073528,-86.84613194961133
Grid:Vmax,loo,n72,71,71,2,-112.42254783454631,-124.95472267566802,-112.16668304454407,-99.37864341342012,-86.59060378229617
Grid:Vmax,loo,n72,72,71,2,-114.21153489888279,-124.32140315199587,-111.53336352087192,-98.74532388974797,-85.95728425862401
Grid:Vmax,loo,n72,74,71,2,-112.38973593181647,-124.35588971857578,-111.56785008745189,-98.77981045632794,-85.99177082520399
Grid:Vmax,composition,n72,PVDF,57,2,-83.05649023448578,-92.11080779161367,-79.98165398811003,-67.85250018460637,-55.723346381102715
Grid:Vmax,composition,n72,PVDF+BaTiO3,57,2,-97.96173281233295,-107.20812576461233,-95.07897196110868,-82.94981815760502,-70.82066435410137
Grid:Vmax,composition,n72,PVDF+BaTiO3+%1CNT,57,2,-96.93869730338328,-104.10755474840204,-91.97840094489838,-79.84924714139473,-67.72009333789107
Grid:Vmax,composition,n72,PVDF+BaTiO3+%2CNT,59,2,-111.52654923721619,-124.72854033833681,-112.49592800661965,-100.26331567490249,-88.03070334318532
Grid:Vmax,composition,n72,PVDF+BaTiO3+%3CNT,58,2,-93.29463111423061,-105.1280767770107,-92.94674774537144,-80.76541871373217,-68.58408968209292
Grid:Vmax,force,n72,1,47,2,-64.33500913191509,-75.74791692604956,-64.19747412091937,-52.64703131578923,-41.096588510659046
Grid:Vmax,force,n72,2,49,2,-79.48167531179229,-80.78583789679891,-69.11037700246705,-57.43491610813517,-45.75945521380329
Grid:Vmax,force,n72,3,48,2,-77.2207457696625,-80.92879774488087,-69.48950910739995,-57.87867973669968,-46.26507670397601
Grid:Vmax,frequency,n72,5,57,1,-87.49422354276304,-87.33225699359366,-75.20310319009002,-63.073949386586364,-50.94479558308271
Grid:Vmax,frequency,n72,10,57,2,-86.35094899955858,-87.82024924319992,-75.69109543969627,-63.561941636192614,-51.43278783268896
Grid:Vmax,frequency,n72,15,58,1,-99.96539089579981,-94.08483749655139,-81.90350846491212,-69.72217943327286,-57.540850401633605
Grid:Vmax,frequency,n72,20,58,1,-149.7704104071603,-140.7472419613018,-128.56591292966255,-116.38458389802327,-104.20325486638401
Grid:Vmax,frequency,n72,25,58,1,-100.77843205938252,-88.7394909435495,-76.55816191191023,-64.37683288027097,-52.195503848631716
SalamaFreq,loo,all,0,29,1,323.9485865432148,333.996496596587,344.09838408654645,354.20027157650577,364.3021590664652
SalamaFreq,loo,all,1,29,1,324.52757732571365,334.2280816060581,344.32996909601746,354.43185658597685,364.5337440759363
SalamaFreq,loo,all,2,29,1,325.40705501232725,335.34489014334247,345.4467776333019,355.5486651232613,365.6505526132207
SalamaFreq,loo,all,3,29,1,325.5935333313939,335.5813167110563,345.6832042010157,355.7850916909751,365.88697918093453
SalamaFreq,loo,all,4,29,1,325.6638410252366,335.59630452002517,345.6981920099846,355.800079499944,365.9019669899034
SalamaFreq,loo,all,5,29,1,325.56638320864505,335.5877128442445,345.68960033420393,355.7914878241633,365.89337531412275
SalamaFreq,loo,all,6,29,1,325.02389567280534,334.5730465678734,344.67493405783284,354.7768215477922,364.87870903775166
SalamaFreq,loo,all,7,29,1,324.32104289272,334.09393671211944,344.1958242020789,354.29771169203826,364.3995991819977
SalamaFreq,loo,all,8,29,1,322.35539705540236,332.20397882150775,342.3058663114672,352.4077538014265,362.50964129138595
SalamaFreq,loo,all,9,29,1,323.6920019496547,333.4754511912508,343.5773386812102,353.6792261711696,363.78111366112904
SalamaFreq,loo,all,10,29,1,320.6781533947134,329.50709933945217,339.6089868294116,349.710874319371,359.8127618093304
SalamaFreq,loo,all,11,29,1,320.8450053179658,330.6204678740435,340.5266628716958,350.6285503616552,360.7304378516146
SalamaFreq,loo,all,12,29,1,321.9653450339311,331.1015295535321,341.2034170434915,351.3053045334509,361.40719202341035
SalamaFreq,loo,all,13,29,1,324.2037226046989,333.5048121136947,343.6066996036541,353.70858709361346,363.8104745835729
SalamaFreq,loo,all,14,29,1,323.0499979467716,333.0877943861169,343.1896818760763,353.2915693660357,363.3934568559951
SalamaFreq,loo,all,15,29,1,323.2747575019945,333.3746568781442,343.47654436810365,353.578431858063,363.68031934802246
SalamaFreq,loo,all,16,29,1,325.82235222926664,335.7044624742276,345.80634996418706,355.90823745414644,366.0101249441059
SalamaFreq,loo,all,17,29,1,325.8227216258037,335.77212197054547,345.8740094605049,355.9758969504643,366.07778444042367
SalamaFreq,loo,all,18,29,1,325.42955549456445,335.1440638170462,345.24595130700556,355.34783879696494,365.4497262869244
SalamaFreq,loo,all,19,29,1,325.8061658377874,335.7725096208434,345.8743971108028,355.9762846007622,366.07817209072164
SalamaFreq,loo,all,20,29,1,325.5174781431836,335.34525968742713,345.44714717738657,355.54903466734595,365.6509221573054
SalamaFreq,loo,all,21,29,1,325.8181954251754,335.7143774573311,345.81626494729056,355.91815243724994,366.0200399272094
SalamaFreq,loo,all,22,29,1,325.44667925893606,335.3572405220303,345.4591280119897,355.5610155019491,365.66290299190854
SalamaFreq,loo,all,23,29,1,325.2823060995721,335.29234726660206,345.3942347565615,355.4961222465209,365.5980097364803
SalamaFreq,loo,all,24,29,1,325.7677405888801,335.6969927566808,345.79888024664024,355.9007677365996,366.00265522655906
SalamaFreq,loo,all,25,29,1,325.48107073678227,335.4848195793429,345.58670706930235,355.68859455926173,365.7904820492211
SalamaFreq,loo,all,26,29,1,325.83479906667736,335.7809319482899,345.8828194382493,355.9847069282087,366.08659441816815
SalamaFreq,loo,all,27,29,1,325.7628282709492,335.71352339062366,345.81541088058304,355.9172983705424,366.01918586050186
SalamaFreq,loo,all,28,29,1,325.75608244366794,335.67235786956456,345.774245359524,355.8761328494834,365.9780203394428
SalamaFreq,loo,all,29,29,1,325.80640641548376,335.7665982946982,345.86848578465765,355.970373274617,366.0722607645764
SalamaFreq,composition,all,0.5,25,1,282.27965038796356,291.76558427933765,301.42221175394224,311.0788392285469,320.7354667031515
SalamaFreq,composition,all,1.0,25,1,276.330824336713,285.80849610096215,295.46512357556674,305.1217510501714,314.778378524776
SalamaFreq,composition,all,1.5,25,1,253.9960270275876,263.3488571882701,273.0054846628746,282.66211213747926,292.31873961208385
SalamaFreq,composition,all,2.0,25,1,283.35793971126645,292.91897207735354,302.575599551958,312.23222702656267,321.88885450116726
SalamaFreq,composition,all,2.5,25,1,284.8685615790379,294.3386374416536,303.9952649162582,313.6518923908628,323.3085198654674
SalamaFreq,composition,all,3.0,25,1,285.7453661224732,295.2870198891447,304.9436473637493,314.6002748383539,324.2569023129585
SalamaFreq,frequency,all,1.0,24,1,267.9687655479806,277.50153630434806,287.03569779539185,296.5698592864357,306.10402077747955
SalamaFreq,frequency,all,2.0,24,1,270.41115265918046,279.9137745535939,289.4479360446377,298.98209753568153,308.5162590267254
SalamaFreq,frequency,all,3.0,24,1,271.31319020141126,280.69647663850407,290.23063812954786,299.7647996205917,309.29896111163555
SalamaFreq,frequency,all,4.0,24,1,271.1100103413679,280.55330108175565,290.0874625727995,299.62162406384334,309.1557855548872
SalamaFreq,frequency,all,5.0,24,1,272.58946609164275,282.0703160702561,291.6044775612999,301.13863905234376,310.6728005433876
ParkG,loo,all,0,233,2,-180.4027987944321,-199.94940371544766,-187.9317809294558,-173.00935562522778,-157.2197660806387
ParkG,loo,all,1,233,2,-180.4787688351724,-199.98588297921592,-187.96774318597178,-173.05220317515887,-157.25326726111962
ParkG,loo,all,2,233,2,-180.46021861800196,-199.97376902995865,-187.9565417675347,-173.0389931409769,-157.23921355999846
ParkG,loo,all,3,233,2,-180.43803028596543,-199.96152364814833,-187.94480262870823,-173.02447383212035,-157.22437220363145
ParkG,loo,all,4,233,2,-180.43784745166292,-199.96105725867136,-187.9447831742275,-173.02162937451078,-157.22180554192448
ParkG,loo,all,5,233,2,-180.54243890733676,-200.0251702572155,-188.01155043476174,-173.06383452835837,-157.2712381939631
ParkG,loo,all,6,233,2,-182.3540909393501,-201.76207732164588,-189.79107781441257,-174.5870705930883,-158.80833142868158
ParkG,loo,all,7,233,2,-181.49064906516827,-200.88816408238807,-188.89880023363594,-173.97293454271085,-158.17633296638178
ParkG,loo,all,8,233,2,-182.16966460195985,-201.57676389236937,-189.60418494463488,-174.71836364949144,-158.93324476303252
ParkG,loo,all,9,233,2,-182.04379010165962,-201.45235036969817,-189.47668377871506,-174.59920128703624,-158.81638671469472
ParkG,loo,all,10,233,2,-184.8152145131305,-204.39762493319392,-192.48520693122802,-177.6579829205898,-161.88401373636788
ParkG,loo,all,11,233,2,-182.2412748630981,-201.66958368981045,-189.69579517522453,-174.82477279135236,-159.04087393165338
ParkG,loo,all,12,233,2,-180.93717018865067,-200.37369057891036,-188.36877747313508,-173.4671666001051,-157.66197333730486
ParkG,loo,all,13,233,2,-181.58365652544452,-201.0129868617602,-189.01989343530184,-174.13175807242806,-158.34219479498353
ParkG,loo,all,14,233,2,-181.62324637866303,-201.06195858689443,-189.06695278325125,-174.177011791759,-158.38536836038338
ParkG,loo,all,15,233,2,-180.70579163256863,-200.17713139879712,-188.16349096444583,-173.25137718902715,-157.45224342480947
ParkG,loo,all,16,233,2,-180.65155717575314,-200.13386161997514,-188.118203152198,-173.20333012627475,-157.40592699844876
ParkG,loo,all,17,233,2,-180.49050729388412,-200.00588574610026,-187.98807735024096,-173.06775418691262,-157.27024875256296
ParkG,loo,all,18,233,2,-180.5323233353722,-200.04087420083053,-188.02238469092663,-173.10234789238325,-157.306900883499
ParkG,loo,all,19,233,2,-180.74224789149568,-200.23017778741536,-188.2115429683516,-173.2940772643709,-157.50458726335472
ParkG,loo,all,20,233,2,-180.56857990804255,-200.07776014927396,-188.05781693368618,-173.13643378345495,-157.34492636740322
ParkG,loo,all,21,233,2,-180.44729044413504,-199.98326841770074,-187.96389635478556,-173.0400838664429,-157.24515835307898
ParkG,loo,all,22,233,2,-180.48047295239127,-200.01034223980355,-187.99032426574905,-173.06620556924543,-157.27352643798042
ParkG,loo,all,23,233,2,-180.5037608001803,-200.03178928512764,-188.0116036783175,-173.0868650950846,-157.2954075488119
ParkG,loo,all,24,233,2,-180.41915655387155,-199.9684306888348,-187.94969495335297,-173.02443391723938,-157.22793010159546
ParkG,loo,all,25,233,2,-180.38094564305297,-199.94860385201713,-187.93121441138217,-173.00620172032603,-157.21504970448268
ParkG,loo,all,26,233,2,-180.38308740558082,-199.94966962821707,-187.93240461708655,-173.00721471586422,-157.2159725008703
ParkG,loo,all,27,233,2,-180.4506856439127,-199.99550162202198,-187.9797495189103,-173.0530190091194,-157.23154130734963
ParkG,loo,all,28,233,2,-180.3738720295204,-199.94729994547092,-187.93058456252749,-173.0055533580184,-157.20564595086398
ParkG,loo,all,29,233,2,-180.3751542524657,-199.9475518140299,-187.9315185321059,-173.0063177293996,-157.2075782316631
ParkG,loo,all,30,233,2,-180.440948923441,-199.98738462379225,-187.98286145643235,-173.05611374668774,-157.27540004565896
ParkG,loo,all,31,233,2,-180.5802146771398,-200.1009050099966,-188.1161769515901,-173.1899370286692,-157.40365361237264
ParkG,loo,all,32,233,2,-181.15237101339457,-200.61818708465526,-188.53112021392448,-173.61578520845825,-157.8174587969968
ParkG,loo,all,33,233,2,-182.1014989250698,-201.39089244702996,-189.04355917356875,-174.13320251026397,-158.34588658312515
ParkG,loo,all,34,233,2,-180.45205739124648,-199.95545873985373,-187.93300895672073,-173.00952589447922,-157.2087631681158
ParkG,loo,all,35,233,2,-180.45971757927109,-200.84017374944915,-188.95918824167165,-174.03645651427553,-158.22068566530083
ParkG,loo,all,36,233,2,-180.46420624417595,-200.5292132326853,-188.60056240634327,-173.66558063723903,-157.89384594237663
ParkG,loo,all,37,233,2,-180.3685346424318,-200.03847927990498,-187.99710310183582,-173.06991472426984,-157.28200925145114
ParkG,loo,all,38,233,2,-180.37052904723026,-199.94828630476295,-187.93024038465353,-173.0053610619297,-157.20592554948513
ParkG,loo,all,39,233,2,-180.4232674927481,-199.9556444078151,-187.9376325505571,-173.01752162821197,-157.21864726340056
ParkG,loo,all,40,233,2,-180.57600483581837,-200.0510728210965,-188.0336263729468,-173.12484596448343,-157.32668215300953
ParkG,loo,all,41,233,2,-180.77222203197465,-200.2093080796077,-188.19607426921402,-173.29562333522694,-157.49668458582528
ParkG,loo,all,42,233,2,-180.7140320066786,-200.15743042052762,-188.14547171102515,-173.2388298803118,-157.43876623025483
ParkG,loo,all,43,233,2,-180.64996222595394,-200.1035588617645,-188.09200608753375,-173.1739066717326,-157.37464901105108
ParkG,loo,all,44,233,2,-180.77094985576625,-200.20307311984226,-188.1956728597963,-173.22967424313026,-157.43303187501118
ParkG,loo,all,45,233,2,-180.65926987015078,-200.11006202395265,-188.1009006813892,-173.09155633479628,-157.3024201899883
ParkG,loo,all,46,233,2,-181.0605137939912,-200.4634924212363,-188.46565849401412,-173.53819339761833,-157.74245150416544
ParkG,loo,all,47,233,2,-182.7683353955607,-202.17801245350563,-190.2234169854981,-175.34904293889207,-159.56604397422052
ParkG,loo,all,48,233,2,-182.34735856967225,-201.747417272411,-189.78235334580665,-174.91291881402987,-159.13157059108624
ParkG,loo,all,49,233,2,-183.83054773623707,-203.31295935675905,-191.3824441591871,-176.54324036146886,-160.7666795812081
ParkG,loo,all,50,233,2,-181.15360988334135,-200.56446674429222,-188.5676824957641,-173.67415629149855,-157.88701087785597
ParkG,loo,all,51,233,2,-181.42286691076112,-200.83260550856437,-188.84052467901967,-173.95251160213206,-158.1647063389833
ParkG,loo,all,52,233,2,-180.71852987606985,-200.17436523059305,-188.16460119539087,-173.25602423454683,-157.4533308475102
ParkG,loo,all,53,233,2,-180.79982715082187,-200.2506885934645,-188.2412054703002,-173.33381184185623,-157.54218847194943
ParkG,loo,all,54,233,2,-182.60626320892607,-202.0792014578439,-190.10268053097877,-175.22813908818358,-159.43432648111497
ParkG,loo,all,55,233,2,-188.04763966500207,-208.03339402640634,-196.16225057063164,-181.35372286622038,-165.58842167391833
ParkG,loo,all,56,233,2,-183.49276440751393,-203.05662342747195,-191.08759005555808,-176.2155435120127,-160.4406177879012
ParkG,loo,all,57,233,2,-181.89614317547284,-201.37386125262054,-189.37302052951907,-174.4753184761409,-158.6963004122182
ParkG,loo,all,58,233,2,-181.11767969433205,-200.58739419885654,-188.57329172649096,-173.66186328207885,-157.87879551674547
ParkG,loo,all,59,233,2,-181.09680100951147,-200.57453330870425,-188.55867340715486,-173.64443630590523,-157.86462652633088
ParkG,loo,all,60,233,2,-180.71145585986972,-200.20635219426427,-188.1867147038733,-173.26614626930638,-157.48054191011744
ParkG,loo,all,61,233,2,-180.58718250692718,-200.0973531556175,-188.07725460151534,-173.15419692142945,-157.36597086616098
ParkG,loo,all,62,233,2,-180.54064839197983,-200.0599144350843,-188.040046775529,-173.11569317741925,-157.3259021446077
ParkG,loo,all,63,233,2,-180.54579536401928,-200.06717244495326,-188.04785066074743,-173.1226266753289,-157.33139158119593
ParkG,loo,all,64,233,2,-180.4607231978353,-199.99819608593444,-187.97992401006985,-173.0541567682456,-157.25494552122433
ParkG,loo,all,65,233,2,-180.4021421877778,-199.95819050303584,-187.9409416537241,-173.01540688875718,-157.20801081921115
ParkG,loo,all,66,233,2,-180.3690710728373,-199.9474483841136,-187.9304004269345,-173.00578341725003,-157.21226769508257
ParkG,loo,all,67,233,2,-180.36607309912964,-199.94883095277294,-187.93124946309945,-173.00682543155676,-157.20688210978722
ParkG,loo,all,68,233,2,-180.3681477567687,-199.94775519696185,-187.93015489540974,-173.00546822394813,-157.2145515743174
ParkG,loo,all,69,233,2,-180.49565701421173,-200.02643506109854,-188.02873636144722,-173.10182784623794,-157.313799122094
ParkG,loo,all,70,233,2,-180.48108750039992,-200.0075656718245,-188.01272625174062,-173.08722206341918,-157.29667101473035
ParkG,loo,all,71,233,2,-180.4044036553202,-199.95079804444185,-187.93011314036087,-173.0054107678672,-157.21457220196163
ParkG,loo,all,72,233,2,-180.37837772747497,-199.9595268734286,-188.011201001411,-173.08315275958108,-157.2917611800532
ParkG,loo,all,73,233,2,-180.36259944728752,-200.1462176062102,-188.016375855597,-173.08380534357138,-157.30926266959074
ParkG,loo,all,74,233,2,-180.42745386527002,-200.78866564076384,-188.8695859867922,-173.93645774026834,-158.1209413293289
ParkG,loo,all,75,233,2,-180.44247193382284,-199.97011933150753,-187.96552587337857,-173.03627434961362,-157.24850433975524
ParkG,loo,all,76,233,2,-180.44688468237268,-199.95124262938475,-187.94380457162558,-173.02092687575663,-157.22927288624123
ParkG,loo,all,77,233,2,-180.36925697206414,-199.9509793720628,-187.93016314110452,-173.0053878262965,-157.20533934314147
ParkG,loo,all,78,233,2,-180.40522659784276,-199.94735221194514,-187.93071656353175,-173.00530129770016,-157.21487795699414
ParkG,loo,all,79,233,2,-180.5651797421074,-200.0054249516159,-187.98767908087007,-173.07964926191403,-157.2952704103473
ParkG,loo,all,80,233,2,-181.67374095209493,-200.9264747987466,-188.92736931229234,-174.0703529314457,-158.3025213454966
ParkG,loo,all,81,233,2,-181.54666271022364,-200.80187538843407,-188.80642162892676,-173.93423871205113,-158.13485332708382
ParkG,loo,all,82,233,2,-180.82949023088463,-200.18152334018163,-188.17452041459174,-173.26119656823084,-157.4623340101025
ParkG,loo,all,83,233,2,-180.45139183726408,-199.95140925847465,-187.9356249115906,-173.00537064222902,-157.20555159474094
ParkG,loo,all,84,233,2,-180.7198151773152,-200.09919791947075,-188.09258520275327,-173.0616613726046,-157.26140939193158
ParkG,loo,all,85,233,2,-185.04589382603947,-204.29308738987433,-192.40173795233383,-177.50345222625214,-161.7207617245645
ParkG,loo,all,86,233,2,-181.40096400529825,-200.66682524725073,-188.68189813448313,-173.79068758127585,-158.00381898585584
ParkG,loo,all,87,233,2,-180.71704096341898,-200.10140787839495,-188.0958865947323,-173.19078522562035,-157.40288185680282
ParkG,loo,all,88,233,2,-181.72634790596447,-200.97877005780515,-189.001627251562,-174.1333878789547,-158.35046948316688
ParkG,loo,all,89,233,2,-181.85913651239824,-201.1139356158106,-189.13818824816647,-174.27345679390078,-158.4892323135374
ParkG,loo,all,90,233,2,-182.6275900685912,-201.87896387614944,-189.91896303902013,-175.07117584163836,-159.2859532384848
ParkG,loo,all,91,233,2,-181.9224322877901,-201.198682167375,-189.21775742057977,-174.34935222087353,-158.55956915427993
ParkG,loo,all,92,233,2,-188.62266107247788,-208.2574470624745,-196.41984571531273,-181.66665895176584,-165.89313767623707
ParkG,loo,all,93,233,2,-194.5464623970792,-214.8160326137911,-203.0975459789781,-188.415099854372,-172.736865161891
ParkG,loo,all,94,233,2,-183.17682362976822,-202.51397344833222,-190.54251703577333,-175.68362780016105,-159.90742497048308
ParkG,loo,all,95,233,2,-181.94930510192083,-201.28692102114667,-189.28805630915977,-174.40180572720493,-158.62113078982628
ParkG,loo,all,96,233,2,-181.0883635189719,-200.47127917231407,-188.45686635081455,-173.55059642301,-157.76669130151384
ParkG,loo,all,97,233,2,-181.26868986230548,-200.6520331886705,-188.63684726506213,-173.7301976704626,-157.95473586678224
ParkG,loo,all,98,233,2,-180.9982035654678,-200.40925926809032,-188.389810902502,-173.4758349575892,-157.69944262184833
ParkG,loo,all,99,233,2,-180.41075274430062,-199.95091298966838,-187.93295509052888,-173.0085732085086,-157.21106696087867
ParkG,loo,all,100,233,2,-180.3934442867863,-199.9475308342932,-187.93022885961412,-173.00546271136307,-157.21452938848012
ParkG,loo,all,101,233,2,-180.40865415490646,-199.95212321874288,-187.93400448231955,-173.00917140850333,-157.2121696871248
ParkG,loo,all,102,233,2,-180.3905068824242,-199.9477568592106,-187.93042281081011,-173.00553546706527,-157.20644715063787
ParkG,loo,all,103,233,2,-180.49946315660264,-200.01094737201996,-187.99230325481375,-173.06594836776594,-157.26731587290516
ParkG,loo,all,104,233,2,-182.5301698795821,-202.05454345386013,-190.07277702115542,-175.1452002044157,-159.33433230425806
ParkG,loo,all,105,233,2,-180.51835719888857,-200.0320898237475,-188.01918584641083,-173.09115416670613,-157.29794323599515
ParkG,loo,all,106,233,2,-182.5856367002484,-202.14530474452155,-190.21098689164825,-175.2792525574023,-159.50876796670042
ParkG,loo,all,107,233,2,-183.44224323444143,-203.08612131221133,-191.22541457668274,-176.29631827912664,-160.58071519849636
ParkG,loo,all,108,233,2,-180.864067059985,-200.35804662086753,-188.40712743492924,-173.47725363070975,-157.72979700798368
ParkG,loo,all,109,233,2,-180.68692529431848,-200.18349803213496,-188.2304439192566,-173.30450225982872,-157.52951818394217
ParkG,loo,all,110,233,2,-180.45294564912052,-199.9768219530602,-187.94083066542964,-173.01781047059086,-157.2172554084044
ParkG,loo,all,111,233,2,-180.48658094518257,-200.3231701672555,-188.66856480513846,-173.73157592664802,-157.93805453354554
ParkG,loo,all,112,233,2,-181.7416111058287,-202.94413105161817,-190.23508593875275,-175.26260498146138,-159.60174069584554
ParkG,loo,all,113,233,2,-181.47244501005702,-203.3376049946219,-191.5792815667353,-176.63693768737573,-160.78804007170146
ParkG,loo,all,114,233,2,-181.06682426307762,-201.86272895264628,-190.00163204272008,-175.0381888729982,-159.30410792995588
ParkG,loo,all,115,233,2,-180.39434951716163,-200.13489535653272,-188.0587506324996,-173.12692601005784,-157.34172681764892
ParkG,loo,all,116,233,2,-180.3699836205536,-200.00302480500187,-187.9559176985418,-173.031976441221,-157.22592427060675
ParkG,loo,all,117,233,2,-181.10547504363817,-200.25327004921868,-188.2275127080074,-173.36575568410228,-157.57843482436613
ParkG,loo,all,118,233,2,-180.57127971254152,-199.95791433909653,-187.93972192984543,-173.02743219680394,-157.24239098376665
ParkG,loo,all,119,233,2,-180.62502892001515,-199.97201299234607,-187.95513839827498,-173.04758097366033,-157.24795489694566
ParkG,loo,all,120,233,2,-180.56976767870162,-199.95531163791247,-187.9392388544977,-173.02336073685706,-157.2360917432996
ParkG,loo,all,121,233,2,-180.4192405575778,-199.96899093047654,-187.94996913322905,-173.02152311823414,-157.22149171202568
ParkG,loo,all,122,233,2,-180.4599960297091,-199.95188875002447,-187.93347018028555,-173.03363472618207,-157.24639336326578
ParkG,loo,all,123,233,2,-181.33910709751228,-200.38644857447235,-188.39688621384872,-173.18672186718328,-157.38529115161077
ParkG,loo,all,124,233,2,-180.83271439101267,-200.06034475938415,-188.05652035339006,-173.12574153110182,-157.32874719559703
ParkG,loo,all,125,233,2,-180.5995679909221,-199.96245309052443,-187.9501928537484,-173.03323820832554,-157.24316596254062
ParkG,loo,all,126,233,2,-180.59801933327958,-199.96318018994302,-187.950957500584,-173.03753399396118,-157.24851567520108
ParkG,loo,all,127,233,2,-180.59628869190493,-199.96424941752198,-187.95186402760015,-173.03951778160052,-157.23460468737085
ParkG,loo,all,128,233,2,-180.54321969185588,-199.95270471096956,-187.93805624800027,-173.02118591097974,-157.21815320962196
ParkG,loo,all,129,233,2,-181.00078178694747,-200.18622303146685,-188.18470951695105,-173.2982127218524,-157.50912790193394
ParkG,loo,all,130,233,2,-180.96709650178016,-200.17313632881263,-188.16825962652493,-173.27792720367603,-157.48657737496956
ParkG,loo,all,131,233,2,-180.77584247997038,-200.06270630045697,-188.0512782256439,-173.14875323725056,-157.35591226073666
ParkG,loo,all,132,233,2,-180.65996829954625,-200.0073988035084,-187.99227416467286,-173.08167682497742,-157.28815397304282
ParkG,loo,all,133,233,2,-180.68709203831,-200.0276250117604,-188.01098674078978,-173.10023276557394,-157.30495315616798
ParkG,loo,all,134,233,2,-180.80929221568078,-200.10952888330795,-188.09115805662955,-173.18328778956874,-157.39272766999136
ParkG,loo,all,135,233,2,-181.11926787835486,-200.34901658754143,-188.32842040233723,-173.42630502512338,-157.64847594422122
ParkG,loo,all,136,233,2,-184.39368038705828,-203.47750102876597,-191.48039649313884,-176.62481238863694,-160.96358457222368
ParkG,loo,all,137,233,2,-182.3036835822668,-201.45258185825904,-189.42868882880614,-174.53380244342912,-158.8090125991984
ParkG,loo,all,138,233,2,-190.05227186287328,-209.58038616710422,-197.63867095138525,-182.80120708574265,-167.27779884923348
ParkG,loo,all,139,233,2,-186.20595312811795,-205.5345112121321,-193.54143616847105,-178.6542745113926,-163.04844161027478
ParkG,loo,all,140,233,2,-182.69583620514157,-201.94440181612637,-189.9198294303333,-175.0006464746033,-159.30337338389467
ParkG,loo,all,141,233,2,-181.8184675623879,-201.1120012589386,-189.0873254389778,-174.1585070600849,-158.42207373299647
ParkG,loo,all,142,233,2,-180.82920602236342,-200.2236404291408,-188.20160415164398,-173.27066306261605,-157.47922994252752
ParkG,loo,all,143,233,2,-180.76241413836925,-200.1828607877392,-188.16693870800555,-173.23416279450583,-157.35092828338173
ParkG,loo,all,144,233,2,-181.62974120058644,-201.02037299882505,-189.0377676484136,-174.0955283380398,-158.29092554699275
ParkG,loo,all,145,233,2,-181.72716920138728,-201.1548325502208,-189.20843737807826,-174.2634591654105,-158.49647651392098
ParkG,loo,all,146,233,2,-184.62759954211546,-204.31155007923877,-192.5639648071805,-177.61595045542322,-161.92989565199844
ParkG,loo,all,147,233,2,-181.7262102021361,-201.24530944402585,-189.41822991453142,-174.47638176480484,-158.7789940586751
ParkG,loo,all,148,233,2,-180.37582200017292,-199.9960331094404,-187.9477223269388,-173.02488229676476,-157.2179080297666
ParkG,loo,all,149,233,2,-180.6936219934513,-200.43343878958046,-188.65355033871919,-173.71753746462048,-157.94897069226982
ParkG,loo,all,150,233,2,-181.69654650407642,-201.78588949894453,-191.1727548749296,-176.23445070979767,-160.43343061406608
ParkG,loo,all,151,233,2,-184.9483049652331,-206.9913296129595,-193.22737354507288,-178.317854498948,-162.61667063675498
ParkG,loo,all,152,233,2,-184.06520616395483,-207.53070831644658,-196.29315709850093,-181.38764863557248,-165.6113981654526
ParkG,loo,all,153,233,2,-182.1876693724058,-203.33850404459,-191.69288805852923,-176.7159075862487,-161.12495334277475
ParkG,loo,all,154,233,2,-181.2350739373948,-201.25676436886633,-188.9949670897303,-174.04991340294953,-158.31307346515695
ParkG,loo,all,155,233,2,-180.9525045778081,-200.75750155887826,-188.5472504813027,-173.6403280121284,-158.01077228908906
ParkG,loo,all,156,233,2,-180.48594090575256,-200.08329597059216,-188.09312328381714,-173.10102675616486,-157.28901575953802
ParkG,loo,all,157,233,2,-180.5430204430716,-200.0366206428213,-188.0322540209849,-173.05668192281342,-157.25292534304657
ParkG,loo,all,158,233,2,-180.5924566160451,-200.00926024260232,-187.99640569442815,-173.03431076065903,-157.23442253427345
ParkG,loo,all,159,233,2,-180.84385337833413,-199.9475570392975,-187.9304152838605,-173.00817009005425,-157.22058102070497
ParkG,loo,all,160,233,2,-180.96517847882635,-199.95080256816036,-187.93559189672146,-173.01532226332176,-157.21556341495108
ParkG,loo,all,161,233,2,-180.75137668350064,-199.95893265354434,-187.93827271245502,-173.1248442447963,-157.35221799652226
ParkG,loo,all,162,233,2,-180.5341807377388,-200.0612576179165,-188.0301620652953,-174.0197378318905,-158.22162254939366
ParkG,loo,all,163,233,2,-180.3905161879598,-200.3136019713541,-188.26976483907333,-173.4837901261625,-157.7430588463037
ParkG,loo,all,164,233,2,-180.97767623932893,-199.952830480738,-187.94115750985227,-173.02836012223662,-157.23869691393924
ParkG,loo,all,165,233,2,-181.5134839577707,-200.10749732354387,-188.11674806175233,-173.25382786910296,-157.4712120341482
ParkG,loo,all,166,233,2,-181.1882214771717,-200.0016643934955,-187.99860547183667,-173.11591051976472,-157.33048962667823
ParkG,loo,all,167,233,2,-180.52732698390557,-200.03754571188995,-188.00895714882867,-173.05077497359855,-157.26345812337905
ParkG,loo,all,168,233,2,-180.40794427234044,-200.19131752123377,-188.1612748465493,-173.18006232323648,-157.4000594314051
ParkG,loo,all,169,233,2,-180.38535827449508,-200.2409826363081,-188.21625458742892,-173.23339041468643,-157.4493613585941
ParkG,loo,all,170,233,2,-180.38081976950508,-200.23615203832048,-188.21820217257329,-173.24080659878757,-157.45289490082075
ParkG,loo,all,171,233,2,-180.38133411022858,-200.20954121507506,-188.19818001140575,-173.22857636050412,-157.44530420603712
ParkG,loo,all,172,233,2,-180.38703745692854,-200.16485679592748,-188.15886087109735,-173.19838206028402,-157.4193058879249
ParkG,loo,all,173,233,2,-180.37440620533272,-200.1904412173203,-188.1917433485086,-173.2352640622367,-157.46224945500006
ParkG,loo,all,174,233,2,-180.37194891691655,-200.17775615461017,-188.18432302850303,-173.23467958748745,-157.46679550876638
ParkG,loo,all,175,233,2,-180.46342282902685,-199.99228938144316,-187.98750279649502,-173.053646601026,-157.23852301964996
ParkG,loo,all,176,233,2,-180.37524380784515,-200.11441896036442,-188.12523070920517,-173.18975866091102,-157.42811456438682
ParkG,loo,all,177,233,2,-180.36324246044046,-200.1733022005071,-188.19197365703675,-173.26146022694354,-157.50893854626798
ParkG,loo,all,178,233,2,-180.4094559256847,-200.0039157744735,-188.00527133059418,-173.08053463311956,-157.3124946960903
ParkG,loo,all,179,233,2,-180.50136199160207,-199.94846036986584,-187.93512724980252,-173.01119847476667,-157.2280672949093
ParkG,loo,all,180,233,2,-180.42686270148747,-199.96551332686735,-187.95789562738977,-173.0371927835776,-157.26181793606554
ParkG,loo,all,181,233,2,-180.53128029308195,-199.95199661420838,-187.93240354580863,-173.00623869163508,-157.20661659501422
ParkG,loo,all,182,233,2,-182.50384334301893,-201.5285565172614,-189.521150780211,-174.54819237225144,-158.65858778463485
ParkG,loo,all,183,233,2,-182.93862591614726,-202.05934330085407,-190.12042260143784,-175.13308194451838,-159.2668276727149
ParkG,loo,all,184,233,2,-180.53954806457955,-199.99229787064374,-187.99284927157902,-173.05515323394633,-157.26312649562135
ParkG,loo,all,185,233,2,-180.36312446454946,-199.97108484198466,-187.93693634073662,-173.01782925360703,-157.21957392496273
ParkG,loo,all,186,233,2,-180.7193919766218,-200.49711832798698,-188.31979300360368,-173.43303959643714,-157.53778550589857
ParkG,loo,all,187,233,2,-180.8522515590249,-200.485569549564,-188.2573337525385,-173.3576731919892,-157.48589597479656
ParkG,loo,all,188,233,2,-183.4720919583744,-204.18250395761916,-192.49720562312547,-177.73365139619466,-162.08517805214848
ParkG,loo,all,189,233,2,-181.94659773032544,-202.70980779118955,-188.95369746583498,-174.03276633865232,-158.25758501907808
ParkG,loo,all,190,233,2,-183.3124859164159,-203.99734816696696,-196.32793813240735,-181.6192023047018,-166.06000115638147
ParkG,loo,all,191,233,2,-208.62846072457086,-230.98360714402452,-221.44421225930378,-206.90995985371768,-191.4732923401843
ParkG,loo,all,192,233,2,-182.94340800726923,-203.1043426582089,-190.6955195451059,-175.87810605723507,-160.35005366929175
ParkG,loo,all,193,233,2,-181.2810828338723,-201.50643333194904,-190.18462702543175,-175.24287388104528,-160.57083174086932
ParkG,loo,all,194,233,2,-184.9456298522174,-205.998195596906,-195.44086452871576,-180.57704399476626,-165.47981818218904
ParkG,loo,all,195,233,2,-180.942094335655,-200.0159165679473,-188.02964761699496,-173.03486183422405,-157.2265867685922
ParkG,loo,all,196,233,2,-180.60817679338783,-200.2884392892002,-188.3136410453507,-173.24498356286318,-157.43129215794414
ParkG,loo,all,197,233,2,-180.85225360823745,-200.07915437761545,-188.07305824196473,-173.06889248896982,-157.26930076664206
ParkG,loo,all,198,233,2,-181.3214352225485,-199.95083797512163,-187.9335360013266,-173.00745541404154,-157.22126371582482
ParkG,loo,all,199,233,2,-181.3523046425831,-199.94987879851212,-187.93151010341754,-173.00526375416916,-157.21458863025407
ParkG,loo,all,200,233,2,-182.2356114314192,-200.07350363360337,-188.07707217944153,-173.01819346377846,-157.22470398548984
ParkG,loo,all,201,233,2,-183.95306016365882,-200.8210685183398,-188.87850345641155,-173.28591178406384,-157.6548746432577
ParkG,loo,all,202,233,2,-180.61625236989562,-200.30453913689266,-188.2483890276524,-173.662662479986,-157.941223597717
ParkG,loo,all,203,233,2,-180.4097152099092,-200.77148814350966,-188.69432562714772,-173.8484116647773,-158.222361700754
ParkG,loo,all,204,233,2,-180.42481558446408,-200.6830392484452,-188.61051882206291,-173.577751956045,-157.95632456304787
ParkG,loo,all,205,233,2,-180.37731636264928,-200.91117146165155,-188.83906867919353,-173.73951213860607,-158.03895681692052
ParkG,loo,all,206,233,2,-180.42792455314324,-200.60114331581036,-188.54621197619878,-173.48216199089762,-157.74598042604418
ParkG,loo,all,207,233,2,-180.41955988611443,-200.5873489436367,-188.5445449341533,-173.48930360444137,-157.73953958515506
ParkG,loo,all,208,233,2,-180.45575771009155,-200.43107113628437,-188.40227282179964,-173.3725109862287,-157.60218174512642
ParkG,loo,all,209,233,2,-180.51414362323442,-200.27152774957798,-188.25406952058265,-173.2510035472273,-157.46310445166478
ParkG,loo,all,210,233,2,-180.39192562216007,-200.5481945882578,-188.54870191177838,-173.53018132152425,-157.74888441050075
ParkG,loo,all,211,233,2,-180.3679982921587,-200.66310242205014,-188.6825096214525,-173.67058660217174,-157.90257067505001
ParkG,loo,all,212,233,2,-180.3700701238326,-200.57716770845752,-188.60803911348975,-173.6148364101718,-157.86022973438315
ParkG,loo,all,213,233,2,-180.36726233000778,-200.547258668176,-188.58976949252045,-173.61191034190892,-157.87118167136515
ParkG,loo,all,214,233,2,-180.3978269388503,-200.31104390206406,-188.34827683396958,-173.39165700288765,-157.6525516648013
ParkG,loo,all,215,233,2,-180.36719184735614,-200.42956575909875,-188.48418596640914,-173.5365355482217,-157.8171598438056
ParkG,loo,all,216,233,2,-180.3658452080229,-200.57318488958094,-188.64534788960995,-173.70971250140258,-158.34113837752818
ParkG,loo,all,217,233,2,-180.3655047539996,-200.33674895812726,-188.39237748995632,-173.47001082898987,-157.76219316603527
ParkG,loo,all,218,233,2,-180.41609635209358,-200.09297816581713,-188.1198928436285,-173.2040863461355,-157.4927028967454
ParkG,loo,all,219,233,2,-180.68164799500298,-199.9484158417405,-187.93014555067074,-173.00603371319687,-157.20767254347243
ParkG,loo,all,220,233,2,-180.42027560858895,-200.0192926024005,-188.02475611594332,-173.11708266786076,-157.5699460609647
ParkG,loo,all,221,233,2,-180.46405739546242,-200.63211752556873,-188.6657155809044,-175.59192663590647,-160.487332391557
ParkG,loo,all,222,233,2,-180.4612549992598,-200.51043396749185,-188.5008483045705,-175.62042117391593,-160.52567583053127
ParkG,loo,all,223,233,2,-180.74304890773234,-200.93838133905433,-188.86695799291758,-174.08404498050555,-159.0357449953911
ParkG,loo,all,224,233,2,-181.03644688209994,-201.16361936278724,-188.9730419536453,-174.14597963648873,-158.23543763143977
ParkG,loo,all,225,233,2,-181.06783871691184,-200.88106618231024,-188.57186580274234,-173.724313590973,-157.7507014789117
ParkG,loo,all,226,233,2,-182.1130495231995,-201.54521209538288,-188.9950385840695,-174.1484911521032,-158.1710434501747
ParkG,loo,all,227,233,2,-181.26662442709164,-200.2802520094454,-189.9808941124167,-175.06380142328015,-159.34543411155568
ParkG,loo,all,228,233,2,-180.60897319214249,-201.69687679218464,-187.95099447561876,-173.02098080789034,-157.22123319234936
ParkG,loo,all,229,233,2,-184.82407185193432,-202.5439299168649,-188.2008741151595,-173.37240326483595,-157.696087081327
ParkG,loo,all,230,233,2,-185.28128925889285,-205.20575599655547,-197.38940114745932,-183.9883565293061,-168.89740416963758
ParkG,loo,all,231,233,2,-180.36263322712944,-200.22818657537138,-187.9936287841755,-173.0771103996929,-157.24373936748742
ParkG,loo,all,232,233,2,-184.1535288022593,-202.10941613464496,-189.29541540123017,-174.34777716644265,-159.22944434548003
ParkG,loo,all,233,233,2,-182.38845658156453,-201.1380782133527,-188.5199176418126,-175.42897494005518,-160.55410286671605
ParkG,preload,all,70,195,2,-132.27551581023795,-144.74893230026152,-132.70340216222442,-118.16302706762072,-102.87469235680783
ParkG,preload,all,170,195,2,-140.33799496630232,-153.08467588261425,-141.50816124047515,-127.3018855792643,-112.15004389231851
ParkG,preload,all,370,195,2,-167.69001080603329,-183.09748902764636,-172.2825435632549,-158.803798110963,-143.86145097978974
ParkG,preload,all,570,195,2,-170.75341087325205,-187.68290143619762,-176.60400288342723,-162.71388197503364,-148.21136012408815
ParkG,preload,all,870,195,2,-173.79723119088618,-195.5709045030476,-186.63798101976158,-173.20950444277457,-157.65560077375076
ParkG,preload,all,1070,195,2,-166.99431396188578,-184.0501765754169,-170.9814828211049,-158.1588108503488,-143.7628919177951
ParkG,frequency,all,0,186,2,-122.31258983260062,-123.05986620389142,-111.24258988309234,-96.03760710478267,-80.73767232985581
ParkG,frequency,all,1,186,2,-155.2547018401789,-166.52377940384412,-155.43896846482798,-141.2649261940327,-126.39600548646477
ParkG,frequency,all,2,192,2,-149.25427948481632,-163.9620335262723,-152.7981206433027,-138.4654952292949,-123.38481157079137
ParkG,frequency,all,3,186,2,-123.81315868713043,-135.9426852744163,-124.18530352825374,-109.61391164594079,-94.46619488722386
ParkG,frequency,all,4,186,1,-342.5744016097406,-335.4712518178825,-322.0334845057155,-308.76641148363285,-294.33641580308466
ParkT,loo,all,0,168,4,-287.11385202022007,-302.8695339939083,-319.64289644403664,-330.9405051862162,-329.72131359981614
ParkT,loo,all,1,168,4,-287.03927170975453,-302.7545995485536,-319.50336899541816,-330.7763275822788,-329.5567887250207
ParkT,loo,all,2,168,4,-287.2144488220798,-303.02304572879353,-319.8250249760205,-331.15471556075846,-329.92627497582134
ParkT,loo,all,3,168,4,-287.63063391108517,-303.61135545653167,-320.5322958091659,-331.9860767904727,-330.76725308678743
ParkT,loo,all,4,168,4,-287.8926510450096,-303.9709581666885,-320.9634328566036,-332.49282024586137,-331.2824631459099
ParkT,loo,all,5,168,4,-287.02228019201755,-302.73168550325096,-319.470936392803,-330.73814342899215,-329.50691005459356
ParkT,loo,all,6,168,4,-286.9444444430689,-302.52442630935946,-319.22908107040655,-330.4518885450098,-329.288943765651
ParkT,loo,all,7,168,4,-286.93442086168074,-302.5518067765386,-319.2572176541946,-330.48583418347545,-329.29035494801826
ParkT,loo,all,8,168,4,-286.94884049924474,-302.59658364131525,-319.3057043144639,-330.5432260442349,-329.3252995416086
ParkT,loo,all,9,168,4,-287.09017245946507,-302.846580486964,-319.5830147755084,-330.8694258773032,-329.5849388847436
ParkT,loo,all,10,168,4,-287.2560319207454,-303.09624003498146,-319.8682027543189,-331.20430608117215,-329.8867594816625
ParkT,loo,all,11,168,4,-287.4157948080529,-303.3243947758305,-320.12812141368124,-331.50923322734616,-330.1683188169371
ParkT,loo,all,12,168,4,-287.5818061712358,-303.554319941315,-320.3889592742568,-331.8150541233738,-330.4540332495309
ParkT,loo,all,13,168,4,-287.92429634620225,-304.0187939966742,-320.92356897600604,-332.4421151428601,-331.0584812161177
ParkT,loo,all,14,168,4,-287.9113737374315,-303.9954313468361,-320.8835887352639,-332.3944287400183,-330.99924315354326
ParkT,loo,all,15,168,4,-287.92610709305274,-304.0079065773995,-320.88461343627046,-332.39476417828695,-330.9887271005002
ParkT,loo,all,16,168,4,-288.0414469395861,-304.1533263820396,-321.039101674541,-332.5750237828569,-331.1564664353989
ParkT,loo,all,17,168,4,-288.19402033173674,-304.34445201772166,-321.24447724353365,-332.814744772137,-331.38509414624906
ParkT,loo,all,18,168,4,-288.7096158000199,-305.0061803709152,-321.9948966014978,-333.6937984440986,-332.25401779642004
ParkT,loo,all,19,168,4,-288.4692737008796,-304.67290286067714,-321.5851557055022,-333.2110224067461,-331.7723089839522
ParkT,loo,all,20,168,4,-288.2541112547373,-304.3705906732245,-321.2153181809995,-332.7752532912361,-331.3478930945116
ParkT,loo,all,21,168,4,-287.9379944578538,-303.93503252767397,-320.70011198713865,-332.16953159648244,-330.76895842756534
ParkT,loo,all,22,168,4,-287.5954132544222,-303.4637853261946,-320.1585377439024,-331.53388804650774,-330.1770814620359
ParkT,loo,all,23,168,4,-287.49367862304405,-303.30838623622986,-319.975726286089,-331.31823431861096,-329.9951321485787
ParkT,loo,all,24,168,4,-287.4833256446956,-303.2710283060181,-319.9234686195769,-331.25488341246313,-329.9628592836327
ParkT,loo,all,25,168,4,-286.93353985571304,-302.5260911236198,-319.2349935526789,-330.4601216771724,-329.3136553371835
ParkT,loo,all,26,168,4,-286.93596917278325,-302.5259724326712,-319.26010588856565,-330.491967446901,-329.3527434198853
ParkT,loo,all,27,168,4,-287.1407095509544,-302.78217390528886,-319.7080078910293,-331.0312608510651,-329.95522962308644
ParkT,loo,all,28,168,4,-287.26109243956296,-302.95840867493087,-319.9669082870111,-331.34412724077356,-330.23482827847107
ParkT,loo,all,29,168,4,-287.26096619217054,-302.9906959875917,-320.00872547941964,-331.3995924466313,-330.2136895218258
ParkT,loo,all,30,168,4,-287.2527253088708,-303.01626767392617,-320.03348566031974,-331.43554857489937,-330.1623305011222
ParkT,loo,all,31,168,4,-287.3384611827771,-303.1783633313616,-320.2366310175282,-331.6864963210459,-330.3088430002434
ParkT,loo,all,32,168,4,-287.4368800096196,-303.43177134891545,-320.4842554715296,-332.00240473632005,-330.37619262778344
ParkT,loo,all,33,168,4,-287.40707461910966,-303.519168116599,-320.42500663778645,-331.95065641632186,-330.1307245212994
ParkT,loo,all,34,168,4,-287.73520566463327,-304.1132509503018,-321.0022588334738,-332.6598798393118,-330.62543045556293
ParkT,loo,all,35,168,4,-288.36025271239527,-305.2629019281,-321.8861367860412,-333.74712663398753,-331.5099837882552
ParkT,loo,all,36,168,4,-288.8040901795638,-306.03141699112257,-322.426863180153,-334.4054037837452,-332.8008791702696
ParkT,loo,all,37,168,4,-289.1412143731214,-306.61398787472143,-322.70952630355566,-334.74622872948646,-333.68604860383385
ParkT,loo,all,38,168,4,-289.54361922367474,-307.2534640135495,-323.02184209771787,-335.1159102674996,-334.99105866943364
ParkT,loo,all,39,168,5,-289.89523321021113,-307.7500883541915,-323.21573680503786,-335.3364864291342,-337.74218603056653
ParkT,loo,all,40,168,4,-287.0167431843536,-302.54261166959304,-319.25157833924754,-330.4760058290805,-329.34479001467906
ParkT,loo,all,41,168,4,-286.98500347981565,-302.52851601511986,-319.2345544264847,-330.4571892578604,-329.31005326484313
ParkT,loo,all,42,168,4,-286.94357726622917,-302.5298744898272,-319.2355019790247,-330.4606743214075,-329.28132160744593
ParkT,loo,all,43,168,4,-286.9466647706105,-302.52804650188216,-319.23318453783605,-330.4577352248115,-329.2817509082695
ParkT,loo,all,44,168,4,-286.97544773487294,-302.5253751683661,-319.2309777443745,-330.4534284593958,-329.3032386744384
ParkT,loo,all,45,168,4,-286.93821360499413,-302.59663056436835,-319.31279202661733,-330.5546774099234,-329.3325160462106
ParkT,loo,all,46,168,4,-287.01349263623115,-302.7803808920801,-319.5304854051369,-330.81397073139493,-329.5486004546924
ParkT,loo,all,47,168,4,-287.1506673956704,-303.0277413175247,-319.8244368778586,-331.1621352197457,-329.8672069479845
ParkT,loo,all,48,168,4,-286.9595183626715,-302.52466913788174,-319.2291767726761,-330.45222013531526,-329.2928206381127
ParkT,loo,all,49,168,4,-287.1587930678024,-302.62516313844554,-319.3680896783978,-330.6075748803965,-329.59805698337703
ParkT,loo,all,50,168,4,-286.933616512949,-302.5729507676934,-319.27693403839413,-330.51206813461334,-329.29262573441974
ParkT,loo,all,51,168,4,-286.93565358438315,-302.59079332897187,-319.29482058158567,-330.5337890973837,-329.30170690541973
ParkT,loo,all,52,168,4,-287.16053341168976,-302.62510566759244,-319.3764086840939,-330.6166762341455,-329.6356319553816
ParkT,loo,all,53,168,4,-287.2887913560543,-302.7259716357229,-319.51395729516247,-330.77440019701135,-329.87939108790596
ParkT,loo,all,54,168,4,-287.3390369822183,-302.7687746457203,-319.5757400003889,-330.8453595740693,-329.99173151522257
ParkT,loo,all,55,168,4,-287.3809531056803,-302.80608702921216,-319.6314727421385,-330.90942560818775,-330.09357321267703
ParkT,loo,all,56,168,4,-287.32640321586604,-302.7606438720919,-319.57790571947703,-330.8475414796121,-330.0160524998934
ParkT,loo,all,57,168,4,-287.2658020321863,-302.7117919171302,-319.51848088381337,-330.7790574433676,-329.925169920606
ParkT,loo,all,58,168,4,-287.366604804815,-302.8010308842977,-319.6485697904613,-330.9288169143539,-330.1501601730584
ParkT,loo,all,59,168,4,-287.2943177145634,-302.74212913303836,-319.57614920449845,-330.84537517159515,-330.0362853290935
ParkT,loo,all,60,168,4,-287.16998430504555,-302.6478180613937,-319.45681007625336,-330.7084000478034,-329.83594634571165
ParkT,loo,all,61,168,4,-286.974924887492,-302.52638242174226,-319.25102415200826,-330.4746240122558,-329.41890066427186
ParkT,loo,all,62,168,4,-287.0387112432904,-302.55976279397504,-319.3277891588473,-330.56126011454853,-329.5902386201461
ParkT,loo,all,63,168,4,-287.32248758382855,-302.8043799044194,-319.72001243382044,-331.0132857622372,-330.2538803445993
ParkT,loo,all,64,168,4,-287.581304805131,-303.07401476615314,-320.12169661118594,-331.4803527149666,-330.84799524695944
ParkT,loo,all,65,168,4,-287.74067403628095,-303.2618516224258,-320.40340946301455,-331.8100666133602,-331.2253701777114
ParkT,loo,all,66,168,4,-287.8160972257938,-303.3711365589746,-320.57491139747344,-332.0127791726283,-331.4194134518329
ParkT,loo,all,67,168,4,-287.96079105713864,-303.56579580266924,-320.8640464116869,-332.3542047104285,-331.7560938339476
ParkT,loo,all,68,168,4,-287.29001725484187,-302.86111215203937,-319.8677891352836,-331.1941506514973,-330.2906350034306
ParkT,loo,all,69,168,4,-287.0636050717057,-302.64128949953437,-319.52261780495905,-330.79382012087507,-329.7443591368217
ParkT,loo,all,70,168,4,-287.0850620551053,-302.68421784929046,-319.5992607344022,-330.88642099177133,-329.79247455275356
ParkT,loo,all,71,168,4,-286.94810287642275,-302.54265963601716,-319.2294239523468,-330.4523957261652,-329.28132114286313
ParkT,loo,all,72,168,4,-286.9913100046393,-302.5796763960709,-319.23814308531934,-330.4612600476428,-329.3173320621915
ParkT,loo,all,73,168,4,-287.0707265912413,-302.64222236233604,-319.2794392690381,-330.5062880442244,-329.4448877172038
ParkT,loo,all,74,168,4,-287.1697512148386,-302.711220132711,-319.34493227686875,-330.5777323803529,-329.65609732704627
ParkT,loo,all,75,168,4,-287.1408617981921,-302.6516024511495,-319.31026971177505,-330.53613277343436,-329.6730606066261
ParkT,loo,all,76,168,4,-287.1446908730021,-302.62514224898155,-319.3077126498969,-330.5305995373596,-329.76908041316574
ParkT,loo,all,77,168,4,-287.5280179942412,-302.90346396104513,-319.6678439572597,-330.9263240064505,-330.76060438760123
ParkT,loo,all,78,168,4,-287.3997128217383,-302.7478773390537,-319.5545674900788,-330.793615366924,-330.6428123643041
ParkT,loo,all,79,168,5,-287.7278728741874,-302.9578024662183,-319.96747485922793,-331.2487047344478,-331.63836082275066
ParkT,loo,all,80,168,5,-287.9378324239894,-303.0719171638816,-320.32658608374635,-331.64710897433673,-332.3491250965018
ParkT,loo,all,81,168,5,-288.2489281888552,-303.27320617325967,-320.914068325557,-332.30963591633264,-333.25131129340247
ParkT,loo,all,82,168,5,-288.4933042262452,-303.43271431363763,-321.5236689694442,-333.0073770243508,-333.84805108280625
ParkT,loo,all,83,168,4,-287.9913188202625,-303.00770836828747,-321.0374668241514,-332.45992187342813,-332.4123070218164
ParkT,loo,all,84,168,4,-288.05467472549304,-303.05908722683057,-321.4699802793471,-332.97029601244856,-332.04046331033567
ParkT,loo,all,85,168,4,-288.297976799103,-303.28995122614816,-322.2761910988125,-333.92180669851797,-331.5815764904696
ParkT,loo,all,86,168,4,-288.20392429416074,-303.2865597319208,-322.4071293251947,-334.0924124108791,-330.1500926278818
ParkT,loo,all,87,168,4,-288.27893855734027,-303.48162435478696,-322.6334401934975,-334.35862361948654,-330.9546589131782
ParkT,loo,all,88,168,4,-287.7232890457235,-303.1145953377351,-321.10138439153644,-332.5515745008182,-329.4374668549582
ParkT,loo,all,89,168,4,-287.2744339884825,-302.82312763145103,-319.358639172983,-330.5466126594139,-329.28478855503323
ParkT,loo,all,90,168,5,-292.8023310259878,-310.08269262140175,-324.04250619024947,-335.765186624515,-337.45279919595487
ParkT,loo,all,91,168,4,-298.8211710678997,-319.0515317429019,-324.8818920858235,-330.76039770079,-330.06252772031894
ParkT,loo,all,92,168,4,-297.61408187478946,-318.7761751184894,-333.11723351724004,-346.14935759229354,-346.1419842334219
ParkT,loo,all,93,168,4,-299.27055666677916,-313.5793166107361,-331.70124053665523,-344.4519415183185,-341.00179661310693
ParkT,loo,all,94,168,4,-302.6799432023764,-315.9287304845175,-329.517468895471,-340.7142344559791,-337.19792119177856
ParkT,loo,all,95,168,4,-307.09671202485947,-319.70089043296224,-331.9555606835481,-342.65126925532854,-339.41001972555233
ParkT,loo,all,96,168,4,-286.94436857288986,-302.57538991733406,-319.2962491232639,-330.5368721195039,-329.3582579400931
ParkT,loo,all,97,168,4,-286.9668723840863,-302.62284595591245,-319.3556352805928,-330.6090525984228,-329.43006131387983
ParkT,loo,all,98,168,4,-286.9344076858577,-302.5467217497118,-319.25975188556527,-330.4924219589301,-329.31396768165416
ParkT,loo,all,99,168,4,-286.97707547954803,-302.6444135879622,-319.3822909306677,-330.6418757567167,-329.4612534843088
ParkT,loo,all,100,168,4,-286.9682481593073,-302.62937782295637,-319.3634667761344,-330.61952679330017,-329.4374643219035
ParkT,loo,all,101,168,4,-286.9603133895683,-302.61514619227603,-319.3456013156811,-330.59826128556085,-329.4149955585815
ParkT,loo,all,102,168,4,-286.980036812147,-302.6542368524999,-319.3939822974159,-330.6572265551017,-329.4729283626292
ParkT,loo,all,103,168,4,-286.94976959503265,-302.5950293848728,-319.3201658895677,-330.5680273435424,-329.38293136728737
ParkT,loo,all,104,168,4,-287.072964197821,-302.81337154273115,-319.5896253242958,-330.89359408486456,-329.7106998928921
ParkT,loo,all,105,168,4,-286.9343216284486,-302.5507956730639,-319.26428052012176,-330.499553967765,-329.3164355961959
ParkT,loo,all,106,168,4,-286.9590846915373,-302.6189634714201,-319.34914153075033,-330.6046967505677,-329.4151339918859
ParkT,loo,all,107,168,4,-286.9422867015662,-302.525148136225,-319.23075783280945,-330.4555790027175,-329.281690558871
ParkT,loo,all,108,168,4,-286.93757623160366,-302.5284713167157,-319.23522995431125,-330.46230226137556,-329.2849618536965
ParkT,loo,all,109,168,4,-286.95561630525737,-302.61510616673246,-319.3431363967183,-330.5989350304028,-329.40541602068635
ParkT,loo,all,110,168,4,-287.01601882565717,-302.7314451179424,-319.48533834461824,-330.77292932071066,-329.5746804555069
ParkT,loo,all,111,168,4,-286.9375233039949,-302.52929757885136,-319.23592553420264,-330.46378028359635,-329.2851324927639
ParkT,loo,all,112,168,4,-286.9507206131905,-302.52419748910137,-319.22907543286925,-330.4523740393699,-329.2822389694302
ParkT,loo,all,113,168,4,-286.9335119862274,-302.54847871183495,-319.25923342234165,-330.49567754532796,-329.3077616948016
ParkT,loo,all,114,168,4,-287.3434048324666,-303.2453387534955,-320.1053385597357,-331.5242194844517,-330.32999740146533
ParkT,loo,all,115,168,4,-286.9457873156161,-302.59691157576907,-319.3169917275866,-330.5703750928585,-329.3715174976927
ParkT,loo,all,116,168,4,-286.93813882312037,-302.5295596834761,-319.2352816308404,-330.4639066762523,-329.2842488649899
ParkT,loo,all,117,168,4,-286.97748461877376,-302.53073780732757,-319.2376127828227,-330.45736774619263,-329.30065894032333
ParkT,loo,all,118,168,4,-286.96129955611906,-302.5253047807564,-319.2308083615667,-330.4521786508668,-329.28785760052136
ParkT,loo,all,119,168,4,-286.9885327980382,-302.5357508549134,-319.24473539716445,-330.4633397787502,-329.3114662380108
ParkT,loo,all,120,168,4,-286.9834643881767,-302.5333329513358,-319.2420431677994,-330.4606204609172,-329.30645350181373
ParkT,loo,all,121,168,4,-286.9388683081315,-302.5288493143171,-319.2332366786117,-330.46201287122045,-329.28346303757246
ParkT,loo,all,122,168,4,-287.07774978254594,-302.84370169448573,-319.6010528982492,-330.93136937331224,-329.72554680231383
ParkT,loo,all,123,168,4,-287.93097957709153,-304.0714246785286,-321.06677532543995,-332.70714244986516,-331.5760172140345
ParkT,loo,all,124,168,4,-287.246252663649,-303.09943789144046,-319.89975244200605,-331.3019365157751,-330.11996652223434
ParkT,loo,all,125,168,4,-286.93970635161185,-302.5763086059777,-319.2837037423028,-330.53606172735886,-329.35139154802806
ParkT,loo,all,126,168,4,-286.95968853933715,-302.52583598664603,-319.2330574362445,-330.4527114056973,-329.28474399957884
ParkT,loo,all,127,168,4,-287.0328651049446,-302.56969702953216,-319.29346374922056,-330.50658569461945,-329.3486338543818
ParkT,loo,all,128,168,4,-287.07779143042967,-302.608141312918,-319.34290835344973,-330.55604583779075,-329.3949492796963
ParkT,loo,all,129,168,4,-287.11535000744124,-302.64482875907345,-319.3883641965701,-330.6023472093897,-329.43128470562584
ParkT,loo,all,130,168,4,-287.1403620066108,-302.67315640652555,-319.42126477563664,-330.6357711661443,-329.4488376051931
ParkT,loo,all,131,168,4,-287.1643120856989,-302.7027662301261,-319.4532162453857,-330.6683215798641,-329.4609137814998
ParkT,loo,all,132,168,4,-287.14793034074415,-302.69480819166466,-319.43623596217185,-330.6490265937533,-329.42231264472946
ParkT,loo,all,133,168,4,-287.23425873121187,-302.7917320159079,-319.5413083109659,-330.75977125515806,-329.49563665913485
ParkT,loo,all,134,168,4,-287.07428719981846,-302.63872164853206,-319.34963235127884,-330.5572931593298,-329.3184264316182
ParkT,loo,all,135,168,4,-286.93470816417135,-302.5344846276513,-319.25345612384103,-330.50078376894834,-329.4480213170178
ParkT,loo,all,136,168,4,-286.95978185203563,-302.54072796108545,-319.23429526171753,-330.45247996595566,-329.3134649412376
ParkT,loo,all,137,168,4,-286.9498114566702,-302.53475419872535,-319.2292522885204,-330.45339918242473,-329.35507961255655
ParkT,loo,all,138,168,4,-287.0410455017719,-302.63554290497103,-319.2826044857316,-330.4900891183107,-329.2833077669212
ParkT,loo,all,139,168,4,-287.1951293085858,-302.8212457380294,-319.406914770711,-330.61227715868336,-329.30722759899305
ParkT,loo,all,140,168,4,-287.2737112714121,-302.9221716505634,-319.4485731952938,-330.6542555251788,-329.329685723919
ParkT,loo,all,141,168,4,-287.28506658122484,-302.9392872839502,-319.4154363986244,-330.61859447834814,-329.3245815494616
ParkT,loo,all,142,168,4,-287.3393226101293,-303.00050860433566,-319.41312493510713,-330.6143792942431,-329.35382875806533
ParkT,loo,all,143,168,4,-287.382482320702,-303.03769356444514,-319.394956209541,-330.5937142229919,-329.41186638166874
ParkT,loo,all,144,168,4,-287.48482767299936,-303.1289697938138,-319.4154900002452,-330.6114146069379,-329.61562645313126
ParkT,loo,all,145,168,4,-287.52445204415284,-303.1280240417943,-319.39483341251946,-330.5877098744038,-329.9199245313769
ParkT,loo,all,146,168,4,-287.5399266749494,-303.0817139263204,-319.3794897136216,-330.5698469195332,-330.22735498041453
ParkT,loo,all,147,168,4,-287.60319730998464,-303.06681930969756,-319.4544045061096,-330.64033086426474,-330.2582650922838
ParkT,loo,all,148,168,4,-287.591027173062,-302.9630830183293,-319.7426162096011,-330.9279592892521,-329.823686366155
ParkT,loo,all,149,168,4,-287.6261205361148,-302.89586786548625,-321.8881804031377,-333.0714468396165,-329.7888561668075
ParkT,loo,all,150,168,4,-287.6243692101906,-302.7991836178443,-324.3298655385965,-335.6262669741364,-334.0634539750381
ParkT,loo,all,151,168,5,-287.5601985724871,-302.6790661988695,-319.92275398104294,-331.0963075703444,-331.417801605496
ParkT,loo,all,152,168,4,-287.35097958496266,-302.5465239990891,-319.23327089301085,-330.5004401826749,-329.44943519799443
ParkT,loo,all,153,168,4,-287.18423585991087,-302.5310593497272,-319.5044650375092,-331.03766891095006,-330.34142335169463
ParkT,loo,all,154,168,4,-287.0737147625067,-302.59769042739583,-319.8566452204926,-331.638708840353,-331.0939805915843
ParkT,loo,all,155,168,4,-286.9485922845595,-302.8358262336997,-320.44617158581417,-332.54038834337064,-332.11028110127984
ParkT,loo,all,156,168,4,-286.97302244172835,-303.27162648168485,-321.1793229776331,-333.51342085901763,-333.0939522305453
ParkT,loo,all,157,168,4,-287.12776282156494,-303.5112197630101,-321.3642868668541,-333.43995340325705,-332.75270564533236
ParkT,loo,all,158,168,4,-287.54782611039684,-303.74440568861615,-321.39025001914393,-332.5874879463976,-331.48163197854115
ParkT,loo,all,159,168,4,-288.14929817898866,-303.5099642884768,-320.6401996768765,-330.6183042955308,-329.3485275801461
ParkT,loo,all,160,168,4,-289.2246399387023,-303.0322972301541,-319.705569221414,-331.5125549120704,-330.600042520799
ParkT,loo,all,161,168,4,-290.1837112962408,-302.5271739008782,-319.2484381917217,-330.7115942411673,-329.49126019411807
ParkT,loo,all,162,168,4,-289.6560197592351,-303.1088479177958,-320.1916640503565,-332.0816685067187,-331.18257873902934
ParkT,loo,all,163,168,4,-287.4973349409202,-305.14640273304735,-322.3443313278613,-330.80927733457736,-329.7059918538923
ParkT,loo,all,164,168,4,-291.33234239669565,-304.16826438987,-321.4133209680631,-330.8860270948538,-329.8486450032242
ParkT,loo,all,165,168,3,-298.16335402463335,-317.03558538834545,-338.0437312365486,-335.6875898137634,-333.3333768412373
ParkT,loo,all,166,168,4,-291.74870863582163,-306.05265504332283,-322.90213515071156,-333.2953602010475,-332.2146736161692
ParkT,loo,all,167,168,4,-293.2832373990949,-304.947264377235,-321.61248907495275,-331.1135422488042,-329.89898305840256
ParkT,loo,all,168,168,4,-293.418609706346,-303.848951177181,-320.40631422971944,-330.61195331279083,-329.4036552554128
ParkT,preload,all,70,129,5,-213.3264562193767,-253.05905971645177,-276.03351927632036,-301.65962924314374,-301.76050749075284
ParkT,preload,all,170,113,5,-251.6199051060628,-332.5801853754569,-381.6757181753393,-395.86275217673096,-405.9124492793644
ParkT,preload,all,270,96,2,-168.2704092526401,-192.72266225661434,-189.02013045884917,-183.70807416496376,-178.59620242783808
ParkT,frequency,all,0,132,4,-192.37572763211512,-204.51308226109123,-216.42471878604175,-224.02545660586787,-220.43036405730882
ParkT,frequency,all,1,128,4,-195.44102861675327,-211.05942647974678,-225.71935989772354,-236.895543433848,-234.6062579955626
ParkT,frequency,all,2,127,4,-186.61525478431963,-197.07418167798966,-212.4140196746338,-221.1063086936184,-219.7553290791847
ParkT,frequency,all,3,136,3,-296.2710399480242,-326.3135133857564,-345.7682984612504,-344.81153765443895,-339.55660838205335
ParkT,frequency,all,4,153,3,-320.1204509097175,-347.97072273290524,-348.7512636504103,-345.57564477985875,-339.62242038055876
