dataset,scheme,subset,row,y,lawgp1,lawgpK,lawK
Grid:rms_Voc,loo,n75,0,0.0285867300932331,0.03710021754651585,0.03621879182488606,0.02095608016636377
Grid:rms_Voc,loo,n75,1,0.04758108870069616,0.06285215310236607,0.06181461545058181,0.031879027479564885
Grid:rms_Voc,loo,n75,2,0.09970584338151171,0.0898612200830013,0.0857058937920919,0.04495169980232191
Grid:rms_Voc,loo,n75,3,0.12449860187870826,0.14492548142944728,0.1418056297209313,0.07773111514008137
Grid:rms_Voc,loo,n75,4,0.06728802355531271,0.05711990744058882,0.04993086063273916,0.02675771574949586
Grid:rms_Voc,loo,n75,5,0.04413070420233045,0.05045498477942635,0.05370088412774364,0.0419753013250698
Grid:rms_Voc,loo,n75,6,0.06288524587147142,0.057685443027413255,0.05947025835895163,0.0641605892034899
Grid:rms_Voc,loo,n75,7,0.08858324894292931,0.1039942045667599,0.10237945016989398,0.09156734206330701
Grid:rms_Voc,loo,n75,8,0.14464805659401586,0.13382439019786652,0.1634010103398776,0.15900574443530655
Grid:rms_Voc,loo,n75,9,0.06458239815053043,0.056728452493520536,0.05709450629290499,0.05390278253260856
Grid:rms_Voc,loo,n75,10,0.06096340286567238,0.06335584890717236,0.06946798149169794,0.0632853122816306
Grid:rms_Voc,loo,n75,11,0.10309990786795749,0.09254956534484915,0.09222283515628875,0.09539271404297334
Grid:rms_Voc,loo,n75,12,0.11646764333639503,0.12735718751128677,0.12795729359909977,0.1400751160714463
Grid:rms_Voc,loo,n75,13,0.19816971960190574,0.2216262575121301,0.2258954290591976,0.24691347222049748
Grid:rms_Voc,loo,n75,14,0.054410883145570466,0.08059838212895933,0.0741003789174878,0.08428777105035053
Grid:rms_Voc,loo,n75,15,0.051198809900038535,0.03874714076472402,0.03794837601163256,0.020739775109944427
Grid:rms_Voc,loo,n75,16,0.07477487482962646,0.052695851225769835,0.059636635703582394,0.0315781998980086
Grid:rms_Voc,loo,n75,17,0.11404227815252285,0.1120549466389675,0.10829502735326257,0.04475515442684257
Grid:rms_Voc,loo,n75,18,0.15396210578545416,0.11905638522022699,0.12301871498718678,0.07702907561999052
Grid:rms_Voc,loo,n75,19,0.05931999506358712,0.06699698417014258,0.07038825358147785,0.02683889185938057
Grid:rms_Voc,loo,n75,20,0.06265781094812338,0.056483712665780894,0.046556519063068194,0.041246380150403536
Grid:rms_Voc,loo,n75,21,0.06877412380526063,0.07975655911913972,0.08179437263186631,0.06388857794977792
Grid:rms_Voc,loo,n75,22,0.11713961371317501,0.1064567678342541,0.09505229907070724,0.08991147705252145
Grid:rms_Voc,loo,n75,23,0.1564763730463234,0.17795749910785533,0.16881381353304975,0.15777472723336877
Grid:rms_Voc,loo,n75,24,0.06493091158272947,0.07144579738232935,0.0640918666386858,0.05388806188343472
Grid:rms_Voc,loo,n75,25,0.06926367781436776,0.06454961501523528,0.06380486707893195,0.06250858630203021
Grid:rms_Voc,loo,n75,26,0.10133133054775115,0.10177377182529715,0.10598025161409028,0.09558656625272219
Grid:rms_Voc,loo,n75,27,0.13889884652540044,0.1353152719073729,0.13254724435055584,0.13684870613381783
Grid:rms_Voc,loo,n75,28,0.23779048252794935,0.205427668298936,0.22024046349312656,0.23612719573430027
Grid:rms_Voc,loo,n75,29,0.08545289382525174,0.06534861909627238,0.07052728796439311,0.08110750869963271
Grid:rms_Voc,loo,n75,30,0.009760861316943245,0.03567840898604294,0.019501847528853512,0.029254441645112896
Grid:rms_Voc,loo,n75,31,0.014508188418088559,0.036952275027725356,0.03209277279776002,0.04464088516967054
Grid:rms_Voc,loo,n75,32,0.03661213381504203,0.06948386495550893,0.031458339665256366,0.06342086245219532
Grid:rms_Voc,loo,n75,33,0.05173321710386965,0.0863845734503835,0.09724623022599024,0.11015640467689793
Grid:rms_Voc,loo,n75,34,0.033288813695527796,0.03727718980433597,0.01241739935658755,0.03744853636432906
Grid:rms_Voc,loo,n75,35,0.06215695226201519,0.04193957815264527,0.04663325049115809,0.057554218879423975
Grid:rms_Voc,loo,n75,36,0.08430580345539967,0.07972087807492921,0.09797323694053993,0.08849301772577574
Grid:rms_Voc,loo,n75,37,0.14015088192737288,0.10773405985367675,0.1082468361633328,0.12447347988312388
Grid:rms_Voc,loo,n75,38,0.18613447552206322,0.18306015847500717,0.21811656208827745,0.2209765294849361
Grid:rms_Voc,loo,n75,39,0.06196232957271379,0.06126623912878421,0.0579087728536934,0.07570399898036892
Grid:rms_Voc,loo,n75,40,0.06556874834127399,0.08843448128400899,0.09103239393072556,0.09055088538251661
Grid:rms_Voc,loo,n75,41,0.1269725677875253,0.1131962905689034,0.12252295014014665,0.13331858878056546
Grid:rms_Voc,loo,n75,42,0.17011573761311774,0.21727840325049214,0.1765144538940915,0.1928192471689441
Grid:rms_Voc,loo,n75,43,0.27313629962814373,0.3115892252379686,0.31949796112768497,0.3443490245907006
Grid:rms_Voc,loo,n75,44,0.08560325096733562,0.11263504794405882,0.09355672563306235,0.11706121269197892
Grid:rms_Voc,loo,n75,45,0.037556732705441444,0.02236988058281763,0.03119020262804968,0.032450493210295514
Grid:rms_Voc,loo,n75,46,0.04360056804280307,0.03682322767717189,0.05120764707028681,0.04975485080102893
Grid:rms_Voc,loo,n75,47,0.04924463602686128,0.039813235900633674,0.037269974752756396,0.07127057284237363
Grid:rms_Voc,loo,n75,48,0.061947249263179266,0.14709920295448986,0.14312161299424453,0.12398708312613813
Grid:rms_Voc,loo,n75,49,0.05520203246912867,0.02450571995330511,0.011384790375417893,0.04177727039902972
Grid:rms_Voc,loo,n75,50,0.06464104772693736,0.07873910595595693,0.07266386465551407,0.06515330128193135
Grid:rms_Voc,loo,n75,51,0.1061907400375857,0.09916695983945673,0.0918088107408388,0.09858464215829393
Grid:rms_Voc,loo,n75,52,0.14594201959443942,0.1744132853246797,0.18212549736622466,0.14104489729191352
Grid:rms_Voc,loo,n75,53,0.3247159319617053,0.255534085808764,0.2424065296124052,0.23269200347733002
Grid:rms_Voc,loo,n75,54,0.09618234522660388,0.11704589629996892,0.13064667036854033,0.08300955474505366
Grid:rms_Voc,loo,n75,55,0.10129747255604984,0.08505340574494352,0.10476759584403032,0.09684199503644754
Grid:rms_Voc,loo,n75,56,0.16435945135408164,0.13617733088715872,0.14927915613652712,0.14513487191000424
Grid:rms_Voc,loo,n75,57,0.23351523325410375,0.24594582084100303,0.24301741257808315,0.20662045719749333
Grid:rms_Voc,loo,n75,58,0.4337970382398568,0.3496455316486206,0.3573064768691385,0.3402775896451346
Grid:rms_Voc,loo,n75,59,0.137571433960762,0.15144477892328806,0.15569207468268603,0.12351552264938227
Grid:rms_Voc,loo,n75,60,0.027809194807435544,0.04028470851670367,0.028628470386855665,0.0319943361476503
Grid:rms_Voc,loo,n75,61,0.03376385751429354,0.038143763301847156,0.0459180387380087,0.048991434893643084
Grid:rms_Voc,loo,n75,62,0.06472638287800421,0.07073596776139976,0.05668526000759559,0.06947433353724866
Grid:rms_Voc,loo,n75,63,0.09895912208822974,0.11962474472356441,0.12322951449297699,0.12065273487297187
Grid:rms_Voc,loo,n75,64,0.032306508405576646,0.05063441560946146,0.03377826605721744,0.04142835397899225
Grid:rms_Voc,loo,n75,65,0.07333766405647854,0.05693928691857817,0.056895552816814035,0.0629310168765475
Grid:rms_Voc,loo,n75,66,0.08429763716173058,0.08865510100584277,0.09816538510883357,0.09862279037861522
Grid:rms_Voc,loo,n75,67,0.14387655045817369,0.13544457609155347,0.1418284133970573,0.13801499207170279
Grid:rms_Voc,loo,n75,68,0.2713050081144946,0.23079647633494768,0.23456272655023241,0.23156200775309524
Grid:rms_Voc,loo,n75,69,0.09371781676772084,0.0882442972466121,0.09559893535773194,0.0813233573466603
Grid:rms_Voc,loo,n75,70,0.08715895279312774,0.09474030474530346,0.09875933186611623,0.09774922002089778
Grid:rms_Voc,loo,n75,71,0.13480771178358023,0.11088185146395381,0.13454072832069777,0.1489180694992196
Grid:rms_Voc,loo,n75,72,0.1801699290495756,0.24180717017610692,0.1987935151501654,0.21789999202061935
Grid:rms_Voc,loo,n75,73,0.3279096638054766,0.36811881531741597,0.3696060307398506,0.38357104188251867
Grid:rms_Voc,loo,n75,74,0.11806648579826695,0.14892563323764754,0.11571988849425824,0.1251062736187185
Grid:rms_Voc,composition,n75,0,0.0285867300932331,0.036096118517737676,0.04307818914447667,0.02186756080411804
Grid:rms_Voc,composition,n75,1,0.04758108870069616,0.053009408958455684,0.05425863696679619,0.03304798509742309
Grid:rms_Voc,composition,n75,2,0.09970584338151171,0.08871038181607635,0.06895175313588911,0.04774108899574239
Grid:rms_Voc,composition,n75,3,0.12449860187870826,0.11645858920987293,0.10416313346479174,0.08295246831214304
Grid:rms_Voc,composition,n75,4,0.06728802355531271,0.051144819148937176,0.04970288318459258,0.028492228277718048
Grid:rms_Voc,composition,n75,5,0.04413070420233045,0.04899489951687189,0.050184781495246425,0.04373512160823608
Grid:rms_Voc,composition,n75,6,0.06288524587147142,0.06547278641212376,0.07254562418793208,0.06609597019484618
Grid:rms_Voc,composition,n75,7,0.08858324894292931,0.11861743607337509,0.10193182406111978,0.09548217799148478
Grid:rms_Voc,composition,n75,8,0.14464805659401586,0.16237112508517995,0.172354572740964,0.16590493662428607
Grid:rms_Voc,composition,n75,9,0.06458239815053043,0.06995091567834029,0.06343408068967338,0.056984456555436096
Grid:rms_Voc,composition,n75,10,0.06096340286567238,0.0570182856745285,0.0654705529234187,0.06560268241235412
Grid:rms_Voc,composition,n75,11,0.10309990786795749,0.08808892924142037,0.09901181642518356,0.0991439552922693
Grid:rms_Voc,composition,n75,12,0.11646764333639503,0.15592671614806847,0.14309111947112346,0.14322326698722718
Grid:rms_Voc,composition,n75,13,0.19816971960190574,0.23411510924481166,0.24872524950045807,0.2488574049364291
Grid:rms_Voc,composition,n75,14,0.054410883145570466,0.09698676746122942,0.08534452220648288,0.08547668483315415
Grid:rms_Voc,composition,n75,15,0.051198809900038535,0.008492133028173327,0.01855597768585176,0.018131041908921477
Grid:rms_Voc,composition,n75,16,0.07477487482962646,0.012956928523980503,0.02863009271021106,0.028205156933280778
Grid:rms_Voc,composition,n75,17,0.11404227815252285,0.03438566835855328,0.04044499233123362,0.04002005655430334
Grid:rms_Voc,composition,n75,18,0.15396210578545416,0.04641006388369496,0.07077679944888089,0.0703518636719506
Grid:rms_Voc,composition,n75,19,0.05931999506358712,0.021816415882291648,0.024324327636878314,0.023899391859948032
Grid:rms_Voc,composition,n75,20,0.06265781094812338,0.03171901083785496,0.03668701959477324,0.036262083817842954
Grid:rms_Voc,composition,n75,21,0.06877412380526063,0.046835552515648,0.05683524964349184,0.056410313866561555
Grid:rms_Voc,composition,n75,22,0.11713961371317501,0.08617973086642151,0.08046504888553696,0.08004011310860668
Grid:rms_Voc,composition,n75,23,0.1564763730463234,0.10723469126346336,0.1411286631208315,0.1407037273439012
Grid:rms_Voc,composition,n75,24,0.06493091158272947,0.04111113193740081,0.04822371949682635,0.047798783719896064
Grid:rms_Voc,composition,n75,25,0.06926367781436776,0.03827237075939728,0.05481806150369472,0.054393125726764434
Grid:rms_Voc,composition,n75,26,0.10133133054775115,0.06871812276781329,0.08504040657677261,0.08461547079984233
Grid:rms_Voc,composition,n75,27,0.13889884652540044,0.11831405875954931,0.1204851054398403,0.12006016966291001
Grid:rms_Voc,composition,n75,28,0.23779048252794935,0.16578945849673035,0.2114805267927821,0.2110555910158518
Grid:rms_Voc,composition,n75,29,0.08545289382525174,0.0630268426210491,0.07212311135677438,0.07169817557984409
Grid:rms_Voc,composition,n75,30,0.009760861316943245,0.04676444909437597,0.044449778726780347,0.03416768113493726
Grid:rms_Voc,composition,n75,31,0.014508188418088559,0.06336641542578947,0.06280893982454197,0.05092109017845046
Grid:rms_Voc,composition,n75,32,0.03661213381504203,0.08712782966831535,0.08328069454402501,0.07197151867373916
Grid:rms_Voc,composition,n75,33,0.05173321710386965,0.11768758066789604,0.13210709013066432,0.1286236875781769
Grid:rms_Voc,composition,n75,34,0.033288813695527796,0.06559258420200358,0.05671367623539468,0.044550400005630646
Grid:rms_Voc,composition,n75,35,0.06215695226201519,0.06588536516795808,0.0710616682218514,0.06833536226987452
Grid:rms_Voc,composition,n75,36,0.08430580345539967,0.09746456672756576,0.10333359691498076,0.10184218035690092
Grid:rms_Voc,composition,n75,37,0.14015088192737288,0.15116559300591315,0.14865980776660903,0.14394303734747832
Grid:rms_Voc,composition,n75,38,0.18613447552206322,0.26687120671823056,0.2659655099011955,0.2572473751563538
Grid:rms_Voc,composition,n75,39,0.06196232957271379,0.09502405281862283,0.09326416675669483,0.08910080001126129
Grid:rms_Voc,composition,n75,40,0.06556874834127399,0.09144621216017274,0.10233530820302679,0.10250304340481177
Grid:rms_Voc,composition,n75,41,0.1269725677875253,0.14524700542549523,0.15468041843906025,0.15276327053535138
Grid:rms_Voc,composition,n75,42,0.17011573761311774,0.22715902527658555,0.21780466789741262,0.21591455602121745
Grid:rms_Voc,composition,n75,43,0.27313629962814373,0.3876535439927821,0.38738277243539454,0.3858710627345307
Grid:rms_Voc,composition,n75,44,0.08560325096733562,0.13517528094421238,0.13231369940821985,0.13365120001689193
Grid:rms_Voc,composition,n75,45,0.037556732705441444,0.02328172319079521,0.03248830983930609,0.028757156140012695
Grid:rms_Voc,composition,n75,46,0.04360056804280307,0.03919074246776552,0.046585940145396985,0.04285478644610359
Grid:rms_Voc,composition,n75,47,0.04924463602686128,0.07977402869614222,0.06538459796059587,0.061653444261302474
Grid:rms_Voc,composition,n75,48,0.061947249263179266,0.10243843225511524,0.10490430127271905,0.10117314757342565
Grid:rms_Voc,composition,n75,49,0.05520203246912867,0.05356879220553075,0.03952791962306976,0.03579676592377636
Grid:rms_Voc,composition,n75,50,0.06464104772693736,0.038850739281281674,0.061245465979318785,0.05751431228002539
Grid:rms_Voc,composition,n75,51,0.1061907400375857,0.0706687778352223,0.08944072659150058,0.08570957289220718
Grid:rms_Voc,composition,n75,52,0.14594201959443942,0.1518353502919757,0.12703804222189835,0.12330688852260495
Grid:rms_Voc,composition,n75,53,0.3247159319617053,0.19716415740992174,0.20607744884614468,0.2023462951468513
Grid:rms_Voc,composition,n75,54,0.09618234522660388,0.09942487731075275,0.07532468554684613,0.07159353184755272
Grid:rms_Voc,composition,n75,55,0.10129747255604984,0.05441975537176815,0.0900026221193315,0.08627146842003809
Grid:rms_Voc,composition,n75,56,0.16435945135408164,0.10214681320267907,0.13229551303760415,0.12856435933831076
Grid:rms_Voc,composition,n75,57,0.23351523325410375,0.22389667188780915,0.1886914864832008,0.18496033278390742
Grid:rms_Voc,composition,n75,58,0.4337970382398568,0.29188988256472825,0.30725059641957037,0.303519442720277
Grid:rms_Voc,composition,n75,59,0.137571433960762,0.14528096241597477,0.11112145147062251,0.10739029777132911
Grid:rms_Voc,composition,n75,60,0.027809194807435544,0.05042506754750907,0.06107009689954162,0.05802547682516105
Grid:rms_Voc,composition,n75,61,0.03376385751429354,0.07430975773869289,0.09391219908994872,0.09086757901556815
Grid:rms_Voc,composition,n75,62,0.06472638287800421,0.13031158797609424,0.13099037952453216,0.1279457594501516
Grid:rms_Voc,composition,n75,63,0.09895912208822974,0.1839691589430978,0.2220923137911291,0.21904769371674854
Grid:rms_Voc,composition,n75,64,0.032306508405576646,0.09603066129116718,0.07784691966819716,0.0748022995938166
Grid:rms_Voc,composition,n75,65,0.07333766405647854,0.08184686723067833,0.11909557372470267,0.1160509536503221
Grid:rms_Voc,composition,n75,66,0.08429763716173058,0.13963230873757876,0.18477977810551685,0.1817351580311363
Grid:rms_Voc,composition,n75,67,0.14387655045817369,0.2756086008803497,0.25893613897468376,0.2558915189003032
Grid:rms_Voc,composition,n75,68,0.2713050081144946,0.44252023002396373,0.44114000750787763,0.4380953874334971
Grid:rms_Voc,composition,n75,69,0.09371781676772084,0.18530001490595055,0.15264921926201375,0.1496045991876332
Grid:rms_Voc,composition,n75,70,0.08715895279312774,0.12016544147358477,0.1771210505498637,0.17407643047548316
Grid:rms_Voc,composition,n75,71,0.13480771178358023,0.20824706752822902,0.275647357121085,0.27260273704670446
Grid:rms_Voc,composition,n75,72,0.1801699290495756,0.4253192417798522,0.38688189842483534,0.3838372783504548
Grid:rms_Voc,composition,n75,73,0.3279096638054766,0.642934745628706,0.6601877012246261,0.6571430811502456
Grid:rms_Voc,composition,n75,74,0.11806648579826695,0.2716263196816242,0.22745151885583037,0.22440689878144982
Grid:rms_Voc,force,n75,0,0.0285867300932331,0.028354860271716204,0.024235458443958514,0.01934399590225179
Grid:rms_Voc,force,n75,1,0.04758108870069616,0.03038478290149311,0.03183762432427115,0.0298246111867476
Grid:rms_Voc,force,n75,2,0.09970584338151171,0.057969892361557376,0.049350910563969376,0.04201356106428122
Grid:rms_Voc,force,n75,3,0.12449860187870826,0.08232031914924995,0.07989122235544731,0.07394976041461856
Grid:rms_Voc,force,n75,4,0.06728802355531271,0.05179636809180656,0.03939573972384848,0.024594972374950317
Grid:rms_Voc,force,n75,5,0.04413070420233045,0.04592906279721582,0.044032421694049806,0.04144645829300223
Grid:rms_Voc,force,n75,6,0.06288524587147142,0.07390250726599498,0.06940608546204045,0.06682012206099287
Grid:rms_Voc,force,n75,7,0.08858324894292931,0.11044787557202737,0.09431916820919208,0.0917332048081445
Grid:rms_Voc,force,n75,8,0.14464805659401586,0.1604948021544179,0.15979306532200135,0.15720710192095377
Grid:rms_Voc,force,n75,9,0.06458239815053043,0.06224378363532655,0.05682053179479372,0.054234568393746144
Grid:rms_Voc,force,n75,10,0.06096340286567238,0.044477340956618296,0.07921754355165088,0.07843345179237154
Grid:rms_Voc,force,n75,11,0.10309990786795749,0.08568495246689489,0.10539578026304677,0.10461168850376744
Grid:rms_Voc,force,n75,12,0.11646764333639503,0.19462835663895084,0.16710520846721932,0.16632111670793998
Grid:rms_Voc,force,n75,13,0.19816971960190574,0.26654450218636966,0.276048481062409,0.27526438930312963
Grid:rms_Voc,force,n75,14,0.054410883145570466,0.12977814533359033,0.10396808212242636,0.10318399036314703
Grid:rms_Voc,force,n75,15,0.051198809900038535,0.042330593988983006,0.03278969008438117,0.01934399590225179
Grid:rms_Voc,force,n75,16,0.07477487482962646,0.03742651244514087,0.03723192680891209,0.0298246111867476
Grid:rms_Voc,force,n75,17,0.11404227815252285,0.0764056684153375,0.06043678121468558,0.04201356106428122
Grid:rms_Voc,force,n75,18,0.15396210578545416,0.08168190870307225,0.0810308116742716,0.07394976041461856
Grid:rms_Voc,force,n75,19,0.05931999506358712,0.04321823616093147,0.035040428933367576,0.024594972374950317
Grid:rms_Voc,force,n75,20,0.06265781094812338,0.0571889615955208,0.044032421694049806,0.04144645829300223
Grid:rms_Voc,force,n75,21,0.06877412380526063,0.08443556180397549,0.06940608546204045,0.06682012206099287
Grid:rms_Voc,force,n75,22,0.11713961371317501,0.12545781854796706,0.09431916820919208,0.0917332048081445
Grid:rms_Voc,force,n75,23,0.1564763730463234,0.18522749397845656,0.15979306532200135,0.15720710192095377
Grid:rms_Voc,force,n75,24,0.06493091158272947,0.07203574205341151,0.05682053179479372,0.054234568393746144
Grid:rms_Voc,force,n75,25,0.06926367781436776,0.044477340956618296,0.07921754355165088,0.07843345179237154
Grid:rms_Voc,force,n75,26,0.10133133054775115,0.08568495246689489,0.10539578026304677,0.10461168850376744
Grid:rms_Voc,force,n75,27,0.13889884652540044,0.19462835663895084,0.16710520846721932,0.16632111670793998
Grid:rms_Voc,force,n75,28,0.23779048252794935,0.26654450218636966,0.276048481062409,0.27526438930312963
Grid:rms_Voc,force,n75,29,0.08545289382525174,0.12977814533359033,0.10396808212242636,0.10318399036314703
Grid:rms_Voc,force,n75,30,0.009760861316943245,0.0446104918047969,0.03653069224137726,0.02927449076608046
Grid:rms_Voc,force,n75,31,0.014508188418088559,0.04503452743614892,0.04731742797231353,0.04513546783199779
Grid:rms_Voc,force,n75,32,0.03661213381504203,0.09048689060991248,0.07523035035765045,0.06358177553600936
Grid:rms_Voc,force,n75,33,0.05173321710386965,0.10347682685836972,0.10366593005083188,0.11191284310392194
Grid:rms_Voc,force,n75,34,0.033288813695527796,0.03936671230468901,0.03464513156722713,0.03722112511400361
Grid:rms_Voc,force,n75,35,0.06215695226201519,0.04106554614232546,0.05808229727721783,0.055496333876170256
Grid:rms_Voc,force,n75,36,0.08430580345539967,0.07087697667726751,0.09205734301394466,0.08947137961289708
Grid:rms_Voc,force,n75,37,0.14015088192737288,0.10828434868063973,0.1254156760287108,0.1228297126276632
Grid:rms_Voc,force,n75,38,0.18613447552206322,0.1666752766660072,0.21308447582480744,0.21049851242375986
Grid:rms_Voc,force,n75,39,0.06196232957271379,0.06226604188424632,0.0752054305200873,0.07261946711903972
Grid:rms_Voc,force,n75,40,0.06556874834127399,0.05045784770914906,0.0912747815500604,0.09049068979078106
Grid:rms_Voc,force,n75,41,0.1269725677875253,0.09781438047985543,0.12147728626439405,0.12069319450511472
Grid:rms_Voc,force,n75,42,0.17011573761311774,0.22301411180957947,0.19267304008092273,0.19188894832164338
Grid:rms_Voc,force,n75,43,0.27313629962814373,0.3056614475453548,0.3183636945136865,0.31757960275440716
Grid:rms_Voc,force,n75,44,0.08560325096733562,0.14848707555794785,0.1198301142146447,0.11904602245536537
Grid:rms_Voc,force,n75,45,0.037556732705441444,0.0337939438177553,0.03271837367000058,0.033428802644469124
Grid:rms_Voc,force,n75,46,0.04360056804280307,0.05037244642930391,0.051218296071967304,0.05154059411239604
Grid:rms_Voc,force,n75,47,0.04924463602686128,0.07564518809157883,0.07479336982310086,0.0726045977421717
Grid:rms_Voc,force,n75,48,0.061947249263179266,0.18537279677343785,0.1610713659929038,0.1277942757534545
Grid:rms_Voc,force,n75,49,0.05520203246912867,0.05720967592154662,0.0521366501274687,0.042503135428842605
Grid:rms_Voc,force,n75,50,0.06464104772693736,0.06816777916640139,0.0640793915290081,0.06149342812796052
Grid:rms_Voc,force,n75,51,0.1061907400375857,0.09959833764279565,0.10172587891351421,0.09913991551246663
Grid:rms_Voc,force,n75,52,0.14594201959443942,0.1436339216847881,0.13868900981670554,0.13610304641565796
Grid:rms_Voc,force,n75,53,0.3247159319617053,0.23898835334955643,0.23583155352697954,0.23324559012593196
Grid:rms_Voc,force,n75,54,0.09618234522660388,0.09591846770836426,0.08305290004482051,0.08046693664377293
Grid:rms_Voc,force,n75,55,0.10129747255604984,0.055639325807976064,0.10161107793990433,0.100826986180625
Grid:rms_Voc,force,n75,56,0.16435945135408164,0.10832325007921809,0.1352634628702557,0.13447937111097635
Grid:rms_Voc,force,n75,57,0.23351523325410375,0.24760737368877356,0.2145915495803388,0.21380745782105945
Grid:rms_Voc,force,n75,58,0.4337970382398568,0.3395521534767249,0.3546392153327671,0.35385512357348775
Grid:rms_Voc,force,n75,59,0.137571433960762,0.16469638962133706,0.13342814264138825,0.1326440508821089
Grid:rms_Voc,force,n75,60,0.027809194807435544,0.046897498149788795,0.039852452719025384,0.031806931537417774
Grid:rms_Voc,force,n75,61,0.03376385751429354,0.04134285088482205,0.04633690104774998,0.04903999002794234
Grid:rms_Voc,force,n75,62,0.06472638287800421,0.09257271013856296,0.08154061107915139,0.06908202768276824
Grid:rms_Voc,force,n75,63,0.09895912208822974,0.17438040404407645,0.1493145834723941,0.12159405836321621
Grid:rms_Voc,force,n75,64,0.032306508405576646,0.06277034317250227,0.05377767344954003,0.04044100331946728
Grid:rms_Voc,force,n75,65,0.07333766405647854,0.05798735743508602,0.06202370444942056,0.05943774104837299
Grid:rms_Voc,force,n75,66,0.08429763716173058,0.08270948189083328,0.09841169316074902,0.09582572975970144
Grid:rms_Voc,force,n75,67,0.14387655045817369,0.12776708921530935,0.13413916957317626,0.13155320617212868
Grid:rms_Voc,force,n75,68,0.2713050081144946,0.2113322312119998,0.22803429842851752,0.22544833502746994
Grid:rms_Voc,force,n75,69,0.09371781676772084,0.07878235507507303,0.08036294036899329,0.07777697696794571
Grid:rms_Voc,force,n75,70,0.08715895279312774,0.0600217752530993,0.1102264327211826,0.10944234096190326
Grid:rms_Voc,force,n75,71,0.13480771178358023,0.11721156126498286,0.1467543100806316,0.14597021832135226
Grid:rms_Voc,force,n75,72,0.1801699290495756,0.26840814227653303,0.2328607369654675,0.23207664520618815
Grid:rms_Voc,force,n75,73,0.3279096638054766,0.36821661998048016,0.3848750435196507,0.38409095176037134
Grid:rms_Voc,force,n75,74,0.11806648579826695,0.17840608752375794,0.14476216740265693,0.14397807564337758
Grid:rms_Voc,frequency,n75,0,0.0285867300932331,0.023039830744048532,0.012004587092430661,0.007674300843360399
Grid:rms_Voc,frequency,n75,1,0.04758108870069616,0.04707953445254713,0.0606721134239961,0.035925150516562594
Grid:rms_Voc,frequency,n75,2,0.09970584338151171,0.11576441810852506,0.11576441810852506,0.09012669690035864
Grid:rms_Voc,frequency,n75,3,0.12449860187870826,0.08339022390319636,0.08339022390319636,0.04445377612375095
Grid:rms_Voc,frequency,n75,4,0.06728802355531271,0.17356020914402162,0.17356020914402162,0.12922878668866275
Grid:rms_Voc,frequency,n75,5,0.04413070420233045,0.03750813544903804,0.015817499286271255,0.015348601686720798
Grid:rms_Voc,frequency,n75,6,0.06288524587147142,0.05146530150756371,0.07828233915593093,0.07185030103312519
Grid:rms_Voc,frequency,n75,7,0.08858324894292931,0.1733633282787064,0.1733633282787064,0.18025339380071728
Grid:rms_Voc,frequency,n75,8,0.14464805659401586,0.08910961067100306,0.08910961067100306,0.0889075522475019
Grid:rms_Voc,frequency,n75,9,0.06458239815053043,0.25018991517314904,0.25018991517314904,0.2584575733773255
Grid:rms_Voc,frequency,n75,10,0.06096340286567238,0.05441051972588079,0.02906925440326301,0.023022902530081196
Grid:rms_Voc,frequency,n75,11,0.10309990786795749,0.06108837772309443,0.1042812632337063,0.10777545154968778
Grid:rms_Voc,frequency,n75,12,0.11646764333639503,0.2586063083679775,0.2586063083679775,0.2703800907010759
Grid:rms_Voc,frequency,n75,13,0.19816971960190574,0.11004982987048222,0.11004982987048222,0.13336132837125284
Grid:rms_Voc,frequency,n75,14,0.054410883145570466,0.36413808603681563,0.36413808603681563,0.3876863600659882
Grid:rms_Voc,frequency,n75,15,0.051198809900038535,0.028442335940977958,0.020187463015549384,0.007674300843360399
Grid:rms_Voc,frequency,n75,16,0.07477487482962646,0.05795247661204096,0.07070454499339038,0.035925150516562594
Grid:rms_Voc,frequency,n75,17,0.11404227815252285,0.13323682529048358,0.13323682529048358,0.09012669690035864
Grid:rms_Voc,frequency,n75,18,0.15396210578545416,0.08891368444566633,0.08891368444566633,0.04445377612375095
Grid:rms_Voc,frequency,n75,19,0.05931999506358712,0.1843906113363954,0.1843906113363954,0.12922878668866275
Grid:rms_Voc,frequency,n75,20,0.06265781094812338,0.03912511787048362,0.016691900212984796,0.015348601686720798
Grid:rms_Voc,frequency,n75,21,0.06877412380526063,0.06619218616612929,0.0923777044546183,0.07185030103312519
Grid:rms_Voc,frequency,n75,22,0.11713961371317501,0.18105469231363636,0.18105469231363636,0.18025339380071728
Grid:rms_Voc,frequency,n75,23,0.1564763730463234,0.09886504513848623,0.09886504513848623,0.0889075522475019
Grid:rms_Voc,frequency,n75,24,0.06493091158272947,0.25899983384876757,0.25899983384876757,0.2584575733773255
Grid:rms_Voc,frequency,n75,25,0.06926367781436776,0.05363648501795224,0.027304973254935208,0.023022902530081196
Grid:rms_Voc,frequency,n75,26,0.10133133054775115,0.07021724729878567,0.11247716802798469,0.10777545154968778
Grid:rms_Voc,frequency,n75,27,0.13889884652540044,0.2686028252951325,0.2686028252951325,0.2703800907010759
Grid:rms_Voc,frequency,n75,28,0.23779048252794935,0.12472806559753116,0.12472806559753116,0.13336132837125284
Grid:rms_Voc,frequency,n75,29,0.08545289382525174,0.377620766061898,0.377620766061898,0.3876863600659882
Grid:rms_Voc,frequency,n75,30,0.009760861316943245,0.019623633017137317,-0.0014765670543725445,0.010647838545814465
Grid:rms_Voc,frequency,n75,31,0.014508188418088559,0.023852314756311617,0.04011202576246313,0.04976073277361201
Grid:rms_Voc,frequency,n75,32,0.03661213381504203,0.0874334460341766,0.0874334460341766,0.12586104798525816
Grid:rms_Voc,frequency,n75,33,0.05173321710386965,0.042594178014571535,0.042594178014571535,0.05715785403518333
Grid:rms_Voc,frequency,n75,34,0.033288813695527796,0.1375595371698931,0.1375595371698931,0.17859169617659912
Grid:rms_Voc,frequency,n75,35,0.06215695226201519,0.0480495078636619,0.016044650265357997,0.02129567709162893
Grid:rms_Voc,frequency,n75,36,0.08430580345539967,0.06995045312219286,0.1102971924689354,0.09952146554722402
Grid:rms_Voc,frequency,n75,37,0.14015088192737288,0.22856777594113004,0.22856777594113004,0.2517220959705163
Grid:rms_Voc,frequency,n75,38,0.18613447552206322,0.1116865048904135,0.1116865048904135,0.11431570807036666
Grid:rms_Voc,frequency,n75,39,0.06196232957271379,0.3316072923916632,0.3316072923916632,0.35718339235319824
Grid:rms_Voc,frequency,n75,40,0.06556874834127399,0.07050420936366782,0.03084789814063064,0.03194351563744339
Grid:rms_Voc,frequency,n75,41,0.1269725677875253,0.08170436537534434,0.14121637036436774,0.14928219832083606
Grid:rms_Voc,frequency,n75,42,0.17011573761311774,0.35185574273357023,0.35185574273357023,0.37758314395577447
Grid:rms_Voc,frequency,n75,43,0.27313629962814373,0.1529759781040086,0.1529759781040086,0.17147356210554995
Grid:rms_Voc,frequency,n75,44,0.08560325096733562,0.4967620685576448,0.4967620685576448,0.5357750885297973
Grid:rms_Voc,frequency,n75,45,0.037556732705441444,0.028531429645096435,0.012195278932800684,0.011991579491025738
Grid:rms_Voc,frequency,n75,46,0.04360056804280307,0.03238038842958572,0.05568985847427674,0.056278036143639965
Grid:rms_Voc,frequency,n75,47,0.04924463602686128,0.11257171839502293,0.11257171839502293,0.14287133389861428
Grid:rms_Voc,frequency,n75,48,0.061947249263179266,0.06155718527663948,0.06155718527663948,0.06254947644296142
Grid:rms_Voc,frequency,n75,49,0.05520203246912867,0.16214814790025045,0.16214814790025045,0.2007283936193747
Grid:rms_Voc,frequency,n75,50,0.06464104772693736,0.060047158006509865,0.031393923941156865,0.023983158982051476
Grid:rms_Voc,frequency,n75,51,0.1061907400375857,0.062117328170794225,0.10577046762797239,0.11255607228727993
Grid:rms_Voc,frequency,n75,52,0.14594201959443942,0.31725566711078523,0.31725566711078523,0.28574266779722857
Grid:rms_Voc,frequency,n75,53,0.3247159319617053,0.13585099784948343,0.13585099784948343,0.12509895288592285
Grid:rms_Voc,frequency,n75,54,0.09618234522660388,0.4568053660040796,0.4568053660040796,0.4014567872387494
Grid:rms_Voc,frequency,n75,55,0.10129747255604984,0.08453420570411742,0.045195619558521916,0.035974738473077215
Grid:rms_Voc,frequency,n75,56,0.16435945135408164,0.10035845552727325,0.1706726465032551,0.1688341084309199
Grid:rms_Voc,frequency,n75,57,0.23351523325410375,0.46177795236306685,0.46177795236306685,0.42861400169584296
Grid:rms_Voc,frequency,n75,58,0.4337970382398568,0.2062308292729274,0.2062308292729274,0.18764842932888426
Grid:rms_Voc,frequency,n75,59,0.137571433960762,0.6554290666441789,0.6554290666441789,0.6021851808581241
Grid:rms_Voc,frequency,n75,60,0.027809194807435544,0.024442622140775038,0.0054165081270408,0.011705523678994221
Grid:rms_Voc,frequency,n75,61,0.03376385751429354,0.03328605538844682,0.05464019614694799,0.05547706062664641
Grid:rms_Voc,frequency,n75,62,0.06472638287800421,0.12480684711361151,0.12480684711361151,0.14115755464042706
Grid:rms_Voc,frequency,n75,63,0.09895912208822974,0.055711715509985736,0.055711715509985736,0.06062864334708522
Grid:rms_Voc,frequency,n75,64,0.032306508405576646,0.1852464866337246,0.1852464866337246,0.1956388790169894
Grid:rms_Voc,frequency,n75,65,0.07333766405647854,0.05068317718390998,0.01810699616387747,0.023411047357988442
Grid:rms_Voc,frequency,n75,66,0.08429763716173058,0.06681546040518208,0.11260074930349741,0.11095412125329282
Grid:rms_Voc,frequency,n75,67,0.14387655045817369,0.2783854653090997,0.2783854653090997,0.2823151092808541
Grid:rms_Voc,frequency,n75,68,0.2713050081144946,0.12868705373227834,0.12868705373227834,0.12125728669417044
Grid:rms_Voc,frequency,n75,69,0.09371781676772084,0.4125020677829104,0.4125020677829104,0.3912777580339788
Grid:rms_Voc,frequency,n75,70,0.08715895279312774,0.07372343302974267,0.033661092599947866,0.035116571036982666
Grid:rms_Voc,frequency,n75,71,0.13480771178358023,0.08662682995597444,0.15476992452249083,0.16643118187993922
Grid:rms_Voc,frequency,n75,72,0.1801699290495756,0.39819190257825954,0.39819190257825954,0.4234726639212811
Grid:rms_Voc,frequency,n75,73,0.3279096638054766,0.17411693866946276,0.17411693866946276,0.18188593004125567
Grid:rms_Voc,frequency,n75,74,0.11806648579826695,0.567151729371965,0.567151729371965,0.5869166370509682
Grid:Vpp,loo,n75,0,0.47438899999999995,0.4712384563100997,0.5996361455180588,0.26337919075434574
Grid:Vpp,loo,n75,1,0.724336,0.676643889492426,0.6602467787665869,0.3818492324567154
Grid:Vpp,loo,n75,2,1.535388,0.9296921102852853,0.7842598299517477,0.6347171976512179
Grid:Vpp,loo,n75,3,1.606801,1.8812665625803542,1.7498364900199495,1.3020282938724352
Grid:Vpp,loo,n75,4,0.9028689999999999,0.5923023410886035,0.5982994489980848,0.29892478804886785
Grid:Vpp,loo,n75,5,0.8773648000000001,0.641208967450793,0.6521386461083325,0.5181190223517964
Grid:Vpp,loo,n75,6,1.0696358264999999,0.8588605194647381,0.885741131672376,0.7583721925292201
Grid:Vpp,loo,n75,7,1.1813808,1.5765172902988718,1.4172785877054919,1.296982075386956
Grid:Vpp,loo,n75,8,2.7035189531999997,1.9362300180470338,2.714064722353715,2.610282583249139
Grid:Vpp,loo,n75,9,0.87614016,0.9051354265773629,0.6750010660134771,0.5987012154158341
Grid:Vpp,loo,n75,10,0.6019129999999999,0.7101346871999314,0.7482125526799641,0.811850441550445
Grid:Vpp,loo,n75,11,1.096705,0.9280162527889823,1.0538340453863508,1.160949213535054
Grid:Vpp,loo,n75,12,1.270138,2.01410400350597,1.8572109758279371,2.022015383340962
Grid:Vpp,loo,n75,13,3.1225502,4.480368536386573,4.524246625289319,4.185060885980822
Grid:Vpp,loo,n75,14,0.785547,0.9905262166103671,0.7459076072812535,0.9235000257425369
Grid:Vpp,loo,n75,15,0.6631239999999999,0.43841560026490956,0.563786643436466,0.2617546419365695
Grid:Vpp,loo,n75,16,0.816153,0.5861062202179433,0.7703239269749119,0.38096592770591664
Grid:Vpp,loo,n75,17,1.249734,1.119656253858353,1.027081669473166,0.6382029411513446
Grid:Vpp,loo,n75,18,2.310733,0.8074608440182989,1.2785342655777836,1.2830612212407753
Grid:Vpp,loo,n75,19,0.744739,0.7328375577633298,0.5691790505670783,0.30031047473638317
Grid:Vpp,loo,n75,20,1.0375344,0.7868724670236095,0.5752932734658558,0.512513014262892
Grid:Vpp,loo,n75,21,1.20647772,1.1152458012736743,1.009471962084081,0.7529941652269522
Grid:Vpp,loo,n75,22,1.6559327150319998,1.3815672138897834,1.3279272552876327,1.2726628901699406
Grid:Vpp,loo,n75,23,1.7195534580000003,3.7112014261453474,3.5200126700272523,2.727092567068015
Grid:Vpp,loo,n75,24,0.877365,0.6590438377817451,0.4215242523808994,0.5986571525195246
Grid:Vpp,loo,n75,25,0.8895747957045113,0.765374948231212,0.8824409056303633,0.7877144154202406
Grid:Vpp,loo,n75,26,1.563425144199988,1.0355199742823369,1.1307733769094772,1.1173512862020423
Grid:Vpp,loo,n75,27,1.9681310180257374,2.2559650867573167,2.0681618371778523,1.9330858461146685
Grid:Vpp,loo,n75,28,4.9492404937977765,2.722076014648981,3.44849759209723,3.618868105469936
Grid:Vpp,loo,n75,29,0.6783273879764,1.2836057035366841,1.121266042405056,0.9327902735967861
Grid:Vpp,loo,n75,30,0.16323,0.43185276602611444,0.17197600660528173,0.3643371895054819
Grid:Vpp,loo,n75,31,0.153029,0.6164612311795908,0.32413424388958156,0.5307327827434848
Grid:Vpp,loo,n75,32,0.561105,0.9260509232032244,0.6163456166155723,0.8856674843954547
Grid:Vpp,loo,n75,33,0.7498400000000001,1.5152681023575216,1.7577388045519518,1.8186734404517186
Grid:Vpp,loo,n75,34,0.31625899999999996,0.5406891089254906,0.21567797193916782,0.41597247143595906
Grid:Vpp,loo,n75,35,1.05539554113,0.7255031221318258,0.6043428786441829,0.7015488970965227
Grid:Vpp,loo,n75,36,1.2702176595233299,1.0252908169559638,0.9921063339623193,1.0346627590188446
Grid:Vpp,loo,n75,37,1.9196610002578889,1.6821491258441446,1.658287471565003,1.7468415720485877
Grid:Vpp,loo,n75,38,2.6900273379201796,3.454826023002522,3.8256652536840092,3.6974306090550044
Grid:Vpp,loo,n75,39,1.026467449880139,0.7158670520397141,0.6012555223538548,0.816321638863022
Grid:Vpp,loo,n75,40,0.9576784791114001,0.9445165710339292,1.1293487745282902,1.1036843090026214
Grid:Vpp,loo,n75,41,1.51369803114299,1.2688497396747245,1.364482796775908,1.5843016000686403
Grid:Vpp,loo,n75,42,2.1191713086544,2.982598289532869,2.60575353775557,2.7436194881080924
Grid:Vpp,loo,n75,43,4.6534445854612345,6.902903767282116,6.527153670258485,5.635509570212252
Grid:Vpp,loo,n75,44,0.864397875471288,1.456324202416774,1.1877524096043628,1.3033186070057488
Grid:Vpp,loo,n75,45,0.392773,0.43709615242736294,0.22421793942322624,0.42421029304514235
Grid:Vpp,loo,n75,46,0.39277300000000004,0.47200633920176055,0.4279599812352862,0.619834169868264
Grid:Vpp,loo,n75,47,0.816153,0.9031762809921915,0.7856997846114986,1.0363150822280376
Grid:Vpp,loo,n75,48,0.6835279999999999,2.2435718639994957,2.102587167089709,2.1413213891005793
Grid:Vpp,loo,n75,49,0.5458019999999999,0.2615979005756316,0.1329047292977646,0.48465148277809217
Grid:Vpp,loo,n75,50,1.0338343386820625,0.7892795692869106,0.9224928186235072,0.8309233640538971
Grid:Vpp,loo,n75,51,1.3297180434583424,1.168100098583024,1.3526559728551628,1.2214328753614718
Grid:Vpp,loo,n75,52,2.4187612444346116,2.3701254706606205,2.1163811127757635,2.027087179520221
Grid:Vpp,loo,n75,53,4.454026728249638,4.16574814204276,4.230777111438082,4.1438611835764
Grid:Vpp,loo,n75,54,0.9509888321363735,1.1791676844493888,1.0357922945573885,0.9735911515485396
Grid:Vpp,loo,n75,55,0.9994547231535181,1.0065682940862195,1.3283922052606727,1.3306596935902009
Grid:Vpp,loo,n75,56,1.7423400367918576,1.4236183952666583,1.813708102282566,1.8689472118410855
Grid:Vpp,loo,n75,57,3.3516802761721824,3.959431730520513,3.5328912254918032,3.027942757586731
Grid:Vpp,loo,n75,58,8.41102520941707,5.351996947829235,5.525183809210593,5.4064158891125516
Grid:Vpp,loo,n75,59,1.33047971711756,2.3401659897177796,2.1078483497550695,1.4859035028895393
Grid:Vpp,loo,n75,60,0.40297499999999997,0.42998590476858023,0.32604631905258835,0.45312989857571956
Grid:Vpp,loo,n75,61,0.504994,0.6102313370675589,0.6574641329354205,0.6602037459591955
Grid:Vpp,loo,n75,62,0.928374,1.162711238555048,0.9124997301557889,1.1057542365289315
Grid:Vpp,loo,n75,63,1.341551,2.0274789679553136,2.2071410859449916,2.2843555034802154
Grid:Vpp,loo,n75,64,0.29177590000000003,0.5625744629708365,0.32779000838871375,0.5240458472759802
Grid:Vpp,loo,n75,65,1.0133942737716346,0.7399563294903809,0.9070972964003047,0.8926025123448532
Grid:Vpp,loo,n75,66,1.4134426637427984,1.0784121420059725,1.3948858810042244,1.3017414090243158
Grid:Vpp,loo,n75,67,2.5556002313520843,2.409489329687069,2.176729447138502,2.1524622193020013
Grid:Vpp,loo,n75,68,4.499031394795727,4.2490664006103405,4.541473810888241,4.4560571839563154
Grid:Vpp,loo,n75,69,1.1007805499919479,1.2173438778342396,1.0388842023391383,1.0300449783316543
Grid:Vpp,loo,n75,70,1.028442234316854,0.8569708506454996,1.3261330360989219,1.4444881013290505
Grid:Vpp,loo,n75,71,1.442922714104816,1.4174230005971151,2.033893544261062,2.1233388493782788
Grid:Vpp,loo,n75,72,3.1213120597144517,3.9066870933688964,3.235867410970953,3.3693384216334037
Grid:Vpp,loo,n75,73,6.492977504874499,7.313020137222102,7.041384099835847,6.898183357989368
Grid:Vpp,loo,n75,74,1.724359044810059,1.972656484776073,1.3460052100092492,1.5087564525367005
Grid:Vpp,composition,n75,0,0.47438899999999995,0.4694739969414601,0.48521545394231813,0.28102934798590873
Grid:Vpp,composition,n75,1,0.724336,0.6087248427530783,0.6366908746524805,0.40543841957233717
Grid:Vpp,composition,n75,2,1.535388,1.0693924939616126,1.012839206677829,0.7011317226619669
Grid:Vpp,composition,n75,3,1.606801,1.826334390198411,1.8938911720938405,1.4148905937772978
Grid:Vpp,composition,n75,4,0.9028689999999999,0.6332080668299417,0.557025568182892,0.31764410422834927
Grid:Vpp,composition,n75,5,0.8773648000000001,0.7412343109143176,0.814571174357078,0.5620586959718175
Grid:Vpp,composition,n75,6,1.0696358264999999,0.965576037884944,1.0349356934267617,0.8108768391446743
Grid:Vpp,composition,n75,7,1.1813808,1.618789872964897,1.5073156738901483,1.4022634453239338
Grid:Vpp,composition,n75,8,2.7035189531999997,2.317201185953239,2.2712591643697952,2.8297811875545955
Grid:Vpp,composition,n75,9,0.87614016,0.8464291075163454,0.7247423878573407,0.6352882084566985
Grid:Vpp,composition,n75,10,0.6019129999999999,0.715566536428911,0.8731922547017534,0.8430880439577263
Grid:Vpp,composition,n75,11,1.096705,1.2176244008848651,1.3861405740960882,1.2163152587170116
Grid:Vpp,composition,n75,12,1.270138,2.1796466928410623,2.0590878711982517,2.103395167985901
Grid:Vpp,composition,n75,13,3.1225502,4.46639784781594,4.586060449960571,4.244671781331895
Grid:Vpp,composition,n75,14,0.785547,0.9825273685320838,0.8247589204388419,0.9529323126850477
Grid:Vpp,composition,n75,15,0.6631239999999999,0.39904143422216243,0.19279654194285967,0.21571877806735368
Grid:Vpp,composition,n75,16,0.816153,0.5895890538222992,0.2652429789574885,0.3125713054407097
Grid:Vpp,composition,n75,17,1.249734,1.201666630942302,0.47630658826832006,0.5486796636527698
Grid:Vpp,composition,n75,18,2.310733,1.378902612700606,0.9501362951187973,1.1182068605546882
Grid:Vpp,composition,n75,19,0.744739,0.7144494829385715,0.22691697134378463,0.25975399359320994
Grid:Vpp,composition,n75,20,1.0375344,0.7728815337619106,0.47988222143437836,0.43143755613470736
Grid:Vpp,composition,n75,21,1.20647772,0.9646417464612559,0.6611661159441706,0.6251426108814194
Grid:Vpp,composition,n75,22,1.6559327150319998,1.2030816469966554,1.0581765250583384,1.0973593273055395
Grid:Vpp,composition,n75,23,1.7195534580000003,2.396492007966967,2.049364794057766,2.2364137211093764
Grid:Vpp,composition,n75,24,0.877365,0.8125699788068368,0.4999688026015781,0.5195079871864199
Grid:Vpp,composition,n75,25,0.8895747957045113,0.6162779887402546,0.656588372247865,0.6471563342020612
Grid:Vpp,composition,n75,26,1.563425144199988,1.0205344334735034,0.9403153885805472,0.9377139163221292
Grid:Vpp,composition,n75,27,1.9681310180257374,1.34028141076265,1.5372016006293934,1.6460389909583095
Grid:Vpp,composition,n75,28,4.9492404937977765,3.0179444019374784,3.163612722139184,3.354620581664065
Grid:Vpp,composition,n75,29,0.6783273879764,0.7697824922433842,0.696501625689881,0.77926198077963
Grid:Vpp,composition,n75,30,0.16323,0.5402897529884314,0.5488845635177517,0.4104749547552459
Grid:Vpp,composition,n75,31,0.153029,0.6274704838332554,0.6840627225133286,0.6025099992744678
Grid:Vpp,composition,n75,32,0.561105,1.1379847807230223,1.1169542748890526,1.0371427017943848
Grid:Vpp,composition,n75,33,0.7498400000000001,1.6728406599878514,1.887645545258719,2.1493991057024804
Grid:Vpp,composition,n75,34,0.31625899999999996,0.7464188889603098,0.6656838008598847,0.4876620932674274
Grid:Vpp,composition,n75,35,1.05539554113,1.0416816674509586,1.0655910337624213,0.8209499095104918
Grid:Vpp,composition,n75,36,1.2702176595233299,1.2996969100026226,1.3746417793108348,1.2050199985489356
Grid:Vpp,composition,n75,37,1.9196610002578889,2.21656583252768,2.1558204741695004,2.0742854035887697
Grid:Vpp,composition,n75,38,2.6900273379201796,3.534715935608708,3.74902841699065,4.298798211404961
Grid:Vpp,composition,n75,39,1.026467449880139,1.010824533688691,0.9688700629548095,0.9753241865348548
Grid:Vpp,composition,n75,40,0.9576784791114001,0.9796227712738659,1.1426605347238543,1.2314248642657375
Grid:Vpp,composition,n75,41,1.51369803114299,1.770334811443319,1.8660431442909884,1.8075299978234032
Grid:Vpp,composition,n75,42,2.1191713086544,3.1231866610269363,3.1155042138240416,3.111428105383154
Grid:Vpp,composition,n75,43,4.6534445854612345,7.5131691563303225,7.224914722330025,6.448197317107441
Grid:Vpp,composition,n75,44,0.864397875471288,1.2047704826606154,1.2730390998812289,1.462986279802282
Grid:Vpp,composition,n75,45,0.392773,0.3659555549048,0.42889993817451366,0.3850272362596142
Grid:Vpp,composition,n75,46,0.39277300000000004,0.4436373505402401,0.5957541849294686,0.5518814830145692
Grid:Vpp,composition,n75,47,0.816153,0.876656587284303,0.9218559568921201,0.8779832549772206
Grid:Vpp,composition,n75,48,0.6835279999999999,1.3428606836339991,1.7595683184458564,1.715695616530957
Grid:Vpp,composition,n75,49,0.5458019999999999,0.4010343721662747,0.4820031794535833,0.43813047753868384
Grid:Vpp,composition,n75,50,1.0338343386820625,0.9744517305432312,0.8139271744341279,0.7700544725192284
Grid:Vpp,composition,n75,51,1.3297180434583424,1.2618918265731085,1.1476356679440378,1.1037629660291384
Grid:Vpp,composition,n75,52,2.4187612444346116,2.105499910116297,1.7998392118693407,1.7559665099544413
Grid:Vpp,composition,n75,53,4.454026728249638,3.3215735855531108,3.4752639349768133,3.431391233061914
Grid:Vpp,composition,n75,54,0.9509888321363735,1.027597490005773,0.9201336569922671,0.8762609550773677
Grid:Vpp,composition,n75,55,0.9994547231535181,0.9494986365745393,1.1989544106937422,1.1550817087788428
Grid:Vpp,composition,n75,56,1.7423400367918576,1.4092097108368031,1.6995171509586073,1.6556444490437079
Grid:Vpp,composition,n75,57,3.3516802761721824,2.653539341703698,2.6778224668465618,2.6339497649316623
Grid:Vpp,composition,n75,58,8.41102520941707,5.30802946304067,5.190959551507772,5.147086849592872
Grid:Vpp,composition,n75,59,1.33047971711756,1.3300611993225475,1.3582641345309514,1.314391432616052
Grid:Vpp,composition,n75,60,0.40297499999999997,0.4944936333057388,0.8370271171089575,0.8353811698654003
Grid:Vpp,composition,n75,61,0.504994,0.709163559981822,1.1546510801589795,1.2374114514141465
Grid:Vpp,composition,n75,62,0.928374,1.8123285187756377,1.782487970636755,1.9488446173634297
Grid:Vpp,composition,n75,63,1.341551,2.996950365635394,3.4101046965792183,4.068701487113504
Grid:Vpp,composition,n75,64,0.29177590000000003,0.9952578901841642,0.8779867161614331,0.8903601058359342
Grid:Vpp,composition,n75,65,1.0133942737716346,1.0528921081350895,1.6559325240202312,1.6707623397308007
Grid:Vpp,composition,n75,66,1.4134426637427984,1.6848208628048988,2.388556071495632,2.474822902828293
Grid:Vpp,composition,n75,67,2.5556002313520843,4.283993588061549,3.888613723373103,3.8976892347268595
Grid:Vpp,composition,n75,68,4.499031394795727,7.9283484528187955,7.989591511234068,8.137402974227008
Grid:Vpp,composition,n75,69,1.1007805499919479,2.091056681308786,1.6934794878749044,1.7807202116718683
Grid:Vpp,composition,n75,70,1.028442234316854,1.2586404882561706,2.2695138537095274,2.506143509596201
Grid:Vpp,composition,n75,71,1.442922714104816,2.3621454503821635,3.476495691475081,3.7122343542424394
Grid:Vpp,composition,n75,72,3.1213120597144517,6.472221681756432,5.873998113498965,5.846533852090288
Grid:Vpp,composition,n75,73,6.492977504874499,12.896982095669633,12.79699921941314,12.20610446134051
Grid:Vpp,composition,n75,74,1.724359044810059,3.262808371773474,2.6521200176677753,2.671080317507802
Grid:Vpp,force,n75,0,0.47438899999999995,0.4689593093081417,0.2815138915974895,0.244389607382473
Grid:Vpp,force,n75,1,0.724336,0.5528743112407404,0.3964002952662636,0.35980025589559533
Grid:Vpp,force,n75,2,1.535388,0.8033621109968042,0.6323234310205145,0.5989662413102007
Grid:Vpp,force,n75,3,1.606801,1.4442639920420244,1.2869476370587436,1.2520178720966624
Grid:Vpp,force,n75,4,0.9028689999999999,0.5684293837833,0.3142789062326392,0.2782582852547913
Grid:Vpp,force,n75,5,0.8773648000000001,0.28727198480037613,0.472893766726261,0.46241289638619876
Grid:Vpp,force,n75,6,1.0696358264999999,0.5104733414220268,0.7370466319096227,0.7265657615695605
Grid:Vpp,force,n75,7,1.1813808,1.4541955062908016,1.2529431306923668,1.2424622603523046
Grid:Vpp,force,n75,8,2.7035189531999997,2.7874472531728087,2.746207279979047,2.735726409638985
Grid:Vpp,force,n75,9,0.87614016,0.8325649296995459,0.5905354799538188,0.5800546096137567
Grid:Vpp,force,n75,10,0.6019129999999999,0.6003491594596528,1.1952958791947514,1.2007751847645536
Grid:Vpp,force,n75,11,1.096705,1.195734380878969,1.5298883365397997,1.5353676421096019
Grid:Vpp,force,n75,12,1.270138,2.8871772337257955,2.5044297000493456,2.5099090056191478
Grid:Vpp,force,n75,13,3.1225502,3.8403856359201214,4.007594192589757,4.013073498159558
Grid:Vpp,force,n75,14,0.785547,1.6941193435113446,1.2348077554597001,1.2402870610295023
Grid:Vpp,force,n75,15,0.6631239999999999,0.5105736076743698,0.2834799326748827,0.244389607382473
Grid:Vpp,force,n75,16,0.816153,0.5797268476234365,0.39945073416554205,0.35980025589559533
Grid:Vpp,force,n75,17,1.249734,0.8839893189308047,0.6347015293817444,0.5989662413102007
Grid:Vpp,force,n75,18,2.310733,0.9691934907174041,1.2779322371805841,1.2520178720966624
Grid:Vpp,force,n75,19,0.744739,0.5460800327633539,0.3115710458398111,0.2782582852547913
Grid:Vpp,force,n75,20,1.0375344,0.28727198480037613,0.472893766726261,0.46241289638619876
Grid:Vpp,force,n75,21,1.20647772,0.5104733414220268,0.7370466319096227,0.7265657615695605
Grid:Vpp,force,n75,22,1.6559327150319998,1.4541955062908016,1.2529431306923668,1.2424622603523046
Grid:Vpp,force,n75,23,1.7195534580000003,2.7874472531728087,2.746207279979047,2.735726409638985
Grid:Vpp,force,n75,24,0.877365,0.8325649296995459,0.5905354799538188,0.5800546096137567
Grid:Vpp,force,n75,25,0.8895747957045113,0.6003491594596528,1.1952958791947514,1.2007751847645536
Grid:Vpp,force,n75,26,1.563425144199988,1.195734380878969,1.5298883365397997,1.5353676421096019
Grid:Vpp,force,n75,27,1.9681310180257374,2.8871772337257955,2.5044297000493456,2.5099090056191478
Grid:Vpp,force,n75,28,4.9492404937977765,3.8403856359201214,4.007594192589757,4.013073498159558
Grid:Vpp,force,n75,29,0.6783273879764,1.6941193435113446,1.2348077554597001,1.2402870610295023
Grid:Vpp,force,n75,30,0.16323,0.5369951983669393,0.3993683198404631,0.3632838053612636
Grid:Vpp,force,n75,31,0.153029,0.655227574704958,0.5702510647090467,0.5348410987343909
Grid:Vpp,force,n75,32,0.561105,1.143679412691359,0.9216270968572493,0.8903600188103086
Grid:Vpp,force,n75,33,0.7498400000000001,1.6166375067175365,1.8836050357053067,1.8611176711936035
Grid:Vpp,force,n75,34,0.31625899999999996,0.6738798934431864,0.4451458804480552,0.41362940848159097
Grid:Vpp,force,n75,35,1.05539554113,0.3528666514580928,0.6390683398718461,0.6285874695317839
Grid:Vpp,force,n75,36,1.2702176595233299,0.6583947153308545,0.9981482496079787,0.9876673792679165
Grid:Vpp,force,n75,37,1.9196610002578889,1.9502040942268937,1.6994394057251179,1.6889585353850556
Grid:Vpp,force,n75,38,2.6900273379201796,3.775219098819048,3.7293290136453643,3.7188481433053022
Grid:Vpp,force,n75,39,1.026467449880139,1.0992881796252711,0.7989862561042999,0.7885053857642377
Grid:Vpp,force,n75,40,0.9576784791114001,0.6536742806382475,1.3068275530655344,1.3123068586353366
Grid:Vpp,force,n75,41,1.51369803114299,1.3073646067591072,1.6724979817958334,1.6779772873656356
Grid:Vpp,force,n75,42,2.1191713086544,3.1644477024000275,2.737557729518863,2.743037035088665
Grid:Vpp,force,n75,43,4.6534445854612345,4.211002250405368,4.380340740232626,4.3858200458024275
Grid:Vpp,force,n75,44,0.864397875471288,1.8545555967878027,1.350009413315428,1.35548871888523
Grid:Vpp,force,n75,45,0.392773,0.5327243572465804,0.46597871873875896,0.4319335801641846
Grid:Vpp,force,n75,46,0.39277300000000004,0.6858791928630248,0.6697785590942724,0.6359100713712257
Grid:Vpp,force,n75,47,0.816153,1.3322604907819993,1.0938238655005097,1.0586114351487523
Grid:Vpp,force,n75,48,0.6835279999999999,2.1568990278746982,2.245632565993699,2.2128132522342248
Grid:Vpp,force,n75,49,0.5458019999999999,0.6635555678198988,0.5235090856269955,0.4917929966324279
Grid:Vpp,force,n75,50,1.0338343386820625,0.3920082837955663,0.7365611291591421,0.7260802588190799
Grid:Vpp,force,n75,51,1.3297180434583424,0.7466623188938972,1.1513336889623882,1.140852818622326
Grid:Vpp,force,n75,52,2.4187612444346116,2.2461822091326713,1.9613938457777114,1.950912975437649
Grid:Vpp,force,n75,53,4.454026728249638,4.364642056288171,4.306115691713854,4.295634821373792
Grid:Vpp,force,n75,54,0.9509888321363735,1.2584472075829292,0.9212820274206954,0.9108011570806333
Grid:Vpp,force,n75,55,0.9994547231535181,0.7465126111137766,1.5079728625492579,1.51345216811906
Grid:Vpp,force,n75,56,1.7423400367918576,1.501711353137965,1.9296918374499923,1.9351711430197944
Grid:Vpp,force,n75,57,3.3516802761721824,3.647171920047303,3.157999815695252,3.163479121265054
Grid:Vpp,force,n75,58,8.41102520941707,4.856240872931269,5.052582239732392,5.058061545302194
Grid:Vpp,force,n75,59,1.33047971711756,2.1338729911552896,1.557773470988184,1.5632527765579862
Grid:Vpp,force,n75,60,0.40297499999999997,0.5182404997031085,0.48387768807051723,0.45033893179123574
Grid:Vpp,force,n75,61,0.504994,0.7377288311627841,0.6972301533757992,0.6630071738060993
Grid:Vpp,force,n75,62,0.928374,1.4391260729265607,1.1392638119646066,1.1037204903255318
Grid:Vpp,force,n75,63,1.341551,2.391324560986895,2.3391072918788534,2.3071046152185253
Grid:Vpp,force,n75,64,0.29177590000000003,0.7122122613534314,0.5452959458564283,0.5127490497073021
Grid:Vpp,force,n75,65,1.0133942737716346,0.40469688181279645,0.7653721345881483,0.7548912642480862
Grid:Vpp,force,n75,66,1.4134426637427984,0.7752761521111547,1.1966029499728508,1.1861220796327885
Grid:Vpp,force,n75,67,2.5556002313520843,2.3421298510081354,2.0388064508501467,2.0283255805100846
Grid:Vpp,force,n75,68,4.499031394795727,4.555716125580179,4.476567314184514,4.466086443844452
Grid:Vpp,force,n75,69,1.1007805499919479,1.3100420135725193,0.9574227939030052,0.946941923562943
Grid:Vpp,force,n75,70,1.028442234316854,0.8788641508862405,1.798731807645921,1.8042111132157233
Grid:Vpp,force,n75,71,1.442922714104816,1.778774620015544,2.301469903502276,2.3069492090720782
Grid:Vpp,force,n75,72,3.1213120597144517,4.335349886667622,3.7657559585785116,3.771235264148314
Grid:Vpp,force,n75,73,6.492977504874499,5.776101503497826,6.024318691089057,6.029797996658859
Grid:Vpp,force,n75,74,1.724359044810059,2.5320715266138047,1.8580999284779678,1.86357923404777
Grid:Vpp,frequency,n75,0,0.47438899999999995,0.22979069616987036,0.15777526480155102,0.09786001026313672
Grid:Vpp,frequency,n75,1,0.724336,0.4957957228102172,3.727901217142342,3.550291713584502
Grid:Vpp,frequency,n75,2,1.535388,1.9091783309807082,1.9091783309807082,1.8137179949687394
Grid:Vpp,frequency,n75,3,1.606801,1.3526331306386685,1.3526331306386685,0.5908346671480765
Grid:Vpp,frequency,n75,4,0.9028689999999999,3.455176200789158,3.455176200789158,3.2560215694431958
Grid:Vpp,frequency,n75,5,0.8773648000000001,0.3653809822263897,0.2729543559797659,0.19572002052627344
Grid:Vpp,frequency,n75,6,1.0696358264999999,0.5922012930509271,7.167882728319018,7.100583427169004
Grid:Vpp,frequency,n75,7,1.1813808,3.6725872349382187,3.6725872349382187,3.627435989937479
Grid:Vpp,frequency,n75,8,2.7035189531999997,1.1667553879256716,1.1667553879256716,1.181669334296153
Grid:Vpp,frequency,n75,9,0.87614016,6.544842527359344,6.544842527359344,6.5120431388863915
Grid:Vpp,frequency,n75,10,0.6019129999999999,0.44357553872381283,0.31968082083990773,0.29358003078941014
Grid:Vpp,frequency,n75,11,1.096705,0.6161038514905284,10.562149755520082,10.650875140753506
Grid:Vpp,frequency,n75,12,1.270138,5.411573323656461,5.411573323656461,5.441153984906218
Grid:Vpp,frequency,n75,13,3.1225502,1.165809425995368,1.165809425995368,1.7725040014442297
Grid:Vpp,frequency,n75,14,0.785547,9.313570348616787,9.313570348616787,9.768064708329586
Grid:Vpp,frequency,n75,15,0.6631239999999999,0.2399539964826592,0.18042490261083516,0.09786001026313672
Grid:Vpp,frequency,n75,16,0.816153,0.4850547451486107,3.7101862650617194,3.550291713584502
Grid:Vpp,frequency,n75,17,1.249734,1.943281523090031,1.943281523090031,1.8137179949687394
Grid:Vpp,frequency,n75,18,2.310733,1.127265792606952,1.127265792606952,0.5908346671480765
Grid:Vpp,frequency,n75,19,0.744739,3.813027309625822,3.813027309625822,3.2560215694431958
Grid:Vpp,frequency,n75,20,1.0375344,0.3884388572040822,0.2870849926618165,0.19572002052627344
Grid:Vpp,frequency,n75,21,1.20647772,0.705696010074371,7.256721770142609,7.100583427169004
Grid:Vpp,frequency,n75,22,1.6559327150319998,3.640745468274234,3.640745468274234,3.627435989937479
Grid:Vpp,frequency,n75,23,1.7195534580000003,1.4073946707473008,1.4073946707473008,1.181669334296153
Grid:Vpp,frequency,n75,24,0.877365,6.049691233142591,6.049691233142591,6.5120431388863915
Grid:Vpp,frequency,n75,25,0.8895747957045113,0.4907132017977701,0.38687800558273455,0.29358003078941014
Grid:Vpp,frequency,n75,26,1.563425144199988,0.7414583362392074,10.662229091746338,10.650875140753506
Grid:Vpp,frequency,n75,27,1.9681310180257374,5.555604089082131,5.555604089082131,5.441153984906218
Grid:Vpp,frequency,n75,28,4.9492404937977765,1.43692535272934,1.43692535272934,1.7725040014442297
Grid:Vpp,frequency,n75,29,0.6783273879764,10.32332540966878,10.32332540966878,9.768064708329586
Grid:Vpp,frequency,n75,30,0.16323,0.20024235416655822,0.07984541653640187,0.13433034801895594
Grid:Vpp,frequency,n75,31,0.153029,0.36128173852748274,4.8766145952891105,4.91896549031333
Grid:Vpp,frequency,n75,32,0.561105,2.3746812662832646,2.3746812662832646,2.4744278594413656
Grid:Vpp,frequency,n75,33,0.7498400000000001,0.6609993233066742,0.6609993233066742,0.7267383502632142
Grid:Vpp,frequency,n75,34,0.31625899999999996,3.890544182623455,3.890544182623455,4.475828807331621
Grid:Vpp,frequency,n75,35,1.05539554113,0.43669866163271287,0.3094170573794479,0.2686606960379119
Grid:Vpp,frequency,n75,36,1.2702176595233299,0.7910911892075023,9.92859836624294,9.83793098062666
Grid:Vpp,frequency,n75,37,1.9196610002578889,4.886834421071504,4.886834421071504,4.948855718882731
Grid:Vpp,frequency,n75,38,2.6900273379201796,1.6786269198883217,1.6786269198883217,1.4534767005264284
Grid:Vpp,frequency,n75,39,1.026467449880139,8.427290319938582,8.427290319938582,8.951657614663242
Grid:Vpp,frequency,n75,40,0.9576784791114001,0.576172417705328,0.41345318807218734,0.4029910440568678
Grid:Vpp,frequency,n75,41,1.51369803114299,0.9068276708250208,14.691630736134403,14.756896470939992
Grid:Vpp,frequency,n75,42,2.1191713086544,7.400601587316283,7.400601587316283,7.423283578324097
Grid:Vpp,frequency,n75,43,4.6534445854612345,1.788856035841318,1.788856035841318,2.1802150507896427
Grid:Vpp,frequency,n75,44,0.864397875471288,12.999898357985307,12.999898357985307,13.427486421994866
Grid:Vpp,frequency,n75,45,0.392773,0.2324728094975152,0.12621344485698227,0.15796614055353697
Grid:Vpp,frequency,n75,46,0.39277300000000004,0.4330788311505468,5.810876767908396,5.811657375871898
Grid:Vpp,frequency,n75,47,0.816153,2.7643091683104277,2.7643091683104277,2.892946346260747
Grid:Vpp,frequency,n75,48,0.6835279999999999,0.8344449597348123,0.8344449597348123,0.8312756904682089
Grid:Vpp,frequency,n75,49,0.5458019999999999,4.465913346274533,4.465913346274533,5.244778637920362
Grid:Vpp,frequency,n75,50,1.0338343386820625,0.47346966220707337,0.3323413867508429,0.31593228110707394
Grid:Vpp,frequency,n75,51,1.3297180434583424,0.8844951342552194,11.703117556856611,11.623314751743797
Grid:Vpp,frequency,n75,52,2.4187612444346116,5.827751996169955,5.827751996169955,5.785892692521494
Grid:Vpp,frequency,n75,53,4.454026728249638,2.0311256836797607,2.0311256836797607,1.6625513809364179
Grid:Vpp,frequency,n75,54,0.9509888321363735,10.66049998505357,10.66049998505357,10.489557275840724
Grid:Vpp,frequency,n75,55,0.9994547231535181,0.6343656183802675,0.4639562669575724,0.47389842166061097
Grid:Vpp,frequency,n75,56,1.7423400367918576,1.1042316391947762,17.41238060655155,17.434972127615694
Grid:Vpp,frequency,n75,57,3.3516802761721824,8.860441660817324,8.860441660817324,8.678839038782241
Grid:Vpp,frequency,n75,58,8.41102520941707,2.7712891567486158,2.7712891567486158,2.493827071404627
Grid:Vpp,frequency,n75,59,1.33047971711756,16.942714090659365,16.942714090659365,15.734335913761086
Grid:Vpp,frequency,n75,60,0.40297499999999997,0.25573345710944817,0.15089788376474084,0.16876738786687984
Grid:Vpp,frequency,n75,61,0.504994,0.4560432678589036,6.221922133312351,6.228367370260198
Grid:Vpp,frequency,n75,62,0.928374,3.0025015170107565,3.0025015170107565,3.0692734554268832
Grid:Vpp,frequency,n75,63,1.341551,0.7939415543048771,0.7939415543048771,0.9044466877630608
Grid:Vpp,frequency,n75,64,0.29177590000000003,5.076745925482675,5.076745925482675,5.562871061209414
Grid:Vpp,frequency,n75,65,1.0133942737716346,0.4834438199680206,0.35029784146423276,0.3375347757337597
Grid:Vpp,frequency,n75,66,1.4134426637427984,0.9125883497683009,12.526824140651211,12.456734740520396
Grid:Vpp,frequency,n75,67,2.5556002313520843,6.152229509219304,6.152229509219304,6.1385469108537665
Grid:Vpp,frequency,n75,68,4.499031394795727,2.1731548682833957,2.1731548682833957,1.8088933755261216
Grid:Vpp,frequency,n75,69,1.1007805499919479,11.152029038698975,11.152029038698975,11.125742122418828
Grid:Vpp,frequency,n75,70,1.028442234316854,0.6176740707828877,0.4199045767211712,0.5063021636006395
Grid:Vpp,frequency,n75,71,1.442922714104816,1.144613152392346,18.625884141595936,18.685102110780594
Grid:Vpp,frequency,n75,72,3.1213120597144517,9.192919600782298,9.192919600782298,9.20782036628065
Grid:Vpp,frequency,n75,73,6.492977504874499,2.9762592101959564,2.9762592101959564,2.713340063289183
Grid:Vpp,frequency,n75,74,1.724359044810059,16.609911072274848,16.609911072274848,16.688613183628245
Grid:Vmax,loo,n75,0,0.26391862899999996,0.28177870413466766,0.27855405649414705,0.16876214385305396
Grid:Vmax,loo,n75,1,0.375450978,0.4088487317226668,0.42783401866406,0.23522282245571025
Grid:Vmax,loo,n75,2,0.806323384,0.5297244241738,0.5273692421275482,0.4175032114206418
Grid:Vmax,loo,n75,3,0.90553173,1.057647853985356,1.0406590970706668,0.7532700837363636
Grid:Vmax,loo,n75,4,0.633048541,0.32451339950042296,0.3055382452521854,0.19379186939217236
Grid:Vmax,loo,n75,5,0.5722335688,0.4100721631529944,0.43181196574119707,0.3313794106739087
Grid:Vmax,loo,n75,6,0.6900451627862,0.4881588701826267,0.5056203267711954,0.4648384725786319
Grid:Vmax,loo,n75,7,0.6333668375999999,0.9906420926367558,0.9165750982367523,0.8559618537885828
Grid:Vmax,loo,n75,8,1.4032061532606,1.1915434559774538,1.5043086178905076,1.5263896452014278
Grid:Vmax,loo,n75,9,0.4507851536,0.5940156806178777,0.35533748667482445,0.39288605756104306
Grid:Vmax,loo,n75,10,0.387116973,0.4291226810224127,0.5416991957609231,0.5180722589621322
Grid:Vmax,loo,n75,11,0.6510550260000001,0.6092620198061616,0.6051518848846728,0.7147578827469688
Grid:Vmax,loo,n75,12,0.9720691739999999,1.2299722386811054,1.1886116127388793,1.3053635672714357
Grid:Vmax,loo,n75,13,1.66451229518,2.645500741711816,2.432730544354934,2.449739246400567
Grid:Vmax,loo,n75,14,0.642128274,0.5560239777297324,0.3790907666858075,0.5881929771941312
Grid:Vmax,loo,n75,15,0.44437984599999997,0.30478097591103037,0.3442740534326657,0.16731199974854574
Grid:Vmax,loo,n75,16,0.502505736,0.4050200868434804,0.5197203719463441,0.23406012694233866
Grid:Vmax,loo,n75,17,0.827206853,0.7896180038267469,0.7342364380556643,0.417241530324315
Grid:Vmax,loo,n75,18,1.479965675,0.6151842388089469,0.9316125241491654,0.7386989914886993
Grid:Vmax,loo,n75,19,0.4105959,0.5300790377804913,0.4884626727164887,0.1956273973034082
Grid:Vmax,loo,n75,20,0.7557376122,0.49883866212470934,0.5319064033017048,0.32542101212891533
Grid:Vmax,loo,n75,21,0.8705703700800002,0.7786154533352825,0.7510801234093429,0.45815294731841677
Grid:Vmax,loo,n75,22,1.1533150766754319,0.8712343745859567,0.9181711160306222,0.8285822900823603
Grid:Vmax,loo,n75,23,1.1138047443280001,2.0507644429145326,1.9006989255114646,1.5586407427469589
Grid:Vmax,loo,n75,24,0.500302137,0.3449917844280872,0.3414642507150311,0.3912017063211389
Grid:Vmax,loo,n75,25,0.4695109384854026,0.6053086756247515,0.7039691724648509,0.5116139227652372
Grid:Vmax,loo,n75,26,1.1530590316270004,0.6114801154780019,0.7262119425045309,0.6708698630371411
Grid:Vmax,loo,n75,27,1.3172022048156284,1.8150201793055802,1.7346975290710682,1.2606846885722323
Grid:Vmax,loo,n75,28,2.955436008826438,1.6396814972342368,1.9333775527771504,2.0779447623523675
Grid:Vmax,loo,n75,29,0.37284208869228813,0.9646476734409463,0.8185408527220466,0.6100416708148337
Grid:Vmax,loo,n75,30,0.083140201,0.29150749238820794,0.2194533547587974,0.2554023896201167
Grid:Vmax,loo,n75,31,0.093954329,0.2786040503316923,0.21360680228864862,0.3568627965431101
Grid:Vmax,loo,n75,32,0.394078884,0.5153693130130392,0.37851133722536306,0.6341373801246615
Grid:Vmax,loo,n75,33,0.526035667,0.9254222729312618,1.0289910707586685,1.1469585271546252
Grid:Vmax,loo,n75,34,0.236082521,0.335472072794436,0.0786648485920731,0.2950704349773395
Grid:Vmax,loo,n75,35,0.8022848834824801,0.4878427974032801,0.41665108964141045,0.4844249855053406
Grid:Vmax,loo,n75,36,0.7358307008352988,0.6586652551003118,0.7347001969242496,0.7024513026153588
Grid:Vmax,loo,n75,37,0.9742514662627703,1.2006535579544408,1.1192841561674582,1.283802190726986
Grid:Vmax,loo,n75,38,1.6313950376962256,2.087664869942737,2.301371087859764,2.3436181125079387
Grid:Vmax,loo,n75,39,0.7145707700900724,0.4591330186965474,0.2807696949788564,0.5793908256633267
Grid:Vmax,loo,n75,40,0.7071771027766798,0.6384633540986719,0.7453522610645021,0.7664866651440998
Grid:Vmax,loo,n75,41,0.9772400026807279,0.72821436987754,0.9183950718773182,1.0716320696780748
Grid:Vmax,loo,n75,42,1.4344806993118948,2.097140676662266,1.814531102920582,1.991649172336597
Grid:Vmax,loo,n75,43,3.0253178457773857,3.161439466283752,3.2678254484796745,3.521373883548622
Grid:Vmax,loo,n75,44,0.525589233476531,1.0464977436648581,0.7903814716819861,0.9446811908097833
Grid:Vmax,loo,n75,45,0.287928105,0.2938136709027734,0.28623564096775483,0.29413992483538265
Grid:Vmax,loo,n75,46,0.31809033000000003,0.3839637951570568,0.39141144361745134,0.41222511809425283
Grid:Vmax,loo,n75,47,0.690526634,0.6498151298093788,0.5638059822162039,0.733547252918792
Grid:Vmax,loo,n75,48,0.533155744,1.7211188459825135,1.4928597800995822,1.3395169606814021
Grid:Vmax,loo,n75,49,0.394374792,0.17345400510684889,0.1097681532483133,0.3411990623191457
Grid:Vmax,loo,n75,50,0.8888664110728276,0.551410882845938,0.6259978732689933,0.5597145544618579
Grid:Vmax,loo,n75,51,1.0093177469814805,0.8481737959325752,1.1059226986243738,0.802254725401783
Grid:Vmax,loo,n75,52,2.0464533740231103,1.8966371018900712,1.6830525488194232,1.4020860212549957
Grid:Vmax,loo,n75,53,3.621934801234235,2.4974729400788784,2.662049860309334,2.47800607152725
Grid:Vmax,loo,n75,54,0.6871466628339677,1.076894836449467,1.0877428834931566,0.6844668822450117
Grid:Vmax,loo,n75,55,0.7091969650382516,0.6716608848404375,1.0069597749280224,0.9238267215975167
Grid:Vmax,loo,n75,56,1.11644715675359,1.040342604855573,1.4280817669210386,1.2585520422610201
Grid:Vmax,loo,n75,57,2.632262983143599,2.596492523302742,2.2238224495602132,2.075715738852213
Grid:Vmax,loo,n75,58,4.56586646613916,3.7423380774239927,3.8426808924172127,3.6824435291030317
Grid:Vmax,loo,n75,59,0.9962307836408405,1.436545729560442,1.3388888160670667,1.0345078772315934
Grid:Vmax,loo,n75,60,0.23311881,0.27557856788367346,0.26108667712351913,0.2951979136055823
Grid:Vmax,loo,n75,61,0.30413902200000004,0.31674079299882174,0.33038069671769144,0.41245864115353015
Grid:Vmax,loo,n75,62,0.577519998,0.745347409244319,0.5944204446164243,0.736902695698409
Grid:Vmax,loo,n75,63,0.883541279,1.1493872916426893,1.2581032484201389,1.335834685724613
Grid:Vmax,loo,n75,64,0.23009156690000002,0.3411720240751204,0.2054388975605283,0.3448104242160534
Grid:Vmax,loo,n75,65,0.6216423885079015,0.4402279010066948,0.5203412397520408,0.5843225989380759
Grid:Vmax,loo,n75,66,0.725208455434742,0.7053248621559067,0.8150780687938429,0.8296848959512054
Grid:Vmax,loo,n75,67,1.5648391052132387,1.5578642501677442,1.367878619914893,1.4500670719531836
Grid:Vmax,loo,n75,68,2.5540695873143746,2.6113245232232107,2.628431945889336,2.642804433361202
Grid:Vmax,loo,n75,69,0.6762729675462515,0.8208458460147078,0.6701762581052245,0.6850825118640247
Grid:Vmax,loo,n75,70,0.5466172864932111,0.5798673586665437,0.8478363085514644,0.9589250708621652
Grid:Vmax,loo,n75,71,0.9351560245233326,0.8096768135468253,1.1582462524881185,1.3109580199502693
Grid:Vmax,loo,n75,72,1.9434400298290089,2.621912008598382,2.191209210848268,2.294946848611655
Grid:Vmax,loo,n75,73,3.917120256506231,3.8409349043110455,3.9305511795044463,3.9534583904241196
Grid:Vmax,loo,n75,74,1.2426230104116622,1.317301474370717,0.9601793006437913,0.9699225403638645
Grid:Vmax,composition,n75,0,0.26391862899999996,0.3176735331935114,0.298074739815257,0.18638053612588154
Grid:Vmax,composition,n75,1,0.375450978,0.39232627194201564,0.4013389528934953,0.25990295331735225
Grid:Vmax,composition,n75,2,0.806323384,0.7188668683488065,0.634154736629679,0.4742171954939532
Grid:Vmax,composition,n75,3,0.90553173,1.1442635150319456,1.0045007009129137,0.8522866422095118
Grid:Vmax,composition,n75,4,0.633048541,0.3829999520131434,0.31939602309561294,0.21159318959491968
Grid:Vmax,composition,n75,5,0.5722335688,0.5280015334945728,0.5032883973537976,0.3727610722517631
Grid:Vmax,composition,n75,6,0.6900451627862,0.6837206421886717,0.6453923991687239,0.5198059066347045
Grid:Vmax,composition,n75,7,0.6333668375999999,1.0966313603477933,1.0073214518411953,0.9484343909879064
Grid:Vmax,composition,n75,8,1.4032061532606,1.4305708284607548,1.6931598091697686,1.7045732844190236
Grid:Vmax,composition,n75,9,0.4507851536,0.5114507762244421,0.4011659956276336,0.42318637918983937
Grid:Vmax,composition,n75,10,0.387116973,0.4329138571561205,0.6040497983385438,0.5591416083776445
Grid:Vmax,composition,n75,11,0.6510550260000001,0.865519750951513,0.8443533777250232,0.7797088599520567
Grid:Vmax,composition,n75,12,0.9720691739999999,1.4780024782936074,1.474418209185947,1.4226515864818594
Grid:Vmax,composition,n75,13,1.66451229518,2.65609497160474,2.576940413431871,2.5568599266285355
Grid:Vmax,composition,n75,14,0.642128274,0.6158143692895919,0.6158090863592705,0.634779568784759
Grid:Vmax,composition,n75,15,0.44437984599999997,0.1569899308679502,0.13749234945058758,0.1299713963263252
Grid:Vmax,composition,n75,16,0.502505736,0.20777476831930414,0.18333272673352072,0.17519854388917866
Grid:Vmax,composition,n75,17,0.827206853,0.4184947756996582,0.34384862008256845,0.33529754792840566
Grid:Vmax,composition,n75,18,1.479965675,0.5956203807608959,0.610316823475247,0.6016754326810927
Grid:Vmax,composition,n75,19,0.4105959,0.30562707380620924,0.16818713696388993,0.159855980243714
Grid:Vmax,composition,n75,20,0.7557376122,0.384995543538651,0.26748698414419064,0.2599427926526504
Grid:Vmax,composition,n75,21,0.8705703700800002,0.429902151700502,0.358184336537697,0.3503970877783573
Grid:Vmax,composition,n75,22,1.1533150766754319,0.6186787561338014,0.678380173982413,0.6705950958568113
Grid:Vmax,composition,n75,23,1.1138047443280001,1.0705017143276279,1.2110285713959046,1.2033508653621854
Grid:Vmax,composition,n75,24,0.500302137,0.41088098779233523,0.32718350257708717,0.319711960487428
Grid:Vmax,composition,n75,25,0.4695109384854026,0.3703190267984948,0.39628649438676256,0.3899141889789757
Grid:Vmax,composition,n75,26,1.1530590316270004,0.513150426241514,0.5319500152080618,0.525595631667536
Grid:Vmax,composition,n75,27,1.3172022048156284,0.9348126332619935,1.012122193456547,1.0058926437852171
Grid:Vmax,composition,n75,28,2.955436008826438,1.6235738848423815,1.8112100728123712,1.8050262980432779
Grid:Vmax,composition,n75,29,0.37284208869228813,0.5056338837945534,0.48580896732685686,0.479567940731142
Grid:Vmax,composition,n75,30,0.083140201,0.37919329025095666,0.3793798018774647,0.28626325563978355
Grid:Vmax,composition,n75,31,0.093954329,0.45671067935873433,0.4817598097247653,0.4168039204695652
Grid:Vmax,composition,n75,32,0.394078884,0.9009160186868957,0.8471582908048169,0.7794838291439088
Grid:Vmax,composition,n75,33,0.526035667,1.2164048609434623,1.3075158130645248,1.3705533817747353
Grid:Vmax,composition,n75,34,0.236082521,0.4886757733429915,0.42696282869743934,0.35581679532575633
Grid:Vmax,composition,n75,35,0.8022848834824801,0.8282490447699421,0.8100726745594073,0.5725265112795671
Grid:Vmax,composition,n75,36,0.7358307008352988,1.0245192466199429,1.0340482918131046,0.8336078409391304
Grid:Vmax,composition,n75,37,0.9742514662627703,1.8829936375164156,1.7586898195465286,1.5589676582878176
Grid:Vmax,composition,n75,38,1.6313950376962256,2.8145657505152357,2.8085893780054243,2.7411067635494706
Grid:Vmax,composition,n75,39,0.7145707700900724,0.7574940239184271,0.7189168587179745,0.7116335906515127
Grid:Vmax,composition,n75,40,0.7071771027766798,0.6527542235666428,0.8017237271344345,0.8587897669193506
Grid:Vmax,composition,n75,41,0.9772400026807279,1.228684172899099,1.308026923301075,1.2504117614086956
Grid:Vmax,composition,n75,42,1.4344806993118948,2.4657380302060967,2.3858676321200485,2.3384514874317257
Grid:Vmax,composition,n75,43,3.0253178457773857,4.286371439573912,4.262852201737601,4.111660145324206
Grid:Vmax,composition,n75,44,0.525589233476531,0.9177168801235986,0.9345653217027086,1.0674503859772688
Grid:Vmax,composition,n75,45,0.287928105,0.2424104463484834,0.2778121025664337,0.25332683342094686
Grid:Vmax,composition,n75,46,0.31809033000000003,0.2839050736189806,0.3864925882732207,0.3620073191277339
Grid:Vmax,composition,n75,47,0.690526634,0.5907057975236752,0.6017934372478883,0.5773081681024014
Grid:Vmax,composition,n75,48,0.533155744,0.9069863515544658,1.0884658424264448,1.063980573280958
Grid:Vmax,composition,n75,49,0.394374792,0.3015319908247698,0.32489652879728187,0.30041125965179505
Grid:Vmax,composition,n75,50,0.8888664110728276,0.636317645390679,0.5311389359873806,0.5066536668418937
Grid:Vmax,composition,n75,51,1.0093177469814805,0.7308458008922762,0.7484999074009546,0.7240146382554677
Grid:Vmax,composition,n75,52,2.0464533740231103,1.257228445208802,1.1791016053502896,1.1546163362048028
Grid:Vmax,composition,n75,53,3.621934801234235,2.013764105722735,2.1524464157074026,2.127961146561916
Grid:Vmax,composition,n75,54,0.6871466628339677,0.6579904025255078,0.625307788449077,0.6008225193035901
Grid:Vmax,composition,n75,55,0.7091969650382516,0.6032951653214704,0.7844657694083275,0.7599805002628406
Grid:Vmax,composition,n75,56,1.11644715675359,0.948417556313122,1.1105072265286886,1.0860219573832017
Grid:Vmax,composition,n75,57,2.632262983143599,1.7855689467353368,1.7564097734526911,1.7319245043072042
Grid:Vmax,composition,n75,58,4.56586646613916,3.329361338148662,3.216426988988361,3.1919417198428746
Grid:Vmax,composition,n75,59,0.9962307836408405,0.9403644374620226,0.9257190481008721,0.9012337789553853
Grid:Vmax,composition,n75,60,0.23311881,0.45602392000704284,0.6186330354817114,0.6111342796705652
Grid:Vmax,composition,n75,61,0.30413902200000004,0.6708341967956241,0.8197704568314127,0.8482505709297531
Grid:Vmax,composition,n75,62,0.577519998,1.5400916829729319,1.3905449713072318,1.4650684274677575
Grid:Vmax,composition,n75,63,0.883541279,2.012109352592457,2.2100521479601976,2.570844657695933
Grid:Vmax,composition,n75,64,0.23009156690000002,0.806295120328092,0.6246216959476859,0.6270536300405248
Grid:Vmax,composition,n75,65,0.6216423885079015,0.88571922780116,1.2803215418839498,1.2222685593411304
Grid:Vmax,composition,n75,66,0.725208455434742,1.4054430096928008,1.7335048127201491,1.6965011418595062
Grid:Vmax,composition,n75,67,1.5648391052132387,3.5744491229182707,3.1500584461761947,2.930136854935515
Grid:Vmax,composition,n75,68,2.5540695873143746,5.660407297205428,5.4622528074769825,5.141689315391866
Grid:Vmax,composition,n75,69,0.6762729675462515,1.4928775116604966,1.247430805231135,1.2541072600810497
Grid:Vmax,composition,n75,70,0.5466172864932111,0.8872880381092918,1.6451659717416403,1.8334028390116954
Grid:Vmax,composition,n75,71,0.9351560245233326,1.7453115593213828,2.3714415046072794,2.544751712789259
Grid:Vmax,composition,n75,72,1.9434400298290089,4.887751566186488,4.43239225320542,4.395205282403273
Grid:Vmax,composition,n75,73,3.917120256506231,7.710799280950731,7.731137216941349,7.712533973087799
Grid:Vmax,composition,n75,74,1.2426230104116622,2.295492717774563,1.8581967867318703,1.8811608901215744
Grid:Vmax,force,n75,0,0.26391862899999996,0.35307194794243724,0.2820065093483768,0.15770556384375212
Grid:Vmax,force,n75,1,0.375450978,0.3661443961038289,0.315917628701194,0.22157969914019338
Grid:Vmax,force,n75,2,0.806323384,0.280411693760703,0.3904635647450548,0.39386693630634345
Grid:Vmax,force,n75,3,0.90553173,0.5296715566422827,0.7026696015586323,0.7220623976918817
Grid:Vmax,force,n75,4,0.633048541,0.20851215118910776,0.2172722094047107,0.1808305360603666
Grid:Vmax,force,n75,5,0.5722335688,0.3179561271532845,0.2986883280331024,0.28985652907302345
Grid:Vmax,force,n75,6,0.6900451627862,0.4966039940343453,0.47732926776747364,0.4684974688073947
Grid:Vmax,force,n75,7,0.6333668375999999,0.8965792104756207,0.8660611517823511,0.8572293528222722
Grid:Vmax,force,n75,8,1.4032061532606,1.3593903208142333,1.603632570496038,1.594800771535959
Grid:Vmax,force,n75,9,0.4507851536,0.5983829821667104,0.41266525459857994,0.403833455638501
Grid:Vmax,force,n75,10,0.387116973,0.3556891348425465,0.7103880732567369,0.7120628221741724
Grid:Vmax,force,n75,11,0.6510550260000001,0.70132510432167,0.900883799436001,0.9025585483534365
Grid:Vmax,force,n75,12,0.9720691739999999,1.6806631478749385,1.4632631740122193,1.4649379229296546
Grid:Vmax,force,n75,13,1.66451229518,2.2106558622893884,2.3161294672299957,2.3178042161474313
Grid:Vmax,force,n75,14,0.642128274,0.9782666096524363,0.6980898581632641,0.6997646070806995
Grid:Vmax,force,n75,15,0.44437984599999997,0.48222701620231295,0.37293804663649954,0.15770556384375212
Grid:Vmax,force,n75,16,0.502505736,0.6532373208394874,0.46407139486891524,0.22157969914019338
Grid:Vmax,force,n75,17,0.827206853,0.6735904553184712,0.5457483208561162,0.39386693630634345
Grid:Vmax,force,n75,18,1.479965675,0.8906837376689998,0.7476945422048736,0.7220623976918817
Grid:Vmax,force,n75,19,0.4105959,0.188742326441306,0.18641518488686343,0.1808305360603666
Grid:Vmax,force,n75,20,0.7557376122,0.4428614778505716,0.2986883280331024,0.28985652907302345
Grid:Vmax,force,n75,21,0.8705703700800002,0.7478969598604341,0.47732926776747364,0.4684974688073947
Grid:Vmax,force,n75,22,1.1533150766754319,1.1004515937964783,0.8660611517823511,0.8572293528222722
Grid:Vmax,force,n75,23,1.1138047443280001,2.0553449245863775,1.603632570496038,1.594800771535959
Grid:Vmax,force,n75,24,0.500302137,0.44638421786040827,0.41266525459857994,0.403833455638501
Grid:Vmax,force,n75,25,0.4695109384854026,0.3556891348425465,0.7103880732567369,0.7120628221741724
Grid:Vmax,force,n75,26,1.1530590316270004,0.70132510432167,0.900883799436001,0.9025585483534365
Grid:Vmax,force,n75,27,1.3172022048156284,1.6806631478749385,1.4632631740122193,1.4649379229296546
Grid:Vmax,force,n75,28,2.955436008826438,2.2106558622893884,2.3161294672299957,2.3178042161474313
Grid:Vmax,force,n75,29,0.37284208869228813,0.9782666096524363,0.6980898581632641,0.6997646070806995
Grid:Vmax,force,n75,30,0.083140201,0.5152350230395923,0.35756482426776104,0.25534709805409583
Grid:Vmax,force,n75,31,0.093954329,0.4219369451038978,0.35594753791227773,0.358768148593697
Grid:Vmax,force,n75,32,0.394078884,0.32875920251292134,0.46404326744537444,0.6377249905077882
Grid:Vmax,force,n75,33,0.526035667,0.697092600597782,0.945608438705175,1.1691187892855626
Grid:Vmax,force,n75,34,0.236082521,0.11607095782829063,0.21742990004958296,0.2927896232521568
Grid:Vmax,force,n75,35,0.8022848834824801,0.3934563437204197,0.4115712238950206,0.40273942493494164
Grid:Vmax,force,n75,36,0.7358307008352988,0.5339950318755826,0.6597828117745296,0.6509510128144507
Grid:Vmax,force,n75,37,0.9742514662627703,0.9972434995962549,1.1999040087084332,1.1910722097483541
Grid:Vmax,force,n75,38,1.6313950376962256,1.8450521821445198,2.2247182158307566,2.2158864168706778
Grid:Vmax,force,n75,39,0.7145707700900724,0.4204575097112698,0.5699357844851605,0.5611039855250816
Grid:Vmax,force,n75,40,0.7071771027766798,0.4770801469551028,0.9770061871270582,0.9786809360444937
Grid:Vmax,force,n75,41,0.9772400026807279,0.9557086779483978,1.2388293434608622,1.2405040923782975
Grid:Vmax,force,n75,42,1.4344806993118948,2.3118728811074116,2.0117807679459103,2.013455516863346
Grid:Vmax,force,n75,43,3.0253178457773857,3.045794280317163,3.1839863039948146,3.18566105291225
Grid:Vmax,force,n75,44,0.525589233476531,1.3392107366817347,0.9601031439059471,0.9617778928233826
Grid:Vmax,force,n75,45,0.287928105,0.5294245061028459,0.4203488624220961,0.3009896652126627
Grid:Vmax,force,n75,46,0.31809033000000003,0.6167792178767184,0.6123281935513505,0.4228969342401013
Grid:Vmax,force,n75,47,0.690526634,1.1612606790844615,1.0808186487400873,0.7517165178435783
Grid:Vmax,force,n75,48,0.533155744,1.8187849126508144,1.722797241752147,1.3780954460126498
Grid:Vmax,force,n75,49,0.394374792,0.3638733616490816,0.49290728089688574,0.345124935243002
Grid:Vmax,force,n75,50,0.8888664110728276,0.47338359431237303,0.4725274078427245,0.46369560888264555
Grid:Vmax,force,n75,51,1.0093177469814805,0.7011450177198894,0.7583067883742172,0.7494749894141383
Grid:Vmax,force,n75,52,2.0464533740231103,1.614450341312954,1.3801774366802468,1.3713456377201678
Grid:Vmax,force,n75,53,3.621934801234235,2.517776128453709,2.5601012741340425,2.5512694751739637
Grid:Vmax,force,n75,54,0.6871466628339677,0.7043620161709911,0.6548610628111694,0.6460292638510905
Grid:Vmax,force,n75,55,0.7091969650382516,0.5430346954010747,1.1190289164586857,1.120703665376121
Grid:Vmax,force,n75,56,1.11644715675359,1.0939211653364003,1.418846926779364,1.4205216756967993
Grid:Vmax,force,n75,57,2.632262983143599,2.654823748766781,2.3039663387086318,2.3056410876260673
Grid:Vmax,force,n75,58,4.56586646613916,3.4995443256651075,3.6462782122122794,3.647952961129715
Grid:Vmax,force,n75,59,0.9962307836408405,1.5353200408068999,1.0996729631584479,1.1013477120758832
Grid:Vmax,force,n75,60,0.23311881,0.36168974819824073,0.2865363991287278,0.29463326531945233
Grid:Vmax,force,n75,61,0.30413902200000004,0.37962955115469976,0.3965721099688105,0.413966056079406
Grid:Vmax,force,n75,62,0.577519998,0.6497972885477065,0.725656925286956,0.7358415183137129
Grid:Vmax,force,n75,63,0.883541279,1.2210180714420134,1.332559232297505,1.348992367873142
Grid:Vmax,force,n75,64,0.23009156690000002,0.35446526258592453,0.35029929550766753,0.3378364720329019
Grid:Vmax,force,n75,65,0.6216423885079015,0.3844102426817859,0.4815568798762137,0.47272508091613474
Grid:Vmax,force,n75,66,0.725208455434742,0.6012411496903518,0.7729011975665356,0.7640693986064567
Grid:Vmax,force,n75,67,1.5648391052132387,1.325679675008719,1.406881435697791,1.398049636737712
Grid:Vmax,force,n75,68,2.5540695873143746,2.4214084740016615,2.6097817454058942,2.6009499464458155
Grid:Vmax,force,n75,69,0.6762729675462515,0.7480609557047554,0.6674410895766058,0.6586092906165268
Grid:Vmax,force,n75,70,0.5466172864932111,0.5535527801804625,1.1364562612516182,1.1381310101690536
Grid:Vmax,force,n75,71,0.9351560245233326,1.115962566485677,1.4409365493915058,1.4426112983089412
Grid:Vmax,force,n75,72,1.9434400298290089,2.709515750853047,2.339819886300382,2.3414946352178174
Grid:Vmax,force,n75,73,3.917120256506231,3.5719059983332215,3.7030051918823874,3.704679940799823
Grid:Vmax,force,n75,74,1.2426230104116622,1.5665945220279323,1.1167993159207656,1.118474064838201
Grid:Vmax,frequency,n75,0,0.26391862899999996,0.15176827603206078,0.15176827603206078,0.06334687869984008
Grid:Vmax,frequency,n75,1,0.375450978,0.33224565272143003,2.128525268236071,1.9188973473045834
Grid:Vmax,frequency,n75,2,0.806323384,1.0145387391051857,1.0145387391051857,0.9592434631509585
Grid:Vmax,frequency,n75,3,0.90553173,0.716366916748606,0.716366916748606,0.3888895366449792
Grid:Vmax,frequency,n75,4,0.633048541,1.3368551084956504,1.3368551084956504,1.2197632444852489
Grid:Vmax,frequency,n75,5,0.5722335688,0.26829421068381837,0.26829421068381837,0.12669375739968017
Grid:Vmax,frequency,n75,6,0.6900451627862,0.3895167497771167,3.903000510734077,3.837794694609167
Grid:Vmax,frequency,n75,7,0.6333668375999999,1.939918884692619,1.939918884692619,1.918486926301917
Grid:Vmax,frequency,n75,8,1.4032061532606,0.6893201289402006,0.6893201289402006,0.7777790732899584
Grid:Vmax,frequency,n75,9,0.4507851536,2.3423122129733818,2.3423122129733818,2.4395264889704977
Grid:Vmax,frequency,n75,10,0.387116973,0.3057951963924783,0.3057951963924783,0.19004063609952027
Grid:Vmax,frequency,n75,11,0.6510550260000001,0.43266848793219187,5.6749684264095075,5.75669204191375
Grid:Vmax,frequency,n75,12,0.9720691739999999,2.83801344022685,2.83801344022685,2.8777303894528754
Grid:Vmax,frequency,n75,13,1.66451229518,0.9639468544205446,0.9639468544205446,1.1666686099349377
Grid:Vmax,frequency,n75,14,0.642128274,3.2447544528221948,3.2447544528221948,3.6592897334557466
Grid:Vmax,frequency,n75,15,0.44437984599999997,0.17514501933123083,0.17514501933123083,0.06334687869984008
Grid:Vmax,frequency,n75,16,0.502505736,0.3734704225296045,2.192713495102306,1.9188973473045834
Grid:Vmax,frequency,n75,17,0.827206853,1.068207331218369,1.068207331218369,0.9592434631509585
Grid:Vmax,frequency,n75,18,1.479965675,0.661399052966385,0.661399052966385,0.3888895366449792
Grid:Vmax,frequency,n75,19,0.4105959,1.71932986428891,1.71932986428891,1.2197632444852489
Grid:Vmax,frequency,n75,20,0.7557376122,0.30275126212330555,0.30275126212330555,0.12669375739968017
Grid:Vmax,frequency,n75,21,0.8705703700800002,0.5734402177949796,3.997189412075,3.837794694609167
Grid:Vmax,frequency,n75,22,1.1533150766754319,1.9547016188016526,1.9547016188016526,1.918486926301917
Grid:Vmax,frequency,n75,23,1.1138047443280001,0.8671929859721103,0.8671929859721103,0.7777790732899584
Grid:Vmax,frequency,n75,24,0.500302137,2.155828992261175,2.155828992261175,2.4395264889704977
Grid:Vmax,frequency,n75,25,0.4695109384854026,0.3888519666463157,0.3888519666463157,0.19004063609952027
Grid:Vmax,frequency,n75,26,1.1530590316270004,0.4995226315266788,5.807545739217595,5.75669204191375
Grid:Vmax,frequency,n75,27,1.3172022048156284,2.9954960256573293,2.9954960256573293,2.8777303894528754
Grid:Vmax,frequency,n75,28,2.955436008826438,0.9758404398021292,0.9758404398021292,1.1666686099349377
Grid:Vmax,frequency,n75,29,0.37284208869228813,4.11176576283541,4.11176576283541,3.6592897334557466
Grid:Vmax,frequency,n75,30,0.083140201,0.12041616986393931,0.12041616986393931,0.09557257701570966
Grid:Vmax,frequency,n75,31,0.093954329,0.2209430894147339,2.7810931913237127,2.9322490001446924
Grid:Vmax,frequency,n75,32,0.394078884,1.3422409025313775,1.3422409025313775,1.4079622431971486
Grid:Vmax,frequency,n75,33,0.526035667,0.46969759144049084,0.46969759144049084,0.5367610706677138
Grid:Vmax,frequency,n75,34,0.236082521,1.428896320279705,1.428896320279705,1.8317128151314979
Grid:Vmax,frequency,n75,35,0.8022848834824801,0.30123577372647264,0.30123577372647264,0.19114515403141932
Grid:Vmax,frequency,n75,36,0.7358307008352988,0.5517429682683623,5.768612140819888,5.864498000289385
Grid:Vmax,frequency,n75,37,0.9742514662627703,2.7676185635088113,2.7676185635088113,2.815924486394297
Grid:Vmax,frequency,n75,38,1.6313950376962256,1.0016632675187356,1.0016632675187356,1.0735221413354277
Grid:Vmax,frequency,n75,39,0.7145707700900724,3.211146177143058,3.211146177143058,3.6634256302629957
Grid:Vmax,frequency,n75,40,0.7071771027766798,0.41207972215940053,0.41207972215940053,0.286717731047129
Grid:Vmax,frequency,n75,41,0.9772400026807279,0.6443694394186523,8.643585196626749,8.796747000434076
Grid:Vmax,frequency,n75,42,1.4344806993118948,4.207483954327133,4.207483954327133,4.223886729591445
Grid:Vmax,frequency,n75,43,3.0253178457773857,1.2965351426222766,1.2965351426222766,1.6102832120031416
Grid:Vmax,frequency,n75,44,0.525589233476531,5.2262351870468216,5.2262351870468216,5.495138445394493
Grid:Vmax,frequency,n75,45,0.287928105,0.16972025908798158,0.16972025908798158,0.11223186240949645
Grid:Vmax,frequency,n75,46,0.31809033000000003,0.3583890099689053,3.400967594401922,3.4451952551657326
Grid:Vmax,frequency,n75,47,0.690526634,1.578970400608375,1.578970400608375,1.6379676020503253
Grid:Vmax,frequency,n75,48,0.533155744,0.6751849956891502,0.6751849956891502,0.6074699898500597
Grid:Vmax,frequency,n75,49,0.394374792,1.5999429800705438,1.5999429800705438,2.126789492959227
Grid:Vmax,frequency,n75,50,0.8888664110728276,0.3547679342565041,0.3547679342565041,0.2244637248189929
Grid:Vmax,frequency,n75,51,1.0093177469814805,0.7920126052328196,7.169545869164536,6.890390510331465
Grid:Vmax,frequency,n75,52,2.0464533740231103,3.390306024968286,3.390306024968286,3.2759352041006506
Grid:Vmax,frequency,n75,53,3.621934801234235,1.5537071956435295,1.5537071956435295,1.2149399797001195
Grid:Vmax,frequency,n75,54,0.6871466628339677,4.9478580798968315,4.9478580798968315,4.253578985918454
Grid:Vmax,frequency,n75,55,0.7091969650382516,0.44826353683637693,0.44826353683637693,0.33669558722848936
Grid:Vmax,frequency,n75,56,1.11644715675359,0.9219406344070011,10.497594626758525,10.335585765497196
Grid:Vmax,frequency,n75,57,2.632262983143599,4.992372498453516,4.992372498453516,4.913902806150976
Grid:Vmax,frequency,n75,58,4.56586646613916,2.1231850270189163,2.1231850270189163,1.8224099695501788
Grid:Vmax,frequency,n75,59,0.9962307836408405,6.841179434539265,6.841179434539265,6.38036847887768
Grid:Vmax,frequency,n75,60,0.23311881,0.16619328230128183,0.16619328230128183,0.11332473488120055
Grid:Vmax,frequency,n75,61,0.30413902200000004,0.291869588958345,3.364768416147134,3.4577361123677015
Grid:Vmax,frequency,n75,62,0.577519998,1.6136457028383366,1.6136457028383366,1.6492595397104894
Grid:Vmax,frequency,n75,63,0.883541279,0.5497419037813303,0.5497419037813303,0.6010162941920167
Grid:Vmax,frequency,n75,64,0.23009156690000002,1.823338032108298,1.823338032108298,2.104993277968436
Grid:Vmax,frequency,n75,65,0.6216423885079015,0.31147337923520246,0.31147337923520246,0.2266494697624011
Grid:Vmax,frequency,n75,66,0.725208455434742,0.6279334012470629,6.888552078460516,6.915472224735403
Grid:Vmax,frequency,n75,67,1.5648391052132387,3.295226177893015,3.295226177893015,3.298519079420979
Grid:Vmax,frequency,n75,68,2.5540695873143746,1.3405043510106551,1.3405043510106551,1.2020325883840335
Grid:Vmax,frequency,n75,69,0.6762729675462515,4.190820189281021,4.190820189281021,4.209986555936872
Grid:Vmax,frequency,n75,70,0.5466172864932111,0.42539207884928326,0.42539207884928326,0.3399742046436017
Grid:Vmax,frequency,n75,71,0.9351560245233326,0.7311093836989611,10.254324176679834,10.373208337103103
Grid:Vmax,frequency,n75,72,1.9434400298290089,4.936333389670407,4.936333389670407,4.947778619131468
Grid:Vmax,frequency,n75,73,3.917120256506231,1.9300018696359753,1.9300018696359753,1.8030488825760502
Grid:Vmax,frequency,n75,74,1.2426230104116622,6.339093245087355,6.339093245087355,6.3149798339053085
Grid:rms_Voc,loo,n72,0,0.0285867300932331,0.03643514692289154,0.03466668109915651,0.02068860095342959
Grid:rms_Voc,loo,n72,1,0.04758108870069616,0.06268026840418997,0.061833896094018584,0.031422031900326455
Grid:rms_Voc,loo,n72,2,0.09970584338151171,0.0888569157170393,0.08430471094657413,0.04412550468322426
Grid:rms_Voc,loo,n72,3,0.12449860187870826,0.14590512561492447,0.14357437376649546,0.07890465390774534
Grid:rms_Voc,loo,n72,4,0.06728802355531271,0.056888871919201195,0.04941454480723047,0.02605349488958898
Grid:rms_Voc,loo,n72,5,0.04413070420233045,0.05046919797300732,0.05302972446081449,0.041423681084771936
Grid:rms_Voc,loo,n72,6,0.06288524587147142,0.0568348664150098,0.05856536660504079,0.0632128844034567
Grid:rms_Voc,loo,n72,7,0.08858324894292931,0.10381029569883363,0.1006255421936489,0.08989496319467039
Grid:rms_Voc,loo,n72,8,0.14464805659401586,0.13284507778579735,0.16614855992530597,0.16172682851534567
Grid:rms_Voc,loo,n72,9,0.06458239815053043,0.056642662160605525,0.05591157253592499,0.05246442365646555
Grid:rms_Voc,loo,n72,10,0.06096340286567238,0.06372595714928274,0.06961016947401025,0.06240974724886982
Grid:rms_Voc,loo,n72,11,0.10309990786795749,0.09229020682770218,0.09186175026777481,0.09389067327082522
Grid:rms_Voc,loo,n72,12,0.11646764333639503,0.12649069500663693,0.12535931639950518,0.13745406703661023
Grid:rms_Voc,loo,n72,13,0.19816971960190574,0.22049219486393923,0.22435027159342913,0.25217410459637857
Grid:rms_Voc,loo,n72,14,0.054410883145570466,0.07976258122003535,0.07097868668156035,0.08215391943480399
Grid:rms_Voc,loo,n72,15,0.051198809900038535,0.03936493674326469,0.0385560917576553,0.02047585256156994
Grid:rms_Voc,loo,n72,16,0.07477487482962646,0.05318201467801213,0.06139488872934255,0.03112290539740114
Grid:rms_Voc,loo,n72,17,0.11404227815252285,0.11411785573849433,0.11198040330527881,0.043922866547213724
Grid:rms_Voc,loo,n72,18,0.15396210578545416,0.11919243696085036,0.12469562054031894,0.07816974967280098
Grid:rms_Voc,loo,n72,19,0.05931999506358712,0.06803585349576519,0.07242968661112184,0.026138037995457514
Grid:rms_Voc,loo,n72,20,0.06265781094812338,0.05672990691251089,0.04659513306042665,0.04070732329043379
Grid:rms_Voc,loo,n72,21,0.06877412380526063,0.08036721351300574,0.08424679750897161,0.06294245768909994
Grid:rms_Voc,loo,n72,22,0.11713961371317501,0.10599662907364929,0.09486629204642877,0.08818600412815059
Grid:rms_Voc,loo,n72,23,0.1564763730463234,0.17867583950379953,0.17252270799606928,0.16043179771763955
Grid:rms_Voc,loo,n72,24,0.06493091158272947,0.0709561730486876,0.0631240227982893,0.05244908275866436
Grid:rms_Voc,loo,n72,25,0.06926367781436776,0.06442761181449158,0.0637653985718312,0.06164724785897364
Grid:rms_Voc,loo,n72,26,0.10133133054775115,0.10223957290419819,0.10663233939620845,0.0940830534404678
Grid:rms_Voc,loo,n72,27,0.13889884652540044,0.13562547701401112,0.13220792480832252,0.13411831518672324
Grid:rms_Voc,loo,n72,28,0.23779048252794935,0.20570455097933082,0.22370769418016642,0.2407103902186614
Grid:rms_Voc,loo,n72,29,0.08545289382525174,0.06576903193185378,0.07028240341362206,0.07883535402460763
Grid:rms_Voc,loo,n72,30,0.009760861316943245,0.03612673985122534,0.017304844282125836,0.028430448648801874
Grid:rms_Voc,loo,n72,31,0.014508188418088559,0.03673775132568221,0.031276113832691146,0.043336457873090796
Grid:rms_Voc,loo,n72,32,0.03661213381504203,0.06704505724740177,0.024956366135530643,0.06142437215532801
Grid:rms_Voc,loo,n72,33,0.05173321710386965,0.08413478858576989,0.09676698959046706,0.11011308691847667
Grid:rms_Voc,loo,n72,34,0.033288813695527796,0.03544210961738764,0.0067692948884985685,0.03593391578066818
Grid:rms_Voc,loo,n72,35,0.06215695226201519,0.0418241800419298,0.043797794728540326,0.05584802513785978
Grid:rms_Voc,loo,n72,36,0.08430580345539967,0.08014159620670624,0.10075809020222878,0.08572044171773469
Grid:rms_Voc,loo,n72,37,0.14015088192737288,0.11183365577304505,0.10380712710973272,0.1197929432482357
Grid:rms_Voc,loo,n72,38,0.18613447552206322,0.18536044580529998,0.22208383509879898,0.220878446258478
Grid:rms_Voc,loo,n72,39,0.06196232957271379,0.06629225827982795,0.053157019406719644,0.07255317717618517
Grid:rms_Voc,loo,n72,40,0.06556874834127399,0.0901219653077315,0.08921577103536352,0.08761978522899828
Grid:rms_Voc,loo,n72,41,0.1269725677875253,0.11338083751908876,0.12159625186713624,0.12871132804753388
Grid:rms_Voc,loo,n72,42,0.17011573761311774,0.2145539453820789,0.16881248311324734,0.18587030519420747
Grid:rms_Voc,loo,n72,43,0.27313629962814373,0.30927630322758276,0.32010597427896176,0.3440874058746943
Grid:rms_Voc,loo,n72,44,0.08560325096733562,0.1088991650332523,0.08417196492569343,0.11210421896596232
Grid:rms_Voc,loo,n72,45,0.037556732705441444,0.021219456077969948,0.0300518556712705,0.03217074634580155
Grid:rms_Voc,loo,n72,46,0.04360056804280307,0.03342888815017262,0.05187412187444549,0.04924976148580724
Grid:rms_Voc,loo,n72,47,0.04924463602686128,0.05253793234226651,0.03435969552089983,0.07036913894976152
Grid:rms_Voc,loo,n72,48,0.061947249263179266,0.14251834692094786,0.139701722106387,0.12671844362781898
Grid:rms_Voc,loo,n72,49,0.05520203246912867,0.02872037074679562,0.008250807605421046,0.04085704434833527
Grid:rms_Voc,loo,n72,50,0.06464104772693736,0.07904772605595917,0.06807062235407446,0.06455304587801235
Grid:rms_Voc,loo,n72,51,0.1061907400375857,0.10567038392350958,0.10662694368118265,0.097510792234687
Grid:rms_Voc,loo,n72,53,0.3247159319617053,0.2592580061824639,0.2457199165705577,0.23645325823188804
Grid:rms_Voc,loo,n72,55,0.10129747255604984,0.0860458236074689,0.10483032980814114,0.09584462755631339
Grid:rms_Voc,loo,n72,56,0.16435945135408164,0.1343279997256577,0.14890077192147505,0.14333958721846024
Grid:rms_Voc,loo,n72,57,0.23351523325410375,0.2879155485555512,0.24379598599736396,0.20231836289050253
Grid:rms_Voc,loo,n72,58,0.4337970382398568,0.3299979644403818,0.3680561346246307,0.3456018407544876
Grid:rms_Voc,loo,n72,59,0.137571433960762,0.1759406664872708,0.16005902287714188,0.11996426420815572
Grid:rms_Voc,loo,n72,60,0.027809194807435544,0.04132049746005324,0.02783895252126345,0.033350232881643176
Grid:rms_Voc,loo,n72,61,0.03376385751429354,0.0381216211644857,0.04682287775201417,0.05102218978114379
Grid:rms_Voc,loo,n72,62,0.06472638287800421,0.06800427170573042,0.0523853288121494,0.07210927497261109
Grid:rms_Voc,loo,n72,63,0.09895912208822974,0.10910718171945781,0.12745190120747812,0.13105258278257184
Grid:rms_Voc,loo,n72,64,0.032306508405576646,0.049310821506261655,0.028758018592994265,0.042662332332762905
Grid:rms_Voc,loo,n72,65,0.07333766405647854,0.05663670993184791,0.056017542601818515,0.0657234059499333
Grid:rms_Voc,loo,n72,66,0.08429763716173058,0.08867079549750988,0.10018021864341779,0.10315519031040726
Grid:rms_Voc,loo,n72,67,0.14387655045817369,0.13898488241816268,0.13703024749211032,0.14368296456461085
Grid:rms_Voc,loo,n72,68,0.2713050081144946,0.2299452518129594,0.2506168528201662,0.24730726014203738
Grid:rms_Voc,loo,n72,69,0.09371781676772084,0.09110339003197437,0.09045552212095605,0.08367971801625397
Grid:rms_Voc,loo,n72,70,0.08715895279312774,0.09880243865430809,0.10285170336665403,0.10306731638202023
Grid:rms_Voc,loo,n72,71,0.13480771178358023,0.1076441376028045,0.13149668391738464,0.15714881686211057
Grid:rms_Voc,loo,n72,72,0.1801699290495756,0.259567827579877,0.22239079881794982,0.23225733477779936
Grid:rms_Voc,loo,n72,74,0.11806648579826695,0.1600774908403986,0.13118584572697428,0.13010306899159438
Grid:rms_Voc,composition,n72,0,0.0285867300932331,0.036047725390720646,0.04075270869276216,0.021578125566670173
Grid:rms_Voc,composition,n72,1,0.04758108870069616,0.05279904042343066,0.055135806342696575,0.032552364379056925
Grid:rms_Voc,composition,n72,2,0.09970584338151171,0.08845708560280552,0.07119995712952017,0.04679784604606658
Grid:rms_Voc,composition,n72,3,0.12449860187870826,0.11610349716898666,0.10860610908464162,0.08465567784990283
Grid:rms_Voc,composition,n72,4,0.06728802355531271,0.051171785606332405,0.04906665718492664,0.027698882714585066
Grid:rms_Voc,composition,n72,5,0.04413070420233045,0.04892578902947324,0.05090570048355833,0.043156251133340345
Grid:rms_Voc,composition,n72,6,0.06288524587147142,0.06540402800630443,0.07268066026716585,0.06510472875811385
Grid:rms_Voc,composition,n72,7,0.08858324894292931,0.1184641086024025,0.10044802447311094,0.09359569209213316
Grid:rms_Voc,composition,n72,8,0.14464805659401586,0.16273225508417033,0.17514292724669067,0.16931135569980565
Grid:rms_Voc,composition,n72,9,0.06458239815053043,0.06974899370660867,0.06020630912841094,0.05539776542917013
Grid:rms_Voc,composition,n72,10,0.06096340286567238,0.05690050948617252,0.06621250857942991,0.06473437670001052
Grid:rms_Voc,composition,n72,11,0.10309990786795749,0.08762940513902748,0.09826730679794991,0.09765709313717078
Grid:rms_Voc,composition,n72,12,0.11646764333639503,0.15592063049625085,0.14007535019281891,0.14039353813819974
Grid:rms_Voc,composition,n72,13,0.19816971960190574,0.2343909398207914,0.25298554179324223,0.25396703354970845
Grid:rms_Voc,composition,n72,14,0.054410883145570466,0.09671724954669816,0.08190207824934331,0.0830966481437552
Grid:rms_Voc,composition,n72,15,0.051198809900038535,0.006775850806106721,0.015458581746572985,0.017903768731162152
Grid:rms_Voc,composition,n72,16,0.07477487482962646,0.01006176415235627,0.02423588402078887,0.027790028587616422
Grid:rms_Voc,composition,n72,17,0.11404227815252285,0.030413354138937834,0.034926699647760934,0.039264628989148745
Grid:rms_Voc,composition,n72,18,0.15396210578545416,0.04191385933264938,0.06563664975498025,0.07186143175051883
Grid:rms_Voc,composition,n72,19,0.05931999506358712,0.018479069199961756,0.021252816492572935,0.023239257737183994
Grid:rms_Voc,composition,n72,20,0.06265781094812338,0.0326882397190465,0.03591247272192616,0.035807537462324304
Grid:rms_Voc,composition,n72,21,0.06877412380526063,0.04585196118782582,0.05555854442129119,0.055580057175232844
Grid:rms_Voc,composition,n72,22,0.11713961371317501,0.0804882100096564,0.0776928801980697,0.07852925797829749
Grid:rms_Voc,composition,n72,23,0.1564763730463234,0.0995211346143249,0.13827645429722307,0.14372286350103766
Grid:rms_Voc,composition,n72,24,0.06493091158272947,0.03439723577289176,0.04319478761152418,0.04647851547436799
Grid:rms_Voc,composition,n72,25,0.06926367781436776,0.03806328861342783,0.05219750157918705,0.053711306193486456
Grid:rms_Voc,composition,n72,26,0.10133133054775115,0.0683075534872542,0.08270683958162757,0.08337008576284927
Grid:rms_Voc,composition,n72,27,0.13889884652540044,0.11106367146242366,0.11497960581328184,0.11779388696744623
Grid:rms_Voc,composition,n72,28,0.23779048252794935,0.15762516048841826,0.20844249785543287,0.2155842952515565
Grid:rms_Voc,composition,n72,29,0.08545289382525174,0.05602923797659503,0.06525014855015433,0.069717773211552
Grid:rms_Voc,composition,n72,30,0.009760861316943245,0.04711384190342248,0.04514667565087985,0.03351325973673982
Grid:rms_Voc,composition,n72,31,0.014508188418088559,0.06382983875504372,0.0633328627863143,0.04991546040209374
Grid:rms_Voc,composition,n72,32,0.03661213381504203,0.08888639942883185,0.08338714062446151,0.0711258916345483
Grid:rms_Voc,composition,n72,33,0.05173321710386965,0.11760200076199537,0.1314940710541814,0.12843209487611154
Grid:rms_Voc,composition,n72,34,0.033288813695527796,0.06732408664840485,0.05740072996368165,0.043691600553317646
Grid:rms_Voc,composition,n72,35,0.06215695226201519,0.0660074360452519,0.07015070260651587,0.06702651947347964
Grid:rms_Voc,composition,n72,36,0.08430580345539967,0.09899079897165577,0.10415607418183016,0.09983092080418748
Grid:rms_Voc,composition,n72,37,0.14015088192737288,0.1676425980918866,0.15612528718806507,0.1422517832690966
Grid:rms_Voc,composition,n72,38,0.18613447552206322,0.26995218357898115,0.2697574591126332,0.2568641897522231
Grid:rms_Voc,composition,n72,39,0.06196232957271379,0.10819453108379345,0.09934050686314651,0.08738320110663529
Grid:rms_Voc,composition,n72,40,0.06556874834127399,0.09248447028462227,0.10080599818493202,0.10053977921021946
Grid:rms_Voc,composition,n72,41,0.1269725677875253,0.14703508284327454,0.15294836198716377,0.14974638120628123
Grid:rms_Voc,composition,n72,42,0.17011573761311774,0.23077873370151497,0.21567355746316857,0.21337767490364487
Grid:rms_Voc,composition,n72,43,0.27313629962814373,0.3876590300323362,0.38532426461453273,0.3852962846283346
Grid:rms_Voc,composition,n72,44,0.08560325096733562,0.13750668333900073,0.12972121812373943,0.13107480165995292
Grid:rms_Voc,composition,n72,45,0.037556732705441444,0.023675586216593728,0.03251896005581502,0.028749394226669767
Grid:rms_Voc,composition,n72,46,0.04360056804280307,0.03987300549038429,0.0465950733092596,0.04282550748011435
Grid:rms_Voc,composition,n72,47,0.04924463602686128,0.07961996533398998,0.06538918406339851,0.061619618234253264
Grid:rms_Voc,composition,n72,48,0.061947249263179266,0.09987534762301783,0.1060789404021973,0.10230937457305204
Grid:rms_Voc,composition,n72,49,0.05520203246912867,0.05340858449052065,0.039569602712795714,0.035800036883650466
Grid:rms_Voc,composition,n72,50,0.06464104772693736,0.0397977252180626,0.06126835428248478,0.057498788453339535
Grid:rms_Voc,composition,n72,51,0.1061907400375857,0.07219256376564373,0.08942058078937395,0.0856510149602287
Grid:rms_Voc,composition,n72,53,0.3247159319617053,0.19219724803091082,0.20838831497524934,0.2046187491461041
Grid:rms_Voc,composition,n72,55,0.10129747255604984,0.055919864219531476,0.09001774850915455,0.08624818268000929
Grid:rms_Voc,composition,n72,56,0.16435945135408164,0.10451212204090317,0.1322460882694883,0.12847652244034305
Grid:rms_Voc,composition,n72,57,0.23351523325410375,0.22375300157172023,0.18862842053190504,0.18485885470275978
Grid:rms_Voc,composition,n72,58,0.4337970382398568,0.2845191484388038,0.3106976895483014,0.3069281237191562
Grid:rms_Voc,composition,n72,59,0.137571433960762,0.14511885904131228,0.11116967648009664,0.10740011065095138
Grid:rms_Voc,composition,n72,60,0.027809194807435544,0.05719388495467159,0.06274807704862041,0.058469177924326744
Grid:rms_Voc,composition,n72,61,0.03376385751429354,0.08226194017675337,0.09120449907226114,0.09156634057886437
Grid:rms_Voc,composition,n72,62,0.06472638287800421,0.1390727890794412,0.1205410299640001,0.13085726185471425
Grid:rms_Voc,composition,n72,63,0.09895912208822974,0.1842720443721176,0.20298224890943767,0.22079467685257348
Grid:rms_Voc,composition,n72,64,0.032306508405576646,0.10241783894755203,0.07713640891028659,0.07517812723292511
Grid:rms_Voc,composition,n72,65,0.07333766405647854,0.08557402650667925,0.11436102231760303,0.11693835584865349
Grid:rms_Voc,composition,n72,66,0.08429763716173058,0.15050263710310194,0.18212944929661146,0.18313268115772874
Grid:rms_Voc,composition,n72,67,0.14387655045817369,0.3245341948426888,0.2721876587745903,0.2617145237094285
Grid:rms_Voc,composition,n72,68,0.2713050081144946,0.4708318336082368,0.46129640124875015,0.44158935370514696
Grid:rms_Voc,composition,n72,69,0.09371781676772084,0.21189100266699223,0.1644746926226619,0.15035625446585021
Grid:rms_Voc,composition,n72,70,0.08715895279312774,0.13084859693443046,0.17416365571867926,0.1754075337729802
Grid:rms_Voc,composition,n72,71,0.13480771178358023,0.22107713223169004,0.27159009321181626,0.27469902173659305
Grid:rms_Voc,composition,n72,72,0.1801699290495756,0.44404388710752396,0.3908333120316789,0.3925717855641427
Grid:rms_Voc,composition,n72,74,0.11806648579826695,0.2819207844838927,0.22822425088121354,0.2255343816987753
Grid:rms_Voc,force,n72,0,0.0285867300932331,0.032029803150168054,0.0245306790747104,0.01897393671440349
Grid:rms_Voc,force,n72,1,0.04758108870069616,0.03233811978089115,0.03131902108644779,0.029193594961431993
Grid:rms_Voc,force,n72,2,0.09970584338151171,0.05883188938799008,0.05017509058482944,0.041064744173373004
Grid:rms_Voc,force,n72,3,0.12449860187870826,0.07809059159124988,0.08163863763924847,0.07539177969614526
Grid:rms_Voc,force,n72,4,0.06728802355531271,0.047178848715941975,0.04250373860184223,0.02381440410706303
Grid:rms_Voc,force,n72,5,0.04413070420233045,0.04563940350869405,0.04365527016554201,0.04106765164055953
Grid:rms_Voc,force,n72,6,0.06288524587147142,0.07340466617220223,0.06874106319952066,0.06615344467453818
Grid:rms_Voc,force,n72,7,0.08858324894292931,0.11096965281673131,0.09341175485102143,0.09082413632603896
Grid:rms_Voc,force,n72,8,0.14464805659401586,0.16019999427110881,0.1611721375074529,0.15858451898247042
Grid:rms_Voc,force,n72,9,0.06458239815053043,0.06297698242198166,0.05633572533672759,0.05374810681174512
Grid:rms_Voc,force,n72,10,0.06096340286567238,0.04524127313981086,0.07965248991476707,0.0787662913105534
Grid:rms_Voc,force,n72,11,0.10309990786795749,0.08710660889269271,0.10591923594033911,0.10503303733612544
Grid:rms_Voc,force,n72,12,0.11646764333639503,0.19527973115047031,0.1668304355913478,0.16594423698713415
Grid:rms_Voc,force,n72,13,0.19816971960190574,0.2630247397950495,0.2772356412731408,0.27634944266892714
Grid:rms_Voc,force,n72,14,0.054410883145570466,0.13000279818372545,0.10228510124665084,0.10139890264243717
Grid:rms_Voc,force,n72,15,0.051198809900038535,0.043025353985385234,0.03509968618198814,0.01897393671440349
Grid:rms_Voc,force,n72,16,0.07477487482962646,0.035806516409966196,0.037817892223246295,0.029193594961431993
Grid:rms_Voc,force,n72,17,0.11404227815252285,0.07543351850297378,0.06354073171183913,0.041064744173373004
Grid:rms_Voc,force,n72,18,0.15396210578545416,0.08352405712934445,0.08188958376921071,0.07539177969614526
Grid:rms_Voc,force,n72,19,0.05931999506358712,0.04627310687031406,0.03613960441634184,0.02381440410706303
Grid:rms_Voc,force,n72,20,0.06265781094812338,0.05630093324726322,0.04365527016554201,0.04106765164055953
Grid:rms_Voc,force,n72,21,0.06877412380526063,0.08340345668760402,0.06874106319952066,0.06615344467453818
Grid:rms_Voc,force,n72,22,0.11713961371317501,0.1252089831701949,0.09341175485102143,0.09082413632603896
Grid:rms_Voc,force,n72,23,0.1564763730463234,0.18364891824888108,0.1611721375074529,0.15858451898247042
Grid:rms_Voc,force,n72,24,0.06493091158272947,0.07226009562689,0.05633572533672759,0.05374810681174512
Grid:rms_Voc,force,n72,25,0.06926367781436776,0.04524127313981086,0.07965248991476707,0.0787662913105534
Grid:rms_Voc,force,n72,26,0.10133133054775115,0.08710660889269271,0.10591923594033911,0.10503303733612544
Grid:rms_Voc,force,n72,27,0.13889884652540044,0.19527973115047031,0.1668304355913478,0.16594423698713415
Grid:rms_Voc,force,n72,28,0.23779048252794935,0.2630247397950495,0.2772356412731408,0.27634944266892714
Grid:rms_Voc,force,n72,29,0.08545289382525174,0.13000279818372545,0.10228510124665084,0.10139890264243717
Grid:rms_Voc,force,n72,30,0.009760861316943245,0.044891462579981035,0.03806346302630278,0.028168224904713466
Grid:rms_Voc,force,n72,31,0.014508188418088559,0.04470529239322855,0.04712154435857921,0.043340070172494985
Grid:rms_Voc,force,n72,32,0.03661213381504203,0.08831998655017086,0.07744201809137707,0.0609636770134267
Grid:rms_Voc,force,n72,33,0.05173321710386965,0.10060151180086528,0.10313426242391623,0.11192472276117181
Grid:rms_Voc,force,n72,34,0.033288813695527796,0.03609182390309228,0.03417518450098267,0.035354259949136366
Grid:rms_Voc,force,n72,35,0.06215695226201519,0.04094974785689093,0.057141419327193015,0.05455380080221054
Grid:rms_Voc,force,n72,36,0.08430580345539967,0.07064054954262174,0.09046510114175187,0.08787748261676939
Grid:rms_Voc,force,n72,37,0.14015088192737288,0.10984405018572196,0.12323736700658414,0.12064974848160166
Grid:rms_Voc,force,n72,38,0.18613447552206322,0.1672846221244502,0.21324948774030716,0.21066186921532468
Grid:rms_Voc,force,n72,39,0.06196232957271379,0.06358683680113582,0.07398599158432717,0.0713983730593447
Grid:rms_Voc,force,n72,40,0.06556874834127399,0.05256842745203695,0.09107443576652559,0.09018823716231192
Grid:rms_Voc,force,n72,41,0.1269725677875253,0.10189418120697954,0.12115013795613855,0.12026393935192488
Grid:rms_Voc,force,n72,42,0.17011573761311774,0.2293437930501892,0.19089410620147432,0.19000790759726066
Grid:rms_Voc,force,n72,43,0.27313629962814373,0.30916098678424275,0.31730923516476045,0.31642303656054677
Grid:rms_Voc,force,n72,44,0.08560325096733562,0.15243448697412573,0.11698901527052304,0.11610281666630937
Grid:rms_Voc,force,n72,45,0.037556732705441444,0.03763075652568486,0.031978266503497645,0.033037692751336306
Grid:rms_Voc,force,n72,46,0.04360056804280307,0.0543791397464416,0.05279218370165221,0.05083230934941336
Grid:rms_Voc,force,n72,47,0.04924463602686128,0.09065768105500767,0.08961722673912602,0.07150252587710168
Grid:rms_Voc,force,n72,48,0.061947249263179266,0.18661314805765924,0.1706601444401797,0.1312732561022452
Grid:rms_Voc,force,n72,49,0.05520203246912867,0.049118593952117165,0.05963011939935031,0.04146598451274768
Grid:rms_Voc,force,n72,50,0.06464104772693736,0.06747102283337714,0.06382597144848842,0.06123835292350594
Grid:rms_Voc,force,n72,51,0.1061907400375857,0.09895662652535164,0.10123284975325143,0.09864523122826896
Grid:rms_Voc,force,n72,53,0.3247159319617053,0.23781290046043238,0.23906217583961728,0.2364745573146348
Grid:rms_Voc,force,n72,55,0.10129747255604984,0.058047775352206635,0.10135850942063288,0.1004723108164192
Grid:rms_Voc,force,n72,56,0.16435945135408164,0.1129525334479982,0.1348637135746797,0.13397751497046603
Grid:rms_Voc,force,n72,57,0.23351523325410375,0.25481737229909796,0.21256051612449256,0.2116743175202789
Grid:rms_Voc,force,n72,58,0.4337970382398568,0.34366231394206304,0.3533906346491356,0.35250443604492193
Grid:rms_Voc,force,n72,59,0.137571433960762,0.16920921582975393,0.13022810226916098,0.12934190366494733
Grid:rms_Voc,force,n72,60,0.027809194807435544,0.04859129516161224,0.04181616530466954,0.03358234025427198
Grid:rms_Voc,force,n72,61,0.03376385751429354,0.04208882566175941,0.04633342805819983,0.05167031249218705
Grid:rms_Voc,force,n72,62,0.06472638287800421,0.08602366271598212,0.08172689568705178,0.07268129076439793
Grid:rms_Voc,force,n72,63,0.09895912208822974,0.14879403987914133,0.14374039645163758,0.13343737971936526
Grid:rms_Voc,force,n72,64,0.032306508405576646,0.05642831812728669,0.0532301418066275,0.04214957779789692
Grid:rms_Voc,force,n72,65,0.07333766405647854,0.057328205341697136,0.06370892652942821,0.06112130800444573
Grid:rms_Voc,force,n72,66,0.08429763716173058,0.0824505237460489,0.10104430903401929,0.09845669050903681
Grid:rms_Voc,force,n72,67,0.14387655045817369,0.12815550701731385,0.13776189289568913,0.13517427437070664
Grid:rms_Voc,force,n72,68,0.2713050081144946,0.20131504540649872,0.23861020180538312,0.23602258328040063
Grid:rms_Voc,force,n72,69,0.09371781676772084,0.07919447071945093,0.08258134740555018,0.0799937288805677
Grid:rms_Voc,force,n72,70,0.08715895279312774,0.061679316840319916,0.11050471087708891,0.10961851227287524
Grid:rms_Voc,force,n72,71,0.13480771178358023,0.1202816656157487,0.1470599627959625,0.14617376419174885
Grid:rms_Voc,force,n72,72,0.1801699290495756,0.27170046889719657,0.23182966536040256,0.2309434667561889
Grid:rms_Voc,force,n72,74,0.11806648579826695,0.1803269847506101,0.14200236224256466,0.141116163638351
Grid:rms_Voc,frequency,n72,0,0.0285867300932331,0.0243426811373416,0.010928021591465033,0.007379894828559737
Grid:rms_Voc,frequency,n72,1,0.04758108870069616,0.05082715470295156,0.06406193485253146,0.035867571100646714
Grid:rms_Voc,frequency,n72,2,0.09970584338151171,0.12030823750785613,0.12030823750785613,0.09234550257219297
Grid:rms_Voc,frequency,n72,3,0.12449860187870826,0.08317962219349653,0.08317962219349653,0.044237787790294324
Grid:rms_Voc,frequency,n72,4,0.06728802355531271,0.17634215810107445,0.17634215810107445,0.13499760099837615
Grid:rms_Voc,frequency,n72,5,0.04413070420233045,0.04046046641752474,0.014430153598509457,0.014759789657119474
Grid:rms_Voc,frequency,n72,6,0.06288524587147142,0.05237134463678187,0.08071208381753475,0.07173514220129343
Grid:rms_Voc,frequency,n72,7,0.08858324894292931,0.17412296446619668,0.17412296446619668,0.18469100514438594
Grid:rms_Voc,frequency,n72,8,0.14464805659401586,0.08882316100977874,0.08882316100977874,0.08847557558058865
Grid:rms_Voc,frequency,n72,9,0.06458239815053043,0.2563276811818126,0.2563276811818126,0.2699952019967523
Grid:rms_Voc,frequency,n72,10,0.06096340286567238,0.059745509281371706,0.028910374185231485,0.022139684485679212
Grid:rms_Voc,frequency,n72,11,0.10309990786795749,0.06117879097292736,0.10634537010086151,0.10760271330194014
Grid:rms_Voc,frequency,n72,12,0.11646764333639503,0.26130237915430915,0.26130237915430915,0.2770365077165789
Grid:rms_Voc,frequency,n72,13,0.19816971960190574,0.10978489920983281,0.10978489920983281,0.13271336337088296
Grid:rms_Voc,frequency,n72,14,0.054410883145570466,0.376179844048305,0.376179844048305,0.40499280299512846
Grid:rms_Voc,frequency,n72,15,0.051198809900038535,0.031033578655797207,0.02068513487305419,0.007379894828559737
Grid:rms_Voc,frequency,n72,16,0.07477487482962646,0.0638812002354292,0.07561700739900769,0.035867571100646714
Grid:rms_Voc,frequency,n72,17,0.11404227815252285,0.14230851913699125,0.14230851913699125,0.09234550257219297
Grid:rms_Voc,frequency,n72,18,0.15396210578545416,0.08852625445307921,0.08852625445307921,0.044237787790294324
Grid:rms_Voc,frequency,n72,19,0.05931999506358712,0.18931617094627595,0.18931617094627595,0.13499760099837615
Grid:rms_Voc,frequency,n72,20,0.06265781094812338,0.04220578447624097,0.015216983526875363,0.014759789657119474
Grid:rms_Voc,frequency,n72,21,0.06877412380526063,0.07092381254884679,0.09726626701841717,0.07173514220129343
Grid:rms_Voc,frequency,n72,22,0.11713961371317501,0.18323121110779497,0.18323121110779497,0.18469100514438594
Grid:rms_Voc,frequency,n72,23,0.1564763730463234,0.09816159916708271,0.09816159916708271,0.08847557558058865
Grid:rms_Voc,frequency,n72,24,0.06493091158272947,0.2659620506622776,0.2659620506622776,0.2699952019967523
Grid:rms_Voc,frequency,n72,25,0.06926367781436776,0.05857521570559715,0.026566015874201872,0.022139684485679212
Grid:rms_Voc,frequency,n72,26,0.10133133054775115,0.07211407918853677,0.11581287035936347,0.10760271330194014
Grid:rms_Voc,frequency,n72,27,0.13889884652540044,0.27334580066787423,0.27334580066787423,0.2770365077165789
Grid:rms_Voc,frequency,n72,28,0.23779048252794935,0.12413847237133445,0.12413847237133445,0.13271336337088296
Grid:rms_Voc,frequency,n72,29,0.08545289382525174,0.3938232092367854,0.3938232092367854,0.40499280299512846
Grid:rms_Voc,frequency,n72,30,0.009760861316943245,0.01989674539311481,-0.004613816025320485,0.010074736336737193
Grid:rms_Voc,frequency,n72,31,0.014508188418088559,0.023505447800155184,0.040553757896951224,0.04872870256972049
Grid:rms_Voc,frequency,n72,32,0.03661213381504203,0.08157660490845553,0.08157660490845553,0.12640855830366568
Grid:rms_Voc,frequency,n72,33,0.05173321710386965,0.04226652327579883,0.04226652327579883,0.056184619801295764
Grid:rms_Voc,frequency,n72,34,0.033288813695527796,0.13729540294002862,0.13729540294002862,0.18446678320329002
Grid:rms_Voc,frequency,n72,35,0.06215695226201519,0.05123454441282995,0.01340891122030035,0.020149472673474386
Grid:rms_Voc,frequency,n72,36,0.08430580345539967,0.07659894036933629,0.11458455223080247,0.09745740513944098
Grid:rms_Voc,frequency,n72,37,0.14015088192737288,0.22791931323978315,0.22791931323978315,0.25281711660733136
Grid:rms_Voc,frequency,n72,38,0.18613447552206322,0.11129018767706496,0.11129018767706496,0.11236923960259153
Grid:rms_Voc,frequency,n72,39,0.06196232957271379,0.33605067386966003,0.33605067386966003,0.36893356640658004
Grid:rms_Voc,frequency,n72,40,0.06556874834127399,0.07674267263036452,0.029267825110206584,0.03022420901021158
Grid:rms_Voc,frequency,n72,41,0.1269725677875253,0.0823866880975204,0.14309349598213106,0.1461861077091615
Grid:rms_Voc,frequency,n72,42,0.17011573761311774,0.3518268508452259,0.3518268508452259,0.379225674910997
Grid:rms_Voc,frequency,n72,43,0.27313629962814373,0.15186578798359562,0.15186578798359562,0.16855385940388729
Grid:rms_Voc,frequency,n72,44,0.08560325096733562,0.5071193489370327,0.5071193489370327,0.5534003496098702
Grid:rms_Voc,frequency,n72,45,0.037556732705441444,0.02959841822328982,0.010050625296848945,0.011583785906148739
Grid:rms_Voc,frequency,n72,46,0.04360056804280307,0.03705998704149514,0.059332471850789235,0.05651189972617414
Grid:rms_Voc,frequency,n72,47,0.04924463602686128,0.10748331494114935,0.10748331494114935,0.14783171202519538
Grid:rms_Voc,frequency,n72,48,0.061947249263179266,0.060859437822935826,0.060859437822935826,0.06143827256198301
Grid:rms_Voc,frequency,n72,49,0.05520203246912867,0.1629834248293886,0.1629834248293886,0.21133927174219794
Grid:rms_Voc,frequency,n72,50,0.06464104772693736,0.06381697609166817,0.026339195247357675,0.023167571812297477
Grid:rms_Voc,frequency,n72,51,0.1061907400375857,0.07944227240567311,0.12071555258248731,0.11302379945234828
Grid:rms_Voc,frequency,n72,53,0.3247159319617053,0.13034748181890635,0.13034748181890635,0.12287654512396602
Grid:rms_Voc,frequency,n72,55,0.10129747255604984,0.0927433009529457,0.04428645176447423,0.034751357718446216
Grid:rms_Voc,frequency,n72,56,0.16435945135408164,0.10168739752397007,0.17506026130585936,0.16953569917852243
Grid:rms_Voc,frequency,n72,57,0.23351523325410375,0.47617852076746703,0.47617852076746703,0.4434951360755861
Grid:rms_Voc,frequency,n72,58,0.4337970382398568,0.20449722003272264,0.20449722003272264,0.184314817685949
Grid:rms_Voc,frequency,n72,59,0.137571433960762,0.6901578157008786,0.6901578157008786,0.6340178152265938
Grid:rms_Voc,frequency,n72,60,0.027809194807435544,0.025939736816684704,0.0025356164337044535,0.011907043536794365
Grid:rms_Voc,frequency,n72,61,0.03376385751429354,0.03382129423652168,0.057703034768653814,0.0592171625700076
Grid:rms_Voc,frequency,n72,62,0.06472638287800421,0.12769139741408386,0.12769139741408386,0.156614963736782
Grid:rms_Voc,frequency,n72,63,0.09895912208822974,0.05533992842573561,0.05533992842573561,0.05999874607235605
Grid:rms_Voc,frequency,n72,64,0.032306508405576646,0.1959046178567669,0.1959046178567669,0.21561506661509985
Grid:rms_Voc,frequency,n72,65,0.07333766405647854,0.05554905892610422,0.01509001488380817,0.02381408707358873
Grid:rms_Voc,frequency,n72,66,0.08429763716173058,0.06673302356785168,0.117214074898339,0.1184343251400152
Grid:rms_Voc,frequency,n72,67,0.14387655045817369,0.29428446177589923,0.29428446177589923,0.313229927473564
Grid:rms_Voc,frequency,n72,68,0.2713050081144946,0.12826354183696753,0.12826354183696753,0.1199974921447121
Grid:rms_Voc,frequency,n72,69,0.09371781676772084,0.4463043084299035,0.4463043084299035,0.4312301332301997
Grid:rms_Voc,frequency,n72,70,0.08715895279312774,0.08225853479461571,0.03252027955842925,0.035721130610383095
Grid:rms_Voc,frequency,n72,71,0.13480771178358023,0.07859706057758063,0.15491413387753247,0.1776514877100228
Grid:rms_Voc,frequency,n72,72,0.1801699290495756,0.4467944548619884,0.4467944548619884,0.46984489121034595
Grid:rms_Voc,frequency,n72,74,0.11806648579826695,0.6217631532017297,0.6217631532017297,0.6468451998452996
Grid:Vpp,loo,n72,0,0.47438899999999995,0.4714793650248799,0.3769971073506557,0.26192049765169256
Grid:Vpp,loo,n72,1,0.724336,0.6684450674056458,0.6596036093394126,0.3796144754181082
Grid:Vpp,loo,n72,2,1.535388,0.8407221428112341,0.9053522480881769,0.6216581399833914
Grid:Vpp,loo,n72,3,1.606801,1.877249152886608,1.75787659896014,1.3129479230286476
Grid:Vpp,loo,n72,4,0.9028689999999999,0.5948718537646229,0.3911930775102508,0.29783642076425676
Grid:Vpp,loo,n72,5,0.8773648000000001,0.6440848142602016,0.6567384383375645,0.5151288788265335
Grid:Vpp,loo,n72,6,1.0696358264999999,0.8644468125032886,0.8800482429300713,0.7537257085098297
Grid:Vpp,loo,n72,7,1.1813808,1.5714746875182077,1.39914042151886,1.2709865488653804
Grid:Vpp,loo,n72,8,2.7035189531999997,1.9232068067890307,2.4560766232381606,2.634318329087382
Grid:Vpp,loo,n72,9,0.87614016,0.9056824964705567,0.6741739600794949,0.5965193601720195
Grid:Vpp,loo,n72,10,0.6019129999999999,0.7088912547122481,0.8464560533790499,0.8071539099026404
Grid:Vpp,loo,n72,11,1.096705,0.9492513116326072,1.079494383684051,1.1538174929275533
Grid:Vpp,loo,n72,12,1.270138,2.007203597645743,1.81734952578941,1.9836986077953198
Grid:Vpp,loo,n72,13,3.1225502,4.4795959270090595,4.5510359622761705,4.238693462888231
Grid:Vpp,loo,n72,14,0.785547,0.894438477265566,0.7438865755515207,0.921872695721989
Grid:Vpp,loo,n72,15,0.6631239999999999,0.4193878577238171,0.3659244457463493,0.26029636627957414
Grid:Vpp,loo,n72,16,0.816153,0.5598133541510758,0.5887593058827365,0.3787239915675031
Grid:Vpp,loo,n72,17,1.249734,1.126579688081382,0.9518542338524996,0.6252855200863517
Grid:Vpp,loo,n72,18,2.310733,0.7524758962206141,1.1823424458175458,1.2934128992100986
Grid:Vpp,loo,n72,19,0.744739,0.702771727073948,0.5618640389314133,0.2993132018520794
Grid:Vpp,loo,n72,20,1.0375344,0.8023619932898243,0.6478134229567549,0.5095288189147975
Grid:Vpp,loo,n72,21,1.20647772,1.1191482811842357,1.024615579689817,0.7483069208063055
Grid:Vpp,loo,n72,22,1.6559327150319998,1.3926087575013233,1.122153419499983,1.2456471860026432
Grid:Vpp,loo,n72,23,1.7195534580000003,3.726776653812716,3.543407964901296,2.755080687016433
Grid:Vpp,loo,n72,24,0.877365,0.6841096686778876,0.43241467058583005,0.5964723229430557
Grid:Vpp,loo,n72,25,0.8895747957045113,0.7612718973582829,0.869230751316785,0.783015365660008
Grid:Vpp,loo,n72,26,1.563425144199988,1.0562485501116863,1.1355030285327634,1.1098701948166736
Grid:Vpp,loo,n72,27,1.9681310180257374,2.1185978837726402,2.1274822754326084,1.8907307667263922
Grid:Vpp,loo,n72,28,4.9492404937977765,2.6051451244924646,3.043751344419726,3.650030180635672
Grid:Vpp,loo,n72,29,0.6783273879764,1.224905720747117,1.161284192637256,0.9318280265209961
Grid:Vpp,loo,n72,30,0.16323,0.4507900802685434,0.3400108710248961,0.3578238495150872
Grid:Vpp,loo,n72,31,0.153029,0.6589369272699612,0.4957655356748166,0.5213123968153106
Grid:Vpp,loo,n72,32,0.561105,0.9599424679737043,0.6323273097897806,0.8584185704033709
Grid:Vpp,loo,n72,33,0.7498400000000001,1.5203884881839036,1.7587419880105273,1.8113571346789945
Grid:Vpp,loo,n72,34,0.31625899999999996,0.5734508331898908,0.2514886829030566,0.40989574704795756
Grid:Vpp,loo,n72,35,1.05539554113,0.8230018033463232,0.6008265913582682,0.6881220986386306
Grid:Vpp,loo,n72,36,1.2702176595233299,1.0531774846791397,0.9833893695360807,1.0142255073053816
Grid:Vpp,loo,n72,37,1.9196610002578889,1.6796122208888047,1.5053410064346304,1.684522059760361
Grid:Vpp,loo,n72,38,2.6900273379201796,3.447854858814083,3.819617504568886,3.681773803339007
Grid:Vpp,loo,n72,39,1.026467449880139,0.7928905825806067,0.5933329191673069,0.8022362453510175
Grid:Vpp,loo,n72,40,0.9576784791114001,0.9068296902551831,1.1006244302778818,1.0813851567776676
Grid:Vpp,loo,n72,41,1.51369803114299,1.3421505760697214,1.4908792777873263,1.5515260905429198
Grid:Vpp,loo,n72,42,2.1191713086544,2.947892003497812,2.5526109287526917,2.6615653888690813
Grid:Vpp,loo,n72,43,4.6534445854612345,6.856157926440611,6.7250993070659275,5.607696551031894
Grid:Vpp,loo,n72,44,0.864397875471288,1.4074424859815684,1.1640161318764592,1.2877326702142229
Grid:Vpp,loo,n72,45,0.392773,0.34268715844322184,0.377381475016075,0.42094690790096045
Grid:Vpp,loo,n72,46,0.39277300000000004,0.4417037014505845,0.4342066938520379,0.61494383998619
Grid:Vpp,loo,n72,47,0.816153,0.8101651114804973,0.6323243969459027,1.014209701817224
Grid:Vpp,loo,n72,48,0.6835279999999999,2.186440999016214,2.146350871362598,2.1608074821725127
Grid:Vpp,loo,n72,49,0.5458019999999999,0.31188992653689185,0.14302348578346058,0.48231710782898823
Grid:Vpp,loo,n72,50,1.0338343386820625,0.8250902341508439,0.8695977562421721,0.8241449934784516
Grid:Vpp,loo,n72,51,1.3297180434583424,1.1898802326584947,1.2803150332323738,1.2110743484688056
Grid:Vpp,loo,n72,53,4.454026728249638,4.137370949665412,4.1270208668932575,4.168396304239533
Grid:Vpp,loo,n72,55,0.9994547231535181,0.9578518029770622,1.657670781346736,1.3183675896179037
Grid:Vpp,loo,n72,56,1.7423400367918576,1.378583133690475,1.7788907925833264,1.8512772285527341
Grid:Vpp,loo,n72,57,3.3516802761721824,3.7506526183753683,3.3403106555982784,2.93604090517237
Grid:Vpp,loo,n72,58,8.41102520941707,5.006628732652317,5.414029542651942,5.308287886121048
Grid:Vpp,loo,n72,59,1.33047971711756,2.400827180691946,2.048347229967668,1.4804361285796785
Grid:Vpp,loo,n72,60,0.40297499999999997,0.4365490765642652,0.4453659576997094,0.46158626997972513
Grid:Vpp,loo,n72,61,0.504994,0.5820817877623712,0.6601198452248778,0.6725735650305122
Grid:Vpp,loo,n72,62,0.928374,1.1705774246350276,0.8919327543079298,1.1113743377016636
Grid:Vpp,loo,n72,63,1.341551,1.9771925199357847,2.348527952348552,2.427284257646499
Grid:Vpp,loo,n72,64,0.29177590000000003,0.5868151595877376,0.35874719815140177,0.5362251136855218
Grid:Vpp,loo,n72,65,1.0133942737716346,0.7540999120953492,0.9251580779892024,0.9099927797196901
Grid:Vpp,loo,n72,66,1.4134426637427984,1.0730610418645847,1.4175708252737362,1.3269745464538718
Grid:Vpp,loo,n72,67,2.5556002313520843,2.3832860675053844,2.154617505055686,2.151220232497081
Grid:Vpp,loo,n72,68,4.499031394795727,4.534918368789622,4.793812859120901,4.697520041056689
Grid:Vpp,loo,n72,69,1.1007805499919479,1.274707755014513,1.034670381149364,1.0536075859698832
Grid:Vpp,loo,n72,70,1.028442234316854,0.8686232340561775,1.3686735710784879,1.4838450149779543
Grid:Vpp,loo,n72,71,1.442922714104816,1.5631520214579309,2.0661351090875293,2.188941826812455
Grid:Vpp,loo,n72,72,3.1213120597144517,4.074439500531238,3.388646639423017,3.4096761849052797
Grid:Vpp,loo,n72,74,1.724359044810059,2.1079471014474445,1.5877246253778314,1.5433373986647223
Grid:Vpp,composition,n72,0,0.47438899999999995,0.4672939793395183,0.4791563751969802,0.2793751135543955
Grid:Vpp,composition,n72,1,0.724336,0.6044184917176562,0.6281883239073243,0.40294546403068054
Grid:Vpp,composition,n72,2,1.535388,1.059793947968773,0.9959081956089579,0.6864148555879691
Grid:Vpp,composition,n72,3,1.606801,1.8214694923464938,1.884430886444895,1.4317321862189012
Grid:Vpp,composition,n72,4,0.9028689999999999,0.6307186111589264,0.5503911970179762,0.31578833032381565
Grid:Vpp,composition,n72,5,0.8773648000000001,0.7429472661323387,0.8166729057627475,0.558750227108791
Grid:Vpp,composition,n72,6,1.0696358264999999,0.9659335475813042,1.0362018661325625,0.8058909280613611
Grid:Vpp,composition,n72,7,1.1813808,1.6142558183749964,1.49249396200206,1.3728297111759382
Grid:Vpp,composition,n72,8,2.7035189531999997,2.3211726823097365,2.273400852913205,2.8634643724378024
Grid:Vpp,composition,n72,9,0.87614016,0.8519895992714606,0.7231136621929335,0.6315766606476313
Grid:Vpp,composition,n72,10,0.6019129999999999,0.7157161662343949,0.8682672647161667,0.8381253406631864
Grid:Vpp,composition,n72,11,1.096705,1.218763983931579,1.3820439580863493,1.2088363920920415
Grid:Vpp,composition,n72,12,1.270138,2.1594666107132148,2.0251228166819977,2.0592445667639074
Grid:Vpp,composition,n72,13,3.1225502,4.473601404029552,4.595948574464464,4.295196558656704
Grid:Vpp,composition,n72,14,0.785547,0.9821284535813262,0.8122291766098997,0.9473649909714468
Grid:Vpp,composition,n72,15,0.6631239999999999,0.2624746012742667,0.163612392048861,0.21475451876675394
Grid:Vpp,composition,n72,16,0.816153,0.3500906360661302,0.21546718330464412,0.3110917514341696
Grid:Vpp,composition,n72,17,1.249734,0.7335807385774284,0.423578682815028,0.5377979964265611
Grid:Vpp,composition,n72,18,2.310733,0.9438053243616149,0.8199220812000803,1.1316641586345078
Grid:Vpp,composition,n72,19,0.744739,0.42111828278404256,0.20186536464706634,0.25998629083873254
Grid:Vpp,composition,n72,20,1.0375344,0.6988840564840832,0.536225238449006,0.4295090375335079
Grid:Vpp,composition,n72,21,1.20647772,0.8580573622388885,0.7072235065677459,0.6221835028683392
Grid:Vpp,composition,n72,22,1.6559327150319998,1.1254671734937816,1.0360842174132634,1.0755959928531222
Grid:Vpp,composition,n72,23,1.7195534580000003,1.8277601367090193,1.8627090227611032,2.2633283172690155
Grid:Vpp,composition,n72,24,0.877365,0.6706814638941117,0.49944852685105295,0.5199725816774651
Grid:Vpp,composition,n72,25,0.8895747957045113,0.6546787294902356,0.666250836097558,0.6442635563002618
Grid:Vpp,composition,n72,26,1.563425144199988,0.9678653061476787,0.948477285375968,0.9332752543025088
Grid:Vpp,composition,n72,27,1.9681310180257374,1.278464505825165,1.3926639445059097,1.6133939892796834
Grid:Vpp,composition,n72,28,4.9492404937977765,2.6266382891493922,2.93809725094553,3.394992475903523
Grid:Vpp,composition,n72,29,0.6783273879764,0.6540039905818725,0.61261496236853,0.7799588725161976
Grid:Vpp,composition,n72,30,0.16323,0.5429940533100333,0.5614765948394422,0.41155705964512806
Grid:Vpp,composition,n72,31,0.153029,0.6259395019499543,0.676027234761879,0.6041401182193541
Grid:Vpp,composition,n72,32,0.561105,1.1405737913256058,1.1112962978192544,1.034351429032707
Grid:Vpp,composition,n72,33,0.7498400000000001,1.644237779154153,1.7925855181484593,2.150404089913137
Grid:Vpp,composition,n72,34,0.31625899999999996,0.7617234659345301,0.6970678948119217,0.4973582946419577
Grid:Vpp,composition,n72,35,1.05539554113,1.0550410343476853,1.0938312717667689,0.8231141192902561
Grid:Vpp,composition,n72,36,1.2702176595233299,1.3156770621946992,1.384442893128699,1.2082802364387082
Grid:Vpp,composition,n72,37,1.9196610002578889,2.4340413833575436,2.219616756935735,2.068702858065414
Grid:Vpp,composition,n72,38,2.6900273379201796,3.526675128505783,3.635495517709193,4.300808179826274
Grid:Vpp,composition,n72,39,1.026467449880139,1.230645812510296,1.0739271457798956,0.9947165892839154
Grid:Vpp,composition,n72,40,0.9576784791114001,0.9855363119113454,1.1144094404046174,1.2346711789353841
Grid:Vpp,composition,n72,41,1.51369803114299,1.8007538197669808,1.881144584256306,1.8124203546580626
Grid:Vpp,composition,n72,42,2.1191713086544,3.115834299168607,3.078389331705906,3.1030542870981206
Grid:Vpp,composition,n72,43,4.6534445854612345,7.487266155907269,7.320400328130722,6.45121226973941
Grid:Vpp,composition,n72,44,0.864397875471288,1.1820181610828475,1.1983573122967233,1.492074883925873
Grid:Vpp,composition,n72,45,0.392773,0.16676750261124326,0.43094608630695636,0.3861792812015223
Grid:Vpp,composition,n72,46,0.39277300000000004,0.17278032068213395,0.5985030273037412,0.5537362221983071
Grid:Vpp,composition,n72,47,0.816153,0.5314110789538649,0.9230190910549035,0.8782522859494695
Grid:Vpp,composition,n72,48,0.6835279999999999,0.6856391741692369,1.726554377975195,1.681787572869761
Grid:Vpp,composition,n72,49,0.5458019999999999,0.16845927769982966,0.48304763972535847,0.4382808346199244
Grid:Vpp,composition,n72,50,1.0338343386820625,0.9899074007359037,0.8171253675084786,0.7723585624030446
Grid:Vpp,composition,n72,51,1.3297180434583424,1.2948297715745292,1.1522392495020481,1.1074724443966142
Grid:Vpp,composition,n72,53,4.454026728249638,3.6505039142433993,3.408341950844956,3.363575145739522
Grid:Vpp,composition,n72,55,0.9994547231535181,0.9658099709568287,1.2033046487100008,1.1585378436045668
Grid:Vpp,composition,n72,56,1.7423400367918576,1.3756559515770452,1.705975471700355,1.661208666594921
Grid:Vpp,composition,n72,57,3.3516802761721824,2.569171592746006,2.6795236629538417,2.6347568578484077
Grid:Vpp,composition,n72,58,8.41102520941707,4.823742695807837,5.090129523714717,5.045362718609283
Grid:Vpp,composition,n72,59,1.33047971711756,1.3052063186381226,1.359609308965207,1.314842503859773
Grid:Vpp,composition,n72,60,0.40297499999999997,0.5739072931078142,0.8360316329787014,0.8336146151888223
Grid:Vpp,composition,n72,61,0.504994,0.8353898312678959,1.1545145754284367,1.2347744299887229
Grid:Vpp,composition,n72,62,0.928374,2.0021074821970055,1.7704086881428587,1.927296591058541
Grid:Vpp,composition,n72,63,1.341551,3.1738446149812845,3.414965400561881,4.059169936288449
Grid:Vpp,composition,n72,64,0.29177590000000003,1.1805487094848424,0.8882303643563504,0.9018453327160765
Grid:Vpp,composition,n72,65,1.0133942737716346,1.0391624549007334,1.6556667083202117,1.6672292303776446
Grid:Vpp,composition,n72,66,1.4134426637427984,1.722935315092517,2.387037205150312,2.4695488599774458
Grid:Vpp,composition,n72,67,2.5556002313520843,4.611589143609022,3.838390262243377,3.854593182117082
Grid:Vpp,composition,n72,68,4.499031394795727,8.050188087247246,7.987505104672083,8.118339872576898
Grid:Vpp,composition,n72,69,1.1007805499919479,2.562418550614215,1.8156541469602525,1.803690665432153
Grid:Vpp,composition,n72,70,1.028442234316854,1.2472660215174298,2.2721027517920613,2.500843845566467
Grid:Vpp,composition,n72,71,1.442922714104816,2.4101732032264396,3.4782615437024242,3.7043232899661693
Grid:Vpp,composition,n72,72,3.1213120597144517,6.5828135184236105,5.823423055362174,5.781889773175622
Grid:Vpp,composition,n72,74,1.724359044810059,3.3966303196681307,2.6786125979673003,2.7055359981482296
Grid:Vpp,force,n72,0,0.47438899999999995,0.4560866428156437,0.27407799764508445,0.23968196540372963
Grid:Vpp,force,n72,1,0.724336,0.541873754240355,0.38704237259382235,0.3526558274320425
Grid:Vpp,force,n72,2,1.535388,0.8036023937424241,0.6149478096601625,0.5806330798129088
Grid:Vpp,force,n72,3,1.606801,1.441729926325501,1.304504257711006,1.2701735300263675
Grid:Vpp,force,n72,4,0.9028689999999999,0.5691804901324657,0.30928225589354025,0.2749244920276618
Grid:Vpp,force,n72,5,0.8773648000000001,0.28615717311542543,0.46310355230334366,0.4528672884475284
Grid:Vpp,force,n72,6,1.0696358264999999,0.5031892932689657,0.7204603523935407,0.7102240885377253
Grid:Vpp,force,n72,7,1.1813808,1.4343174029702388,1.2302337031414274,1.219997439285612
Grid:Vpp,force,n72,8,2.7035189531999997,2.815680746339485,2.772487846797356,2.762251582941541
Grid:Vpp,force,n72,9,0.87614016,0.822913191248412,0.581275158875795,0.5710388950199796
Grid:Vpp,force,n72,10,0.6019129999999999,0.6178282143601673,1.2124854020436884,1.2172625264172274
Grid:Vpp,force,n72,11,1.096705,1.2197529172810768,1.5415547126946585,1.5463318370681975
Grid:Vpp,force,n72,12,1.270138,2.859276626906198,2.4437816482481662,2.4485587726217055
Grid:Vpp,force,n72,13,3.1225502,3.8029443348939598,4.046434086036993,4.051211210410532
Grid:Vpp,force,n72,14,0.785547,1.75432307268426,1.2707687904278562,1.2755459148013952
Grid:Vpp,force,n72,15,0.6631239999999999,0.4961513592546155,0.27413514547359097,0.23968196540372963
Grid:Vpp,force,n72,16,0.816153,0.5699744537696552,0.38713437304105985,0.3526558274320425
Grid:Vpp,force,n72,17,1.249734,0.8800135873018974,0.6149816261056746,0.5806330798129088
Grid:Vpp,force,n72,18,2.310733,1.042844206489582,1.3043089282490787,1.2701735300263675
Grid:Vpp,force,n72,19,0.744739,0.5512348203549925,0.3091883395298697,0.2749244920276618
Grid:Vpp,force,n72,20,1.0375344,0.2863841145425974,0.46310355230334366,0.4528672884475284
Grid:Vpp,force,n72,21,1.20647772,0.5034580483436283,0.7204603523935407,0.7102240885377253
Grid:Vpp,force,n72,22,1.6559327150319998,1.4346729687492257,1.2302337031414274,1.219997439285612
Grid:Vpp,force,n72,23,1.7195534580000003,2.8161231756150498,2.772487846797356,2.762251582941541
Grid:Vpp,force,n72,24,0.877365,0.8230210966671729,0.581275158875795,0.5710388950199796
Grid:Vpp,force,n72,25,0.8895747957045113,0.6178282143601673,1.2124854020436884,1.2172625264172274
Grid:Vpp,force,n72,26,1.563425144199988,1.2197529172810768,1.5415547126946585,1.5463318370681975
Grid:Vpp,force,n72,27,1.9681310180257374,2.859276626906198,2.4437816482481662,2.4485587726217055
Grid:Vpp,force,n72,28,4.9492404937977765,3.8029443348939598,4.046434086036993,4.051211210410532
Grid:Vpp,force,n72,29,0.6783273879764,1.75432307268426,1.2707687904278562,1.2755459148013952
Grid:Vpp,force,n72,30,0.16323,0.5269934961144584,0.3832186050490369,0.3488438960357236
Grid:Vpp,force,n72,31,0.153029,0.6450880044020245,0.5476389635046015,0.5132711282380914
Grid:Vpp,force,n72,32,0.561105,1.1314322622664887,0.8793171670288606,0.8450794593075567
Grid:Vpp,force,n72,33,0.7498400000000001,1.6500868454123365,1.8827194517357537,1.8486675962852868
Grid:Vpp,force,n72,34,0.31625899999999996,0.6828011451237929,0.4343555411186647,0.40013745194814476
Grid:Vpp,force,n72,35,1.05539554113,0.34652204716525736,0.6164365394067611,0.6062002755509458
Grid:Vpp,force,n72,36,1.2702176595233299,0.6393148230226642,0.9609298757755752,0.9506936119197599
Grid:Vpp,force,n72,37,1.9196610002578889,1.8965113792086459,1.643303616549089,1.6330673526932737
Grid:Vpp,force,n72,38,2.6900273379201796,3.7618007750550753,3.7077381886701803,3.697501924814365
Grid:Vpp,force,n72,39,1.026467449880139,1.0710155553347736,0.7746189965943662,0.7643827327385508
Grid:Vpp,force,n72,40,0.9576784791114001,0.6846004636376958,1.3006883177473876,1.3054654421209266
Grid:Vpp,force,n72,41,1.51369803114299,1.357522862475801,1.653602010393301,1.65837913476684
Grid:Vpp,force,n72,42,2.1191713086544,3.190430238230822,2.621204363833415,2.6259814882069543
Grid:Vpp,force,n72,43,4.6534445854612345,4.245404614068359,4.339985093428511,4.3447622178020495
Grid:Vpp,force,n72,44,0.864397875471288,1.9551461691378547,1.3631949239510552,1.3679720483245943
Grid:Vpp,force,n72,45,0.392773,0.5256590053526696,0.4593995506909601,0.42508703377530227
Grid:Vpp,force,n72,46,0.39277300000000004,0.6832778560518464,0.6597456988461424,0.6254513950357031
Grid:Vpp,force,n72,47,0.816153,1.3253123403285718,1.064043956991301,1.029779579759934
Grid:Vpp,force,n72,48,0.6835279999999999,2.203737713624724,2.2869581388669196,2.2527114100943186
Grid:Vpp,force,n72,49,0.5458019999999999,0.7443317103233498,0.5218495697972659,0.48759128218664866
Grid:Vpp,force,n72,50,1.0338343386820625,0.3896927937793828,0.7278759635938746,0.7176396997380593
Grid:Vpp,force,n72,51,1.3297180434583424,0.7369909619037931,1.1356984348865342,1.1254621710307189
Grid:Vpp,force,n72,53,4.454026728249638,4.44139597467016,4.387459894599078,4.377223630743263
Grid:Vpp,force,n72,55,0.9994547231535181,0.7823112573469162,1.50040095085755,1.505178075231089
Grid:Vpp,force,n72,56,1.7423400367918576,1.559127733360128,1.9073040640923669,1.912081188465906
Grid:Vpp,force,n72,57,3.3516802761721824,3.675022004305912,3.022932100613884,3.027709224987423
Grid:Vpp,force,n72,58,8.41102520941707,4.8928763636456685,5.004655236933099,5.009432361306638
Grid:Vpp,force,n72,59,1.33047971711756,2.2490195126591406,1.5724699388056425,1.5772470631791815
Grid:Vpp,force,n72,60,0.40297499999999997,0.5137409108800641,0.5026931357392118,0.46841137862246557
Grid:Vpp,force,n72,61,0.504994,0.7311005712948349,0.7234931426751298,0.6891966278248772
Grid:Vpp,force,n72,62,0.928374,1.4490776454488323,1.1690158263093517,1.1347334411700405
Grid:Vpp,force,n72,63,1.341551,2.412654328731262,2.516475168874927,2.482304971453461
Grid:Vpp,force,n72,64,0.29177590000000003,0.7481565171030271,0.5715055610791439,0.5372859827431732
Grid:Vpp,force,n72,65,1.0133942737716346,0.41576859372959896,0.7974218248646836,0.7871855610088683
Grid:Vpp,force,n72,66,1.4134426637427984,0.7961268734206369,1.2447660297264171,1.2345297658706018
Grid:Vpp,force,n72,67,2.5556002313520843,2.429907295146291,2.1308671709050895,2.120630907049274
Grid:Vpp,force,n72,68,4.499031394795727,4.853389074151569,4.811652964584045,4.80141670072823
Grid:Vpp,force,n72,69,1.1007805499919479,1.3580132182089986,1.0028307488210724,0.992594484965257
Grid:Vpp,force,n72,70,1.028442234316854,0.9109605954878283,1.8116233013741754,1.8164004257477144
Grid:Vpp,force,n72,71,1.442922714104816,1.8245675299340587,2.3026608737918566,2.307437998165396
Grid:Vpp,force,n72,72,3.1213120597144517,4.313051925131466,3.6489648585895718,3.653741982963111
Grid:Vpp,force,n72,74,1.724359044810059,2.635943103248117,1.8985938349916172,1.9033709593651562
Grid:Vpp,frequency,n72,0,0.47438899999999995,0.22790836766921496,0.25971027130308594,0.20134545276523205
Grid:Vpp,frequency,n72,1,0.724336,0.48574258507036805,1.4705567624652802,1.3020604143375243
Grid:Vpp,frequency,n72,2,1.535388,1.8981052679070005,1.8981052679070005,1.7983055612860974
Grid:Vpp,frequency,n72,3,1.606801,1.332091349880887,1.332091349880887,0.5907954606963506
Grid:Vpp,frequency,n72,4,0.9028689999999999,3.6655010875488037,3.6655010875488037,3.4402538185592393
Grid:Vpp,frequency,n72,5,0.8773648000000001,0.3603127978060222,0.47643034952634084,0.4026909055304641
Grid:Vpp,frequency,n72,6,1.0696358264999999,0.5899557749785325,2.6760631871418368,2.6041208286750486
Grid:Vpp,frequency,n72,7,1.1813808,3.6404753967334558,3.6404753967334558,3.596611122572195
Grid:Vpp,frequency,n72,8,2.7035189531999997,1.173626913161913,1.173626913161913,1.1815909213927012
Grid:Vpp,frequency,n72,9,0.87614016,6.8571857072004825,6.8571857072004825,6.880507637118479
Grid:Vpp,frequency,n72,10,0.6019129999999999,0.43838159584833175,0.6293392476611973,0.6040363582956961
Grid:Vpp,frequency,n72,11,1.096705,0.6209346001514913,3.831945722034311,3.906181243012573
Grid:Vpp,frequency,n72,12,1.270138,5.356549599740703,5.356549599740703,5.394916683858292
Grid:Vpp,frequency,n72,13,3.1225502,1.1941275645734009,1.1941275645734009,1.772386382089052
Grid:Vpp,frequency,n72,14,0.785547,9.912968684002388,9.912968684002388,10.320761455677719
Grid:Vpp,frequency,n72,15,0.6631239999999999,0.23616707475155208,0.2804537050765302,0.20134545276523205
Grid:Vpp,frequency,n72,16,0.816153,0.47456738389986686,1.4542372377729893,1.3020604143375243
Grid:Vpp,frequency,n72,17,1.249734,1.9306244180754835,1.9306244180754835,1.7983055612860974
Grid:Vpp,frequency,n72,18,2.310733,1.1151375183816197,1.1151375183816197,0.5907954606963506
Grid:Vpp,frequency,n72,19,0.744739,3.962653776389817,3.962653776389817,3.4402538185592393
Grid:Vpp,frequency,n72,20,1.0375344,0.3823376602252081,0.4913315610049234,0.4026909055304641
Grid:Vpp,frequency,n72,21,1.20647772,0.6966438299734761,2.7592086668650593,2.6041208286750486
Grid:Vpp,frequency,n72,22,1.6559327150319998,3.601161326785505,3.601161326785505,3.596611122572195
Grid:Vpp,frequency,n72,23,1.7195534580000003,1.404817675314698,1.404817675314698,1.1815909213927012
Grid:Vpp,frequency,n72,24,0.877365,6.457154668477617,6.457154668477617,6.880507637118479
Grid:Vpp,frequency,n72,25,0.8895747957045113,0.4825969595925636,0.6925780509545378,0.6040363582956961
Grid:Vpp,frequency,n72,26,1.563425144199988,0.7385644797971427,3.9229878895760293,3.906181243012573
Grid:Vpp,frequency,n72,27,1.9681310180257374,5.512415342468194,5.512415342468194,5.394916683858292
Grid:Vpp,frequency,n72,28,4.9492404937977765,1.4492560733018864,1.4492560733018864,1.772386382089052
Grid:Vpp,frequency,n72,29,0.6783273879764,10.78478907675893,10.78478907675893,10.320761455677719
Grid:Vpp,frequency,n72,30,0.16323,0.20457754659781408,0.22232124188349228,0.2726179682834065
Grid:Vpp,frequency,n72,31,0.153029,0.3712131877381484,1.7520858780274169,1.7757290293164565
Grid:Vpp,frequency,n72,32,0.561105,2.3269928068287333,2.3269928068287333,2.4401829223539595
Grid:Vpp,frequency,n72,33,0.7498400000000001,0.6555477875677996,0.6555477875677996,0.7059138917420995
Grid:Vpp,frequency,n72,34,0.31625899999999996,4.112269285963906,4.112269285963906,4.676028422564883
Grid:Vpp,frequency,n72,35,1.05539554113,0.43333701816508663,0.5857458222220653,0.545235936566813
Grid:Vpp,frequency,n72,36,1.2702176595233299,0.7833681222983678,3.655081903693848,3.551458058632913
Grid:Vpp,frequency,n72,37,1.9196610002578889,4.811688805010371,4.811688805010371,4.880365844707919
Grid:Vpp,frequency,n72,38,2.6900273379201796,1.6641356739889883,1.6641356739889883,1.411827783484199
Grid:Vpp,frequency,n72,39,1.026467449880139,8.847193822007126,8.847193822007126,9.352056845129766
Grid:Vpp,frequency,n72,40,0.9576784791114001,0.5701130355495452,0.8311813851596224,0.8178539048502195
Grid:Vpp,frequency,n72,41,1.51369803114299,0.9021322129975936,5.2809658004581905,5.327187087949369
Grid:Vpp,frequency,n72,42,2.1191713086544,7.30950266528817,7.30950266528817,7.3205487670618785
Grid:Vpp,frequency,n72,43,4.6534445854612345,1.7882776301585972,1.7882776301585972,2.117741675226298
Grid:Vpp,frequency,n72,44,0.864397875471288,13.623062293736782,13.623062293736782,14.028085267694648
Grid:Vpp,frequency,n72,45,0.392773,0.23364876250859073,0.2953990812259881,0.3244869086490422
Grid:Vpp,frequency,n72,46,0.39277300000000004,0.42727895919314873,2.1281743680980285,2.1295101295018624
Grid:Vpp,frequency,n72,47,0.816153,2.7216517052964635,2.7216517052964635,2.882481041269421
Grid:Vpp,frequency,n72,48,0.6835279999999999,0.8219082871010108,0.8219082871010108,0.8066532088867948
Grid:Vpp,frequency,n72,49,0.5458019999999999,4.786899080424252,4.786899080424252,5.532307674582634
Grid:Vpp,frequency,n72,50,1.0338343386820625,0.4716381346703462,0.6719835312518158,0.6489738172980845
Grid:Vpp,frequency,n72,51,1.3297180434583424,0.8537842825405978,4.3050478411152895,4.259020259003725
Grid:Vpp,frequency,n72,53,4.454026728249638,1.9360607907588272,1.9360607907588272,1.6133064177735896
Grid:Vpp,frequency,n72,55,0.9994547231535181,0.6288514170012738,0.9653344873620002,0.9734607259471266
Grid:Vpp,frequency,n72,56,1.7423400367918576,1.0911165959498539,6.373115552598571,6.388530388505588
Grid:Vpp,frequency,n72,57,3.3516802761721824,8.835349499515285,8.835349499515285,8.647443123808264
Grid:Vpp,frequency,n72,58,8.41102520941707,2.7430375549314183,2.7430375549314183,2.419959626660385
Grid:Vpp,frequency,n72,59,1.33047971711756,17.73466413845117,17.73466413845117,16.5969230237479
Grid:Vpp,frequency,n72,60,0.40297499999999997,0.2588923434270598,0.3370533819926718,0.35695227386213907
Grid:Vpp,frequency,n72,61,0.504994,0.4618839403142201,2.3558243755391364,2.363403714893741
Grid:Vpp,frequency,n72,62,0.928374,3.0298226585690284,3.0298226585690284,3.125199918032481
Grid:Vpp,frequency,n72,63,1.341551,0.7904204358142923,0.7904204358142923,0.8930134121304372
Grid:Vpp,frequency,n72,64,0.29177590000000003,5.50886848602424,5.50886848602424,6.009091574612491
Grid:Vpp,frequency,n72,65,1.0133942737716346,0.48553575478381866,0.7191979031288039,0.7139045477242781
Grid:Vpp,frequency,n72,66,1.4134426637427984,0.907056135377577,4.787865254227703,4.726807429787482
Grid:Vpp,frequency,n72,67,2.5556002313520843,6.255068214865675,6.255068214865675,6.250399836064962
Grid:Vpp,frequency,n72,68,4.499031394795727,2.146379507541633,2.146379507541633,1.7860268242608743
Grid:Vpp,frequency,n72,69,1.1007805499919479,11.96538439462127,11.96538439462127,12.018183149224981
Grid:Vpp,frequency,n72,70,1.028442234316854,0.6241692488155464,0.9824402023629024,1.070856821586417
Grid:Vpp,frequency,n72,71,1.442922714104816,1.1393869614909,7.019921648764155,7.090211144681224
Grid:Vpp,frequency,n72,72,3.1213120597144517,9.405300814897128,9.405300814897128,9.375599754097445
Grid:Vpp,frequency,n72,74,1.724359044810059,17.967399064512442,17.967399064512442,18.027274723837472
Grid:Vmax,loo,n72,0,0.26391862899999996,0.27339510710673753,0.32122484989866074,0.1702708748024762
Grid:Vmax,loo,n72,1,0.375450978,0.41099412594709106,0.40692546226639437,0.237509083362227
Grid:Vmax,loo,n72,2,0.806323384,0.5391002385578567,0.5214259941505508,0.4053401366690551
Grid:Vmax,loo,n72,3,0.90553173,1.0712182524808551,1.050855759917463,0.7626228760988355
Grid:Vmax,loo,n72,4,0.633048541,0.3288696479567853,0.27891499445343815,0.19529107889087347
Grid:Vmax,loo,n72,5,0.5722335688,0.42014940301934334,0.42063600926278916,0.33430245842047096
Grid:Vmax,loo,n72,6,0.6900451627862,0.47977645251104967,0.47978231653800707,0.4693575506518514
Grid:Vmax,loo,n72,7,0.6333668375999999,0.9976424504445593,0.8950660611598993,0.8315031403997097
Grid:Vmax,loo,n72,8,1.4032061532606,1.2068853563687694,1.5435790953963884,1.5475099262331877
Grid:Vmax,loo,n72,9,0.4507851536,0.5919418553231053,0.3479444364347066,0.3964718971806611
Grid:Vmax,loo,n72,10,0.387116973,0.42590957174900257,0.530021419693808,0.5232775380159217
Grid:Vmax,loo,n72,11,0.6510550260000001,0.5912009336086514,0.6141836709497006,0.7225115613056071
Grid:Vmax,loo,n72,12,0.9720691739999999,1.2223495955427721,1.147792878106083,1.2668444467808313
Grid:Vmax,loo,n72,13,1.66451229518,2.5600042147278845,2.4782353872179264,2.4948815826801263
Grid:Vmax,loo,n72,14,0.642128274,0.5561377442743731,0.3638800467206149,0.5937211144669938
Grid:Vmax,loo,n72,15,0.44437984599999997,0.29893427691177765,0.355574182941254,0.16878123257717473
Grid:Vmax,loo,n72,16,0.502505736,0.4090360407329029,0.5262293682875695,0.2363087382387291
Grid:Vmax,loo,n72,17,0.827206853,0.8073722176765119,0.7117115228206792,0.4050681142329066
Grid:Vmax,loo,n72,18,1.479965675,0.6494612631848048,0.8772126043029415,0.7475227807283467
Grid:Vmax,loo,n72,19,0.4105959,0.5549360235674194,0.5152064190339891,0.19729615037697143
Grid:Vmax,loo,n72,20,0.7557376122,0.49761195768861166,0.5301156258824189,0.32818260010481043
Grid:Vmax,loo,n72,21,0.8705703700800002,0.7762796795487298,0.6561363013406313,0.4624547115317792
Grid:Vmax,loo,n72,22,1.1533150766754319,0.8637414128134923,0.8892172044550981,0.8030156240455133
Grid:Vmax,loo,n72,23,1.1138047443280001,2.011667611060585,1.8065550240568964,1.5810905854837134
Grid:Vmax,loo,n72,24,0.500302137,0.3367786022282908,0.3461961669336646,0.39462726262028097
Grid:Vmax,loo,n72,25,0.4695109384854026,0.6182786981990751,0.7277754962293024,0.5166213631679852
Grid:Vmax,loo,n72,26,1.1530590316270004,0.5764756167580598,0.7350782222540089,0.6770994492299264
Grid:Vmax,loo,n72,27,1.3172022048156284,1.9688767199789985,1.449405263034303,1.220282892971129
Grid:Vmax,loo,n72,28,2.955436008826438,1.7249007916446102,1.9818054116135628,2.1051881411202498
Grid:Vmax,loo,n72,29,0.37284208869228813,1.0599754633856262,0.8248949517202627,0.6177661972576487
Grid:Vmax,loo,n72,30,0.083140201,0.2715864529828662,0.18241369251061454,0.2529359050515236
Grid:Vmax,loo,n72,31,0.093954329,0.2681240977483354,0.21198079392783628,0.35381001840222964
Grid:Vmax,loo,n72,32,0.394078884,0.49795743039276813,0.366351073046856,0.6052993016083268
Grid:Vmax,loo,n72,33,0.526035667,0.9326668798232376,1.0328265669350147,1.1396437113925098
Grid:Vmax,loo,n72,34,0.236082521,0.3118860911509868,0.07937423217860282,0.29232740705550686
Grid:Vmax,loo,n72,35,0.8022848834824801,0.48862063937915856,0.3990393401120389,0.47899614479145874
Grid:Vmax,loo,n72,36,0.7358307008352988,0.6632241293896852,0.6253726024877847,0.6955961935042203
Grid:Vmax,loo,n72,37,0.9742514662627703,1.1919685818090764,1.0892724535338973,1.2242940136086709
Grid:Vmax,loo,n72,38,1.6313950376962256,2.0930285928140204,2.3139416432486786,2.3281835993675726
Grid:Vmax,loo,n72,39,0.7145707700900724,0.5211687524605091,0.28710019320577684,0.5724690626170958
Grid:Vmax,loo,n72,40,0.7071771027766798,0.6316539594736374,0.7261209549122077,0.7579333116233161
Grid:Vmax,loo,n72,41,0.9772400026807279,0.7668661935607255,0.9285403096420827,1.0609681408922624
Grid:Vmax,loo,n72,42,1.4344806993118948,2.105117277860483,1.7369465780775297,1.9021513300522241
Grid:Vmax,loo,n72,43,3.0253178457773857,3.1056454248173466,3.282872844247459,3.4932378709820036
Grid:Vmax,loo,n72,44,0.525589233476531,1.163357542437952,0.7887584599783144,0.9424956126784112
Grid:Vmax,loo,n72,45,0.287928105,0.2779482688685714,0.2833783286937931,0.2918656674635139
Grid:Vmax,loo,n72,46,0.31809033000000003,0.38697386575395964,0.37371494225446933,0.4093737860978053
Grid:Vmax,loo,n72,47,0.690526634,0.5818689130788803,0.41896194272213055,0.7006135385183583
Grid:Vmax,loo,n72,48,0.533155744,1.669142822452261,1.482688275043118,1.3371047886496543
Grid:Vmax,loo,n72,49,0.394374792,0.24698961171209252,0.08342373306841916,0.3385368209726544
Grid:Vmax,loo,n72,50,0.8888664110728276,0.5526400877346814,0.6289110388375632,0.5551308398960008
Grid:Vmax,loo,n72,51,1.0093177469814805,0.8223824948098634,1.0738821004982497,0.7962666541866318
Grid:Vmax,loo,n72,53,3.621934801234235,2.415336331361122,2.5333417391909556,2.442301136352319
Grid:Vmax,loo,n72,55,0.7091969650382516,0.6571357478562116,1.0504704821313262,0.9151357068303441
Grid:Vmax,loo,n72,56,1.11644715675359,1.0382764335111325,1.4383595855016824,1.24801747227514
Grid:Vmax,loo,n72,57,2.632262983143599,2.5371087615681214,2.069692498170193,1.9376329287881475
Grid:Vmax,loo,n72,58,4.56586646613916,3.539350374601732,3.7911103001546245,3.6081607740898525
Grid:Vmax,loo,n72,59,0.9962307836408405,1.8868424647587276,1.2591318206401254,1.0257539068950554
Grid:Vmax,loo,n72,60,0.23311881,0.26746509184936623,0.2542505728888645,0.2975279654329658
Grid:Vmax,loo,n72,61,0.30413902200000004,0.31335773149664015,0.3299309513078464,0.41615501614433775
Grid:Vmax,loo,n72,62,0.577519998,0.726766527515966,0.5706115850054265,0.715621536985391
Grid:Vmax,loo,n72,63,0.883541279,1.1588537498784324,1.2983337197126497,1.3769225756183145
Grid:Vmax,loo,n72,64,0.23009156690000002,0.34179663200224236,0.20362723103678462,0.3479537709575199
Grid:Vmax,loo,n72,65,0.6216423885079015,0.43881693892755935,0.5320747144718936,0.589040761182839
Grid:Vmax,loo,n72,66,0.725208455434742,0.711611295116646,0.8326421765889781,0.8381019156369812
Grid:Vmax,loo,n72,67,1.5648391052132387,1.557521784535936,1.320881832362995,1.3966120481434938
Grid:Vmax,loo,n72,68,2.5540695873143746,2.5971689016273216,2.7087518508248265,2.720507966923517
Grid:Vmax,loo,n72,69,0.6762729675462515,0.8960436404729643,0.671055834927264,0.6911829491561577
Grid:Vmax,loo,n72,70,0.5466172864932111,0.5752932488162994,0.867357956592814,0.977201289687683
Grid:Vmax,loo,n72,71,0.9351560245233326,0.7991153950419684,1.2087033453113474,1.3329110151740244
Grid:Vmax,loo,n72,72,1.9434400298290089,2.6609792775802004,2.1343410686376334,2.2269612138555837
Grid:Vmax,loo,n72,74,1.2426230104116622,1.3335765749850634,0.9277143802208176,0.9699545618957008
Grid:Vmax,composition,n72,0,0.26391862899999996,0.3184920345834224,0.2976467421136161,0.18825749961996452
Grid:Vmax,composition,n72,1,0.375450978,0.39373435337375917,0.4000942203131752,0.26282605340183723
Grid:Vmax,composition,n72,2,0.806323384,0.7196312192403022,0.6110775172414666,0.4601349913743605
Grid:Vmax,composition,n72,3,0.90553173,1.1535519409704347,1.0073794326505578,0.8678427409018589
Grid:Vmax,composition,n72,4,0.633048541,0.38853065734563985,0.3139552530703739,0.21271471305865472
Grid:Vmax,composition,n72,5,0.5722335688,0.5303135425540165,0.49667741196783544,0.37651499923992904
Grid:Vmax,composition,n72,6,0.6900451627862,0.6842077621119967,0.63951243971477,0.5256521068036745
Grid:Vmax,composition,n72,7,0.6333668375999999,1.0911631272971172,0.9796607686999734,0.920269982748721
Grid:Vmax,composition,n72,8,1.4032061532606,1.4362684193327482,1.7348581978056308,1.7356854818037177
Grid:Vmax,composition,n72,9,0.4507851536,0.5148535566302201,0.4054692735907426,0.42542942611730944
Grid:Vmax,composition,n72,10,0.387116973,0.43462551293621055,0.6094054820537782,0.5647724988598936
Grid:Vmax,composition,n72,11,0.6510550260000001,0.8620915324010516,0.8470134325937394,0.7884781602055118
Grid:Vmax,composition,n72,12,0.9720691739999999,1.4742985134336337,1.4263552632103198,1.3804049741230815
Grid:Vmax,composition,n72,13,1.66451229518,2.670598228854705,2.61733224915534,2.603528222705577
Grid:Vmax,composition,n72,14,0.642128274,0.6257659997558351,0.6185215123608475,0.6381441391759642
Grid:Vmax,composition,n72,15,0.44437984599999997,0.1899599721413413,0.13628659383709918,0.13195603171957868
Grid:Vmax,composition,n72,16,0.502505736,0.26510037804690717,0.18196317742887932,0.17761580027740304
Grid:Vmax,composition,n72,17,0.827206853,0.5245409815249712,0.3304635384700065,0.3261061121947284
Grid:Vmax,composition,n72,18,1.479965675,0.7001392955985613,0.617151791738305,0.612793404096355
Grid:Vmax,composition,n72,19,0.4105959,0.3930428370891017,0.16741465235733985,0.1630648001432567
Grid:Vmax,composition,n72,20,0.7557376122,0.4427194979291639,0.26823500726333394,0.26391206343915735
Grid:Vmax,composition,n72,21,0.8705703700800002,0.5010455217420013,0.35956375540830054,0.35523160055480607
Grid:Vmax,composition,n72,22,1.1533150766754319,0.6476385662807045,0.6565473158724091,0.6522122243894568
Grid:Vmax,composition,n72,23,1.1138047443280001,1.163557731967102,1.2299184352797332,1.22558680819271
Grid:Vmax,composition,n72,24,0.500302137,0.4266288866801462,0.33045217121279347,0.3261296002865134
Grid:Vmax,composition,n72,25,0.4695109384854026,0.3817178524919228,0.40013948038087804,0.395868095158736
Grid:Vmax,composition,n72,26,1.1530590316270004,0.5489703908258321,0.5371204585962002,0.532847400832209
Grid:Vmax,composition,n72,27,1.3172022048156284,0.9551192830977833,0.9825908376680775,0.9783183365841852
Grid:Vmax,composition,n72,28,2.955436008826438,1.6511693824295675,1.8426506511027145,1.838380212289065
Grid:Vmax,composition,n72,29,0.37284208869228813,0.5437863903588191,0.49346182911952413,0.4891944004297701
Grid:Vmax,composition,n72,30,0.083140201,0.3721824101293423,0.3793484486311957,0.2912459387781004
Grid:Vmax,composition,n72,31,0.093954329,0.4586485392597994,0.4859232933736025,0.4241822850906347
Grid:Vmax,composition,n72,32,0.394078884,0.9115792061985147,0.841396831060372,0.7706458422056711
Grid:Vmax,composition,n72,33,0.526035667,1.2376791047251985,1.31519640068654,1.3678529033783848
Grid:Vmax,composition,n72,34,0.236082521,0.5048455254119998,0.431750906022259,0.368071373382429
Grid:Vmax,composition,n72,35,0.8022848834824801,0.8131765132694572,0.8052790598939716,0.5824918775562008
Grid:Vmax,composition,n72,36,0.7358307008352988,1.0238424406867588,1.0303040409816626,0.8483645701812694
Grid:Vmax,composition,n72,37,0.9742514662627703,1.9284386068293045,1.697678687519828,1.5412916844113422
Grid:Vmax,composition,n72,38,1.6313950376962256,2.8372034282845116,2.8117348155803756,2.7357058067567697
Grid:Vmax,composition,n72,39,0.7145707700900724,1.0003404259479516,0.8214842935911634,0.736142746764858
Grid:Vmax,composition,n72,40,0.7071771027766798,0.653215952234481,0.8151719272393301,0.8737378163343011
Grid:Vmax,composition,n72,41,0.9772400026807279,1.2290115166207212,1.320312607433578,1.2725468552719041
Grid:Vmax,composition,n72,42,1.4344806993118948,2.51166100836248,2.3775628048740236,2.3119375266170135
Grid:Vmax,composition,n72,43,3.0253178457773857,4.343125026644489,4.272701314556907,4.103558710135155
Grid:Vmax,composition,n72,44,0.525589233476531,0.9929931516743549,0.9713975770758503,1.104214120147287
Grid:Vmax,composition,n72,45,0.287928105,0.10762755896834666,0.2799139243306964,0.2548263170094186
Grid:Vmax,composition,n72,46,0.31809033000000003,0.13594311498415074,0.38910956285568316,0.36402195553440536
Grid:Vmax,composition,n72,47,0.690526634,0.4035422038552005,0.6025473569911848,0.577459749669907
Grid:Vmax,composition,n72,48,0.533155744,0.5753322258936142,1.0554058782465086,1.0303182709252308
Grid:Vmax,composition,n72,49,0.394374792,0.20385485432359518,0.3251105560507541,0.3000229487294763
Grid:Vmax,composition,n72,50,0.8888664110728276,0.6431750670733926,0.534740241340115,0.5096526340188372
Grid:Vmax,composition,n72,51,1.0093177469814805,0.6615042214431927,0.7531315183900885,0.7280439110688107
Grid:Vmax,composition,n72,53,3.621934801234235,2.1065232782976584,2.0857241491717393,2.0606365418504615
Grid:Vmax,composition,n72,55,0.7091969650382516,0.628805339974131,0.7895665583495336,0.7644789510282558
Grid:Vmax,composition,n72,56,1.11644715675359,0.87603529314322,1.117153473924494,1.0920658666032161
Grid:Vmax,composition,n72,57,2.632262983143599,1.7272733933257345,1.757466856330999,1.7323792490097212
Grid:Vmax,composition,n72,58,4.56586646613916,3.0739618016732546,3.11604242009697,3.090954812775692
Grid:Vmax,composition,n72,59,0.9962307836408405,0.9593229253572952,0.9251564535097068,0.900068846188429
Grid:Vmax,composition,n72,60,0.23311881,0.4790578169980263,0.6120663265699761,0.601319208347143
Grid:Vmax,composition,n72,61,0.30413902200000004,0.6894354689997613,0.808107595677228,0.8347315538211662
Grid:Vmax,composition,n72,62,0.577519998,1.5138378139954807,1.3283608491833363,1.3898632303922718
Grid:Vmax,composition,n72,63,0.883541279,1.951308717144336,2.132202298670996,2.5262630012818987
Grid:Vmax,composition,n72,64,0.23009156690000002,0.8202816589522655,0.6219747702164738,0.6230754210895962
Grid:Vmax,composition,n72,65,0.6216423885079015,0.9187658151365261,1.2659652479989187,1.202638416694286
Grid:Vmax,composition,n72,66,0.725208455434742,1.4300522792618042,1.6945792773151078,1.6694631076423323
Grid:Vmax,composition,n72,67,1.5648391052132387,3.4687801845393462,2.8909650046292166,2.7797264607845436
Grid:Vmax,composition,n72,68,2.5540695873143746,5.772793756197936,5.427456541438979,5.0525260025637975
Grid:Vmax,composition,n72,69,0.6762729675462515,2.0745614598091864,1.4044080564068042,1.2461508421791925
Grid:Vmax,composition,n72,70,0.5466172864932111,0.8884059530582384,1.5918048014125272,1.803957625041429
Grid:Vmax,composition,n72,71,0.9351560245233326,1.7519314319164745,2.31748696087541,2.5041946614634982
Grid:Vmax,composition,n72,72,1.9434400298290089,4.847944502720763,4.264123584802208,4.169589691176815
Grid:Vmax,composition,n72,74,1.2426230104116622,2.3222760419904818,1.8417754846727867,1.8692262632687884
Grid:Vmax,force,n72,0,0.26391862899999996,0.39052033774031397,0.25387189400623356,0.15761570376308146
Grid:Vmax,force,n72,1,0.375450978,0.4022330094755532,0.28525273547092156,0.22174728458889792
Grid:Vmax,force,n72,2,0.806323384,0.33824186862640226,0.3557236052060119,0.3793145440448064
Grid:Vmax,force,n72,3,0.90553173,0.5580375923447849,0.6858486496489752,0.7347767488749045
Grid:Vmax,force,n72,4,0.633048541,0.17062088674325404,0.18831038777678494,0.18151972054980778
Grid:Vmax,force,n72,5,0.5722335688,0.3160498085256213,0.2995938545781701,0.29052042874649314
Grid:Vmax,force,n72,6,0.6900451627862,0.49441065569396014,0.47860489378859306,0.4695314679569161
Grid:Vmax,force,n72,7,0.6333668375999999,0.9002905235760013,0.867921675915446,0.858848250083769
Grid:Vmax,force,n72,8,1.4032061532606,1.3636892763504684,1.6017915538342926,1.5927181280026157
Grid:Vmax,force,n72,9,0.4507851536,0.5979801766649636,0.4134436442436103,0.4043702184119333
Grid:Vmax,force,n72,10,0.387116973,0.36456293652979443,0.7430277854056716,0.7428100644217477
Grid:Vmax,force,n72,11,0.6510550260000001,0.7048281810416328,0.9215789366435837,0.9213612156596598
Grid:Vmax,force,n72,12,0.9720691739999999,1.6363106109292909,1.3632801191163133,1.3630623981323895
Grid:Vmax,force,n72,13,1.66451229518,2.230067638071832,2.384424806877148,2.384207085893224
Grid:Vmax,force,n72,14,0.642128274,1.0436982778089974,0.736740382764656,0.7365226617807321
Grid:Vmax,force,n72,15,0.44437984599999997,0.5070166908041202,0.3637566561407255,0.15761570376308146
Grid:Vmax,force,n72,16,0.502505736,0.6362266879488365,0.468704008855089,0.22174728458889792
Grid:Vmax,force,n72,17,0.827206853,0.6472762216025327,0.5662229920065251,0.3793145440448064
Grid:Vmax,force,n72,18,1.479965675,0.8190229084096399,0.8113614151242939,0.7347767488749045
Grid:Vmax,force,n72,19,0.4105959,0.193678744615285,0.20448217144314937,0.18151972054980778
Grid:Vmax,force,n72,20,0.7557376122,0.43811416744349474,0.2995938545781701,0.29052042874649314
Grid:Vmax,force,n72,21,0.8705703700800002,0.7402777554991676,0.47860489378859306,0.4695314679569161
Grid:Vmax,force,n72,22,1.1533150766754319,1.1003771626761343,0.867921675915446,0.858848250083769
Grid:Vmax,force,n72,23,1.1138047443280001,2.0437642503645113,1.6017915538342926,1.5927181280026157
Grid:Vmax,force,n72,24,0.500302137,0.45066185750673204,0.4134436442436103,0.4043702184119333
Grid:Vmax,force,n72,25,0.4695109384854026,0.36456293652979443,0.7430277854056716,0.7428100644217477
Grid:Vmax,force,n72,26,1.1530590316270004,0.7048281810416328,0.9215789366435837,0.9213612156596598
Grid:Vmax,force,n72,27,1.3172022048156284,1.6363106109292909,1.3632801191163133,1.3630623981323895
Grid:Vmax,force,n72,28,2.955436008826438,2.230067638071832,2.384424806877148,2.384207085893224
Grid:Vmax,force,n72,29,0.37284208869228813,1.0436982778089974,0.736740382764656,0.7365226617807321
Grid:Vmax,force,n72,30,0.083140201,0.5239468419826747,0.32822809601685615,0.24901997306720686
Grid:Vmax,force,n72,31,0.093954329,0.420462982830883,0.3345720694276524,0.35034264681555016
Grid:Vmax,force,n72,32,0.394078884,0.37735924717500685,0.43667716745831137,0.5992860818235444
Grid:Vmax,force,n72,33,0.526035667,0.710524458144692,0.9433004211598219,1.160887410624225
Grid:Vmax,force,n72,34,0.236082521,0.10217333230737607,0.17545800578912618,0.2867863724443668
Grid:Vmax,force,n72,35,0.8022848834824801,0.39018460118009235,0.41338910086755765,0.4043156750358807
Grid:Vmax,force,n72,36,0.7358307008352988,0.5317578247944925,0.6625177747770696,0.6534443489453926
Grid:Vmax,force,n72,37,0.9742514662627703,1.0062176439732116,1.2043277887839257,1.1952543629522487
Grid:Vmax,force,n72,38,1.6313950376962256,1.8501815234839727,2.225650441925713,2.216577016094036
Grid:Vmax,force,n72,39,0.7145707700900724,0.42896072298468035,0.5718332239190287,0.5627597980873517
Grid:Vmax,force,n72,40,0.7071771027766798,0.482332982312091,0.9735248963365744,0.9733071753526504
Grid:Vmax,force,n72,41,0.9772400026807279,0.9469568783852946,1.2074812264821841,1.2072635054982603
Grid:Vmax,force,n72,42,1.4344806993118948,2.2188734278378823,1.7862441577533554,1.7860264367694316
Grid:Vmax,force,n72,43,3.0253178457773857,3.0296341732310617,3.1242543696162888,3.124036648632365
Grid:Vmax,force,n72,44,0.525589233476531,1.4096757342256498,0.965286486010786,0.9650687650268621
Grid:Vmax,force,n72,45,0.287928105,0.5360249116885781,0.38435181234960575,0.296995568187613
Grid:Vmax,force,n72,46,0.31809033000000003,0.6353495213830274,0.5682056564626794,0.41783882702153735
Grid:Vmax,force,n72,47,0.690526634,1.1711109621116647,0.9827615873857332,0.7147431115096788
Grid:Vmax,force,n72,48,0.533155744,1.7752556459301088,1.7008592116022339,1.3845412152025967
Grid:Vmax,force,n72,49,0.394374792,0.4692579079784448,0.5423642057046012,0.34203795215089755
Grid:Vmax,force,n72,50,0.8888664110728276,0.4696194118286282,0.4734195742194607,0.4643461483877837
Grid:Vmax,force,n72,51,1.0093177469814805,0.6986569057127469,0.7595374452927797,0.7504640194611026
Grid:Vmax,force,n72,53,3.621934801234235,2.5150151515448713,2.5547550888955968,2.54568166306392
Grid:Vmax,force,n72,55,0.7091969650382516,0.5483826015565203,1.1133894871437462,1.1131717661598224
Grid:Vmax,force,n72,56,1.11644715675359,1.0827512407077942,1.3809654259917241,1.3807477050078003
Grid:Vmax,force,n72,57,2.632262983143599,2.545595320380092,2.0428967984359216,2.042679077451998
Grid:Vmax,force,n72,58,4.56586646613916,3.478059448580606,3.573179558490254,3.5729618375063303
Grid:Vmax,force,n72,59,0.9962307836408405,1.6149288738316998,1.1039672142940833,1.1037494933101595
Grid:Vmax,force,n72,60,0.23311881,0.3634815900354365,0.24588766951380864,0.3015424891242996
Grid:Vmax,force,n72,61,0.30413902200000004,0.37379592326307615,0.3574781883869635,0.4242358252068592
Grid:Vmax,force,n72,62,0.577519998,0.6636279126434574,0.6731325636590516,0.7256856331032097
Grid:Vmax,force,n72,63,0.883541279,1.1981016677747294,1.36437835500512,1.4057381626100185
Grid:Vmax,force,n72,64,0.23009156690000002,0.33073299702402,0.34706048607617856,0.34727445966939996
Grid:Vmax,force,n72,65,0.6216423885079015,0.381610926068381,0.47968527463387933,0.47061184880220236
Grid:Vmax,force,n72,66,0.725208455434742,0.6003021210488819,0.7696639053357233,0.7605904795040462
Grid:Vmax,force,n72,67,1.5648391052132387,1.325227842816394,1.4003152209659808,1.391241795134304
Grid:Vmax,force,n72,68,2.5540695873143746,2.3586794626098366,2.589105494743945,2.580032068912268
Grid:Vmax,force,n72,69,0.6762729675462515,0.7477510641805739,0.6641096892314068,0.6550362633997298
Grid:Vmax,force,n72,70,0.5466172864932111,0.562711794263082,1.1626215578271861,1.1624038368432623
Grid:Vmax,force,n72,71,0.9351560245233326,1.1122112680091303,1.4420315351722026,1.4418138141882788
Grid:Vmax,force,n72,72,1.9434400298290089,2.616476288555919,2.1332380411640117,2.133020320180088
Grid:Vmax,force,n72,74,1.2426230104116622,1.6594576966271464,1.1527825676145476,1.1525648466306238
Grid:Vmax,frequency,n72,0,0.26391862899999996,0.2650992130743705,0.2650992130743705,0.06270252161693897
Grid:Vmax,frequency,n72,1,0.375450978,0.3398725424484037,0.5355642161076671,0.3079933475969823
Grid:Vmax,frequency,n72,2,0.806323384,1.0147149514295282,1.0147149514295282,0.9519683414192273
Grid:Vmax,frequency,n72,3,0.90553173,0.6949950875078612,0.6949950875078612,0.3885345433643555
Grid:Vmax,frequency,n72,4,0.633048541,1.714583775348424,1.714583775348424,1.6053674703599363
Grid:Vmax,frequency,n72,5,0.5722335688,0.3624124221972229,0.3624124221972229,0.12540504323387794
Grid:Vmax,frequency,n72,6,0.6900451627862,0.39567579214197435,0.6655462890830967,0.6159866951939647
Grid:Vmax,frequency,n72,7,0.6333668375999999,1.9145127542873448,1.9145127542873448,1.9039366828384545
Grid:Vmax,frequency,n72,8,1.4032061532606,0.6954817189394298,0.6954817189394298,0.777069086728711
Grid:Vmax,frequency,n72,9,0.4507851536,3.087131497044099,3.087131497044099,3.2107349407198726
Grid:Vmax,frequency,n72,10,0.387116973,0.38905805860340886,0.38905805860340886,0.1881075648508169
Grid:Vmax,frequency,n72,11,0.6510550260000001,0.4376014169171478,0.8535453786137104,0.9239800427909469
Grid:Vmax,frequency,n72,12,0.9720691739999999,2.7555321191437243,2.7555321191437243,2.8559050242576816
Grid:Vmax,frequency,n72,13,1.66451229518,0.9883509739777097,0.9883509739777097,1.1656036300930663
Grid:Vmax,frequency,n72,14,0.642128274,4.409676633787016,4.409676633787016,4.816102411079808
Grid:Vmax,frequency,n72,15,0.44437984599999997,0.31192198276958116,0.31192198276958116,0.06270252161693897
Grid:Vmax,frequency,n72,16,0.502505736,0.3794425473333369,0.5822119391088016,0.3079933475969823
Grid:Vmax,frequency,n72,17,0.827206853,1.114611654275353,1.114611654275353,0.9519683414192273
Grid:Vmax,frequency,n72,18,1.479965675,0.6394912345728987,0.6394912345728987,0.3885345433643555
Grid:Vmax,frequency,n72,19,0.4105959,2.045528553814782,2.045528553814782,1.6053674703599363
Grid:Vmax,frequency,n72,20,0.7557376122,0.44657444859937534,0.44657444859937534,0.12540504323387794
Grid:Vmax,frequency,n72,21,0.8705703700800002,0.5896539977912706,0.7284323264674234,0.6159866951939647
Grid:Vmax,frequency,n72,22,1.1533150766754319,1.9260687257154663,1.9260687257154663,1.9039366828384545
Grid:Vmax,frequency,n72,23,1.1138047443280001,0.8661962140142667,0.8661962140142667,0.777069086728711
Grid:Vmax,frequency,n72,24,0.500302137,3.0052572637304515,3.0052572637304515,3.2107349407198726
Grid:Vmax,frequency,n72,25,0.4695109384854026,0.49025972695927644,0.49025972695927644,0.1881075648508169
Grid:Vmax,frequency,n72,26,1.1530590316270004,0.5033714278821934,0.9616024124541458,0.9239800427909469
Grid:Vmax,frequency,n72,27,1.3172022048156284,3.0432726018855805,3.0432726018855805,2.8559050242576816
Grid:Vmax,frequency,n72,28,2.955436008826438,0.9960407877870917,0.9960407877870917,1.1656036300930663
Grid:Vmax,frequency,n72,29,0.37284208869228813,5.1965876857478115,5.1965876857478115,4.816102411079808
Grid:Vmax,frequency,n72,30,0.083140201,0.1343733619035774,0.1343733619035774,0.09318453117083933
Grid:Vmax,frequency,n72,31,0.093954329,0.22299664172928402,0.3106581969263741,0.46033231807550745
Grid:Vmax,frequency,n72,32,0.394078884,1.2586335542295175,1.2586335542295175,1.3972598714712634
Grid:Vmax,frequency,n72,33,0.526035667,0.46298405227289835,0.46298405227289835,0.5057452070799165
Grid:Vmax,frequency,n72,34,0.236082521,1.9750676177479793,1.9750676177479793,2.368024978154748
Grid:Vmax,frequency,n72,35,0.8022848834824801,0.3000644082421502,0.3000644082421502,0.18636906234167866
Grid:Vmax,frequency,n72,36,0.7358307008352988,0.562380031179367,0.8141714873018585,0.9206646361510149
Grid:Vmax,frequency,n72,37,0.9742514662627703,2.6836992372531117,2.6836992372531117,2.794519742942527
Grid:Vmax,frequency,n72,38,1.6313950376962256,0.9835974946474051,0.9835974946474051,1.011490414159833
Grid:Vmax,frequency,n72,39,0.7145707700900724,4.294144941582724,4.294144941582724,4.736049956309496
Grid:Vmax,frequency,n72,40,0.7071771027766798,0.4113033077508176,0.4113033077508176,0.279553593512518
Grid:Vmax,frequency,n72,41,0.9772400026807279,0.6472115428303301,1.2245730045975016,1.3809969542265224
Grid:Vmax,frequency,n72,42,1.4344806993118948,4.139263063591445,4.139263063591445,4.1917796144137895
Grid:Vmax,frequency,n72,43,3.0253178457773857,1.2891119636152442,1.2891119636152442,1.5172356212397498
Grid:Vmax,frequency,n72,44,0.525589233476531,6.838995523264441,6.838995523264441,7.1040749344642435
Grid:Vmax,frequency,n72,45,0.287928105,0.21509129916666853,0.21509129916666853,0.10969948367937946
Grid:Vmax,frequency,n72,46,0.31809033000000003,0.35761966732893125,0.4884177573525126,0.5443178555261824
Grid:Vmax,frequency,n72,47,0.690526634,1.4909599688984612,1.4909599688984612,1.627764496978325
Grid:Vmax,frequency,n72,48,0.533155744,0.629656203592598,0.629656203592598,0.5708867800488283
Grid:Vmax,frequency,n72,49,0.394374792,2.3143839926598297,2.3143839926598297,2.751089666692933
Grid:Vmax,frequency,n72,50,0.8888664110728276,0.4193341013426725,0.4193341013426725,0.2193989673587589
Grid:Vmax,frequency,n72,51,1.0093177469814805,0.7463460639984987,1.3416305936333583,1.0886357110523648
Grid:Vmax,frequency,n72,53,3.621934801234235,1.2858207682127583,1.2858207682127583,1.1417735600976566
Grid:Vmax,frequency,n72,55,0.7091969650382516,0.5323098479706722,0.5323098479706722,0.3290984510381384
Grid:Vmax,frequency,n72,56,1.11644715675359,0.9234929894349779,1.8227148323951448,1.632953566578547
Grid:Vmax,frequency,n72,57,2.632262983143599,4.988485220105897,4.988485220105897,4.883293490934975
Grid:Vmax,frequency,n72,58,4.56586646613916,2.024676014051599,2.024676014051599,1.7126603401464848
Grid:Vmax,frequency,n72,59,0.9962307836408405,8.746294067671903,8.746294067671903,8.2532690000788
Grid:Vmax,frequency,n72,60,0.23311881,0.17890869914056168,0.17890869914056168,0.11224737914255935
Grid:Vmax,frequency,n72,61,0.30413902200000004,0.29604242898162314,0.44664213213330706,0.5599499599490068
Grid:Vmax,frequency,n72,62,0.577519998,1.5553224650421444,1.5553224650421444,1.6434822179404105
Grid:Vmax,frequency,n72,63,0.883541279,0.5432731211068718,0.5432731211068718,0.5839592622710906
Grid:Vmax,frequency,n72,64,0.23009156690000002,2.489152209777834,2.489152209777834,2.7545615359744913
Grid:Vmax,frequency,n72,65,0.6216423885079015,0.3229776790554605,0.3229776790554605,0.2244947582851187
Grid:Vmax,frequency,n72,66,0.725208455434742,0.638146534721281,1.0796171342399061,1.1198999198980135
Grid:Vmax,frequency,n72,67,1.5648391052132387,3.257227249633143,3.257227249633143,3.286964435880821
Grid:Vmax,frequency,n72,68,2.5540695873143746,1.3027333422478407,1.3027333422478407,1.1679185245421813
Grid:Vmax,frequency,n72,69,0.6762729675462515,5.47191163293182,5.47191163293182,5.5091230719489825
Grid:Vmax,frequency,n72,70,0.5466172864932111,0.42282273803217985,0.42282273803217985,0.336742137427678
Grid:Vmax,frequency,n72,71,0.9351560245233326,0.7307928284377334,1.6179074149612345,1.67984987984702
Grid:Vmax,frequency,n72,72,1.9434400298290089,4.898837118874196,4.898837118874196,4.930446653821232
Grid:Vmax,frequency,n72,74,1.2426230104116622,8.216926948807824,8.216926948807824,8.263684607923473
SalamaFreq,loo,all,0,518.0,574.2404462217412,574.2404462217412,804.5974686446395
SalamaFreq,loo,all,1,672.8,699.1277437447355,699.1277437447355,909.3576640368537
SalamaFreq,loo,all,2,879.9,846.5347771614956,846.5347771614956,1017.0126543267312
SalamaFreq,loo,all,3,1001.2,998.4634873944727,998.4634873944727,1104.3710120015153
SalamaFreq,loo,all,4,1068.4,1092.746816025215,1092.746816025215,1156.749343136967
SalamaFreq,loo,all,5,1216.6,1205.0875262677207,1205.0875262677207,1332.149450754562
SalamaFreq,loo,all,6,1327.5,1330.7686811208669,1330.7686811208669,1519.376561609099
SalamaFreq,loo,all,7,1450.2,1417.5318107169999,1417.5318107169999,1714.993008380679
SalamaFreq,loo,all,8,1482.2,1584.0381732659123,1584.0381732659123,1877.1264762051833
SalamaFreq,loo,all,9,1652.5,1620.0638891045378,1620.0638891045378,1982.3728549421255
SalamaFreq,loo,all,10,1979.4,1898.665412410448,1898.665412410448,1480.2993307799056
SalamaFreq,loo,all,11,2225.4,2187.36665009005,2187.36665009005,1760.9711990054002
SalamaFreq,loo,all,12,2390.3,2348.141831714205,2348.141831714205,1969.1366323273378
SalamaFreq,loo,all,13,2445.1,2524.6744322893364,2524.6744322893364,2166.730280135318
SalamaFreq,loo,all,14,2594.3,2391.212528194921,2391.212528194921,2206.6060103479035
SalamaFreq,loo,all,15,1293.7,1581.0365691057946,1581.0365691057946,1654.98520349173
SalamaFreq,loo,all,16,1788.0,1676.8006482525418,1676.8006482525418,1812.0799198040463
SalamaFreq,loo,all,17,2050.4,2114.760457311786,2114.760457311786,2026.2152143583298
SalamaFreq,loo,all,18,2329.9,2251.8053535587005,2251.8053535587005,2190.7632518277433
SalamaFreq,loo,all,19,2338.5,2436.466427484438,2436.466427484438,2298.539919000525
SalamaFreq,loo,all,20,1429.3,1302.9469711111897,1302.9469711111897,1303.9418740693027
SalamaFreq,loo,all,21,1487.8,1498.1459831689406,1498.1459831689406,1515.4370507060114
SalamaFreq,loo,all,22,1575.8,1618.372661112172,1618.372661112172,1711.1474954315754
SalamaFreq,loo,all,23,1701.6,1753.6526971142496,1753.6526971142496,1862.9316285468406
SalamaFreq,loo,all,24,1882.0,1786.4876940852507,1786.4876940852507,1941.415959382435
SalamaFreq,loo,all,25,687.9,798.6373004145279,798.6373004145279,819.334948428105
SalamaFreq,loo,all,26,916.5,830.6702224234158,830.6702224234158,917.0568251235053
SalamaFreq,loo,all,27,977.8,1064.8725922038652,1064.8725922038652,1038.4419952956055
SalamaFreq,loo,all,28,1170.1,1114.9955870352485,1114.9955870352485,1105.7603255541121
SalamaFreq,loo,all,29,1199.6,1221.308009362907,1221.308009362907,1159.7689245802796
SalamaFreq,composition,all,0,518.0,805.1976255733242,805.1976255733242,815.2087043334415
SalamaFreq,composition,all,1,672.8,915.9203825545108,915.9203825545108,925.931461314628
SalamaFreq,composition,all,2,879.9,1021.5046387111483,1021.5046387111483,1031.5157174712656
SalamaFreq,composition,all,3,1001.2,1107.2566273807338,1107.2566273807338,1117.267706140851
SalamaFreq,composition,all,4,1068.4,1157.1579602350348,1157.1579602350348,1167.169038995152
SalamaFreq,composition,all,5,1216.6,1344.0531246716703,1344.0531246716703,1365.0799156613482
SalamaFreq,composition,all,6,1327.5,1558.5993349655037,1558.5993349655037,1579.6261259551816
SalamaFreq,composition,all,7,1450.2,1764.2441502515753,1764.2441502515753,1785.2709412412532
SalamaFreq,composition,all,8,1482.2,1925.2881339305613,1925.2881339305613,1946.3149249202393
SalamaFreq,composition,all,9,1652.5,2003.189346843526,2003.189346843526,2024.216137833204
SalamaFreq,composition,all,10,1979.4,1386.9147843804328,1386.9147843804328,1401.0488029901885
SalamaFreq,composition,all,11,2225.4,1619.9827388148378,1619.9827388148378,1634.1167574245935
SalamaFreq,composition,all,12,2390.3,1850.8852085056342,1850.8852085056342,1865.0192271153899
SalamaFreq,composition,all,13,2445.1,2041.536054783567,2041.536054783567,2055.6700733933226
SalamaFreq,composition,all,14,2594.3,2146.7805250639144,2146.7805250639144,2160.91454367367
SalamaFreq,composition,all,15,1293.7,1638.7195764525845,1638.7195764525845,1667.0314965765942
SalamaFreq,composition,all,16,1788.0,1812.0395165536565,1812.0395165536565,1840.3514366776662
SalamaFreq,composition,all,17,2050.4,1983.1455843935685,1983.1455843935685,2011.4575045175782
SalamaFreq,composition,all,18,2329.9,2139.939737641564,2139.939737641564,2168.251657765574
SalamaFreq,composition,all,19,2338.5,2267.7839226357783,2267.7839226357783,2296.095842759788
SalamaFreq,composition,all,20,1429.3,1279.589097771527,1279.589097771527,1308.0799928750075
SalamaFreq,composition,all,21,1487.8,1497.1104040087998,1497.1104040087998,1525.6012991122805
SalamaFreq,composition,all,22,1575.8,1704.1079334192505,1704.1079334192505,1732.598828522731
SalamaFreq,composition,all,23,1701.6,1859.924733976576,1859.924733976576,1888.4156290800565
SalamaFreq,composition,all,24,1882.0,1922.3113616080996,1922.3113616080996,1950.8022567115802
SalamaFreq,composition,all,25,687.9,804.911207517328,804.911207517328,830.1744031474932
SalamaFreq,composition,all,26,916.5,920.4770068404345,920.4770068404345,945.7402040652879
SalamaFreq,composition,all,27,977.8,1031.2033134834357,1031.2033134834357,1056.4665123861294
SalamaFreq,composition,all,28,1170.1,1121.3913032288299,1121.3913032288299,1146.6545037780286
SalamaFreq,composition,all,29,1199.6,1173.7415553759924,1173.7415553759924,1199.004757448184
SalamaFreq,frequency,all,0,518.0,621.1217664696187,621.1217664696187,820.6723632925945
SalamaFreq,frequency,all,1,672.8,696.5306913036852,696.5306913036852,894.0555822940491
SalamaFreq,frequency,all,2,879.9,856.8081583158341,856.8081583158341,1007.5936561945497
SalamaFreq,frequency,all,3,1001.2,995.8247124504422,995.8247124504422,1112.906121587879
SalamaFreq,frequency,all,4,1068.4,1054.0742737198204,1054.0742737198204,1101.2160637173822
SalamaFreq,frequency,all,5,1216.6,1174.1674303947289,1174.1674303947289,1369.2687486364496
SalamaFreq,frequency,all,6,1327.5,1341.5425332871207,1341.5425332871207,1491.159828376425
SalamaFreq,frequency,all,7,1450.2,1388.186460739386,1388.186460739386,1681.673901195941
SalamaFreq,frequency,all,8,1482.2,1582.9527450416454,1582.9527450416454,1854.5927863637746
SalamaFreq,frequency,all,9,1652.5,1497.096545004236,1497.096545004236,1835.6326584829749
SalamaFreq,frequency,all,10,1979.4,2005.6850185212306,2005.6850185212306,1645.7891560315652
SalamaFreq,frequency,all,11,2225.4,2203.070269028309,2203.070269028309,1791.3127382471273
SalamaFreq,frequency,all,12,2390.3,2338.852435142385,2338.852435142385,2022.2407350041735
SalamaFreq,frequency,all,13,2445.1,2540.638561650958,2540.638561650958,2225.0599943276884
SalamaFreq,frequency,all,14,2594.3,2395.2676249401,2395.2676249401,2203.2497842967787
SalamaFreq,frequency,all,15,1293.7,1628.2661886044011,1628.2661886044011,1650.2335854779415
SalamaFreq,frequency,all,16,1788.0,1673.2638128212607,1673.2638128212607,1794.5143119061563
SalamaFreq,frequency,all,17,2050.4,2164.5389503187557,2164.5389503187557,2029.2941576192482
SalamaFreq,frequency,all,18,2329.9,2258.102111108907,2258.102111108907,2224.3077454796185
SalamaFreq,frequency,all,19,2338.5,2377.4352871911815,2377.4352871911815,2204.067441158792
SalamaFreq,frequency,all,20,1429.3,1304.451958887483,1304.451958887483,1382.6020369755784
SalamaFreq,frequency,all,21,1487.8,1500.8061597780518,1500.8061597780518,1500.7645493535117
SalamaFreq,frequency,all,22,1575.8,1558.2222286469107,1558.2222286469107,1702.8341690411642
SalamaFreq,frequency,all,23,1701.6,1757.967786829723,1757.967786829723,1852.3360398195664
SalamaFreq,frequency,all,24,1882.0,1706.53584252789,1706.53584252789,1838.0856290690167
SalamaFreq,frequency,all,25,687.9,807.7657755749224,807.7657755749224,842.894510524475
SalamaFreq,frequency,all,26,916.5,825.5481799927086,825.5481799927086,910.0634505891934
SalamaFreq,frequency,all,27,977.8,1085.4012841211645,1085.4012841211645,1042.8607692699213
SalamaFreq,frequency,all,28,1170.1,1121.246784463342,1121.246784463342,1109.144877347532
SalamaFreq,frequency,all,29,1199.6,1189.421638506571,1189.421638506571,1105.3043480274528
ParkG,loo,all,0,0.1312,0.22770987747363913,0.20207899493285283,0.10232570937746682
ParkG,loo,all,1,0.2212,0.17415124371753063,0.17304931730105055,0.1040624310638661
ParkG,loo,all,2,0.2032,0.19195924824373004,0.19638939241321685,0.1060494727421984
ParkG,loo,all,3,0.1792,0.2153312817358565,0.21396738269700105,0.1076986667141777
ParkG,loo,all,4,0.1792,0.3024509564255018,0.29465802969617577,0.10886310270368355
ParkG,loo,all,5,0.2753,0.47407758945509637,0.4677112366672665,0.10922837098303557
ParkG,loo,all,6,0.9059,0.44884415847640535,0.4380369657038824,0.10694553547519739
ParkG,loo,all,7,0.6837,0.7816140914188345,0.7769850556793801,0.10782182875290457
ParkG,loo,all,8,0.8639,0.8787743713932509,0.8764945611186793,0.10663789479307582
ParkG,loo,all,9,0.8339,1.0544193349776845,1.067053654801423,0.10601752625289482
ParkG,loo,all,10,1.3504,0.8333607347506717,0.8433879604101291,0.10285694322332595
ParkG,loo,all,11,0.8819,0.8691094884869275,0.8690657272937985,0.10351427210475378
ParkG,loo,all,12,0.4915,0.8036969475669749,0.7869023241855992,0.10359316231772923
ParkG,loo,all,13,0.7137,0.5477826706376278,0.5222070375068447,0.10104791503684246
ParkG,loo,all,14,0.7257,0.46728092570209717,0.45135677428403265,0.09922927867766254
ParkG,loo,all,15,0.3834,0.5441427928181823,0.551342852546336,0.0985581093274555
ParkG,loo,all,16,0.3534,0.45956239354432066,0.4778524088232041,0.09674596680153204
ParkG,loo,all,17,0.2393,0.426865828610777,0.4395900309232359,0.09525144500618202
ParkG,loo,all,18,0.2753,0.3599922361815962,0.3606578409776212,0.09341423751189153
ParkG,loo,all,19,0.4074,0.27796184832968907,0.2737590648221162,0.0915216745067871
ParkG,loo,all,20,0.3053,0.2923486843565775,0.290547455361679,0.09063873041335228
ParkG,loo,all,21,0.2032,0.29517856561624367,0.29383871292216956,0.09018651204074875
ParkG,loo,all,22,0.2393,0.2478235975981044,0.2458416048822406,0.08990978006665999
ParkG,loo,all,23,0.2633,0.20896288474908456,0.2073773377087698,0.09044309578463468
ParkG,loo,all,24,0.1792,0.2049733481048396,0.2029080471139886,0.0923561490006982
ParkG,loo,all,25,0.1191,0.19137692215243524,0.18692852815499245,0.09565389004880785
ParkG,loo,all,26,0.1312,0.16815536448976762,0.16179186560622383,0.1007731343874818
ParkG,loo,all,27,0.2393,0.11085171816954478,0.1003939759416802,0.1085440663108041
ParkG,loo,all,28,0.1312,0.1665146070208427,0.1535664009711164,0.12171909788814647
ParkG,loo,all,29,0.1552,0.22599212356243562,0.2120260652421292,0.14182156840007373
ParkG,loo,all,30,0.2933,0.35255334266884275,0.3434613905717624,0.17378389132003882
ParkG,loo,all,31,0.4615,0.5719733793880679,0.5689657440527989,0.22753549788894997
ParkG,loo,all,32,0.8098,0.7102484647260067,0.6966540504735774,0.31830198206610266
ParkG,loo,all,33,1.2062,0.6765697404571415,0.6361631522577649,0.47328369100762835
ParkG,loo,all,34,0.7678,0.8565086767869324,0.8617355915332989,0.8263962940568047
ParkG,loo,all,35,0.5215,0.8070438487634648,0.9128659235188885,1.1505088731462374
ParkG,loo,all,36,0.3774,0.5293275069826786,0.5364236462263505,0.8620493919081483
ParkG,loo,all,37,0.3233,0.3174547057156482,0.27781691288376587,0.5075971306750735
ParkG,loo,all,38,0.2933,0.2607099543364413,0.22263306594427448,0.3144218195965644
ParkG,loo,all,39,0.1605,0.287747588681566,0.256922162061681,0.10538463206591644
ParkG,loo,all,40,0.2987,0.2832554676737704,0.2826273734544745,0.10708357409793155
ParkG,loo,all,41,0.4128,0.30974822645914446,0.3161246128250721,0.10867703292165944
ParkG,loo,all,42,0.3828,0.34573153329819295,0.3466099108915872,0.11043739848609345
ParkG,loo,all,43,0.3467,0.3586971238118826,0.35187141853823695,0.11178690986514699
ParkG,loo,all,44,0.4128,0.3647410257981596,0.35781760307565424,0.11238780324272314
ParkG,loo,all,45,0.3527,0.5287785642075847,0.5299667996932056,0.11295945845708466
ParkG,loo,all,46,0.5389,0.6921460258212899,0.697456101396453,0.11233677852424542
ParkG,loo,all,47,0.9954,0.7627885976114437,0.7679198160943678,0.11044640069724367
ParkG,loo,all,48,0.9053,0.9824427793430732,0.9983499373311471,0.10994022971019973
ParkG,loo,all,49,1.1936,0.7956049889341337,0.8090288274706783,0.10793756439965779
ParkG,loo,all,50,0.5749,0.8471626690139004,0.8559123864456842,0.10854755920510781
ParkG,loo,all,51,0.665,0.5425120308035226,0.5342898720803224,0.10668181451147168
ParkG,loo,all,52,0.3888,0.6125531395939529,0.6080548464700721,0.10574269140932575
ParkG,loo,all,53,0.4308,0.8176073024436414,0.8264565138892918,0.10370885548013889
ParkG,loo,all,54,0.9653,0.9969244385277682,1.016803726506825,0.10032181938908556
ParkG,loo,all,55,1.7701,0.9019716680246278,0.9136463416253385,0.09642920946330698
ParkG,loo,all,56,1.1395,1.1005106824646225,1.0987847523393537,0.09611208786670149
ParkG,loo,all,57,0.8032,0.9064791784843768,0.8893155725192512,0.09516359558650772
ParkG,loo,all,58,0.5689,0.6832885263435916,0.6682573943189871,0.09417160776086649
ParkG,loo,all,59,0.5629,0.46171929185218546,0.45193757617554886,0.09295373418849386
ParkG,loo,all,60,0.3948,0.39679740816938913,0.3884911523327343,0.0925730398581162
ParkG,loo,all,61,0.3227,0.3372553307036985,0.32741326524244596,0.09256674840590115
ParkG,loo,all,62,0.2927,0.2961869201932188,0.2873473261227686,0.09326256201385678
ParkG,loo,all,63,0.3007,0.2458679287086262,0.23892328604590904,0.09494522525855884
ParkG,loo,all,64,0.2326,0.21605150825759123,0.21233137081129677,0.09832252386760874
ParkG,loo,all,65,0.1665,0.17511626628516286,0.17477727131169046,0.10381588545018303
ParkG,loo,all,66,0.1005,0.1535875274492579,0.15491630894151004,0.11242122341609234
ParkG,loo,all,67,0.1005,0.15621155824221744,0.15600605658869704,0.12559488286680004
ParkG,loo,all,68,0.1305,0.22232969750115222,0.22343039563415917,0.14632620434082916
ParkG,loo,all,69,0.3467,0.2515719478859805,0.2571617918815941,0.1792550803716244
ParkG,loo,all,70,0.3828,0.3565235145126097,0.3677497199835204,0.23639637535448188
ParkG,loo,all,71,0.3767,0.45043705487665564,0.44980622074917764,0.34010632850746114
ParkG,loo,all,72,0.4668,0.5068960421240088,0.47547818282569143,0.5341918612901272
ParkG,loo,all,73,0.589,0.6111902235590446,0.6119925574025153,0.8640129947172378
ParkG,loo,all,74,0.5389,0.7523686532865755,0.8427732865733732,1.115260572080421
ParkG,loo,all,75,0.7371,0.5248787746411556,0.5199975700630362,0.8304721893044099
ParkG,loo,all,76,0.5509,0.4163830939017784,0.37069875373205363,0.5118897598939699
ParkG,loo,all,77,0.2867,0.4481871832485048,0.4189599254133305,0.32413527767881617
ParkG,loo,all,78,0.1365,0.37666428213862463,0.353558971408401,0.14693038809005315
ParkG,loo,all,79,0.2927,0.44754807458303847,0.4490164301064109,0.14894976079920239
ParkG,loo,all,80,0.7371,0.4266381254672272,0.4360917334013279,0.14922048294392667
ParkG,loo,all,81,0.7011,0.47090375460801537,0.4768064500964866,0.15200704889195943
ParkG,loo,all,82,0.4428,0.4812991695854678,0.46943039439041767,0.15508754302633296
ParkG,loo,all,83,0.1966,0.5893050660116506,0.5736098424643461,0.15734284111739077
ParkG,loo,all,84,0.3888,0.706380467927997,0.7088231194066114,0.1570373841381957
ParkG,loo,all,85,1.3857,0.4395519327416931,0.441709801385881,0.15263860530971984
ParkG,loo,all,86,0.659,0.7825477132141947,0.7972850996668004,0.15518590038891605
ParkG,loo,all,87,0.3888,0.7869385714493724,0.7902959048973455,0.15533023052226633
ParkG,loo,all,88,0.7551,0.6002614584464653,0.5913446775642239,0.15209466086539555
ParkG,loo,all,89,0.7912,0.7194951204316007,0.708885208325095,0.15002538824489842
ParkG,loo,all,90,0.9713,0.8920273147385036,0.8695817508295377,0.14703616242042827
ParkG,loo,all,91,0.8092,1.4375085779177286,1.4362948060737624,0.1453081543434625
ParkG,loo,all,92,1.8362,1.420724306133771,1.4357655940665095,0.1386474041941427
ParkG,loo,all,93,2.3887,1.2638495126955944,1.2825321872994282,0.13406521066143284
ParkG,loo,all,94,1.0854,1.501295666986688,1.5254034230476723,0.13621900102278064
ParkG,loo,all,95,0.8212,1.0283151563512603,1.0212144763759048,0.1345435011222166
ParkG,loo,all,96,0.5629,0.7451854772412397,0.7363450965494084,0.13301196111495736
ParkG,loo,all,97,0.629,0.49538554786056427,0.49645892634337313,0.13056214718193654
ParkG,loo,all,98,0.5329,0.36730990499270844,0.37738873560563735,0.12918166027278782
ParkG,loo,all,99,0.1665,0.3539185133212378,0.3683864466114325,0.1295489478167004
ParkG,loo,all,100,0.1425,0.21855877500545703,0.22380639778678355,0.12940734168380894
ParkG,loo,all,101,0.1725,0.17134705941132902,0.16711271497441346,0.13015452029776725
ParkG,loo,all,102,0.1485,0.29006282521534676,0.28238774199091154,0.13264779314799247
ParkG,loo,all,103,0.2867,0.4641956544346163,0.45878700272969153,0.13647420877957214
ParkG,loo,all,104,1.0014,0.3751582866783867,0.3555166097723594,0.14058487510438272
ParkG,loo,all,105,0.3287,0.9650921796925501,0.9700287382273511,0.15538573617260165
ParkG,loo,all,106,1.0494,0.8120327331808072,0.8150250614717657,0.1702442199384536
ParkG,loo,all,107,1.2476,0.7720192580407459,0.7832475386073751,0.19789720948139167
ParkG,loo,all,108,0.629,0.9044212014840909,0.9241851684567075,0.24783168768784775
ParkG,loo,all,109,0.617,0.6319048259741409,0.6325732395111476,0.3274012984336192
ParkG,loo,all,110,0.5749,0.39321256470972576,0.35634481515703564,0.47168471885446184
ParkG,loo,all,111,0.3828,0.3295901946327961,0.25040859016477224,0.7534512037943357
ParkG,loo,all,112,0.1906,0.5259181771651054,0.5126971100226972,1.2573768981617268
ParkG,loo,all,113,0.4428,0.5723914756338834,0.702083111202536,1.6058080530416843
ParkG,loo,all,114,0.3587,0.48500074514369884,0.4949048928305291,1.2117956764245936
ParkG,loo,all,115,0.4608,0.2835926224983623,0.22460912077002015,0.7224454799669053
ParkG,loo,all,116,0.3107,0.33904109618064543,0.2885116493507861,0.4521240205587107
ParkG,loo,all,117,0.5594,0.3134624493650049,0.30898226807541446,0.2282632943236013
ParkG,loo,all,118,0.3008,0.43027016175311883,0.43773029830881555,0.23849399610014693
ParkG,loo,all,119,0.3368,0.30913869117395654,0.31338889905286915,0.24250633121398807
ParkG,loo,all,120,0.3008,0.2517004606984243,0.2508342690388765,0.2465982696146084
ParkG,loo,all,121,0.1624,0.3155527988885439,0.3122960589574547,0.2506585117851931
ParkG,loo,all,122,0.2105,0.39636999838641856,0.39886529738706866,0.2519508161881737
ParkG,loo,all,123,0.6436,0.31282174979512245,0.31815314302267717,0.24902762537152698
ParkG,loo,all,124,0.4511,0.4321312786993834,0.4466967110551727,0.2506523068582696
ParkG,loo,all,125,0.3248,0.4182703910436627,0.42684379859329813,0.25086341545155183
ParkG,loo,all,126,0.3248,0.3448799736624313,0.344055080797272,0.24913308480395113
ParkG,loo,all,127,0.3248,0.33572094726763047,0.33151805645729454,0.24666562435038134
ParkG,loo,all,128,0.2887,0.4213189257446205,0.4224575854444233,0.24388882755521255
ParkG,loo,all,129,0.5293,0.40133834184399303,0.4053970405725805,0.23811405611379136
ParkG,loo,all,130,0.5173,0.4532094782512817,0.4659932398684269,0.23424040873432522
ParkG,loo,all,131,0.4331,0.45972925400527775,0.47655054109005573,0.23065672804041848
ParkG,loo,all,132,0.3729,0.43075826860720023,0.4433519318241943,0.2266757676957638
ParkG,loo,all,133,0.391,0.4243387373619769,0.4248723401647926,0.22206340197969068
ParkG,loo,all,134,0.4571,0.533813837024487,0.524468244209866,0.21723872991013607
ParkG,loo,all,135,0.5894,0.792286941704844,0.7853454894753347,0.2122118971759026
ParkG,loo,all,136,1.3172,0.8606671079115413,0.84830407681595,0.20299170592101007
ParkG,loo,all,137,0.9323,1.5231693859202904,1.5449841528557653,0.2029737659880299
ParkG,loo,all,138,2.0209,1.2290257449445616,1.2371129582627902,0.19157477530970932
ParkG,loo,all,139,1.5938,1.3353444691522203,1.349037973423316,0.1943333257901369
ParkG,loo,all,140,1.0405,1.1857146869845199,1.1878984594446227,0.20041092639416888
ParkG,loo,all,141,0.8481,0.806956649452719,0.7914016538551122,0.20585791011001456
ParkG,loo,all,142,0.5293,0.6830624203453841,0.6659310801392685,0.21601981540923154
ParkG,loo,all,143,0.5173,0.6996333857126243,0.6879087983384976,0.22801315172491565
ParkG,loo,all,144,0.8601,0.7940989848751687,0.7913947531374773,0.2435539568451649
ParkG,loo,all,145,0.9263,1.104433591370228,1.126526565214954,0.2724024146346247
ParkG,loo,all,146,1.5517,0.9105274646549759,0.9349580833999187,0.31291639793003456
ParkG,loo,all,147,1.0706,0.8921449049715353,0.9167835304109514,0.39221585981501383
ParkG,loo,all,148,0.397,0.7299955935341313,0.7384802953077332,0.5292692568248922
ParkG,loo,all,149,0.3489,0.3728934592959359,0.3317164241082891,0.7683562109670178
ParkG,loo,all,150,0.403,0.3511300832273836,0.25612775224264495,1.2313815831456802
ParkG,loo,all,151,0.403,0.8788668275437013,0.8715472918259364,2.065929767166988
ParkG,loo,all,152,0.8721,1.129336409532533,1.3497225444090937,2.6772026825141926
ParkG,loo,all,153,0.806,0.7964084265392367,0.8151498465855529,1.9645555389456935
ParkG,loo,all,154,0.4812,0.4414945877690942,0.3721685628334729,1.1796349527056507
ParkG,loo,all,155,0.1925,0.393092390858339,0.35117383343042685,0.7333921055320682
ParkG,loo,all,156,0.242,0.30223387378198413,0.34866718379775974,0.4688841745922555
ParkG,loo,all,157,0.2901,0.3095790977382416,0.3124048377963744,0.4724801372082368
ParkG,loo,all,158,0.3262,0.38595422104317856,0.3874609363594046,0.4772693742324681
ParkG,loo,all,159,0.4645,0.4123955490521159,0.42165338379887624,0.47814480566162826
ParkG,loo,all,160,0.5186,0.4075699216152611,0.4237479131076287,0.48171962048985895
ParkG,loo,all,161,0.4224,0.37969986236732567,0.3942038421246428,0.4879182857164069
ParkG,loo,all,162,0.2901,0.35463997453518536,0.3594595095381872,0.4931098060431828
ParkG,loo,all,163,0.1337,0.46285212426780986,0.46697143991581247,0.49740967004180714
ParkG,loo,all,164,0.5306,0.4320895654699327,0.43641246957494595,0.48489383188778007
ParkG,loo,all,165,0.7171,0.47078901629157466,0.48244400940783866,0.47642932976497315
ParkG,loo,all,166,0.6148,0.46417644215085935,0.47537827593133797,0.47436014844150404
ParkG,loo,all,167,0.2961,0.4144842085990963,0.4204267960694974,0.4768518626793003
ParkG,loo,all,168,0.1758,0.26750111272040655,0.26717534566414003,0.4725413077574721
ParkG,loo,all,169,0.1397,0.17014040520064724,0.1703397916922601,0.46494500920392073
ParkG,loo,all,170,0.1337,0.1396388265285992,0.1424363786632365,0.45601080995130194
ParkG,loo,all,171,0.1397,0.14132655747811423,0.1442581866948634,0.44662691043536434
ParkG,loo,all,172,0.1577,0.14544011908520932,0.14599189839172566,0.43717717884650353
ParkG,loo,all,173,0.1337,0.17582623095209093,0.17650665574891866,0.4290843041924275
ParkG,loo,all,174,0.1337,0.20671328174154374,0.21099480108187108,0.4213260741139737
ParkG,loo,all,175,0.2841,0.1543609384278511,0.1576933431041243,0.41155295714048346
ParkG,loo,all,176,0.1638,0.2100784456375939,0.21564757950783692,0.40905072996418607
ParkG,loo,all,177,0.1217,0.2393434905368803,0.24462854128114603,0.40703669809330467
ParkG,loo,all,178,0.26,0.23145194570714872,0.23382900942465235,0.4032086734902015
ParkG,loo,all,179,0.3803,0.28461850539505873,0.28063342847091977,0.40290936119887283
ParkG,loo,all,180,0.3302,0.517854818479661,0.5116795080673935,0.4119233710353731
ParkG,loo,all,181,0.4645,0.8029837142371518,0.8070263604569441,0.4221726277436656
ParkG,loo,all,182,1.1802,0.800620692222201,0.8119502073160986,0.42554960196383473
ParkG,loo,all,183,1.3306,0.7724880705047951,0.7861590399534144,0.4596949453276809
ParkG,loo,all,184,0.663,0.8205348433313355,0.8284605596608297,0.5352413362742666
ParkG,loo,all,185,0.5367,0.5336599034429191,0.5134103062867476,0.6297592381182063
ParkG,loo,all,186,0.3382,0.6864118828269559,0.6703788599594861,0.7831731153494401
ParkG,loo,all,187,0.5908,1.2887920802473745,1.2895666502516905,1.0326809555255883
ParkG,loo,all,188,2.6417,1.6820430313986567,1.6528951893216777,1.3926964331876044
ParkG,loo,all,189,3.207,3.505493184652256,3.393572461329021,2.163878047047037
ParkG,loo,all,190,4.7126,5.357971802781429,5.302055854609935,3.4220368816893934
ParkG,loo,all,191,7.357,4.979068621989798,5.088541157362783,3.8095994985800257
ParkG,loo,all,192,4.5001,5.090556152310141,5.072275959000239,3.3589597702457277
ParkG,loo,all,193,2.9003,3.6272798431021296,3.5026549294262317,2.119569617901757
ParkG,loo,all,194,2.7981,1.8448400256694493,1.76021836339506,1.3101369422675464
ParkG,loo,all,195,0.5131,0.3286741080553364,0.4382745211186654,0.6814814469491094
ParkG,loo,all,196,0.3447,0.4843719213428566,0.5124223596914181,0.7127874013708735
ParkG,loo,all,197,0.477,0.5069546046192093,0.5184078790664643,0.702574589734376
ParkG,loo,all,198,0.6574,0.5954499116595741,0.6118279118259442,0.6952762073843539
ParkG,loo,all,199,0.6694,0.8085307804215485,0.8407578790808474,0.701960418350036
ParkG,loo,all,200,0.9099,0.8406687530623154,0.8825943069618774,0.6930707773019195
ParkG,loo,all,201,1.2465,0.5837568646172694,0.6110667174050407,0.6779263281485531
ParkG,loo,all,202,0.3628,0.6706493555296478,0.7010809054080103,0.727589487262274
ParkG,loo,all,203,0.1824,0.3934341104514393,0.4117044932026502,0.7368571879943215
ParkG,loo,all,204,0.2065,0.18777114144855483,0.20607976641987602,0.7304758669943004
ParkG,loo,all,205,0.1283,0.18936214449007976,0.21511850676959476,0.7277035089956004
ParkG,loo,all,206,0.2185,0.1838842580618419,0.20784489146443497,0.7115930563460681
ParkG,loo,all,207,0.2125,0.24473231522621072,0.26807622076570825,0.6995044320716819
ParkG,loo,all,208,0.2606,0.2603343536997901,0.2824260375061823,0.683203538837024
ParkG,loo,all,209,0.3207,0.2224092793660659,0.24154902332122297,0.6660781623630033
ParkG,loo,all,210,0.1884,0.2314918100316414,0.2496574335464697,0.6576919723836604
ParkG,loo,all,211,0.1343,0.20082658303471923,0.21548749557121855,0.645873756991481
ParkG,loo,all,212,0.1524,0.1746402655366129,0.18823009990730943,0.6320673738496055
ParkG,loo,all,213,0.1524,0.19099874388463517,0.2076051082843886,0.6205824589685381
ParkG,loo,all,214,0.2425,0.1593712753715643,0.173482879837784,0.6074319046344832
ParkG,loo,all,215,0.1824,0.18432896532743404,0.1942323208664135,0.6029586527329163
ParkG,loo,all,216,0.1223,0.23860369530157394,0.24330806720399845,0.6019473474551574
ParkG,loo,all,217,0.2185,0.30081206041640435,0.3043260981621126,0.5976944406530807
ParkG,loo,all,218,0.3628,0.3963484130428341,0.40656662443178787,0.5953572068682346
ParkG,loo,all,219,0.6153,0.3734996309565992,0.3843091463144941,0.5927234034783307
ParkG,loo,all,220,0.459,0.4022562615699836,0.41565487834663684,0.6230073639639825
ParkG,loo,all,221,0.1704,0.4076867087957638,0.42262222456923404,0.6753516716019334
ParkG,loo,all,222,0.2666,0.2517455512570792,0.2574007164678264,0.7243288919456466
ParkG,loo,all,223,0.2065,0.25776907380111197,0.25821799521251476,0.8127616154990659
ParkG,loo,all,224,0.2726,0.32747284571255203,0.32219042887479343,0.9427381655981205
ParkG,loo,all,225,0.5612,0.513157045471341,0.5114872284272665,1.148106142522735
ParkG,loo,all,226,0.7536,1.1587238793786492,1.1742697019789707,1.5279785013481142
ParkG,loo,all,227,1.7996,2.0072937927481553,1.9765615521714592,2.1666399103372425
ParkG,loo,all,228,3.982,2.911738348076364,2.7044329327128285,3.0746533427292566
ParkG,loo,all,229,4.499,5.613600557888975,5.476575209022359,5.7198656616517125
ParkG,loo,all,230,5.6773,7.053967787757131,7.46927780197852,7.989016363391803
ParkG,loo,all,231,5.3767,4.416285481436358,4.306936705115112,4.984186276335353
ParkG,loo,all,232,2.4369,3.1736514715483035,3.008227065595377,3.4453331616183824
ParkG,loo,all,233,1.4089,1.7829125759506221,1.7077539959996946,2.101962570692733
ParkG,preload,all,0,0.1312,0.29821598263895943,0.21431577066999286,0.0645480228031287
ParkG,preload,all,1,0.2212,0.31590244362160314,0.24587145014339074,0.06470864660234113
ParkG,preload,all,2,0.2032,0.3342672113720729,0.27308811976060854,0.06474801755824276
ParkG,preload,all,3,0.1792,0.3472731430322487,0.28692578752429454,0.06466830440336097
ParkG,preload,all,4,0.1792,0.35862172339506326,0.29410693887436706,0.0644734781509767
ParkG,preload,all,5,0.2753,0.38076558398329197,0.3144390939984413,0.06416927406654041
ParkG,preload,all,6,0.9059,0.42577789369292235,0.3682945776965076,0.06376311891258069
ParkG,preload,all,7,0.6837,0.49267602763763335,0.4580760097976055,0.06326403305999734
ParkG,preload,all,8,0.8639,0.5602043230254826,0.5533934407626553,0.06268251975796184
ParkG,preload,all,9,0.8339,0.5971085367957633,0.6055186389123349,0.062030456203310144
ParkG,preload,all,10,1.3504,0.5850031466857072,0.5839397672466249,0.061321003172378756
ParkG,preload,all,11,0.8819,0.5350865715639898,0.5026495251120916,0.060568552157864594
ParkG,preload,all,12,0.4915,0.48558960474913504,0.4181536299069512,0.05978873166458491
ParkG,preload,all,13,0.7137,0.47963825134896976,0.3968679471067035,0.058998498275547345
ParkG,preload,all,14,0.7257,0.536039242103209,0.4737216490767941,0.05821634435431694
ParkG,preload,all,15,0.3834,0.6278131541923482,0.6130782203191574,0.05746266436904298
ParkG,preload,all,16,0.3534,0.693846769129203,0.7176450396408327,0.05676033822600682
ParkG,preload,all,17,0.2393,0.6892258108065913,0.7145295995198501,0.056135616563962494
ParkG,preload,all,18,0.2753,0.6219043307553187,0.6217428914503591,0.05561943613777966
ParkG,preload,all,19,0.4074,0.5329280047939394,0.5067790843814656,0.055249364315278986
ParkG,preload,all,20,0.3053,0.45526759970808167,0.414413041431003,0.05507249003679873
ParkG,preload,all,21,0.2032,0.39890415377403304,0.3510322717608726,0.05514978042237228
ParkG,preload,all,22,0.2393,0.360131725002778,0.3075483096519368,0.055562775724756645
ParkG,preload,all,23,0.2633,0.33148029878309765,0.27377304558448484,0.056424133786482596
ParkG,preload,all,24,0.1792,0.3056159335868927,0.23994887375613907,0.05789472898919349
ParkG,preload,all,25,0.1191,0.27866305483367265,0.20060365854730006,0.06021233145226708
ParkG,preload,all,26,0.1312,0.253395837904928,0.16049543386846832,0.06374160285946946
ParkG,preload,all,27,0.2393,0.23831987307005315,0.13379984754883834,0.06906517202823627
ParkG,preload,all,28,0.1312,0.24194181855546276,0.13521463548924068,0.07715801444573897
ParkG,preload,all,29,0.1552,0.26597412026808115,0.16851253462190086,0.08974034534689952
ParkG,preload,all,30,0.2933,0.30331386716838127,0.22140552700416682,0.11003465540052697
ParkG,preload,all,31,0.4615,0.34483032123641527,0.2763046453773379,0.144473184752169
ParkG,preload,all,32,0.8098,0.39024273846503077,0.3329145087339455,0.20653793614053348
ParkG,preload,all,33,1.2062,0.4515369584081703,0.4237638852339916,0.32309652119558785
ParkG,preload,all,34,0.7678,0.5356046531305712,0.5943228776833276,0.5186889560740547
ParkG,preload,all,35,0.5215,0.5879471393215681,0.7305527395303028,0.6569785066438728
ParkG,preload,all,36,0.3774,0.5415022089226854,0.6099660665039619,0.5135342954817383
ParkG,preload,all,37,0.3233,0.4619068640119789,0.44007357597622243,0.317062076019082
ParkG,preload,all,38,0.2933,0.401018440875183,0.33662195491114694,0.19977343587941054
ParkG,preload,all,39,0.1605,0.3304753778767166,0.2096919946353109,0.09234118040335286
ParkG,preload,all,40,0.2987,0.33061500106472264,0.22188708391340978,0.09281343513015546
ParkG,preload,all,41,0.4128,0.33076746130806384,0.23890379772358314,0.09304789847361386
ParkG,preload,all,42,0.3828,0.33093437725051533,0.26770598878536034,0.09304536079359706
ParkG,preload,all,43,0.3467,0.33111763038783426,0.31915876380478136,0.0928111677340193
ParkG,preload,all,44,0.4128,0.33131941819988436,0.39599672899875815,0.09235514658925936
ParkG,preload,all,45,0.3527,0.331542320224978,0.4851446841995152,0.09169138013021515
ParkG,preload,all,46,0.5389,0.33178938074347025,0.5677481538969221,0.09083785481700281
ParkG,preload,all,47,0.9954,0.3320642129532517,0.6330255589078402,0.08981602144093355
ParkG,preload,all,48,0.9053,0.33237113121265693,0.6751442418501042,0.08865031420145263
ParkG,preload,all,49,1.1936,0.33271532030530415,0.6865839907654853,0.08736767888610088
ParkG,preload,all,50,0.5749,0.3331030540556679,0.6672076607286068,0.08599716275870462
ParkG,preload,all,51,0.665,0.33354198046005673,0.6319025488155313,0.08456961922758874
ParkG,preload,all,52,0.3888,0.3340414975117929,0.5945139802869034,0.0831175812177587
ParkG,preload,all,53,0.4308,0.33461325421317256,0.5527107746241077,0.08167536083710968
ParkG,preload,all,54,0.9653,0.33527182666576844,0.49968104372616495,0.08027944252776464
ParkG,preload,all,55,1.7701,0.3360356425086912,0.43990004700400276,0.07896925664106672
ParkG,preload,all,56,1.1395,0.33692826311108665,0.3854183288260814,0.07778845643790724
ParkG,preload,all,57,0.8032,0.33798018987817224,0.34303219557399384,0.07678688369852553
ParkG,preload,all,58,0.5689,0.33923145269245963,0.30955500009577663,0.07602351301305195
ParkG,preload,all,59,0.5629,0.3407353894312495,0.27905519728327965,0.07557084175620875
ParkG,preload,all,60,0.3948,0.34256428022210944,0.2511460011202331,0.07552149547178574
ParkG,preload,all,61,0.3227,0.34481794181423664,0.22941424556645929,0.07599834856157432
ParkG,preload,all,62,0.2927,0.3476371764506585,0.21582722608716998,0.07717041657441838
ParkG,preload,all,63,0.3007,0.35122542526429434,0.21066251860067262,0.07927856209586528
ParkG,preload,all,64,0.2326,0.35588475756824883,0.2145201851178206,0.08267852179933452
ParkG,preload,all,65,0.1665,0.36207784503360635,0.2268506331866096,0.0879157821413504
ParkG,preload,all,66,0.1005,0.37053894942608057,0.2454761093035231,0.09586173207219788
ParkG,preload,all,67,0.1005,0.3824813097631276,0.2713792583867507,0.10797376531358095
ParkG,preload,all,68,0.1305,0.40000186833293,0.31145123592082496,0.12681992110648752
ParkG,preload,all,69,0.3467,0.42690094898101016,0.37173040515345607,0.15719826722605784
ParkG,preload,all,70,0.3828,0.4703534328043337,0.4486591239074194,0.20863642754691464
ParkG,preload,all,71,0.3767,0.5439295917656216,0.5344254942170282,0.3008891711636083
ParkG,preload,all,72,0.4668,0.669117278795381,0.6453866671582886,0.47228492839643443
ParkG,preload,all,73,0.589,0.8469658379464268,0.8240643914107,0.7530208887718766
ParkG,preload,all,74,0.5389,0.9461285960190423,0.9164502982447621,0.9409867385346931
ParkG,preload,all,75,0.7371,0.826916408564089,0.6667826053578619,0.7346530394554467
ParkG,preload,all,76,0.5509,0.6520052097049023,0.4046921274748059,0.45556936928634956
ParkG,preload,all,77,0.2867,0.5336227940116434,0.2878445753463851,0.28683567209301597
ParkG,preload,all,78,0.1365,0.3141975751832643,0.2922729526908467,0.15018647924816442
ParkG,preload,all,79,0.2927,0.3148642671627148,0.29348102799353915,0.15103758987930974
ParkG,preload,all,80,0.7371,0.31568469821768214,0.2940249539415746,0.1514504045283503
ParkG,preload,all,81,0.7011,0.317245777294908,0.29508393528104837,0.1514256337326521
ParkG,preload,all,82,0.4428,0.32017361110957315,0.2981673256773237,0.15097329905686221
ParkG,preload,all,83,0.1966,0.3247767337113969,0.30426316426316,0.15011253092323057
ParkG,preload,all,84,0.3888,0.330749477073216,0.3129982749950343,0.1488710031413544
ParkG,preload,all,85,1.3857,0.33718408263781474,0.3225401163899216,0.14728406973228092
ParkG,preload,all,86,0.659,0.34296165286184666,0.33044374683539424,0.14539369648113795
ParkG,preload,all,87,0.3888,0.3473468620608277,0.3349937968847275,0.1432472968513475
ParkG,preload,all,88,0.7551,0.3504767686013676,0.33635589097913704,0.14089658902956415
ParkG,preload,all,89,0.7912,0.35345241094803825,0.3369007444708031,0.1383965895664813
ParkG,preload,all,90,0.9713,0.357902196922292,0.3403207916809641,0.13580485267421935
ParkG,preload,all,91,0.8092,0.36516317238478185,0.3497479019373897,0.13318105731620736
ParkG,preload,all,92,1.8362,0.37550522337755005,0.36580028265522685,0.13058704222093104
ParkG,preload,all,93,2.3887,0.3879034176377922,0.3858941899228818,0.12808739813322714
ParkG,preload,all,94,1.0854,0.4005657717191216,0.4056580442327763,0.1257507546375084
ParkG,preload,all,95,0.8212,0.4118288098698408,0.4215467353541997,0.12365195624715147
ParkG,preload,all,96,0.5629,0.4206776046548953,0.43227283483801987,0.12187542540366296
ParkG,preload,all,97,0.629,0.42654310121090017,0.43777410590835475,0.12052018596918043
ParkG,preload,all,98,0.5329,0.42884016164620453,0.4372699480084542,0.11970731841091406
ParkG,preload,all,99,0.1665,0.4269942104070899,0.4289780861915026,0.11959112675556784
ParkG,preload,all,100,0.1425,0.4211168349860861,0.4120776521234663,0.12037618749626049
ParkG,preload,all,101,0.1725,0.41269819286938136,0.38893031376428694,0.12234405485341433
ParkG,preload,all,102,0.1485,0.4045420589407414,0.36517707828715873,0.12589639071081626
ParkG,preload,all,103,0.2867,0.3997961263760908,0.3473171967128656,0.13162709763248495
ParkG,preload,all,104,1.0014,0.40069247414225173,0.33945355365911833,0.14044780524150602
ParkG,preload,all,105,0.3287,0.40791043151025463,0.341348490627605,0.15381606001081555
ParkG,preload,all,106,1.0494,0.42124723422006227,0.34919923994690505,0.17417138612964922
ParkG,preload,all,107,1.2476,0.44179957642721446,0.3594558858880238,0.20581536434316353
ParkG,preload,all,108,0.629,0.47546978864566336,0.3749400884231961,0.25679126533737795
ParkG,preload,all,109,0.617,0.5377452864583543,0.41234141984149286,0.3430886304409179
ParkG,preload,all,110,0.5749,0.6601656979311965,0.5120509031513394,0.49792524622368134
ParkG,preload,all,111,0.3828,0.8930242643173136,0.7500919422558998,0.7860253144553936
ParkG,preload,all,112,0.1906,1.246350863437605,1.1898397891519612,1.259494438490696
ParkG,preload,all,113,0.4428,1.4499597968653442,1.4981238599958595,1.5783444994222517
ParkG,preload,all,114,0.3587,1.2054175476098352,1.1620615737730253,1.230010710457893
ParkG,preload,all,115,0.4608,0.8543969651832852,0.71983714201178,0.7593453044085932
ParkG,preload,all,116,0.3107,0.6276083112987016,0.47145108660851376,0.4755905676893649
ParkG,preload,all,117,0.5594,0.3130544478921772,0.3558019263839929,0.26715127457651994
ParkG,preload,all,118,0.3008,0.339921937484807,0.4046299592991325,0.28598858726774307
ParkG,preload,all,119,0.3368,0.36497242687911036,0.4494309133889501,0.30393126152348915
ParkG,preload,all,120,0.3008,0.3817016609089548,0.47721464635512356,0.32010971030952867
ParkG,preload,all,121,0.1624,0.39242559262637755,0.49180653425560084,0.33358949306912034
ParkG,preload,all,122,0.2105,0.40547502660398327,0.5099343187457694,0.3434866345459923
ParkG,preload,all,123,0.6436,0.42465443422802845,0.5395813439495656,0.349107044812962
ParkG,preload,all,124,0.4511,0.4445299521010609,0.5689372294921674,0.35007523507110694
ParkG,preload,all,125,0.3248,0.4587085917557474,0.5836489275339247,0.34641198357119796
ParkG,preload,all,126,0.3248,0.46966106629703486,0.587415701829997,0.33853374273130166
ParkG,preload,all,127,0.3248,0.4870861983085929,0.5969313172339243,0.32717424482334145
ParkG,preload,all,128,0.2887,0.5192160876636388,0.6255216425807523,0.3132562011637006
ParkG,preload,all,129,0.5293,0.5665065489199141,0.6762636239691949,0.29775361891888485
ParkG,preload,all,130,0.5173,0.6181672468842596,0.7373726678284283,0.28157929458389547
ParkG,preload,all,131,0.4331,0.6525884260772649,0.7774516134956335,0.26551504611384963
ParkG,preload,all,132,0.3729,0.6482474225419071,0.7604309405640357,0.25018516266342433
ParkG,preload,all,133,0.391,0.6009979614338528,0.6792506909712928,0.23606317042143155
ParkG,preload,all,134,0.4571,0.5286582140254701,0.5659400697900846,0.2234991899112543
ParkG,preload,all,135,0.5894,0.45606590883717907,0.4610791931880046,0.21275731433133774
ParkG,preload,all,136,1.3172,0.39841438415689945,0.38317695840896904,0.20405656147798457
ParkG,preload,all,137,0.9323,0.3591431720289135,0.3298947953077803,0.19761314362786356
ParkG,preload,all,138,2.0209,0.3383436551435023,0.2973501058202956,0.19368544883354524
ParkG,preload,all,139,1.5938,0.33872438772657404,0.2902758888398418,0.1926265541983478
ParkG,preload,all,140,1.0405,0.3641225208362333,0.3167956826472481,0.19495327745134935
ParkG,preload,all,141,0.8481,0.4147315552059477,0.37896172344439094,0.20144747231936358
ParkG,preload,all,142,0.5293,0.4841245954365362,0.46708934353110176,0.21331777098476362
ParkG,preload,all,143,0.5173,0.5606864115663144,0.5617234617690341,0.23247509998345908
ParkG,preload,all,144,0.8601,0.6329043509576924,0.6437936006303354,0.2620283883766923
ParkG,preload,all,145,0.9263,0.6946053205602798,0.7032114575281015,0.3072243672386796
ParkG,preload,all,146,1.5517,0.7490326847304937,0.7420669205615664,0.37732672607945583
ParkG,preload,all,147,1.0706,0.8145574062129444,0.7805543998640534,0.4895735612348722
ParkG,preload,all,148,0.397,0.9325224061514681,0.8637160284221885,0.6778174948132243
ParkG,preload,all,149,0.3489,1.1798835012673277,1.073533691179087,1.0106594322376758
ParkG,preload,all,150,0.403,1.6793074445044938,1.555070893622924,1.6144774407481002
ParkG,preload,all,151,0.403,2.470809132952959,2.412439916516755,2.5633464064700737
ParkG,preload,all,152,0.8721,2.9408566841968424,2.9811712038492826,3.1622872198754797
ParkG,preload,all,153,0.806,2.38499204396041,2.341105072620547,2.4828507349554507
ParkG,preload,all,154,0.4812,1.6014387636755472,1.4903071669966697,1.5455703651285817
ParkG,preload,all,155,0.1925,1.1107780994697734,1.001569874273818,0.9608259415891729
ParkG,preload,all,156,0.242,0.4139303009328267,0.4490457871273597,0.42909435650902317
ParkG,preload,all,157,0.2901,0.4152714175687259,0.43810537699822943,0.4518558825791726
ParkG,preload,all,158,0.3262,0.4295028200723809,0.45062510005960554,0.47387644528563005
ParkG,preload,all,159,0.4645,0.4596103690043646,0.48936978254264946,0.49457329338542816
ParkG,preload,all,160,0.5186,0.49603039947900984,0.5402995441336218,0.5133137855919466
ParkG,preload,all,161,0.4224,0.5163558708611427,0.5725372270562082,0.5294541545637169
ParkG,preload,all,162,0.2901,0.4968078873930904,0.5519435716965274,0.5423898251117957
ParkG,preload,all,163,0.1337,0.4371834179431268,0.4763551379998653,0.5516119481865838
ParkG,preload,all,164,0.5306,0.36706435970889245,0.38592952927566937,0.5567618680163566
ParkG,preload,all,165,0.7171,0.31719150834558174,0.32203931835508803,0.5576739042014272
ParkG,preload,all,166,0.6148,0.2962393222734348,0.29491597448136614,0.554398036771874
ParkG,preload,all,167,0.2961,0.2955914206942276,0.29202383260372644,0.5471978848587231
ParkG,preload,all,168,0.1758,0.30247463980859896,0.29651466234663976,0.5365247221866236
ParkG,preload,all,169,0.1397,0.30720311319521804,0.2964911674863455,0.5229734124846301
ParkG,preload,all,170,0.1337,0.3061800167776239,0.28853162322360676,0.5072294205024811
ParkG,preload,all,171,0.1397,0.30386317870612983,0.2801493789483592,0.4900166710479142
ParkG,preload,all,172,0.1577,0.31052844104290805,0.2864435553352405,0.4720543066109551
ParkG,preload,all,173,0.1337,0.33395090780890563,0.3181262076703417,0.4540274170538455
ParkG,preload,all,174,0.1337,0.372574870529381,0.37203668475355056,0.43657382675787826
ParkG,preload,all,175,0.2841,0.4169302252733235,0.4334186957180648,0.4202869516915619
ParkG,preload,all,176,0.1638,0.45729459805117434,0.48690264601034916,0.40573403697598204
ParkG,preload,all,177,0.1217,0.4894698740282025,0.5250428203841813,0.3934898824133172
ParkG,preload,all,178,0.26,0.5124065961974636,0.5457624257671032,0.3841885614275022
ParkG,preload,all,179,0.3803,0.5224758173040558,0.5451329334655348,0.3786000953576231
ParkG,preload,all,180,0.3302,0.51454148262349,0.5183224093245822,0.37774689560391533
ParkG,preload,all,181,0.4645,0.49156128727356263,0.47150923842185755,0.38308920802685303
ParkG,preload,all,182,1.1802,0.4694762139798143,0.4275941338228197,0.39683696207361063
ParkG,preload,all,183,1.3306,0.46650026580004567,0.40981606706164425,0.4225037121257704
ParkG,preload,all,184,0.663,0.4925096984801012,0.42612091616185077,0.46594520612082196
ParkG,preload,all,185,0.5367,0.5569111044343922,0.4807737317022588,0.5374125760264447
ParkG,preload,all,186,0.3382,0.6864963649871468,0.5987744887247145,0.6558111551119415
ParkG,preload,all,187,0.5908,0.9351378433602782,0.8353566419050688,0.8577610685175823
ParkG,preload,all,188,2.6417,1.3797207144368764,1.2649419342066488,1.2155509510543776
ParkG,preload,all,189,3.207,2.10408396170544,1.9803087485305135,1.8542215316836814
ParkG,preload,all,190,4.7126,3.0394491228440876,2.989178054959042,2.8145848697442766
ParkG,preload,all,191,7.357,3.4782610144976256,3.5483879373166642,3.3644794834503493
ParkG,preload,all,192,4.5001,2.8309012058235146,2.8113429339797635,2.6687888502027284
ParkG,preload,all,193,2.9003,1.890779790265416,1.7737803556395437,1.7188976379429728
ParkG,preload,all,194,2.7981,1.2280438357044838,1.0767693131635594,1.1086772051469436
ParkG,preload,all,195,0.5131,0.38881527243934494,0.9760673943050238,0.9337952233733742
ParkG,preload,all,196,0.3447,0.3980830619102213,0.9867309228296562,0.9488917740575147
ParkG,preload,all,197,0.477,0.41210600620516913,1.0109378255291472,0.9642561454203183
ParkG,preload,all,198,0.6574,0.42506025639502265,1.0377385284620222,0.97989571578808
ParkG,preload,all,199,0.6694,0.4310574577251977,1.0543768337569814,0.9958191288443996
ParkG,preload,all,200,0.9099,0.4302713238759609,1.0580424327342979,1.012036627459825
ParkG,preload,all,201,1.2465,0.4308055790369804,1.061703080692427,1.0285604759807307
ParkG,preload,all,202,0.3628,0.4413610164616375,1.0827676302738567,1.0454054967873714
ParkG,preload,all,203,0.1824,0.4601958757175026,1.1207207803612707,1.0625897555937613
ParkG,preload,all,204,0.2065,0.4740953688900551,1.1521585048284935,1.0801354419808487
ParkG,preload,all,205,0.1283,0.47126673613499465,1.156045258152046,1.0980700085177515
ParkG,preload,all,206,0.2185,0.4531487953085668,1.1364743566932258,1.116427655771591
ParkG,preload,all,207,0.2125,0.43166114931113153,1.1144176976818236,1.1352512849483112
ParkG,preload,all,208,0.2606,0.4177221517150801,1.105142463634075,1.1545950901327842
ParkG,preload,all,209,0.3207,0.4146631829465368,1.1097661246167758,1.174528036434222
ParkG,preload,all,210,0.1884,0.4201252115752082,1.1221952857308601,1.195138582144509
ParkG,preload,all,211,0.1343,0.43079194671204835,1.1373377647806753,1.216541174107082
ParkG,preload,all,212,0.1524,0.4449460075397821,1.1538559506397483,1.2388853123018737
ParkG,preload,all,213,0.1524,0.46213044569424544,1.1718112959719253,1.2623684043888932
ParkG,preload,all,214,0.2425,0.4824739995202978,1.1900266805965138,1.287254322540872
ParkG,preload,all,215,0.1824,0.5080250349335669,1.2095961451578232,1.3139007293248277
ParkG,preload,all,216,0.1223,0.5437870282605706,1.237204045050189,1.3428002201065008
ParkG,preload,all,217,0.2185,0.5958253184849795,1.279214512451397,1.3746438332470525
ParkG,preload,all,218,0.3628,0.6696732206718919,1.3386524921404523,1.4104218925305094
ParkG,preload,all,219,0.6153,0.7697922558638297,1.420838464086062,1.4515893432760325
ParkG,preload,all,220,0.459,0.8948567050143347,1.5265171495535121,1.5003469675984282
ParkG,preload,all,221,0.1704,1.0337024580805654,1.6332986338412427,1.560140402127898
ParkG,preload,all,222,0.2666,1.1779546299568002,1.7085252749168678,1.6365904133645945
ParkG,preload,all,223,0.2065,1.3487854918547104,1.7572694906584343,1.7393303773309796
ParkG,preload,all,224,0.2726,1.6121283963741326,1.8431989471140142,1.8858916195102327
ParkG,preload,all,225,0.5612,2.074279703294658,2.061770389783039,2.1106029051780815
ParkG,preload,all,226,0.7536,2.881810437225626,2.51152957498919,2.4869094162644196
ParkG,preload,all,227,1.7996,4.251150433595831,3.3290239002650166,3.1884302964114752
ParkG,preload,all,228,3.982,6.469094895084135,4.892489816961676,4.65505602580131
ParkG,preload,all,229,4.499,9.393754908436136,8.018694946864626,7.729783664652007
ParkG,preload,all,230,5.6773,10.941372689041367,10.743542884892769,10.441019938235838
ParkG,preload,all,231,5.3767,9.131725817700866,7.7645347986338304,7.465857037301185
ParkG,preload,all,232,2.4369,6.278086428864716,4.861125813503789,4.556820040914539
ParkG,preload,all,233,1.4089,4.227112922060282,3.5239008930389644,3.2007160200551703
ParkG,frequency,all,0,0.1312,0.3432450620289388,0.2720864007088237,0.07663989051717303
ParkG,frequency,all,1,0.2212,0.3572452208561818,0.2892764514465456,0.07829459117762437
ParkG,frequency,all,2,0.2032,0.3792600766319896,0.31534728614884044,0.0798134599724869
ParkG,frequency,all,3,0.1792,0.41293345722437824,0.3543807689382171,0.08117877684907875
ParkG,frequency,all,4,0.1792,0.4626552642395775,0.41126461385247287,0.08237465730307914
ParkG,frequency,all,5,0.2753,0.5328255764705225,0.49079758666570217,0.08338774440655791
ParkG,frequency,all,6,0.9059,0.6261971888120729,0.5957068929594969,0.08420787567786499
ParkG,frequency,all,7,0.6837,0.7410484224697382,0.7234421500355052,0.08482868920904027
ParkG,frequency,all,8,0.8639,0.6743634632001697,0.6665581608331123,0.09840868172736986
ParkG,frequency,all,9,0.8339,0.6349418071647202,0.6218088304448561,0.09820144995895635
ParkG,frequency,all,10,1.3504,0.5940587639973538,0.5782430082524846,0.09733009935889636
ParkG,frequency,all,11,0.8819,0.5687789281651264,0.5542178508812716,0.09585607145661809
ParkG,frequency,all,12,0.4915,0.560864557447546,0.5521724521569122,0.0938669431007238
ParkG,frequency,all,13,0.7137,0.5603157301534051,0.5616562210946959,0.09146888694937236
ParkG,frequency,all,14,0.7257,0.5483665739727042,0.5610373996390509,0.08877860912468981
ParkG,frequency,all,15,0.3834,0.5059119384267239,0.5253156973218591,0.08591609191603895
ParkG,frequency,all,16,0.3534,0.4905534255069112,0.4807895066601513,0.09013910316055164
ParkG,frequency,all,17,0.2393,0.46726518544488416,0.44848695647142167,0.08836919454212178
ParkG,frequency,all,18,0.2753,0.4403506440222105,0.41167161714594247,0.08672740095742629
ParkG,frequency,all,19,0.4074,0.40870342800248033,0.3734775355309238,0.08529282046301503
ParkG,frequency,all,20,0.3053,0.3741603771952841,0.33865496766909553,0.08415597793062765
ParkG,frequency,all,21,0.2032,0.337281920374457,0.30840649043238594,0.0834254039403322
ParkG,frequency,all,22,0.2393,0.2964969603857559,0.2787921350515296,0.08323794458013799
ParkG,frequency,all,23,0.2633,0.2586926038132152,0.23133098678895214,0.07161669381217113
ParkG,frequency,all,24,0.1792,0.27844671600212806,0.23572994414552062,0.07343673200843646
ParkG,frequency,all,25,0.1191,0.30398115007063387,0.24787988122077492,0.0769432049779908
ParkG,frequency,all,26,0.1312,0.33209734961544524,0.26765164691047466,0.08275696473340038
ParkG,frequency,all,27,0.2393,0.3631491753971817,0.2969077618339057,0.09187867507148938
ParkG,frequency,all,28,0.1312,0.4007874782976246,0.33945584879935203,0.10598870032919318
ParkG,frequency,all,29,0.1552,0.45142020621676143,0.4007360392266097,0.12804595453872927
ParkG,frequency,all,30,0.2933,0.5224728127566063,0.4859997631400231,0.1635473940808146
ParkG,frequency,all,31,0.4615,0.34298123186981927,0.34298123186981927,0.3757604948731729
ParkG,frequency,all,32,0.8098,0.3567026561447445,0.3567026561447445,0.36162040114811733
ParkG,frequency,all,33,1.2062,0.349306589404991,0.349306589404991,0.34761581459490803
ParkG,frequency,all,34,0.7678,0.33627148855575145,0.33627148855575145,0.3338346667482135
ParkG,frequency,all,35,0.5215,0.3225246625177829,0.3225246625177829,0.32034876681976876
ParkG,frequency,all,36,0.3774,0.309161671122103,0.309161671122103,0.30721512181360194
ParkG,frequency,all,37,0.3233,0.2963146838132226,0.2963146838132226,0.2944774514741093
ParkG,frequency,all,38,0.2933,0.2839627354238325,0.2839627354238325,0.2821677835830752
ParkG,frequency,all,39,0.1605,0.34865440510387463,0.2803094174053183,0.07977814952827504
ParkG,frequency,all,40,0.2987,0.3663115602446378,0.30107445269808586,0.08150060706081085
ParkG,frequency,all,41,0.4128,0.3940938769302683,0.33276942259941306,0.08308167066897482
ParkG,frequency,all,42,0.3828,0.43649432707473845,0.38029475752265834,0.0845028946973392
ParkG,frequency,all,43,0.3467,0.49865627458310924,0.4492451310827956,0.08574774420108174
ParkG,frequency,all,44,0.4128,0.5848968913642499,0.5443127795323774,0.08680231531125819
ParkG,frequency,all,45,0.3527,0.6952262149245045,0.6656103229882143,0.08765602941175639
ParkG,frequency,all,46,0.5389,0.8189552367227664,0.8020050572348404,0.08830226408648077
ParkG,frequency,all,47,0.9954,0.5770517662002717,0.5931792288126829,0.10232822857127671
ParkG,frequency,all,48,0.9053,0.6221116665921201,0.6339612428569078,0.1021127429109343
ParkG,frequency,all,49,1.1936,0.6685763432004166,0.6719299489236625,0.10120668704468792
ParkG,frequency,all,50,0.5749,0.7376572850162303,0.7323442361089145,0.09967394967378562
ParkG,frequency,all,51,0.665,0.8457024151568654,0.8349503783730103,0.09760559576956958
ParkG,frequency,all,52,0.3888,0.9962896854946197,0.9850934471684125,0.0951120267706263
ParkG,frequency,all,53,0.4308,1.1693339541440868,1.1624167846708549,0.09231459711978497
ParkG,frequency,all,54,0.9653,1.3067902663036741,1.305969958642277,0.08933806791449055
ParkG,frequency,all,55,1.7701,0.7754077042223241,0.7979576395935112,0.09031303404423716
ParkG,frequency,all,56,1.1395,0.7424009254199198,0.7514523570770196,0.08853971024017473
ParkG,frequency,all,57,0.8032,0.6615794124644279,0.6521961841052664,0.0868947486784415
ParkG,frequency,all,58,0.5689,0.5662601648559278,0.5417000376554454,0.08545740004185486
ParkG,frequency,all,59,0.5629,0.476518383204466,0.44473332598498416,0.08431836387741062
ParkG,frequency,all,60,0.3948,0.40154660743241755,0.3714879599636792,0.08358638018394224
ParkG,frequency,all,61,0.3227,0.34354996726003006,0.3219962605980293,0.08339855910534802
ParkG,frequency,all,62,0.2927,0.3032905261849385,0.2717794030321679,0.0683686517641
ParkG,frequency,all,63,0.3007,0.29727416913535054,0.25311969196700174,0.07010614551051862
ParkG,frequency,all,64,0.2326,0.30589948429282027,0.25337308790475577,0.07345358891532638
ParkG,frequency,all,65,0.1665,0.3207954166912454,0.26673138386435774,0.07900367640191444
ParkG,frequency,all,66,0.1005,0.3366248718676619,0.28839070680281376,0.08771168852033771
ParkG,frequency,all,67,0.1005,0.3505807473802758,0.314406004583023,0.10118177980599075
ParkG,frequency,all,68,0.1305,0.36179229920813283,0.3410679045287176,0.12223866824430783
ParkG,frequency,all,69,0.3467,0.3710939464085158,0.3643421883386675,0.1561300059754638
ParkG,frequency,all,70,0.3828,0.4104593413059345,0.4104593413059345,0.4510179199100006
ParkG,frequency,all,71,0.3767,0.42692620352756616,0.42692620352756616,0.43404584395678064
ParkG,frequency,all,72,0.4668,0.41768134761374076,0.41768134761374076,0.41723641459257904
ParkG,frequency,all,73,0.589,0.4023313662651439,0.4023313662651439,0.4006951743062998
ParkG,frequency,all,74,0.5389,0.3862468672013197,0.3862468672013197,0.3845083142802226
ParkG,frequency,all,75,0.7371,0.3704866951786987,0.3704866951786987,0.36874425889830426
ParkG,frequency,all,76,0.5509,0.3552080969904681,0.3552080969904681,0.3534554841085108
ParkG,frequency,all,77,0.2867,0.3404432482406663,0.3404432482406663,0.33868043222640437
ParkG,frequency,all,78,0.1365,0.34136530096249945,0.3068932500609428,0.1155005459618928
ParkG,frequency,all,79,0.2927,0.35218726347478324,0.32126411166348995,0.11799427120596541
ParkG,frequency,all,80,0.7371,0.3681147556248555,0.341298322279274,0.1202832903299136
ParkG,frequency,all,81,0.7011,0.390514885036161,0.3686107341407207,0.12234089823609932
ParkG,frequency,all,82,0.4428,0.4201195965111348,0.40408040002309054,0.12414315609959733
ParkG,frequency,all,83,0.1966,0.4559362275953411,0.4465191289321234,0.1256699342926394
ParkG,frequency,all,84,0.3888,0.4938372170320586,0.49092860492258616,0.12690591739435275
ParkG,frequency,all,85,1.3857,0.5260906640017567,0.5278547667934238,0.12784151765822852
ParkG,frequency,all,86,0.659,0.9900104504769441,1.014903528513079,0.15333755056429704
ParkG,frequency,all,87,0.3888,0.9772655828535152,1.0024609371270954,0.15301464803974474
ParkG,frequency,all,88,0.7551,0.9099954100602273,0.9320296880847213,0.15165693483445986
ParkG,frequency,all,89,0.7912,0.8498892445670712,0.8697904874442383,0.14936014735563807
ParkG,frequency,all,90,0.9713,0.8271687007093017,0.8475831357719481,0.14626074530597127
ParkG,frequency,all,91,0.8092,0.8465644784968955,0.8694335892852978,0.14252416383867167
ParkG,frequency,all,92,1.8362,0.8925192093781793,0.9173125165336828,0.13833225104466526
ParkG,frequency,all,93,2.3887,0.9306868490648597,0.9536743039544905,0.13387195984354253
ParkG,frequency,all,94,1.0854,1.7971731411512868,1.8169020332736985,0.12660940937195747
ParkG,frequency,all,95,0.8212,1.5338061524284075,1.5322200220727737,0.12412339523420188
ParkG,frequency,all,96,0.5629,1.208875854931181,1.1895962016142312,0.12181733150846542
ParkG,frequency,all,97,0.629,0.906296264891832,0.8796978844489706,0.11980231934697956
ParkG,frequency,all,98,0.5329,0.6536399445389816,0.6292690648206928,0.11820551000976975
ParkG,frequency,all,99,0.1665,0.4521970475665526,0.4349865919330299,0.11717934557978792
ParkG,frequency,all,100,0.1425,0.3037505739382378,0.29302824290642177,0.11691604011031637
ParkG,frequency,all,101,0.1725,0.24481072138692586,0.23218188498192155,0.09078169011476876
ParkG,frequency,all,102,0.1485,0.28615135542944375,0.2661285679458418,0.09308877991095148
ParkG,frequency,all,103,0.2867,0.34462516291375594,0.3174415675249369,0.09753360311589808
ParkG,frequency,all,104,1.0014,0.4068024441974424,0.37560863839410313,0.10490315493996753
ParkG,frequency,all,105,0.3287,0.4656449606471374,0.4365247281267821,0.11646588196840157
ParkG,frequency,all,106,1.0494,0.5156485858039087,0.4956645093736249,0.1343518226935616
ParkG,frequency,all,107,1.2476,0.5482830095735965,0.5420857829890091,0.16231171178987283
ParkG,frequency,all,108,0.629,0.549663365394831,0.5550039589476912,0.20731351949116697
ParkG,frequency,all,109,0.617,0.5224800754699592,0.5224800754699592,0.5413973774204145
ParkG,frequency,all,110,0.5749,0.4808286758243136,0.4808286758243136,0.5210242680497559
ParkG,frequency,all,111,0.3828,0.4779813975702566,0.4779813975702566,0.5008463980096288
ParkG,frequency,all,112,0.1906,0.47188478507648357,0.47188478507648357,0.48099045944279867
ParkG,frequency,all,113,0.4428,0.4591494116459142,0.4591494116459142,0.46155991537807883
ParkG,frequency,all,114,0.3587,0.4429296405081092,0.4429296405081092,0.4426369017581681
ParkG,frequency,all,115,0.4608,0.425562415287602,0.425562415287602,0.42428441018351576
ParkG,frequency,all,116,0.3107,0.4081629465289345,0.4081629465289345,0.4065485864232997
ParkG,frequency,all,117,0.5594,0.33150220092724103,0.36519276872917017,0.19048411361072884
ParkG,frequency,all,118,0.3008,0.33379538454644386,0.3701946159726065,0.19459677852282883
ParkG,frequency,all,119,0.3368,0.336415768984785,0.3745678854451372,0.198371841014803
ParkG,frequency,all,120,0.3008,0.3389977294894711,0.37755183354960375,0.20176525889784513
ParkG,frequency,all,121,0.1624,0.34081508643307723,0.3778796012115533,0.20473755213479353
ParkG,frequency,all,122,0.2105,0.3407740720674103,0.37384421458359357,0.20725552283666157
ParkG,frequency,all,123,0.6436,0.337707647532934,0.3639180451111015,0.2092939127300339
ParkG,frequency,all,124,0.4511,0.33122218137661397,0.34831053679303164,0.2108369096524652
ParkG,frequency,all,125,0.3248,0.49891061844809426,0.5400358177466369,0.2619071769642596
ParkG,frequency,all,126,0.3248,0.4825442925373935,0.540915871431358,0.2613556454683611
ParkG,frequency,all,127,0.3248,0.45355296684660495,0.5226075077190118,0.25903661251515014
ParkG,frequency,all,128,0.2887,0.42098622332674807,0.49297365633614265,0.2551136000341804
ParkG,frequency,all,129,0.5293,0.38993977533125757,0.45796307704191885,0.24981968710731975
ParkG,frequency,all,130,0.5173,0.3636037252813024,0.4218350260368686,0.24343744414076704
ParkG,frequency,all,131,0.4331,0.3464719859745704,0.3900492094735539,0.23627747554913223
ParkG,frequency,all,132,0.3729,0.3492040984778846,0.37506729120995164,0.2286591050154596
ParkG,frequency,all,133,0.391,0.4878753963672155,0.5081074198340707,0.21083713611347676
ParkG,frequency,all,134,0.4571,0.5257603792617186,0.548679200480476,0.20669728502545726
ParkG,frequency,all,135,0.5894,0.569966452044008,0.5885819426470514,0.2028570975224806
ParkG,frequency,all,136,1.3172,0.6233929786082131,0.6346344498960039,0.1995015855153643
ParkG,frequency,all,137,0.9323,0.6919896328801285,0.6977255454261815,0.1968424884605198
ParkG,frequency,all,138,2.0209,0.7718809984395658,0.7769645040055204,0.19513366152046766
ParkG,frequency,all,139,1.5938,0.8374980439822893,0.8459514508399659,0.1946951903880157
ParkG,frequency,all,140,1.0405,1.3947558523192887,1.3691134071355862,0.1517402250611856
ParkG,frequency,all,141,0.8481,1.2219611933871901,1.1673359361089939,0.15559649083974236
ParkG,frequency,all,142,0.5293,1.038242726716364,0.9660693985548767,0.16302594575100376
ParkG,frequency,all,143,0.5173,0.8745618553974865,0.7997554497369399,0.17534404041272061
ParkG,frequency,all,144,0.8601,0.7394142924221773,0.6756692056782108,0.19467096415028828
ParkG,frequency,all,145,0.9263,0.6276209996742508,0.5848407248905558,0.22456704415976672
ParkG,frequency,all,146,1.5517,0.5277511703727058,0.5097373122297457,0.2713015768479816
ParkG,frequency,all,147,1.0706,0.4293958963971893,0.43091749273041335,0.3465214193087431
ParkG,frequency,all,148,0.397,0.8071443542923677,0.8071443542923677,0.551596311513173
ParkG,frequency,all,149,0.3489,0.6324098425469474,0.6324098425469474,0.5308394101102628
ParkG,frequency,all,150,0.403,0.5471177792598677,0.5471177792598677,0.5102814259889555
ParkG,frequency,all,151,0.403,0.5031866304852954,0.5031866304852954,0.49005143793973255
ParkG,frequency,all,152,0.8721,0.475482136473172,0.475482136473172,0.47025485804519995
ParkG,frequency,all,153,0.806,0.4537440089832854,0.4537440089832854,0.45097536953864426
ParkG,frequency,all,154,0.4812,0.43432415841471944,0.43432415841471944,0.4322771506667899
ParkG,frequency,all,155,0.1925,0.41605272092121365,0.41605272092121365,0.4142072165005112
ParkG,frequency,all,156,0.242,0.3412277195615183,0.5382097704079604,0.3765741611125171
ParkG,frequency,all,157,0.2901,0.34634164223525815,0.5410882436986874,0.3847046204450781
ParkG,frequency,all,158,0.3262,0.35461588221750273,0.5416329704006635,0.39216766271204445
ParkG,frequency,all,159,0.4645,0.3679929765461422,0.5402138766352313,0.39887621949606183
ParkG,frequency,all,160,0.5186,0.3891878611457621,0.5383546124883277,0.4047522414438639
ParkG,frequency,all,161,0.4224,0.421405026828074,0.5393499698731938,0.40973009858264653
ParkG,frequency,all,162,0.2901,0.4670268173181573,0.548257878429921,0.4137598570205895
ParkG,frequency,all,163,0.1337,0.5240459745523487,0.569507614345535,0.416810257185987
ParkG,frequency,all,164,0.5306,0.18200534929230133,0.24362066778043379,0.5326871873272202
ParkG,frequency,all,165,0.7171,0.17797335920504584,0.28073737925605335,0.5315654396734221
ParkG,frequency,all,166,0.6148,0.19020721690889905,0.3271563817760922,0.5268488100816576
ParkG,frequency,all,167,0.2961,0.2037800338520773,0.35881434081215036,0.5188698821707873
ParkG,frequency,all,168,0.1758,0.21070476748395506,0.36393751019832987,0.508102710306118
ParkG,frequency,all,169,0.1397,0.20794816865167698,0.34019468745386383,0.49512200815775403
ParkG,frequency,all,170,0.1337,0.19606705042029257,0.2929035859145538,0.4805595071425579
ParkG,frequency,all,171,0.1397,0.1790912127339652,0.23499254720736837,0.4650646726037073
ParkG,frequency,all,172,0.1577,0.19244304606777501,0.22011071665987697,0.4270500101266291
ParkG,frequency,all,173,0.1337,0.23281979514890394,0.27976226388333986,0.41866475370714357
ParkG,frequency,all,174,0.1337,0.26692330247864615,0.3288930310106667,0.4108864650134872
ParkG,frequency,all,175,0.2841,0.2898118538039029,0.35806982858396463,0.4040898851365542
ParkG,frequency,all,176,0.1638,0.3007944736863618,0.3647417906587184,0.398703891733628
ParkG,frequency,all,177,0.1217,0.3040269916783718,0.3535314916127984,0.3952426677030514
ParkG,frequency,all,178,0.26,0.3119510110533598,0.3396939028872893,0.39435454569093553
ParkG,frequency,all,179,0.3803,0.25960824016253203,0.25863206589833226,0.3154508335978386
ParkG,frequency,all,180,0.3302,0.2776716918125225,0.27301522965188163,0.3234675757236002
ParkG,frequency,all,181,0.4645,0.2835797594215289,0.2712129701200272,0.3389125755184137
ParkG,frequency,all,182,1.1802,0.2804243408941157,0.25704173679326486,0.36452050662441293
ParkG,frequency,all,183,1.3306,0.2806429008760257,0.2443855698513817,0.4046990037990364
ParkG,frequency,all,184,0.663,0.3110759387849581,0.2624145720985956,0.466849586194014
ParkG,frequency,all,185,0.5367,0.420762528086908,0.3638088288944492,0.5640054147711648
ParkG,frequency,all,186,0.3382,0.6886584161649459,0.6322750016455724,0.7203789933511192
ParkG,frequency,all,187,0.5908,0.34894245615208797,0.34894245615208797,0.416556231244207
ParkG,frequency,all,188,2.6417,0.3642661467063617,0.3642661467063617,0.4008809693901447
ParkG,frequency,all,189,3.207,0.3711586204493906,0.3711586204493906,0.3853559265122148
ParkG,frequency,all,190,4.7126,0.3662262450093954,0.3662262450093954,0.3700785807359488
ParkG,frequency,all,191,7.357,0.35513914346243025,0.35513914346243025,0.3551285374882532
ParkG,frequency,all,192,4.5001,0.3418400543405076,0.3418400543405076,0.34056899293550635
ParkG,frequency,all,193,2.9003,0.3280909789981982,0.3280909789981982,0.32644841340720593
ParkG,frequency,all,194,2.7981,0.314545060705447,0.314545060705447,0.31280230389192093
ParkG,frequency,all,195,0.5131,0.34006001006522113,0.6982506337899304,0.5497106567993989
ParkG,frequency,all,196,0.3447,0.33813826740452063,0.6945814650615949,0.5615792356912136
ParkG,frequency,all,197,0.477,0.3341142831218213,0.6808827904044351,0.5724735409568104
ParkG,frequency,all,198,0.6574,0.3268109868754704,0.6530408850955516,0.5822664729652718
ParkG,frequency,all,199,0.6694,0.31472655725873466,0.6065138476725541,0.5908440978207615
ParkG,frequency,all,200,0.9099,0.2963366156222088,0.5378311635281079,0.598110611033271
ParkG,frequency,all,201,1.2465,0.2709751214522122,0.44785042261129904,0.6039931207389825
ParkG,frequency,all,202,0.3628,0.24056282660636163,0.3469849814374387,0.6084459952364462
ParkG,frequency,all,203,0.1824,0.48204011643742417,0.6071612678672117,0.7851575747445381
ParkG,frequency,all,204,0.2065,0.36919254633053356,0.5711526190800407,0.7835041678515534
ParkG,frequency,all,205,0.1283,0.30669922794005,0.5725807880381653,0.7765520624896439
ParkG,frequency,all,206,0.2185,0.2731292745466945,0.5733198418616248,0.7647914723410544
ParkG,frequency,all,207,0.2125,0.25097414332903406,0.5495786331831435,0.7489211327698335
ParkG,frequency,all,208,0.2606,0.22971733858629462,0.4917930530947866,0.7297881465449745
ParkG,frequency,all,209,0.3207,0.20556365208686322,0.40331723446543666,0.7083236580959916
ParkG,frequency,all,210,0.1884,0.18123801903849085,0.30172903707142074,0.6854849508827872
ParkG,frequency,all,211,0.1343,0.26585172899244924,0.34076820781550515,0.631106115402646
ParkG,frequency,all,212,0.1524,0.28845655721084557,0.4047890380107927,0.6187141554914697
ParkG,frequency,all,213,0.1524,0.31644743953185994,0.46059244763308627,0.6072191889874807
ParkG,frequency,all,214,0.2425,0.34312769104013063,0.493384679337293,0.5971750184630892
ParkG,frequency,all,215,0.1824,0.36702431802356056,0.5009138409302794,0.5892154509803555
ParkG,frequency,all,216,0.1223,0.39097722614052777,0.4907811662220699,0.5841003600058164
ParkG,frequency,all,217,0.2185,0.4197097004935564,0.4782705902558897,0.5827878691504625
ParkG,frequency,all,218,0.3628,0.26344538974692433,0.2685850250153104,0.47277311003362554
ParkG,frequency,all,219,0.6153,0.30113170770937525,0.3073492395567212,0.4847879779732862
ParkG,frequency,all,220,0.459,0.33087987202089747,0.3340190730463649,0.5079357392398544
ParkG,frequency,all,221,0.1704,0.35090527623575035,0.3467186898722193,0.5463149094339161
ParkG,frequency,all,222,0.2666,0.3675298071605223,0.3535053192590106,0.6065313078154804
ParkG,frequency,all,223,0.2065,0.3987212867413025,0.3756178660064948,0.6996777541068049
ParkG,frequency,all,224,0.2726,0.4809150176713098,0.453901824827493,0.8452873336106331
ParkG,frequency,all,225,0.5612,0.6794185797282319,0.6577172004728724,1.0796478589233776
ParkG,frequency,all,226,0.7536,0.44785264512505907,0.44785264512505907,0.22630385679282705
ParkG,frequency,all,227,1.7996,0.3428863025974305,0.3428863025974305,0.21778790636948048
ParkG,frequency,all,228,3.982,0.26594450337327874,0.26594450337327874,0.2093535658972338
ParkG,frequency,all,229,4.499,0.2242019215403858,0.2242019215403858,0.20105379263397
ParkG,frequency,all,230,5.6773,0.20237275193427165,0.20237275193427165,0.19293183407853637
ParkG,frequency,all,231,5.3767,0.18939243251508803,0.18939243251508803,0.18502202301751305
ParkG,frequency,all,232,2.4369,0.17996788811440195,0.17996788811440195,0.17735068991115308
ParkG,frequency,all,233,1.4089,0.17197634851004867,0.17197634851004867,0.16993712366992253
ParkT,loo,all,0,0.3001,0.20042329582734858,0.23867423472695243,0.08853095346476142
ParkT,loo,all,1,0.2647,0.3051917034757652,0.34795327782213914,0.0922251412773071
ParkT,loo,all,2,0.3492,0.35647728370065035,0.38488733164029887,0.09545989675212863
ParkT,loo,all,3,0.4731,0.4563596904647555,0.3808420165610951,0.09862453521145971
ParkT,loo,all,4,0.534,0.3834047266283859,0.33165001343903355,0.10233569780632083
ParkT,loo,all,5,0.2706,0.3863254070438245,0.36563980352973324,0.10845442327619961
ParkT,loo,all,6,0.1213,0.1656082045841836,0.2406387315048235,0.11937113973329658
ParkT,loo,all,7,0.1802,0.1461851205268359,0.16586845681218362,0.1242684433618258
ParkT,loo,all,8,0.2274,0.20743915409232783,0.17669658462128912,0.1356437005964539
ParkT,loo,all,9,0.3591,0.34908456477636884,0.3749890898399024,0.16278835601804398
ParkT,loo,all,10,0.4337,0.4123596242974942,0.4206305268462428,0.17021748047463814
ParkT,loo,all,11,0.4907,0.4735674723524309,0.48072967529361244,0.17838569933355056
ParkT,loo,all,12,0.5418,0.5450629856687887,0.5371473817052533,0.18720862347107817
ParkT,loo,all,13,0.6244,0.5702871042682687,0.5678835254253833,0.19618271444893903
ParkT,loo,all,14,0.6303,0.6162680833950719,0.6140518135528119,0.2070259920098653
ParkT,loo,all,15,0.6421,0.6256759814439027,0.6513748733568198,0.21860164926210673
ParkT,loo,all,16,0.6735,0.6461121076931962,0.6850369356951416,0.23071995135832074
ParkT,loo,all,17,0.7108,0.7173840799581843,0.7202434813325691,0.24366295546066388
ParkT,loo,all,18,0.8032,0.725275428831766,0.723057453207514,0.2565340789640654
ParkT,loo,all,19,0.7777,0.7661213268531346,0.7449421797307036,0.27281556394117973
ParkT,loo,all,20,0.7541,0.7239528037805832,0.7351223072087725,0.29034073905387164
ParkT,loo,all,21,0.7089,0.6742309920787266,0.7116227799478599,0.30968616215019834
ParkT,loo,all,22,0.648,0.6558330227106591,0.6799708167853001,0.33079996624876384
ParkT,loo,all,23,0.6362,0.6468866563428363,0.610456939847857,0.3522592826705854
ParkT,loo,all,24,0.648,0.5004895539844284,0.5001812793374347,0.3746263649249035
ParkT,loo,all,25,0.3768,0.5157069834843847,0.47380396800050273,0.4045727787816966
ParkT,loo,all,26,0.3689,0.28581272918857303,0.34182645743948026,0.43003900958059943
ParkT,loo,all,27,0.2274,0.2794388520531168,0.2934635059991746,0.45948241612252905
ParkT,loo,all,28,0.1999,0.22278397498227276,0.24566760472556284,0.4877026541984973
ParkT,loo,all,29,0.2195,0.2279653797791113,0.22385737743368112,0.5160561886383521
ParkT,loo,all,30,0.2431,0.2422218638231915,0.2277032018140155,0.5452381563502992
ParkT,loo,all,31,0.2372,0.27756047965896596,0.25764676451329716,0.575689913619326
ParkT,loo,all,32,0.2569,0.3593161317153294,0.3143897804908088,0.636770650118022
ParkT,loo,all,33,0.3198,0.307376499003586,0.2920623635992785,0.6946363944389513
ParkT,loo,all,34,0.2687,0.3411111455518715,0.30358577346184284,0.7242324183694175
ParkT,loo,all,35,0.2176,0.26525420743762035,0.2424417365805296,0.7758647142095275
ParkT,loo,all,36,0.1861,0.2270527191875915,0.21233256415948587,0.7982675747824342
ParkT,loo,all,37,0.1783,0.20011853936918356,0.19252688170593613,0.8169885703163194
ParkT,loo,all,38,0.1684,0.18078967834285342,0.2120416657244072,0.8342130138003795
ParkT,loo,all,39,0.1704,0.40620597957110527,0.46635863902386265,1.073396461961174
ParkT,loo,all,40,0.0722,0.11565514524854663,0.10948459928390239,0.1193753277865339
ParkT,loo,all,41,0.1016,0.11836265311172645,0.10758743291834871,0.12378903296889052
ParkT,loo,all,42,0.1567,0.13499566127956206,0.11576367394792869,0.12816838586625842
ParkT,loo,all,43,0.1567,0.13872432271962898,0.15593665843550228,0.13339000320288374
ParkT,loo,all,44,0.1272,0.1887639356104577,0.22445187287758422,0.13928213808933188
ParkT,loo,all,45,0.2412,0.22560917973607217,0.24860453386082612,0.1437275667969969
ParkT,loo,all,46,0.3316,0.35145657247154904,0.26513408835275654,0.1486960260186829
ParkT,loo,all,47,0.4102,0.268479356352899,0.23111644910700885,0.15408162417942525
ParkT,loo,all,48,0.1704,0.32942419384968835,0.31390916298778615,0.16452781093416238
ParkT,loo,all,49,0.0702,0.23750133371170468,0.26771600139489293,0.1905342295535797
ParkT,loo,all,50,0.2706,0.2046284454453926,0.15921249484957284,0.19573564306900865
ParkT,loo,all,51,0.2923,0.20940195689303817,0.13926789083962565,0.20492009288381707
ParkT,loo,all,52,0.0957,0.1905634227039122,0.1653652948114276,0.21974384968554483
ParkT,loo,all,53,0.0584,0.06803169186201591,0.11625064184012021,0.2320240473801801
ParkT,loo,all,54,0.0525,0.05482057044559285,0.07753633366873233,0.24440386701507327
ParkT,loo,all,55,0.0505,0.0775768133095345,0.06803345761545165,0.2575829475641527
ParkT,loo,all,56,0.0781,0.09522495758836752,0.06999405310047158,0.2708361375204414
ParkT,loo,all,57,0.1095,0.09678345463424831,0.08245720417330271,0.28491807049395634
ParkT,loo,all,58,0.0898,0.13063476458559947,0.12556937193420198,0.3017242967941835
ParkT,loo,all,59,0.1252,0.1353930973618391,0.16237191637135487,0.31786411333190556
ParkT,loo,all,60,0.1979,0.29199543853162846,0.2570619214304669,0.3537102829850943
ParkT,loo,all,61,0.3237,0.2679218368098784,0.2318438657301068,0.3701660417265953
ParkT,loo,all,62,0.2923,0.2833940506349528,0.2344612886082757,0.3941895530459919
ParkT,loo,all,63,0.192,0.23087140562004793,0.22124321361405383,0.4227474179042882
ParkT,loo,all,64,0.139,0.1644406413147454,0.17791260225696726,0.4511538330511661
ParkT,loo,all,65,0.1213,0.13914757198426747,0.14506097588597944,0.479837848881074
ParkT,loo,all,66,0.1252,0.11922545388553846,0.15158107273235805,0.509379551875781
ParkT,loo,all,67,0.1174,0.22268860883567787,0.22208852944277357,0.5411493840849254
ParkT,loo,all,68,0.3021,0.274768756656503,0.269143240292029,0.5671972099638733
ParkT,loo,all,69,0.418,0.37232429321442195,0.37363621920083634,0.5979622552485061
ParkT,loo,all,70,0.4318,0.548087286440233,0.5304467281000996,0.6345141992443736
ParkT,loo,all,71,0.6578,0.5777526646621125,0.6012958520411122,0.6649978979036008
ParkT,loo,all,72,0.7325,0.7417199255748542,0.7154061515052531,0.702672719953084
ParkT,loo,all,73,0.813,0.8144191284992972,0.7993606252548784,0.7412786386533994
ParkT,loo,all,74,0.8897,0.8523796742864757,0.8599748624403891,0.7806084748601092
ParkT,loo,all,75,0.9113,0.9037289903931407,0.9313365996768607,0.8219288925743113
ParkT,loo,all,76,0.9486,0.995950679584758,1.0033432848024222,0.8620395815550099
ParkT,loo,all,77,1.1078,1.0089324085498688,1.0413579542357345,0.8948667437712279
ParkT,loo,all,78,1.1137,1.1583595200974406,1.1543962419554807,0.9322644069498756
ParkT,loo,all,79,1.2375,1.1940310491304233,1.219507384459182,0.7735822227870639
ParkT,loo,all,80,1.3259,1.314392078409388,1.320471937305689,0.8003883838467826
ParkT,loo,all,81,1.4301,1.4104362753547046,1.3977563613110866,0.8358722641424452
ParkT,loo,all,82,1.5205,1.4373838614791605,1.4420946433280792,0.8842603287069063
ParkT,loo,all,83,1.4891,1.513540955969549,1.5407115754192573,1.0422701004322001
ParkT,loo,all,84,1.5578,1.54129817291434,1.5902235227927284,1.057598902506646
ParkT,loo,all,85,1.66,1.6072178642353492,1.61852786264409,1.0746578784124843
ParkT,loo,all,86,1.7072,1.7201623025289436,1.63944709542236,1.109428236610676
ParkT,loo,all,87,1.7858,1.6965182509255707,1.6248686463035265,1.1677085647034822
ParkT,loo,all,88,1.7504,1.6453928783911447,1.6953865407542088,1.2903322518402531
ParkT,loo,all,89,1.7052,2.028138397536271,1.9927390486285734,1.5935077267606168
ParkT,loo,all,90,2.4756,2.3220408266448196,1.8665893036076213,1.555696091711229
ParkT,loo,all,91,2.9236,2.8991976133987625,3.011187252397253,2.4792124052453874
ParkT,loo,all,92,2.9295,1.7875766033904885,1.2622939188153182,1.4935289101171985
ParkT,loo,all,93,0.5065,1.7081415936164195,1.5306860684635826,1.7386211281249275
ParkT,loo,all,94,0.4475,0.0862346013882358,0.7584328822819005,1.4700935811754758
ParkT,loo,all,95,0.3807,1.2188652767779518,0.6449269322683213,1.5373483662635254
ParkT,loo,all,96,0.1331,0.15057340952813936,0.12929102811645007,0.04495081197851242
ParkT,loo,all,97,0.1665,0.11489557184904789,0.1280635080352407,0.04664522712840954
ParkT,loo,all,98,0.1095,0.17436102769434603,0.16439553372411317,0.048595782060299714
ParkT,loo,all,99,0.1822,0.13640494052042193,0.14958189218830123,0.05041668314699843
ParkT,loo,all,100,0.1763,0.1758557616646228,0.1666231937418271,0.05249621461472018
ParkT,loo,all,101,0.1704,0.18168480818211055,0.18183192409853394,0.054701015930729194
ParkT,loo,all,102,0.194,0.15795765722894223,0.1833681078511655,0.05697152853247032
ParkT,loo,all,103,0.1626,0.2325991122894957,0.20170615012947435,0.05951586128136491
ParkT,loo,all,104,0.2628,0.14182437606840573,0.15527521415313342,0.061873441819145204
ParkT,loo,all,105,0.1311,0.2352783822435487,0.18500990841173248,0.0650248262377311
ParkT,loo,all,106,0.1861,0.09913687477035821,0.13561875010076918,0.0678348674887139
ParkT,loo,all,107,0.0898,0.13399462185524508,0.15825139940603966,0.07131662885966118
ParkT,loo,all,108,0.1056,0.1347749833374119,0.15803625011210953,0.07465681475298275
ParkT,loo,all,109,0.194,0.18871350434223866,0.1417427144149372,0.07794373409982315
ParkT,loo,all,110,0.253,0.16585469424382507,0.12860909483077723,0.0815526210546492
ParkT,loo,all,111,0.1193,0.16667312898791234,0.18363335451695845,0.08622847970556441
ParkT,loo,all,112,0.0977,0.11339581045574107,0.21139805387813496,0.09075561597290566
ParkT,loo,all,113,0.1586,0.2620469472314596,0.229810197715222,0.09519977778392338
ParkT,loo,all,114,0.4121,0.1957067959686133,0.1595345563086517,0.09893715712050344
ParkT,loo,all,115,0.2097,0.3003844330993413,0.21873129969000238,0.10541612307945669
ParkT,loo,all,116,0.1449,0.1426777609874691,0.18255167746083098,0.11162536917545797
ParkT,loo,all,117,0.0957,0.12269610198211053,0.13830471742948727,0.11821726713731305
ParkT,loo,all,118,0.1193,0.09656825228676216,0.09361386748107534,0.12481142397050213
ParkT,loo,all,119,0.0997,0.11156299000625372,0.11393582234382985,0.13220343936707504
ParkT,loo,all,120,0.1115,0.1162113651373982,0.18294183137871312,0.13990472730637477
ParkT,loo,all,121,0.1783,0.21895468597294251,0.2849122674632704,0.14771774426472165
ParkT,loo,all,122,0.365,0.41250362529629947,0.3568232683491331,0.15505693522318575
ParkT,loo,all,123,0.6165,0.43432576417876745,0.3371613789240686,0.16231948586287798
ParkT,loo,all,124,0.4534,0.4695247733868386,0.3841774328890825,0.1739042759769831
ParkT,loo,all,125,0.2746,0.31448189477935984,0.34907305723187,0.18650770413099343
ParkT,loo,all,126,0.1901,0.1887122951314924,0.2558524747768927,0.19902239739007435
ParkT,loo,all,127,0.1409,0.15304327888445748,0.17807721435345647,0.21195744444348152
ParkT,loo,all,128,0.1272,0.13422700319697076,0.13021692620618722,0.2252542942031155
ParkT,loo,all,129,0.1213,0.1317908381561211,0.11388681410974519,0.2391656766591498
ParkT,loo,all,130,0.1233,0.13369329723329879,0.11396408408299416,0.2536308189590172
ParkT,loo,all,131,0.1272,0.14646811999537307,0.1265916822764836,0.2686385459520912
ParkT,loo,all,132,0.1488,0.12762663386400666,0.14965870065938752,0.2838518977624413
ParkT,loo,all,133,0.1311,0.18018240960553789,0.2148941494868168,0.2999374914444791
ParkT,loo,all,134,0.2156,0.2709841704552175,0.26391621437509216,0.3144962381947376
ParkT,loo,all,135,0.3944,0.286405288823653,0.2733020485447199,0.32697157006191613
ParkT,loo,all,136,0.3355,0.40747530497906187,0.342071910848883,0.34317026775435966
ParkT,loo,all,137,0.3689,0.33357827727998435,0.32947277469382996,0.35686939866754785
ParkT,loo,all,138,0.3119,0.3219628854365624,0.32226855409373667,0.3717059160053371
ParkT,loo,all,139,0.2628,0.2895631899952623,0.3056769750578424,0.38542614958368276
ParkT,loo,all,140,0.2588,0.2765366552131231,0.28639557904587537,0.39668818062483924
ParkT,loo,all,141,0.2805,0.2852772072493436,0.2784278673169009,0.4057827500953009
ParkT,loo,all,142,0.2903,0.3088849739449806,0.29137366800759795,0.4140872897644502
ParkT,loo,all,143,0.306,0.31348738714701857,0.31013785869465954,0.4217141377115703
ParkT,loo,all,144,0.308,0.33238746892843646,0.3352530099255411,0.4307500560534331
ParkT,loo,all,145,0.3296,0.34828662826909634,0.3436259603599895,0.44287479276641817
ParkT,loo,all,146,0.3591,0.3695973134321035,0.32488928780807386,0.46471206593586045
ParkT,loo,all,147,0.3787,0.40626351734732197,0.28995058810240903,0.5126807506541649
ParkT,loo,all,148,0.418,0.4297624177816935,0.3051471068841135,0.6359650172087362
ParkT,loo,all,149,0.4475,0.4675733670178763,0.6252759589245476,0.9887853845866403
ParkT,loo,all,150,0.4868,0.5060455370955512,1.0035366184063672,1.2739707690749458
ParkT,loo,all,151,0.5418,0.5734366641333385,0.7960114661070231,1.0173524126951377
ParkT,loo,all,152,0.6381,0.6479837771191367,0.5126417508103185,0.5697168259588161
ParkT,loo,all,153,0.7344,0.7363713009125676,0.6572595990926227,0.49905013092540806
ParkT,loo,all,154,0.8229,0.8482905504845323,0.8317530469379932,0.4880563691004152
ParkT,loo,all,155,0.9585,0.9688483063205082,0.9632356987769649,0.5127695173742823
ParkT,loo,all,156,1.1196,1.0963813356840286,1.0467665044476604,0.5743182943065862
ParkT,loo,all,157,1.2473,1.2542851037437506,1.1226192034811835,0.6929519770491926
ParkT,loo,all,158,1.4104,1.380387195500266,1.2355254030713951,0.9068542075120732
ParkT,loo,all,159,1.5598,1.5552954610215644,1.5749325526033278,1.3926302825437382
ParkT,loo,all,160,1.7386,1.717941112465451,2.24185326865903,2.2054537845250795
ParkT,loo,all,161,1.8644,1.7686165603455886,2.111825049543478,2.096340982923773
ParkT,loo,all,162,1.8172,1.5833436382700015,1.373213693681168,1.282010788508311
ParkT,loo,all,163,1.4832,1.9323922545628205,1.345514616620122,1.2742880884224828
ParkT,loo,all,164,1.9823,2.0662396439261945,3.0077341022710575,3.005928603488765
ParkT,loo,all,165,2.4225,1.2226665884866514,1.0126393130051043,0.863609952394347
ParkT,loo,all,166,0.3787,1.4121820243117875,0.8135634979423112,0.909646979878814
ParkT,loo,all,167,0.2549,0.10620849937044552,0.29887125555595934,0.5039861207808856
ParkT,loo,all,168,0.2353,0.5217795799182773,0.0809093514201562,0.3573388847656109
ParkT,preload,all,0,0.3001,0.26141135138685756,0.13159110809638908,0.09754959739431743
ParkT,preload,all,1,0.2647,0.26951831328145665,0.13579956629009735,0.10175805558802571
ParkT,preload,all,2,0.3492,0.27797328643377545,0.14028484792994614,0.1062433372278745
ParkT,preload,all,3,0.4731,0.28679583091975047,0.1450715569684059,0.11103004626633425
ParkT,preload,all,4,0.534,0.29600684836536056,0.15018705933490203,0.1161455486328304
ParkT,preload,all,5,0.2706,0.3056286887098038,0.15566185767946025,0.12162034697738862
ParkT,preload,all,6,0.1213,0.3262021868544865,0.1678297123730833,0.13378820167101166
ParkT,preload,all,7,0.1802,0.3372068842600811,0.1746037304413406,0.14056221973926897
ParkT,preload,all,8,0.2274,0.3607994038758156,0.18977356555453928,0.15573205485246766
ParkT,preload,all,9,0.3591,0.41528589204004435,0.22839462933902605,0.1943531186369544
ParkT,preload,all,10,0.4337,0.43066194929275275,0.24025875047520084,0.2062172397731292
ParkT,preload,all,11,0.4907,0.4468322347521018,0.2532216332261392,0.21918012252406757
ParkT,preload,all,12,0.5418,0.4638492781438906,0.2674193730263592,0.23337786232428756
ParkT,preload,all,13,0.6244,0.48176970503525324,0.28300898779201494,0.2489674770899433
ParkT,preload,all,14,0.6303,0.500654585211799,0.3001721933274235,0.2661306826253519
ParkT,preload,all,15,0.6421,0.520569809635827,0.3191199358250468,0.28507842512297515
ParkT,preload,all,16,0.6735,0.5415864973976767,0.3400978374199536,0.30605632671788197
ParkT,preload,all,17,0.7108,0.5637814337928407,0.3633927377395279,0.3293512270374563
ParkT,preload,all,18,0.8032,0.5872375402285385,0.3893405408118017,0.3552990301097301
ParkT,preload,all,19,0.7777,0.6120443760360766,0.4183355973653451,0.38429408666327347
ParkT,preload,all,20,0.7541,0.6382986713766227,0.4508418574506648,0.4168003467485932
ParkT,preload,all,21,0.7089,0.6661048891973848,0.48740599897862474,0.4533644882765531
ParkT,preload,all,22,0.648,0.6955758125199265,0.528672641213251,0.49463113051117935
ParkT,preload,all,23,0.6362,0.7268331510920492,0.5754015308491199,0.5413600201470483
ParkT,preload,all,24,0.648,0.7600081584448775,0.6284861434485501,0.5944446327464785
ParkT,preload,all,25,0.3768,0.7952422464611753,0.6889723096763312,0.6549307989742595
ParkT,preload,all,26,0.3689,0.8326875794228253,0.758073985265175,0.7240324745631034
ParkT,preload,all,27,0.2274,0.8725076228483001,0.837180715629449,0.8031392049273773
ParkT,preload,all,28,0.1999,0.9148776138690983,0.9278470838090384,0.8938055731069667
ParkT,preload,all,29,0.2195,0.9599849089642516,1.0317476705000026,0.997706159797931
ParkT,preload,all,30,0.2431,1.0080291510284967,1.1505710108615217,1.11652950015945
ParkT,preload,all,31,0.2372,1.0592221803666835,1.2858126568554606,1.251771146153389
ParkT,preload,all,32,0.2569,1.1719598198521126,1.608182034152324,1.5741405234502523
ParkT,preload,all,33,0.3198,1.3001064966946796,1.9876429287992017,1.95360141809713
ParkT,preload,all,34,0.2687,1.3705856605370297,2.1831402422596162,2.1490987315575447
ParkT,preload,all,35,0.2176,1.5256129257255904,2.5202920337293646,2.486250523027293
ParkT,preload,all,36,0.1861,1.6106344646198,2.6293105911694323,2.595269080467361
ParkT,preload,all,37,0.1783,1.700938400553312,2.682023263995393,2.6479817532933216
ParkT,preload,all,38,0.1684,1.7966839805013604,2.677105269516365,2.6430637588142933
ParkT,preload,all,39,0.1704,1.897971081820615,2.625711299236426,2.5916697885343547
ParkT,preload,all,40,0.0722,0.19909524026775038,0.12847797070400158,0.12511605864117684
ParkT,preload,all,41,0.1016,0.2110872292921059,0.1627461779465582,0.15938488901389525
ParkT,preload,all,42,0.1567,0.21901265747196147,0.2166683062943038,0.21330791058145893
ParkT,preload,all,43,0.1567,0.26546029606137644,0.29183491579563064,0.2884755012350116
ParkT,preload,all,44,0.1272,0.32249479627768673,0.3486392501804234,0.3452807268785565
ParkT,preload,all,45,0.2412,0.32114101965903885,0.32515572144630267,0.3217978812569936
ParkT,preload,all,46,0.3316,0.25043862944537054,0.2616689818651197,0.2583115692686681
ParkT,preload,all,47,0.4102,0.19055512724026813,0.21451510525519257,0.2111578660640342
ParkT,preload,all,48,0.1704,0.17510126565480622,0.18975949927837993,0.18640220143760827
ParkT,preload,all,49,0.0702,0.1687636024563396,0.1860424719585718,0.1826839123151332
ParkT,preload,all,50,0.2706,0.18146390170505977,0.19725341939269314,0.1938942322481148
ParkT,preload,all,51,0.2923,0.22419744556143795,0.21280093069541972,0.20944113666554515
ParkT,preload,all,52,0.0957,0.25437382487559057,0.23248822959975537,0.22912795447398776
ParkT,preload,all,53,0.0584,0.2543551066571906,0.2563483006232988,0.2529878016014231
ParkT,preload,all,54,0.0525,0.2761008509986376,0.2844835297574133,0.28112322837492293
ParkT,preload,all,55,0.0505,0.35229407307422006,0.3169033003936055,0.31354379091572565
ParkT,preload,all,56,0.0781,0.43111961500424856,0.35331956956050237,0.3499615424757016
ParkT,preload,all,57,0.1095,0.4323560056659823,0.39288235834481416,0.3895264025350527
ParkT,preload,all,58,0.0898,0.3967011205424818,0.433880120755575,0.43052645177120946
ParkT,preload,all,59,0.1252,0.3821982597307163,0.4735103492594302,0.4701585931411907
ParkT,preload,all,60,0.1979,0.4189808196947049,0.5328019523850904,0.5294506726256715
ParkT,preload,all,61,0.3237,0.45293881124173463,0.5444391803076704,0.54108610651169
ParkT,preload,all,62,0.2923,0.5015270412433134,0.5410519815138891,0.5376962584911491
ParkT,preload,all,63,0.192,0.5768646069540465,0.5234727340759632,0.5201143179834279
ParkT,preload,all,64,0.139,0.6208426586863639,0.49481655374326583,0.49145625780971197
ParkT,preload,all,65,0.1213,0.5682051917768156,0.45933127838520205,0.45597051226231067
ParkT,preload,all,66,0.1252,0.4781103693885611,0.42114750622141944,0.41778780830024825
ParkT,preload,all,67,0.1174,0.38985976976277487,0.38349041475778206,0.3801329603031012
ParkT,preload,all,68,0.3021,0.2956105694260137,0.3484580990460655,0.3451033587248111
ParkT,preload,all,69,0.418,0.22930750924399937,0.31716992003175704,0.3138175583700645
ParkT,preload,all,70,0.4318,0.18393295619774785,0.2900493792852488,0.2866983798285659
ParkT,preload,all,71,0.6578,0.16403905429913168,0.26709497241916363,0.26374390970076067
ParkT,preload,all,72,0.7325,0.17082290528942695,0.2480838903646311,0.24473125527773568
ParkT,preload,all,73,0.813,0.1821424346470467,0.23270555561760137,0.2293500634371586
ParkT,preload,all,74,0.8897,0.1975355259370796,0.22064113572166705,0.21728197419001594
ParkT,preload,all,75,0.9113,0.2448860026337386,0.21160734259337463,0.2082443294103476
ParkT,preload,all,76,0.9486,0.30411261130445283,0.20537904608217436,0.20201266359078818
ParkT,preload,all,77,1.1078,0.3322123541872698,0.20180067584643518,0.1984319592676789
ParkT,preload,all,78,1.1137,0.32718388470650106,0.2007927970585865,0.19742308924139235
ParkT,preload,all,79,1.2375,0.2963218584074532,0.20235790025979075,0.19898853781234543
ParkT,preload,all,80,1.3259,0.26250677898008873,0.2065881507067027,0.20322017726269376
ParkT,preload,all,81,1.4301,0.238340042496417,0.213677318740463,0.21031130614428956
ParkT,preload,all,82,1.5205,0.22770429691622027,0.22393913172531643,0.22057514029089248
ParkT,preload,all,83,1.4891,0.22366340824588096,0.23783472541972636,0.23447238523674438
ParkT,preload,all,84,1.5578,0.22425911984414418,0.2560127078176344,0.25265137943625865
ParkT,preload,all,85,1.66,0.2698564399705756,0.27936660273322655,0.2760055738575867
ParkT,preload,all,86,1.7072,0.39590127509462647,0.3091160362428711,0.30575471308344615
ParkT,preload,all,87,1.7858,0.545391353754533,0.34691949990028187,0.34355755088718376
ParkT,preload,all,88,1.7504,0.6688968046374347,0.3950263012409949,0.3916637174508922
ParkT,preload,all,89,1.7052,0.7707353947476011,0.4564688650173615,0.45310592498339736
ParkT,preload,all,90,2.4756,0.8663798056692233,0.5352718072150692,0.5319089653418554
ParkT,preload,all,91,2.9236,0.9711541497589266,0.636581521490169,0.6332192605132717
ParkT,preload,all,92,2.9295,1.0995700830913318,0.7664356189970574,0.7630743086145487
ParkT,preload,all,93,0.5065,1.2579657472604024,0.9304965794997345,0.9271363730229679
ParkT,preload,all,94,0.4475,1.4418643429794806,1.130485257691769,1.1271260489146717
ParkT,preload,all,95,0.3807,1.6544290495986467,1.3571370655769155,1.3537785208022093
ParkT,preload,all,96,0.1331,0.21767149082984283,0.19370955645663662,0.11856591355225664
ParkT,preload,all,97,0.1665,0.22313858828085864,0.19873022553963637,0.12358662145853469
ParkT,preload,all,98,0.1095,0.22892238388630531,0.20407007757217155,0.12892651771169206
ParkT,preload,all,99,0.1822,0.23504730511626865,0.2097561296177321,0.13461261992640766
ParkT,preload,all,100,0.1763,0.2415401249616565,0.21581824367524693,0.14067479054797782
ParkT,preload,all,101,0.1704,0.24843022999899933,0.22228948259915965,0.14714609274768034
ParkT,preload,all,102,0.194,0.2557499236889077,0.22920651703429662,0.15406319733590765
ParkT,preload,all,103,0.1626,0.26353477007360787,0.2366100914636201,0.1614668487921792
ParkT,preload,all,104,0.2628,0.2718239838560264,0.2445455588337354,0.1694023998777779
ParkT,preload,all,105,0.1311,0.28066087379289395,0.2530634948185622,0.17792042589210877
ParkT,preload,all,106,0.1861,0.29009334743744464,0.2622204046371258,0.1870774314892054
ParkT,preload,all,107,0.0898,0.3001744865454998,0.27207953748771807,0.19693666511686514
ParkT,preload,all,108,0.1056,0.31096320393535964,0.2827118261244178,0.20756905860439126
ParkT,preload,all,109,0.194,0.3225249942905239,0.2941969718997591,0.21905431222248645
ParkT,preload,all,110,0.253,0.3349327933365899,0.306624698725821,0.23148214866711403
ParkT,preload,all,111,0.1193,0.3482679620265138,0.32009620282579876,0.24495376283874698
ParkT,preload,all,112,0.0977,0.36262141483812943,0.3347258287584764,0.25958349789864166
ParkT,preload,all,113,0.1586,0.37809491401197654,0.3506430057971172,0.2755007816827595
ParkT,preload,all,114,0.4121,0.3948025544916005,0.3679944819674085,0.2928523607770149
ParkT,preload,all,115,0.2097,0.41287246737569877,0.38694689527347603,0.31180487178187005
ParkT,preload,all,116,0.1449,0.4324487726715032,0.4076897218400946,0.3325477894934053
ParkT,preload,all,117,0.0957,0.453693814740801,0.43043863722137365,0.35529678825016203
ParkT,preload,all,118,0.1193,0.4767907155418651,0.4554393173609496,0.38029754292984386
ParkT,preload,all,119,0.0997,0.5019462807728191,0.4829716855691464,0.4078299759604329
ParkT,preload,all,120,0.1115,0.5293942910302312,0.5133545751528588,0.4382129199806216
ParkT,preload,all,121,0.1783,0.5593992021292603,0.5469507144912529,0.47180910294185363
ParkT,preload,all,122,0.365,0.5922602627690641,0.5841718381581343,0.5090302592520782
ParkT,preload,all,123,0.6165,0.6283160292204861,0.6254835631765678,0.5503420060461177
ParkT,preload,all,124,0.4534,0.6679492088831486,0.6714094134315134,0.5962678676077953
ParkT,preload,all,125,0.2746,0.7115916874212724,0.7225329854545866,0.6473914411573929
ParkT,preload,all,126,0.1901,0.7597294732370417,0.7794966690162799,0.7043551174393305
ParkT,preload,all,127,0.1409,0.8129071075723467,0.8429944970402377,0.7678529306243292
ParkT,preload,all,128,0.1272,0.8717308096825067,0.9137555284187444,0.838613941105019
ParkT,preload,all,129,0.1213,0.9368692154174,0.9925126154254944,0.9173710028810236
ParkT,preload,all,130,0.1233,1.0090499744843762,1.0799495137727289,1.0048078735807557
ParkT,preload,all,131,0.1272,1.0890496386194475,1.176617314292506,1.1014756461000432
ParkT,preload,all,132,0.1488,1.177673143614045,1.282809812543106,1.2076681181591773
ParkT,preload,all,133,0.1311,1.275717734113889,1.398388176925936,1.3232464603645864
ParkT,preload,all,134,0.2156,1.383914455915582,1.5225507895089279,1.4474090569722267
ParkT,preload,all,135,0.3944,1.5028385885665658,1.6535583545498425,1.5784166143474698
ParkT,preload,all,136,0.3355,1.6327792176531,1.7884515616314314,1.7133098240350537
ParkT,preload,all,137,0.3689,1.7735587740488703,1.922840087894052,1.8476983649265546
ParkT,preload,all,138,0.3119,1.9242979063869041,2.050889512072598,1.9757478172342873
ParkT,preload,all,139,0.2628,2.0831325677154995,2.1656621201784563,2.0905204681145455
ParkT,preload,all,140,0.2588,2.246912061687535,2.2599383735557836,2.1847967796717302
ParkT,preload,all,141,0.2805,2.4109405025158317,2.327526633160935,2.252385113194448
ParkT,preload,all,142,0.2903,2.568864884539273,2.364888588136143,2.2897471576967927
ParkT,preload,all,143,0.306,2.7128438822062395,2.372801747212724,2.297660421301968
ParkT,preload,all,144,0.308,2.8341216580100927,2.35797962254016,2.2828384150661245
ParkT,preload,all,145,0.3296,2.924046331423729,2.3353952321811944,2.260254155483611
ParkT,preload,all,146,0.3591,2.975406584642986,2.334301875696707,2.2591609400979027
ParkT,preload,all,147,0.3787,2.983767689811852,2.418002748817944,2.3428619622156295
ParkT,preload,all,148,0.418,2.9483854994630816,2.7528743360409407,2.6777337035577196
ParkT,preload,all,149,0.4475,2.872366412610768,3.78685681655911,3.711716340262099
ParkT,preload,all,150,0.4868,2.7620120831635093,5.107686118211158,5.032545796912926
ParkT,preload,all,151,0.5418,2.6255939363948753,3.578074656612475,3.5029344857617297
ParkT,preload,all,152,0.6381,2.471970366740004,2.27347493688522,2.198334908552458
ParkT,preload,all,153,0.7344,2.309421822371168,1.693262976608112,1.6181230795678583
ParkT,preload,all,154,0.8229,2.1449055191039155,1.3882104475794388,1.3130706674870334
ParkT,preload,all,155,0.9585,1.983744955651283,1.1947916791489837,1.119651998806225
ParkT,preload,all,156,1.1196,1.8296518763601184,1.0556835012698504,0.9805439009703891
ParkT,preload,all,157,1.2473,1.6849434914349297,0.9475507165286239,0.8724111744710209
ParkT,preload,all,158,1.4104,1.550837472490959,0.8594010413166036,0.784261534070549
ParkT,preload,all,159,1.5598,1.4277470476844831,0.7853621839315884,0.7102226869410456
ParkT,preload,all,160,1.7386,1.3155359939785585,0.7219456664814237,0.6468061545874997
ParkT,preload,all,161,1.8644,1.2137197263011439,0.6668894562601554,0.5917499042263216
ParkT,preload,all,162,1.8172,1.1216137595205575,0.6186203586039116,0.5434807416267923
ParkT,preload,all,163,1.4832,1.03843760121769,0.5759831545464941,0.5008434487367448
ParkT,preload,all,164,1.9823,0.9633839420650047,0.5380938725496024,0.46295405536930406
ParkT,preload,all,165,2.4225,0.8956623339640148,0.5042548933609039,0.4291149440062799
ParkT,preload,all,166,0.3787,0.83452491513626,0.4739027910218285,0.39876269074280135
ParkT,preload,all,167,0.2549,0.7792799631279942,0.4465745036587069,0.371434236009685
ParkT,preload,all,168,0.2353,0.7292974865140297,0.42188431753724237,0.3467438685564188
ParkT,frequency,all,0,0.3001,0.1235616860326046,0.08479558579917003,0.07196697511864557
ParkT,frequency,all,1,0.2647,0.12724501191806015,0.08841885902170901,0.07492883800781928
ParkT,frequency,all,2,0.3492,0.1310858291378502,0.09256261073916296,0.07807143580160093
ParkT,frequency,all,3,0.4731,0.13509738405349078,0.0974051369383411,0.08140918674514666
ParkT,frequency,all,4,0.534,0.13930103485043452,0.10319766839824858,0.08495790207334643
ParkT,frequency,all,5,0.2706,0.1437376808014495,0.11029036417253626,0.08873493932529229
ParkT,frequency,all,6,0.1213,0.1537718180794057,0.13046227009308156,0.09705218870206594
ParkT,frequency,all,7,0.1802,0.16001541387695992,0.14502665880636037,0.10163649028300113
ParkT,frequency,all,8,0.2274,0.18036209441737194,0.18833984352020733,0.11178403420428297
ParkT,frequency,all,9,0.3591,0.18788301269892213,0.17211621457560256,0.10239798343160292
ParkT,frequency,all,10,0.4337,0.19124563692340904,0.16680665386511154,0.1083026150909987
ParkT,frequency,all,11,0.4907,0.1969114660029602,0.16535088226550604,0.11471014055666381
ParkT,frequency,all,12,0.5418,0.20381174283045195,0.16829310079834608,0.12167581551471036
ParkT,frequency,all,13,0.6244,0.2114790740634856,0.17601170433486601,0.12926202754344399
ParkT,frequency,all,14,0.6303,0.21977288381788876,0.1890476722307433,0.13753927139824126
ParkT,frequency,all,15,0.6421,0.22876887208579605,0.20828574234399153,0.1465872365867234
ParkT,frequency,all,16,0.6735,0.2388178242553243,0.23500016406221713,0.15649600393881205
ParkT,frequency,all,17,0.7108,0.25083735293367476,0.27072596161714746,0.16736733655250555
ParkT,frequency,all,18,0.8032,0.2670107595078833,0.3168453027099759,0.1793160321505434
ParkT,frequency,all,19,0.7777,0.2921246983602462,0.37369965154491114,0.1924712750497716
ParkT,frequency,all,20,0.7541,0.33534368031876816,0.43899571019351075,0.20697788168883727
ParkT,frequency,all,21,0.7089,0.40983541764515313,0.5054087335192384,0.22299726712026333
ParkT,frequency,all,22,0.648,0.5204503709608244,0.5579931098768832,0.2407078618361938
ParkT,frequency,all,23,0.6362,0.5470574983995772,0.6319431327283034,0.4831934695955777
ParkT,frequency,all,24,0.648,0.4779811337439689,0.6180151911425956,0.513052832433905
ParkT,frequency,all,25,0.3768,0.4432253038017651,0.6172384727189779,0.5440599188039692
ParkT,frequency,all,26,0.3689,0.4344125975695533,0.626336383374824,0.5759365614305727
ParkT,frequency,all,27,0.2274,0.4404143532914983,0.6417093332595164,0.6083066545300228
ParkT,frequency,all,28,0.1999,0.4539846534276376,0.6598927488932812,0.6406888116823164
ParkT,frequency,all,29,0.2195,0.4713679288828815,0.677533798955698,0.6724967689111006
ParkT,frequency,all,30,0.2431,0.4907273253034816,0.6911919446269053,0.7030511175346972
ParkT,frequency,all,31,0.2372,0.5108904917021458,0.6971216592431022,0.7316056297455148
ParkT,frequency,all,32,0.2569,0.5459195186751735,0.6688215667832909,0.7796696654320501
ParkT,frequency,all,33,0.3198,0.5328858370193683,0.5601063788619509,0.8113860239560774
ParkT,frequency,all,34,0.2687,0.47347322501358213,0.47300791448991125,0.8201972774760715
ParkT,frequency,all,35,0.2176,0.5932319693527688,0.4041107702443166,0.6646426611737896
ParkT,frequency,all,36,0.1861,0.7341347137307005,0.465482720546849,0.6720332203575592
ParkT,frequency,all,37,0.1783,0.8452499097128842,0.523181171616038,0.6787309912310383
ParkT,frequency,all,38,0.1684,0.9314991489636895,0.5724793381816573,0.6849702876230602
ParkT,frequency,all,39,0.1704,1.002173290556937,0.612363885543246,0.6910807236366989
ParkT,frequency,all,40,0.0722,0.17512272145140406,0.10596263376488843,0.09525593764472312
ParkT,frequency,all,41,0.1016,0.1802031945313886,0.10934314738487502,0.09910388365513523
ParkT,frequency,all,42,0.1567,0.1854923085289027,0.11272119970920676,0.10318258940436555
ParkT,frequency,all,43,0.1567,0.19099793328869843,0.11600726086917228,0.10751018057540439
ParkT,frequency,all,44,0.1272,0.19672296806396206,0.11906999410400299,0.11210651216546548
ParkT,frequency,all,45,0.2412,0.20265661610235167,0.12172330181930043,0.11699335742235314
ParkT,frequency,all,46,0.3316,0.20875303146767288,0.12371288312036492,0.12219461896990114
ParkT,frequency,all,47,0.4102,0.21488091803050707,0.1247056317808277,0.1277365646374606
ParkT,frequency,all,48,0.1704,0.22071001083351233,0.12428844032647683,0.13364809069366915
ParkT,frequency,all,49,0.0702,0.22354650859455508,0.10996099123246468,0.15393493893579963
ParkT,frequency,all,50,0.2706,0.20810145357657633,0.09986904548747047,0.16167730722607243
ParkT,frequency,all,51,0.2923,0.17453045766065567,0.08770089618676134,0.16998465706819896
ParkT,frequency,all,52,0.0957,0.12212674243009225,0.07513491806275471,0.17890907628846855
ParkT,frequency,all,53,0.0584,0.12157431723628451,0.16327714228471138,0.14106110233037855
ParkT,frequency,all,54,0.0525,0.17849573633305033,0.15619907278027303,0.14919518683884517
ParkT,frequency,all,55,0.0505,0.23551553430175154,0.15786209576842358,0.15802204626621294
ParkT,frequency,all,56,0.0781,0.2744105287115352,0.16477251503934764,0.16761779957236553
ParkT,frequency,all,57,0.1095,0.299536564110293,0.17381800999363042,0.17806839044752595
ParkT,frequency,all,58,0.0898,0.3174233412516889,0.1827594755352956,0.1894709308422297
ParkT,frequency,all,59,0.1252,0.3321390368682804,0.18999517401698116,0.20193519918582167
ParkT,frequency,all,60,0.1979,0.35746077791930664,0.19431112353803906,0.23056138604492754
ParkT,frequency,all,61,0.3237,0.36645640346778446,0.18921314010590862,0.2470216337566922
ParkT,frequency,all,62,0.2923,0.3679349731005374,0.17847208187186406,0.2651439932270672
ParkT,frequency,all,63,0.192,0.35284158260706705,0.1630041057324268,0.2851279602448029
ParkT,frequency,all,64,0.139,0.30756229396467855,0.14652175457711666,0.3071958964666285
ParkT,frequency,all,65,0.1213,0.224692015490159,0.1372835935042063,0.331593603626794
ParkT,frequency,all,66,0.1252,0.2667190597711939,0.2800517161610948,0.6665195529175232
ParkT,frequency,all,67,0.1174,0.40162265614566295,0.39040057961681407,0.7077077113296422
ParkT,frequency,all,68,0.3021,0.5009851214737369,0.5110778741114512,0.7504790454744267
ParkT,frequency,all,69,0.418,0.5656080443056339,0.6262208391368769,0.794449849984219
ParkT,frequency,all,70,0.4318,0.6097994778145429,0.7291217887287293,0.8391013226098778
ParkT,frequency,all,71,0.6578,0.6446301178468796,0.8186787172565799,0.8837694364519719
ParkT,frequency,all,72,0.7325,0.676268039441663,0.896426161164936,0.9276454959713469
ParkT,frequency,all,73,0.813,0.7078086734420774,0.9647718324686667,0.9697923213440717
ParkT,frequency,all,74,0.8897,0.7410178775591632,1.0261870389822056,1.009180562100847
ParkT,frequency,all,75,0.9113,0.7776211881374248,1.082971899680839,1.0447478617324941
ParkT,frequency,all,76,0.9486,0.8205872524510669,1.1372800870361954,1.0754803397116959
ParkT,frequency,all,77,1.1078,0.8759031035768259,1.1911556053876906,1.1005115618193813
ParkT,frequency,all,78,1.1137,0.9547140527626085,1.2463658950463483,1.1192300475074157
ParkT,frequency,all,79,1.2375,1.0729586142922618,1.3038467723502576,1.131384335854286
ParkT,frequency,all,80,1.3259,1.238130513953213,1.3627386730479036,1.137176944383164
ParkT,frequency,all,81,1.4301,1.20588135815562,1.2374073445528813,0.6719428900896608
ParkT,frequency,all,82,1.5205,1.1056135291553535,1.1613849773740796,0.6794146248840397
ParkT,frequency,all,83,1.4891,1.0310265758871802,1.0655133534396186,0.686185961996129
ParkT,frequency,all,84,1.5578,0.9975879733937989,0.9703298238658993,0.6924937888852082
ParkT,frequency,all,85,1.66,0.9976206704681706,0.8855300294061339,0.6986713400334617
ParkT,frequency,all,86,1.7072,1.0189028461976013,0.8129954922556007,0.7051722279594186
ParkT,frequency,all,87,1.7858,1.050762562331402,0.7501513455915494,0.7126051057113753
ParkT,frequency,all,88,1.7504,1.0840657879847484,0.6924116346202983,0.7217855381594139
ParkT,frequency,all,89,1.7052,1.1090000600158871,0.6348356878428802,0.7338158127437404
ParkT,frequency,all,90,2.4756,1.1122553892615417,0.5735226764605141,0.750210562505664
ParkT,frequency,all,91,2.9236,1.0749341245293587,0.507360215725378,0.7730986620452399
ParkT,frequency,all,92,2.9295,0.9747237113627578,0.44069402887395454,0.8055544273670344
ParkT,frequency,all,93,0.5065,0.8011690473295267,0.3871507644830653,0.8521517738341353
ParkT,frequency,all,94,0.4475,0.5976875293320203,0.3736229211083646,0.9199062065638639
ParkT,frequency,all,95,0.3807,0.8258963797489303,0.20979275547881504,0.7658498654810356
ParkT,frequency,all,96,0.1331,0.08341136408840405,0.04683354273072411,0.035768757670462635
ParkT,frequency,all,97,0.1665,0.08591869146229537,0.04801684646506017,0.037213667581368105
ParkT,frequency,all,98,0.1095,0.0885304022332326,0.049168925502927806,0.03874522814505149
ParkT,frequency,all,99,0.1822,0.09125275643914087,0.050251407436100015,0.040370245584605266
ParkT,frequency,all,100,0.1763,0.094093320237611,0.051215268504317596,0.04209617548339195
ParkT,frequency,all,101,0.1704,0.09706231053745387,0.052003174321026274,0.04393119373095363
ParkT,frequency,all,102,0.194,0.10017559235725575,0.05255772515219891,0.045884275800953556
ParkT,frequency,all,103,0.1626,0.10346094981836765,0.05284078573899166,0.047965285305527856
ParkT,frequency,all,104,0.2628,0.10696981264094396,0.05287207358111049,0.050185072839988826
ParkT,frequency,all,105,0.1311,0.1107945499970377,0.052798874537988136,0.0525555861878739
ParkT,frequency,all,106,0.1861,0.11507774175438608,0.0530120014454791,0.05508999298808866
ParkT,frequency,all,107,0.0898,0.11994877165569226,0.05432234663339984,0.05780281695770068
ParkT,frequency,all,108,0.1056,0.1251814451554934,0.05819848569375694,0.06071008869338112
ParkT,frequency,all,109,0.194,0.12911281930907761,0.06701752206434011,0.06382951190975886
ParkT,frequency,all,110,0.253,0.12656713503461892,0.08415190693220118,0.06718064566931536
ParkT,frequency,all,111,0.1193,0.22509256222281104,0.20506520107491552,0.05311279231745683
ParkT,frequency,all,112,0.0977,0.19056354691861205,0.19565840729537715,0.05617546469172334
ParkT,frequency,all,113,0.1586,0.1665693320269594,0.17873685687132135,0.05949898296739335
ParkT,frequency,all,114,0.4121,0.1561026920081619,0.16133625528417816,0.06311200770674046
ParkT,frequency,all,115,0.2097,0.1543638164414543,0.14747100428602125,0.0670468987119667
ParkT,frequency,all,116,0.1449,0.15720459737088407,0.1389030086994279,0.07134022089554705
ParkT,frequency,all,117,0.0957,0.1623413053332271,0.1361442701005178,0.07603330839440806
ParkT,frequency,all,118,0.1193,0.16881802493247638,0.13916678321740272,0.0811728852186432
ParkT,frequency,all,119,0.0997,0.17651153148278764,0.14774750620173135,0.08681173485195437
ParkT,frequency,all,120,0.1115,0.1860000629585717,0.16147724299376884,0.09300940170529624
ParkT,frequency,all,121,0.1783,0.1987204832821493,0.17944770742874364,0.09983289236963255
ParkT,frequency,all,122,0.365,0.21697091390553616,0.19961469477442068,0.10735732165848066
ParkT,frequency,all,123,0.6165,0.24209677389821913,0.2179234879460687,0.11566641391751857
ParkT,frequency,all,124,0.4534,0.26660076477015127,0.22768334583059932,0.12485271922785882
ParkT,frequency,all,125,0.2746,0.37168999809634334,0.4791016094506656,0.25343351645759343
ParkT,frequency,all,126,0.1901,0.32376251628032227,0.4536352755478605,0.2690946621465743
ParkT,frequency,all,127,0.1409,0.31191619604719556,0.4274777117033991,0.28535778536396145
ParkT,frequency,all,128,0.1272,0.31586742070308466,0.40758933197939307,0.3020769882134614
ParkT,frequency,all,129,0.1213,0.32608313448191684,0.39559878218587874,0.319055004346667
ParkT,frequency,all,130,0.1233,0.3389061528512871,0.3904704444897361,0.33603934803917807
ParkT,frequency,all,131,0.1272,0.35305288368574156,0.3900697876669223,0.35272252560482387
ParkT,frequency,all,132,0.1488,0.3680286069025044,0.39193791827402513,0.3687481892406144
ParkT,frequency,all,133,0.1311,0.38343319078141525,0.3936118609290492,0.3837249447136876
ParkT,frequency,all,134,0.2156,0.3984865386161205,0.3927469946327454,0.39724884776663333
ParkT,frequency,all,135,0.3944,0.41137736487550586,0.38723023886325264,0.4089343863673117
ParkT,frequency,all,136,0.3355,0.41819261701022076,0.3754421269388471,0.41845211260987064
ParkT,frequency,all,137,0.3689,0.41167995767022775,0.35681584163416225,0.4255695206887702
ParkT,frequency,all,138,0.3119,0.3820880642975446,0.3327843901543404,0.430190996566415
ParkT,frequency,all,139,0.2628,0.32732625637275303,0.30791604441232034,0.43239354432740684
ParkT,frequency,all,140,0.2588,0.36752996131110804,0.2759759667996487,0.39352583666507157
ParkT,frequency,all,141,0.2805,0.4710724741784251,0.2860380857643196,0.39790168575829615
ParkT,frequency,all,142,0.2903,0.5686662477130533,0.30742120404606565,0.4018673443606524
ParkT,frequency,all,143,0.306,0.6470928953021778,0.33254623124179816,0.40556154648805653
ParkT,frequency,all,144,0.308,0.7087785387106061,0.3571709620407232,0.4091794521464278
ParkT,frequency,all,145,0.3296,0.7595016672603534,0.3798444260030252,0.4129867211835132
ParkT,frequency,all,146,0.3591,0.8037100219718204,0.4009693946317329,0.4173398135062516
ParkT,frequency,all,147,0.3787,0.8434817864563509,0.4221020790206304,0.42271636769462845
ParkT,frequency,all,148,0.418,0.8784952896254646,0.4455751567233804,0.4297619424613707
ParkT,frequency,all,149,0.4475,0.9059926097490808,0.4743640711933622,0.43936358824426547
ParkT,frequency,all,150,0.4868,0.9207660279098817,0.5120722620281388,0.4527680883198346
ParkT,frequency,all,151,0.5418,0.9162825389087236,0.5628792004875683,0.47177592721691736
ParkT,frequency,all,152,0.6381,0.8898210116575822,0.6312216096849217,0.49906583537025945
ParkT,frequency,all,153,0.7344,0.856013536654944,0.7208218163304646,0.5387464692767749
ParkT,frequency,all,154,0.8229,0.7054161082374946,0.6700527852219506,0.2197372430400483
ParkT,frequency,all,155,0.9585,0.6451817405393655,0.6450057475252163,0.19158680276176787
ParkT,frequency,all,156,1.1196,0.5896461562188011,0.573518117581902,0.1719873348996625
ParkT,frequency,all,157,1.2473,0.5478287322440594,0.4857070388697787,0.15704138590966416
ParkT,frequency,all,158,1.4104,0.5153954862242512,0.4006418742535313,0.14496931546481906
ParkT,frequency,all,159,1.5598,0.4876744933716866,0.3273487307244929,0.13483261213364237
ParkT,frequency,all,160,1.7386,0.4620704863946443,0.2683923543475181,0.1260851404425709
ParkT,frequency,all,161,1.8644,0.43753016702963793,0.2229507814915091,0.11838551091171526
ParkT,frequency,all,162,1.8172,0.41377825419858466,0.18881790217524316,0.11150816130270688
ParkT,frequency,all,163,1.4832,0.3908482219272789,0.1635108993681829,0.10529715110657678
ParkT,frequency,all,164,1.9823,0.36885808834621775,0.14478858405734527,0.09964042732862577
ParkT,frequency,all,165,2.4225,0.3479200545046023,0.130832650273093,0.09445470242956859
ParkT,frequency,all,166,0.3787,0.32811168594196133,0.12025927177255838,0.08967618098563819
ParkT,frequency,all,167,0.2549,0.30947223689381403,0.11205919200805234,0.08525467061612428
ParkT,frequency,all,168,0.2353,0.2920078836325159,0.10551803716634657,0.08114972999211334
