draw,rms_Voc_record,rms_Voc_cluster,Vpp_record,Vpp_cluster,Vmax_record,Vmax_cluster
0,0.8989222099771814,0.9161726846979169,0.7164271701220613,0.819384375586342,0.6848548407872409,0.8002204285601935
1,0.8986370506722183,0.9183679321607368,0.6825941471188932,0.7840294326629539,0.7530735998165059,0.8147301773726392
2,0.9165447989492852,0.9110810246103219,0.8396645229469926,0.7722638795857801,0.7845424091201216,0.7518695185661165
3,0.9173956437813275,0.9083062171734734,0.7965466312021916,0.7902685572436167,0.7907614495994216,0.7967249084039156
4,0.922602224604166,0.9198966283811278,0.7377800650925282,0.8195044353586293,0.7771139916809273,0.8272387669808875
5,0.938988522883134,0.9088617091579041,0.7217553736599827,0.738526752652511,0.8231719299391136,0.7339407895625498
6,0.9205208883824693,0.9005893271638687,0.794739395219155,0.7327651535422757,0.7658472262427538,0.8056791960910571
7,0.9272463608922732,0.9141997156901654,0.8201583606173546,0.7772547974491723,0.8524251021674838,0.7781141178764932
8,0.8919663527080082,0.9145880702408675,0.6500830023846971,0.831856650088185,0.767446960116744,0.7889134402979601
9,0.925976589701747,0.9179603320946729,0.7368700384659077,0.8428018666701621,0.8188007283984431,0.8154783278958107
10,0.9323235381479197,0.8773386602330552,0.8222579741838709,0.46434848749084023,0.8031056979349775,0.6167664375604469
11,0.9329172051027008,0.9287475229874669,0.7104056472767449,0.8794218016943833,0.8330620787890731,0.8252086424029011
12,0.9187618926169683,0.9161726846979169,0.7956809104191388,0.8193843755863421,0.826236272972293,0.8002204285601935
13,0.8943424261520744,0.9179603320946729,0.7000871501504662,0.842801866670162,0.6942633505098663,0.8154783278958107
14,0.9298699549129926,0.8966309994878482,0.7682360268158863,0.7168858075808275,0.8315529023994511,0.8034509716534401
15,0.9200461871833207,0.9309322021101868,0.7458889186668733,0.8114476227207776,0.78692055260723,0.8156581496321025
16,0.9215781662601389,0.9264620038921141,0.7198162340614389,0.884481462879327,0.7487667483467155,0.8305275187465941
17,0.9046659484094218,0.9186586371523523,0.7410751277190863,0.7942983102988643,0.7806373929807496,0.7558726404600185
18,0.9119275490108644,0.9297625180971939,0.8128662665418722,0.86655084895663,0.7718701705679829,0.8429898840483059
19,0.9233593666955351,0.9073336211083483,0.8307682310056057,0.6366107199123651,0.7536362674273088,0.61315386363858
20,0.916544181328469,0.9321992053852791,0.8295464544807956,0.9020044699353877,0.7777166720778473,0.8645008562732222
21,0.9029067866750795,0.9218544702404183,0.7908546847731281,0.8702918223302617,0.7666603494783037,0.8031314970426409
22,0.9212187287327818,0.9031718252435594,0.801977841109943,0.6650409924963713,0.7684356594963632,0.681607151887371
23,0.9052298693318117,0.9157931961980419,0.7461777873715205,0.810237281626913,0.7530838484958212,0.7966987485268808
24,0.9007571613627132,0.9218113228239508,0.8169549298698673,0.7125138579811563,0.7211514612816168,0.7248945879886313
25,0.9046105171597857,0.9158553402805047,0.8897260349485463,0.71644580559102,0.7459035250553914,0.7033325402721409
26,0.8922426557200832,0.9142197190626098,0.7631774288372465,0.753331234938922,0.7431403040446225,0.7039891013645033
27,0.8756208172727493,0.9238601362794083,0.6761716316847481,0.8017743184398946,0.5331914930558286,0.7818286524169817
28,0.897015891258813,0.9287475229874669,0.889627226169781,0.8794218016943833,0.8123437833549033,0.8252086424029011
29,0.8161145154403325,0.9233466768063191,0.6420731185892724,0.8620522961618825,0.6480665955556962,0.793103856468952
30,0.9284700507464526,0.9043233901136131,0.834667280145453,0.6473351935096447,0.8253759941432924,0.6970615501721831
31,0.8964511555292216,0.8952370290992359,0.8607900782865419,0.6778755146742795,0.8008348303321831,0.781224123129059
32,0.904823444918904,0.9198966283811278,0.7059579711157996,0.8195044353586294,0.7331142750668633,0.8272387669808875
33,0.9366141199549554,0.9105204163901862,0.8281084254142665,0.8166813387725305,0.8620272959287182,0.8073474767836354
34,0.9339478695132126,0.913240505952346,0.7635546126482695,0.8254289231005157,0.8336975618008987,0.8350584377661716
35,0.8524943643549654,0.9161726846979169,0.7318892157037415,0.8193843755863421,0.5784677481650771,0.8002204285601935
36,0.9072761175039247,0.9043233901136131,0.7938491841410151,0.6473351935096445,0.7776770262672926,0.6970615501721831
37,0.8711267351793315,0.9164573074694431,0.7740787555334843,0.8363343335968336,0.7036335991863928,0.8697379790249613
38,0.914354585423236,0.9209930674271596,0.7329891184580256,0.7979122862880065,0.7743724929639983,0.7430516016452549
39,0.9292441390303262,0.9248450440750264,0.798894356821465,0.758533801943485,0.8337549405946809,0.7484995396441084
40,0.9180533881586374,0.9056046581479116,0.8122014383540264,0.7789371065386939,0.7817317818399903,0.8540855718197264
41,0.9404144842312351,0.9088617091579041,0.8438939129916407,0.738526752652511,0.810815593841705,0.7339407895625496
42,0.9339242477769085,0.9157931961980419,0.8575574002947888,0.810237281626913,0.842791456743234,0.7966987485268807
43,0.9343466698870309,0.9118368455940216,0.8008040334784619,0.7275138017648385,0.7887929229164268,0.6418578576991903
44,0.9226836684905595,0.9104423235000069,0.7774347169600431,0.7977934892039606,0.7901275175671445,0.8295709356732415
45,0.921390725843969,0.9212367204899302,0.7901704694787116,0.8665469448164882,0.8020140341447429,0.8476723797710213
46,0.9218010018655907,0.9264384659300852,0.7289636468835506,0.8393054537329417,0.7537219036436419,0.8030468420196344
47,0.9042853067089188,0.9130208123204476,0.8294668077594995,0.8083900071636524,0.7779060553104863,0.770209628537378
48,0.8941570968815069,0.9238601362794083,0.7529449314638195,0.8017743184398946,0.7613783485142596,0.7818286524169816
49,0.9169830219505735,0.8815886564652908,0.7131554730240675,0.4547879464621971,0.6872946900846544,0.5027375088290769
50,0.8767406938403237,0.9169624373888174,0.674092607975216,0.8176898429693298,0.8082468455030244,0.7515124743757878
51,0.9223452913826143,0.8940295803260082,0.7339835524080635,0.6647974448483605,0.7738979230724596,0.8190342003297971
52,0.9284710900186527,0.9157931961980419,0.7329434154531513,0.810237281626913,0.7674248269646068,0.7966987485268808
53,0.9378626998607442,0.9211323649757012,0.8402697268372143,0.8272245902134964,0.8446075277173006,0.7743282507251862
54,0.8442800517457327,0.9264620038921141,0.49276531297756265,0.8844814628793272,0.5812263357044689,0.8305275187465941
55,0.9085961794814226,0.9071201636850629,0.7362151416426423,0.7852760516504913,0.71789075713661,0.9013877039815487
56,0.8959308163399561,0.9005893271638687,0.601777842600473,0.7327651535422757,0.695496670620372,0.8056791960910571
57,0.9241194629240833,0.8996665083279334,0.8693279442920152,0.6917305099024638,0.8154821676108424,0.7447902313803254
58,0.9022510409362712,0.9221147813558473,0.6790092300517911,0.8566192698944782,0.7746789309630538,0.8492149129905718
59,0.9115519137810867,0.9043233901136131,0.7024011767775538,0.6473351935096445,0.7521553624368478,0.6970615501721831
60,0.8967971349837018,0.9221147813558473,0.7571941548053953,0.8566192698944781,0.7877950577758445,0.8492149129905718
61,0.9078491573963308,0.9050665767249694,0.7521482813050787,0.7080247062895395,0.7905400702079088,0.69957430296518
62,0.9313624809693059,0.9043233901136131,0.7897932889928717,0.6473351935096446,0.8188520047845058,0.6970615501721831
63,0.9281460671895514,0.9165059978890121,0.8266919091935743,0.7896921571417506,0.7978340513924657,0.721314198372632
64,0.9293080352200842,0.9235731886674612,0.8306638825618037,0.8864545421357415,0.7138846386557867,0.829703998430203
65,0.8586014948932481,0.9062246434911096,0.6913792780839876,0.6992871970380374,0.6430704040451907,0.7198032040000828
66,0.921407265525922,0.9106577977881302,0.8320355481989329,0.6118137341995595,0.7710029286706358,0.6098833062773644
67,0.8541140012321735,0.9097853324176656,0.679562551213029,0.6794563862328551,0.7736896180060565,0.6276034269248463
68,0.9287509605735795,0.8993296631746901,0.8282976693641901,0.6803230722635135,0.8196298641143032,0.7763900826340272
69,0.8925233278629668,0.9011003177453049,0.6941757502182975,0.7348815375927971,0.8156323614888767,0.7660217000281323
70,0.9168611209808403,0.895220511858438,0.8593686327579491,0.7111165525463168,0.7496604860361187,0.8491480705310277
71,0.906197289855965,0.919514437592666,0.6774903433152983,0.8420673338806265,0.7284048484723393,0.7861637474409726
72,0.880523855800766,0.9088617091579041,0.7358917304625752,0.738526752652511,0.6845396315707213,0.7339407895625497
73,0.9362145395369605,0.8952370290992359,0.8047068367275214,0.6778755146742796,0.8382095915817174,0.781224123129059
74,0.9287629977434864,0.9264384659300852,0.7661466892746372,0.8393054537329417,0.8323263639750443,0.8030468420196344
75,0.931943343375908,0.9031718252435594,0.8012462022442715,0.6650409924963714,0.7921288208150071,0.6816071518873709
76,0.9180857524847278,0.9161726846979169,0.862442332957057,0.8193843755863421,0.8244164231119829,0.8002204285601935
77,0.9229685003274474,0.9044557898608995,0.7732362879081034,0.5977457416214524,0.8484267083279062,0.5982981814963109
78,0.9139934019444094,0.9211323649757012,0.7621145868939504,0.8272245902134964,0.7114492168693471,0.7743282507251862
79,0.9150577504198161,0.912434585164782,0.817996872058825,0.8028267091372625,0.7864274053542742,0.7721438903149995
80,0.9150980455265556,0.9076455814834749,0.8168578127648654,0.7597959675010718,0.8015401408657243,0.7457325604386229
81,0.8978317768912404,0.913240505952346,0.7654853524777325,0.8254289231005157,0.7096719059773189,0.8350584377661718
82,0.9179498906062419,0.9161726846979169,0.6990037594201469,0.8193843755863421,0.7229409607366638,0.8002204285601935
83,0.9132049449315547,0.913071368754977,0.8169939168008951,0.8079730930648912,0.7581335082349421,0.8758636492262541
84,0.9126009499288641,0.911921490959384,0.884162648574186,0.738458294831992,0.8158615733551544,0.7571841945065085
85,0.9107166941386611,0.9141997156901654,0.6590653501766282,0.7772547974491723,0.7851324804166371,0.7781141178764932
86,0.8740529924059304,0.9183679321607368,0.8069250603333002,0.784029432662954,0.7348799448628107,0.8147301773726392
87,0.9272024518801814,0.9158553402805047,0.8001331639328684,0.7164458055910201,0.8134306690898789,0.7033325402721406
88,0.9104089422094057,0.9073336211083483,0.739445425661677,0.6366107199123651,0.6946496914026755,0.61315386363858
89,0.8983677511521699,0.8868257786191859,0.8451167493289339,0.396037552984452,0.7964943955773212,0.3590112760177465
90,0.9144522251291581,0.9141997156901654,0.8199133862384675,0.7772547974491723,0.7914354932443486,0.7781141178764932
91,0.8981522947565304,0.9264384659300852,0.6787460078867342,0.8393054537329417,0.6796922760028877,0.8030468420196344
92,0.9286478397348787,0.920488652082275,0.8101727983501263,0.8503260178703583,0.8680852757651276,0.9154573981621251
93,0.9014275816131786,0.9161726846979169,0.7743364836417164,0.8193843755863421,0.75169913826123,0.8002204285601935
94,0.8977577504066212,0.9118368455940216,0.819669745480419,0.7275138017648385,0.77056866732556,0.6418578576991903
95,0.8887753980178883,0.9183679321607368,0.7827879421260189,0.7840294326629539,0.7744621690089213,0.8147301773726392
96,0.929339830004922,0.9031718252435594,0.799391420881624,0.6650409924963713,0.8626203009081779,0.6816071518873709
97,0.8922985083459849,0.9275264548526274,0.7181288207931776,0.8093771569338576,0.7303683450103668,0.7740405094485593
98,0.9250519414418927,0.9161726846979169,0.8303761710185981,0.8193843755863421,0.7884848552774413,0.8002204285601935
99,0.9145015426625377,0.901100317745305,0.6315545989555131,0.7348815375927971,0.8042282198384823,0.7660217000281323
100,0.9224963185163961,0.9179603320946729,0.7469010159018769,0.8428018666701621,0.7216266966229624,0.8154783278958107
101,0.9193130129390086,0.9062246434911096,0.7749324969419021,0.6992871970380374,0.7877513318077976,0.7198032040000828
102,0.8921671012497546,0.9198966283811278,0.7095059925129502,0.8195044353586293,0.7633546708476008,0.8272387669808875
103,0.9248590254262343,0.9198966283811278,0.7919129545572363,0.8195044353586294,0.7557468441910521,0.8272387669808876
104,0.8982178472950745,0.9209930674271596,0.855042770704494,0.7979122862880065,0.7354041617364887,0.7430516016452549
105,0.9150699363653428,0.9008835420858478,0.692435115170982,0.6261589318142436,0.8264763977652725,0.6641439006892254
106,0.9237302126492171,0.9140504896103564,0.8045468668935718,0.8445521672962808,0.7577071495229465,0.7957178790713646
107,0.9004579996727845,0.9043233901136131,0.766103210076549,0.6473351935096445,0.7329594622183903,0.6970615501721831
108,0.9189502005870961,0.8773386602330552,0.7886357295561486,0.46434848749084023,0.8428718607326449,0.6167664375604468
109,0.8869023707790022,0.9183679321607368,0.7059468204626941,0.7840294326629539,0.6907220340525089,0.8147301773726392
110,0.9003483965441028,0.9130208123204476,0.8287120907586998,0.8083900071636523,0.7324926458269944,0.770209628537378
111,0.9074755806199549,0.9019379136061632,0.6911721857069453,0.6016404453808735,0.732579233296309,0.6761654189224349
112,0.9171595237133386,0.9043233901136131,0.8416720851495173,0.6473351935096446,0.7742390426870112,0.6970615501721831
113,0.9126538633771193,0.9076455814834749,0.779124545880147,0.7597959675010718,0.7841587460950213,0.7457325604386229
114,0.9014119105889351,0.9264620038921141,0.6665200880320441,0.8844814628793272,0.7222535254094208,0.8305275187465941
115,0.9062147263655957,0.8724952580503715,0.7400061237142477,0.5123447492853063,0.7852770725138408,0.7781563696453793
116,0.9000997409991092,0.9185881676194675,0.6382021444987718,0.7555426377200332,0.8111343684599978,0.7228647371828715
117,0.9318178072805049,0.9183679321607368,0.8563258816964282,0.7840294326629539,0.8099963028144359,0.8147301773726392
118,0.9082791232678712,0.8978638258492301,0.6866596206925403,0.6528005615588255,0.771542179494149,0.7248810031894461
119,0.908146573370971,0.9043233901136131,0.7377380954946973,0.6473351935096446,0.7354282717664682,0.6970615501721831
120,0.9102967017844938,0.908553295207871,0.7798403621425805,0.7592442205157989,0.8169612270322141,0.8072720959521231
121,0.9297612703346523,0.9159477766967051,0.8191425137083553,0.7383158170962465,0.8576536095471846,0.7884160454999872
122,0.9261984033639226,0.9179603320946729,0.755522664823006,0.842801866670162,0.8280148540520404,0.8154783278958107
123,0.9064260610736122,0.9248450440750264,0.7664963144167509,0.758533801943485,0.6769378127893402,0.7484995396441084
124,0.9230646249859948,0.9104423235000069,0.7962966725929398,0.7977934892039606,0.7117307766071694,0.8295709356732415
125,0.8913964084679746,0.9065809350778434,0.6020026215601764,0.756360449819991,0.6748383997665213,0.7185414910690806
126,0.8818426352518989,0.8978638258492301,0.823232540542152,0.6528005615588255,0.7319294739665683,0.7248810031894461
127,0.9270526470597826,0.9062246434911096,0.8135446121923662,0.6992871970380374,0.8106110460425378,0.7198032040000828
128,0.9253668840794269,0.9204498152169428,0.8205026159295379,0.8346319399558023,0.8086009012564388,0.8439112770331831
129,0.906774360253765,0.9159477766967051,0.6935531346839703,0.7383158170962464,0.7587064598160664,0.7884160454999872
130,0.9159956831493921,0.9198966283811278,0.7936333879745727,0.8195044353586294,0.8240130858139596,0.8272387669808875
131,0.9283339141443228,0.9135029164595004,0.73817441046592,0.7825007975290319,0.7363978263007391,0.6561989018071509
132,0.9172224069476427,0.9161726846979169,0.8131248422636608,0.819384375586342,0.8354026430417427,0.8002204285601934
133,0.9121301945366566,0.9111570395186827,0.6867763541920426,0.7625055172198759,0.7306896220636673,0.8470109538181517
134,0.9364452922625063,0.9218113228239508,0.7630433867081625,0.7125138579811563,0.8007100163392997,0.7248945879886313
135,0.913669523676605,0.9141997156901654,0.7596460040072631,0.7772547974491723,0.797843603699034,0.7781141178764932
136,0.9255762447971347,0.9275927350426675,0.8296819270212616,0.8746304004539298,0.7829276446631719,0.8947217437762834
137,0.9191108897723467,0.9218544702404183,0.7737243041743829,0.8702918223302617,0.7731079023090082,0.8031314970426409
138,0.8996800859850815,0.9133920535327201,0.660577640128142,0.6632679127183522,0.7059572127545093,0.6252516783154141
139,0.9285656489113182,0.9156436138518955,0.7886369300888727,0.7230557383809474,0.7927959283984624,0.6408782353164609
140,0.9243943396704463,0.9337291026988338,0.7760435097357095,0.8551306845792973,0.7918042636557513,0.8415607418822812
141,0.8948286566477054,0.9031718252435594,0.7572624344028529,0.6650409924963713,0.8445728837844574,0.6816071518873709
142,0.875015870804528,0.9221147813558473,0.7929599758515768,0.8566192698944781,0.7471305613524515,0.8492149129905718
143,0.9146822524130241,0.9116297526118948,0.7829883250129004,0.7193067854474582,0.784140632719244,0.6867397881929376
144,0.9081383061489563,0.9088617091579041,0.7935935763267106,0.738526752652511,0.8003205124209604,0.7339407895625496
145,0.8978892617828893,0.9141997156901656,0.7892394135180731,0.7772547974491723,0.8049492230152033,0.7781141178764932
146,0.9132470352612295,0.911921490959384,0.6887485902923631,0.738458294831992,0.7783769967398542,0.7571841945065084
147,0.9347093053506562,0.9164573074694431,0.8107044427706495,0.8363343335968336,0.7866241414831466,0.8697379790249613
148,0.8562168107711442,0.9141997156901654,0.8186715322426227,0.7772547974491723,0.6469065973295351,0.7781141178764932
149,0.9346883512939895,0.9133920535327201,0.7704310316932009,0.6632679127183522,0.843429913881522,0.6252516783154141
150,0.864327837713917,0.9106577977881302,0.8488092874573289,0.6118137341995595,0.6829062151862729,0.6098833062773644
151,0.9014592694796733,0.895220511858438,0.5927169308973581,0.7111165525463168,0.7820439231960323,0.8491480705310277
152,0.8830767630311459,0.9185881676194675,0.6848514294621513,0.7555426377200332,0.7591098346991426,0.7228647371828715
153,0.9240890646539521,0.911921490959384,0.7673157965489595,0.738458294831992,0.7934366618540925,0.7571841945065084
154,0.8981966646748393,0.901100317745305,0.7632802639604171,0.7348815375927971,0.686559907033103,0.7660217000281323
155,0.9147911543624876,0.9165059978890121,0.8242773590257193,0.7896921571417506,0.8660901378688339,0.721314198372632
156,0.901318876097169,0.9050665767249694,0.7373206454949384,0.7080247062895395,0.7747855088041101,0.6995743029651799
157,0.9132651913310333,0.9164573074694431,0.75969804281082,0.8363343335968336,0.804282389774466,0.8697379790249613
158,0.9332330466438892,0.9264620038921141,0.7435399347749452,0.884481462879327,0.8431625929221055,0.8305275187465941
159,0.9298849536870744,0.9105204163901863,0.8081434517138492,0.8166813387725305,0.7981051058277088,0.8073474767836353
160,0.9046758513258952,0.9161726846979169,0.7188459198385182,0.819384375586342,0.793985266253591,0.8002204285601935
161,0.8865636268863253,0.9230964983719996,0.6129441534630524,0.8443837152243571,0.7382671859250328,0.7643716417877403
162,0.8801022202567788,0.913071368754977,0.8442510999584484,0.8079730930648912,0.7722363839234949,0.8758636492262541
163,0.8764152222316083,0.9056046581479117,0.5786111556263182,0.7789371065386939,0.6694071095404981,0.8540855718197264
164,0.9351173897640829,0.9110810246103219,0.8350508592144995,0.7722638795857802,0.827110869911355,0.7518695185661165
165,0.9214725669737092,0.917984295562509,0.818511471973909,0.8585602377749768,0.8677600801749066,0.7801686149394131
166,0.8776765895129726,0.9221147813558473,0.7914028683230205,0.8566192698944782,0.7091449232703491,0.8492149129905718
167,0.9282536286418527,0.9221147813558473,0.8208487087897605,0.8566192698944782,0.7254282428758403,0.8492149129905718
168,0.9027883245025692,0.9321992053852791,0.7648857982675565,0.9020044699353877,0.7545209914567568,0.8645008562732222
169,0.9073843403015699,0.9110810246103219,0.742829801614586,0.7722638795857801,0.7354111277961108,0.7518695185661166
170,0.9164057561427985,0.8996665083279334,0.8352062199340753,0.6917305099024638,0.7347378373573992,0.7447902313803254
171,0.9228608979139815,0.913240505952346,0.7442081006375123,0.8254289231005157,0.782233473172735,0.8350584377661716
172,0.9275002030549326,0.9062246434911096,0.7800442276350459,0.6992871970380374,0.7928941102994258,0.7198032040000828
173,0.9037199867222722,0.915947776696705,0.7068383474859041,0.7383158170962465,0.7740232993830432,0.7884160454999873
174,0.9221924530320781,0.9204498152169428,0.7611427652460772,0.8346319399558022,0.7385782885333265,0.8439112770331831
175,0.93375625517366,0.8993296631746901,0.7410710805479188,0.6803230722635135,0.8477625657315528,0.7763900826340272
176,0.9337359363639061,0.9264384659300852,0.7783183012185678,0.8393054537329417,0.7693374122081587,0.8030468420196344
177,0.9246468572529425,0.9209930674271596,0.7816058089500604,0.7979122862880065,0.779705049147156,0.7430516016452549
178,0.9281282360581646,0.9275264548526274,0.8050895314896351,0.8093771569338576,0.7091077133873702,0.7740405094485594
179,0.9262960493603827,0.9275927350426675,0.8328423079678813,0.8746304004539297,0.7942260879762366,0.8947217437762834
180,0.9233898225496656,0.8776405627611376,0.7914238141555976,0.5082454258782257,0.7867962446938455,0.6295838809743068
181,0.8892942602817031,0.9248450440750264,0.6644591831928888,0.758533801943485,0.7188623216738681,0.7484995396441084
182,0.9058491661680697,0.9165059978890121,0.6873145729829866,0.7896921571417507,0.6830430750995177,0.721314198372632
183,0.888061211324112,0.911921490959384,0.6676229469986612,0.738458294831992,0.6709887434945316,0.7571841945065085
184,0.8998194889702266,0.9110810246103219,0.7703637438200404,0.7722638795857801,0.7567679540571497,0.7518695185661164
185,0.8753815347998971,0.9064105406032062,0.5854763428360691,0.7567730278336171,0.6132193422966722,0.7780870501242034
186,0.874188127073265,0.9211323649757012,0.7355842030738118,0.8272245902134964,0.6647990734202425,0.7743282507251863
187,0.914068379215992,0.9083062171734734,0.7577812188541377,0.7902685572436167,0.7481487579188923,0.7967249084039157
188,0.9309414481229763,0.9230964983719996,0.7563877435162145,0.8443837152243572,0.8598579884729209,0.7643716417877402
189,0.943352470099419,0.8747180851608162,0.8678696322051431,0.5106867493398288,0.8005857907374452,0.7171877275403936
190,0.8660286038947835,0.912434585164782,0.6073309423415338,0.8028267091372625,0.6508967693398136,0.7721438903149995
191,0.9086802800722064,0.9198966283811278,0.8349287891380208,0.8195044353586293,0.781404660887442,0.8272387669808875
192,0.9206951124175898,0.912434585164782,0.7752043944352697,0.8028267091372625,0.7336384327744989,0.7721438903149995
193,0.9185246135754946,0.8773386602330552,0.7114308739402472,0.46434848749084023,0.7043173251847743,0.6167664375604469
194,0.9205928455409411,0.9085532952078709,0.8416199952541248,0.7592442205157989,0.7551567329811153,0.8072720959521231
195,0.9055198805327525,0.9209930674271596,0.7372973236565612,0.7979122862880065,0.7635460998162015,0.743051601645255
196,0.910414234609469,0.9211323649757012,0.8086845086080694,0.8272245902134964,0.796819630719821,0.7743282507251862
197,0.8817711672657742,0.9043233901136131,0.755445864525853,0.6473351935096447,0.6615183288251816,0.6970615501721831
198,0.9141849534019494,0.9110810246103219,0.8094250949898661,0.7722638795857801,0.821411497039752,0.7518695185661165
199,0.9147876549923684,0.9042026213154502,0.7716263228985978,0.7741433132940996,0.8104399926225521,0.8195454449429229
200,0.8855237052707756,0.9209930674271596,0.6683423088157754,0.7979122862880065,0.7456248107120318,0.743051601645255
201,0.9233807527036394,0.895220511858438,0.8577313550964056,0.7111165525463168,0.8139475942363364,0.8491480705310277
202,0.876042327303669,0.9157931961980419,0.8036967507344739,0.810237281626913,0.6926117529642336,0.7966987485268808
203,0.8515672167840259,0.9031718252435594,0.48394132692720593,0.6650409924963713,0.6517086681171103,0.6816071518873709
204,0.9294986401889357,0.9142197190626098,0.8528440786679798,0.753331234938922,0.7552840910511247,0.7039891013645034
205,0.923103556159589,0.9062246434911096,0.862939288401912,0.6992871970380374,0.8043319009668316,0.7198032040000828
206,0.937618432064802,0.9104423235000069,0.7992028115294836,0.7977934892039606,0.8296081199237051,0.8295709356732415
207,0.8478606191135147,0.9221147813558473,0.7643197228003389,0.8566192698944782,0.6830586041835258,0.8492149129905718
208,0.9092590357309651,0.9186586371523523,0.7734699766867469,0.7942983102988643,0.8037025115768667,0.7558726404600185
209,0.9076920370366378,0.8993296631746901,0.6359452020406411,0.6803230722635135,0.7434975984205473,0.7763900826340273
210,0.9250205218909273,0.9158553402805047,0.8007185421807251,0.7164458055910199,0.759280873920342,0.7033325402721408
211,0.9139817838246176,0.9238601362794083,0.8032577329017995,0.8017743184398947,0.7378462143611222,0.7818286524169817
212,0.9124037280856055,0.90420262131545,0.7194249603114302,0.7741433132940996,0.7662692820710266,0.8195454449429229
213,0.9267549375547003,0.9031718252435594,0.7811449813031772,0.6650409924963714,0.7608127042100598,0.681607151887371
214,0.9156484838314469,0.9157931961980419,0.8143341312833883,0.810237281626913,0.7431766221008195,0.7966987485268808
215,0.868702077628873,0.8993296631746901,0.7245694143595109,0.6803230722635136,0.6781671020972263,0.7763900826340272
216,0.8266146976895932,0.9211323649757012,0.7302782398905372,0.8272245902134964,0.5935050941118023,0.7743282507251863
217,0.9130822219398832,0.9209930674271596,0.8243600875354252,0.7979122862880065,0.7762223510288009,0.743051601645255
218,0.9237531937590182,0.8909704756016249,0.8145326042271002,0.6933472021062018,0.8187385791153313,0.8821960347121759
219,0.8496694750234928,0.9005893271638687,0.7226447684527588,0.7327651535422757,0.7023914532555451,0.8056791960910571
220,0.9249324478575331,0.9264384659300852,0.6710619514977367,0.8393054537329417,0.7455730523291065,0.8030468420196344
221,0.8911421647487145,0.9141997156901654,0.6015955623910614,0.7772547974491723,0.6328510661180676,0.7781141178764932
222,0.9061373262086777,0.9164573074694431,0.7036162278478524,0.8363343335968336,0.8092153620111514,0.8697379790249613
223,0.9382293286446731,0.9142197190626098,0.7645952162426856,0.753331234938922,0.8093305277853916,0.7039891013645034
224,0.8648858250220787,0.9212367204899302,0.624774461227835,0.8665469448164882,0.6543751770001904,0.8476723797710213
225,0.9394354799786926,0.9218544702404183,0.825714703470699,0.8702918223302617,0.8205673918624219,0.8031314970426409
226,0.9154676779938893,0.9157931961980419,0.7622781217115274,0.810237281626913,0.7427149891915539,0.7966987485268808
227,0.9390851532669042,0.9209930674271596,0.6965001938862,0.7979122862880065,0.8069846701526437,0.7430516016452549
228,0.9127239944359264,0.8815886564652908,0.7954567238254329,0.45478794646219733,0.8035050379667215,0.5027375088290769
229,0.9152434753765666,0.9321992053852791,0.832010696866029,0.9020044699353877,0.8008870692939266,0.8645008562732222
230,0.8935889256437171,0.9031718252435594,0.6883060481941763,0.6650409924963714,0.6967776331890281,0.6816071518873709
231,0.8535258456662325,0.9065809350778434,0.7078922023698386,0.756360449819991,0.7801141159798373,0.7185414910690807
232,0.9114505945352553,0.9194406648223655,0.8284918806604036,0.8744443286097798,0.7819203840707389,0.8053697278578853
233,0.8995489098241468,0.9194406648223655,0.7801238125951164,0.8744443286097798,0.7149645416135111,0.8053697278578853
234,0.9104280280314506,0.9284073977426816,0.7438670100073439,0.9006783222680398,0.801284175956715,0.8580925178825867
235,0.9075287289364161,0.919514437592666,0.785103020699579,0.8420673338806265,0.7788207219554371,0.7861637474409725
236,0.9285482543780896,0.9140504896103564,0.7867890219015327,0.8445521672962808,0.7882561672473851,0.7957178790713646
237,0.8999350080300351,0.9204886520822749,0.78047213981123,0.8503260178703583,0.7012162772224144,0.9154573981621251
238,0.9191892953091024,0.908553295207871,0.8461176565085784,0.7592442205157989,0.8678676701961284,0.8072720959521231
239,0.9179982321586853,0.9179603320946729,0.8086925640237002,0.8428018666701621,0.8118545606371934,0.8154783278958107
240,0.9175037852617646,0.8996665083279334,0.8196324151249947,0.6917305099024638,0.8580672767183467,0.7447902313803253
241,0.880021516796857,0.9191392595949737,0.8100690666216297,0.8484820568781019,0.7324286754018201,0.7682114130779969
242,0.929271056663025,0.9183679321607368,0.8162346521191459,0.7840294326629539,0.8249368967547277,0.8147301773726392
243,0.9090444213320263,0.8996665083279334,0.8366470416581135,0.6917305099024638,0.8030474869156605,0.7447902313803253
244,0.8768887039802089,0.9071201636850629,0.7887184082888785,0.7852760516504913,0.6392993513624808,0.9013877039815487
245,0.9245514408344533,0.9161726846979169,0.6921045084260106,0.819384375586342,0.6890697326653719,0.8002204285601935
246,0.8995157241523821,0.9031718252435594,0.6526444081220033,0.6650409924963714,0.7620739352183039,0.6816071518873709
247,0.9198824558240942,0.9185881676194674,0.8622666173098454,0.7555426377200332,0.8821776076973176,0.7228647371828714
248,0.889434447411132,0.8773386602330552,0.7972241754477388,0.46434848749084023,0.7548546130767725,0.6167664375604468
249,0.9244799052413532,0.9198966283811278,0.8261406122728421,0.8195044353586294,0.7960237206252081,0.8272387669808875
250,0.9213391648739704,0.8996665083279334,0.7401608573436271,0.6917305099024638,0.8144201547571903,0.7447902313803254
251,0.9217022931682399,0.9043233901136131,0.7807513950727085,0.6473351935096447,0.7972883756158821,0.6970615501721831
252,0.9469253053455897,0.9141997156901654,0.8458052356558657,0.7772547974491724,0.8016938923230009,0.7781141178764932
253,0.8639113853693147,0.9065809350778434,0.5366187751121085,0.756360449819991,0.6456907503471219,0.7185414910690806
254,0.9054797904015451,0.9179603320946729,0.6846037611157672,0.8428018666701621,0.6867483046937382,0.8154783278958107
255,0.9179263819519414,0.9248450440750264,0.7942896662761463,0.758533801943485,0.7932986293536943,0.7484995396441084
256,0.9236117436164015,0.8815886564652908,0.8077866653168528,0.4547879464621971,0.7965542112147987,0.5027375088290769
257,0.9434247981517774,0.9287475229874669,0.8501582899305749,0.8794218016943833,0.8234603784282568,0.825208642402901
258,0.921424207997702,0.9233466768063191,0.7518908169615859,0.8620522961618826,0.8245323233364691,0.793103856468952
259,0.9369223293550413,0.8786047513671237,0.8127361128631261,0.3787147042428963,0.836631574949863,0.5023960442419605
260,0.904835356512581,0.9104423235000069,0.7665919133674446,0.7977934892039606,0.778883303254366,0.8295709356732415
261,0.897648951289591,0.9164573074694431,0.707717088649382,0.8363343335968336,0.7510491872658689,0.8697379790249613
262,0.9177253701617883,0.8742730404925069,0.6936363978787964,0.47133951226001425,0.7333744228060544,0.6950339393988647
263,0.9211895321021275,0.9158553402805047,0.8158465466260597,0.71644580559102,0.8516756583891225,0.7033325402721409
264,0.8945208934497209,0.9238601362794083,0.7905280395238158,0.8017743184398946,0.6611191212223935,0.7818286524169817
265,0.8809188786740941,0.9104423235000069,0.5989649879003177,0.7977934892039606,0.6891382412177192,0.8295709356732415
266,0.9349240987717633,0.9106577977881302,0.8181084343902337,0.6118137341995595,0.8276316776373397,0.6098833062773645
267,0.8532880491871242,0.9179603320946729,0.683144855543331,0.8428018666701621,0.6690304014507251,0.8154783278958107
268,0.9115584319999649,0.9174209048275603,0.6069485827077232,0.7946027872840604,0.6770713593697666,0.6574393877535454
269,0.9261980569652677,0.911921490959384,0.7084914707522005,0.738458294831992,0.7576338116974621,0.7571841945065084
270,0.9354013615780447,0.8773386602330552,0.8355740937388516,0.46434848749084023,0.8829273943267796,0.6167664375604469
271,0.8766813510599127,0.9159477766967051,0.7186296302495749,0.7383158170962465,0.7418616299549028,0.7884160454999872
272,0.8712617503492748,0.9111570395186828,0.7129339876219625,0.7625055172198758,0.6875044927985763,0.8470109538181516
273,0.9025948583200726,0.9076455814834749,0.8543885849011618,0.7597959675010718,0.7736153659264561,0.7457325604386229
274,0.9267475085697559,0.9097853324176656,0.7578386936992823,0.6794563862328551,0.7908865273778826,0.6276034269248465
275,0.8862461960073579,0.9065809350778434,0.629382474154573,0.756360449819991,0.7126317107687972,0.7185414910690806
276,0.9020787468401459,0.9031718252435594,0.6847774953868802,0.6650409924963714,0.7976391027274246,0.681607151887371
277,0.9338736309540784,0.9264620038921141,0.8232504168952121,0.8844814628793272,0.880255242796915,0.8305275187465941
278,0.914639309883696,0.9240954657552662,0.7176286179288677,0.8530630073291579,0.7065218486051106,0.8117740497190383
279,0.9142414938157095,0.9212367204899302,0.7751347862505658,0.8665469448164882,0.7316360252103848,0.8476723797710213
280,0.9397130841543373,0.908553295207871,0.7959100484959423,0.759244220515799,0.7636911799277353,0.8072720959521231
281,0.9063386690875345,0.901100317745305,0.7127489125975481,0.7348815375927971,0.7493419635822971,0.7660217000281323
282,0.8946693055708098,0.9133920535327201,0.7118036374580219,0.6632679127183522,0.7137487434484233,0.625251678315414
283,0.8902204511894751,0.912434585164782,0.6277385211436757,0.8028267091372625,0.7548862996596357,0.7721438903149995
284,0.9248096732585069,0.9337291026988338,0.7457178005185179,0.8551306845792973,0.8407251312826769,0.8415607418822812
285,0.8965407756600845,0.9309322021101868,0.8684249906761061,0.8114476227207776,0.817518827641822,0.8156581496321026
286,0.9359973076033272,0.913240505952346,0.823617241186227,0.8254289231005157,0.784696918155093,0.8350584377661717
287,0.9155572465316955,0.9083062171734734,0.8535405894232084,0.7902685572436167,0.7769966606841221,0.7967249084039156
288,0.8856400055710445,0.9240954657552662,0.7004075116520644,0.8530630073291579,0.7223279649556666,0.8117740497190383
289,0.882163595512405,0.9264620038921141,0.8039160680829028,0.884481462879327,0.7252663355694765,0.8305275187465941
290,0.9365620903969565,0.9104423235000069,0.7904961038484668,0.7977934892039606,0.786418891571145,0.8295709356732415
291,0.9086404990284932,0.911921490959384,0.751943401019439,0.738458294831992,0.7448854062343137,0.7571841945065084
292,0.9285736620966638,0.9179603320946729,0.8382493808487688,0.8428018666701621,0.7941782734603109,0.8154783278958107
293,0.9162042976082123,0.9209930674271596,0.7843484910572488,0.7979122862880065,0.756031997312774,0.7430516016452549
294,0.8896140980229973,0.9183679321607368,0.5829456427118782,0.7840294326629538,0.7189361413967812,0.8147301773726392
295,0.9190920900780157,0.9218113228239508,0.8099965648988107,0.7125138579811563,0.8329900914458228,0.7248945879886314
296,0.8771156647881491,0.8742730404925069,0.6501454747408734,0.47133951226001425,0.6361687689189184,0.6950339393988647
297,0.9328852376115113,0.9264620038921141,0.8125683692626089,0.884481462879327,0.8850774450353326,0.8305275187465941
298,0.8285824874132439,0.911921490959384,0.7454804392843226,0.738458294831992,0.6854058711819778,0.7571841945065084
299,0.8954167352399061,0.9238601362794083,0.8094393895092677,0.8017743184398946,0.7330219053079932,0.7818286524169817
300,0.9331319904404938,0.9110810246103218,0.8262021582788996,0.7722638795857802,0.8205126757930212,0.7518695185661164
301,0.894905548314513,0.9157931961980419,0.7878694179182985,0.8102372816269129,0.7844979213721013,0.7966987485268808
302,0.9134076800715979,0.9062246434911096,0.7021168473975383,0.6992871970380374,0.7216603008557667,0.7198032040000828
303,0.9250978654498336,0.9198966283811278,0.7790098962466394,0.8195044353586294,0.7881960570867409,0.8272387669808875
304,0.9127723603117851,0.9298876805275468,0.830420503236711,0.8664373152319771,0.7638950442237066,0.8026216467009677
305,0.9040020184650346,0.9019379136061632,0.8545988984216251,0.6016404453808735,0.7525264148729733,0.6761654189224349
306,0.9015471681732,0.8770970400975031,0.7493925325202841,0.5621216092675132,0.7364925025068662,0.6424936138943234
307,0.920269185756286,0.9142197190626098,0.8049976948278966,0.7533312349389221,0.7713535384148318,0.7039891013645033
308,0.8872833544992241,0.9111570395186828,0.7828321879438369,0.7625055172198758,0.7118187362482986,0.8470109538181516
309,0.9080046305635907,0.9031718252435594,0.7683736684374483,0.6650409924963714,0.6739838318781157,0.681607151887371
310,0.9287587727307018,0.8742730404925069,0.7431025975653605,0.47133951226001425,0.7262057989089691,0.6950339393988647
311,0.8952496257356671,0.9111570395186828,0.7433908545214596,0.7625055172198759,0.6793483739133224,0.8470109538181517
312,0.9294983722955992,0.9264384659300852,0.7874728931408812,0.8393054537329417,0.8870865813759186,0.8030468420196344
313,0.9092243747879023,0.9111570395186827,0.7877068175831706,0.7625055172198758,0.8149561138998089,0.8470109538181516
314,0.9094834075347834,0.9287475229874669,0.7740955141048829,0.8794218016943833,0.8212176129875625,0.825208642402901
315,0.9046035758723652,0.9183679321607368,0.7332388960762888,0.7840294326629539,0.7805335822015271,0.8147301773726392
316,0.9321439691086456,0.9043233901136131,0.7399907338688624,0.6473351935096447,0.7915569144173894,0.6970615501721831
317,0.8805493851019347,0.9165059978890121,0.6766441409312415,0.7896921571417506,0.7105424609121178,0.721314198372632
318,0.869342466775792,0.8976075036990971,0.7754422193126959,0.634321358804343,0.7025951071685677,0.7506695153040142
319,0.9177439159406061,0.9145359032919421,0.8073820463712885,0.7883379335366507,0.7918463816075478,0.7347838999835241
320,0.8650091215032271,0.9064105406032062,0.7510957424424868,0.7567730278336171,0.5837103148301759,0.7780870501242034
321,0.9294385822220192,0.9161726846979169,0.6828346061703697,0.819384375586342,0.7846181457549348,0.8002204285601935
322,0.9112616560293662,0.915947776696705,0.8059948021667784,0.7383158170962465,0.8644471691673608,0.7884160454999872
323,0.9108556985865213,0.9085532952078709,0.7424411053424635,0.7592442205157989,0.7534425555880359,0.8072720959521231
324,0.9104900803918252,0.9062246434911096,0.8505598263233892,0.6992871970380374,0.8251529592529355,0.7198032040000828
325,0.922504086528721,0.9248450440750264,0.7843867276995092,0.758533801943485,0.7715810663965985,0.7484995396441084
326,0.9031483500485834,0.9264384659300852,0.8826970939166326,0.8393054537329417,0.7869381738724889,0.8030468420196344
327,0.914552871574958,0.9297625180971939,0.7865266631129036,0.8665508489566299,0.7975227159272902,0.8429898840483059
328,0.8912055153770027,0.9156436138518955,0.7154455305382299,0.7230557383809474,0.7369324966732702,0.640878235316461
329,0.9247844190004669,0.9284073977426816,0.8061411164105633,0.9006783222680399,0.7639570716997346,0.8580925178825867
330,0.9142058909568594,0.9209930674271596,0.8215194755568411,0.7979122862880065,0.7953441676049144,0.7430516016452549
331,0.9174052699309414,0.913071368754977,0.7756841077635634,0.8079730930648912,0.8111803757869127,0.8758636492262541
332,0.9234960407775674,0.9005893271638687,0.7873871485593108,0.7327651535422757,0.7814303235376375,0.8056791960910571
333,0.896552542708718,0.9275264548526274,0.7481909295763138,0.8093771569338576,0.7449173501220046,0.7740405094485594
334,0.8857082405366989,0.8776405627611376,0.7281595073518343,0.5082454258782257,0.7536090153485862,0.6295838809743068
335,0.9146665687077709,0.9211323649757012,0.8439715796282758,0.8272245902134964,0.7659096016443275,0.7743282507251862
336,0.8623161296223553,0.9056046581479117,0.7121490228167162,0.778937106538694,0.7824245021681728,0.8540855718197264
337,0.9410949814515116,0.9179603320946729,0.8559618835335386,0.8428018666701621,0.8880029539438917,0.8154783278958107
338,0.9228198062173942,0.8940295803260082,0.7468212016955711,0.6647974448483606,0.8455768014749747,0.8190342003297971
339,0.8933745248642311,0.9062246434911096,0.7696119196544204,0.6992871970380374,0.7616797815747658,0.7198032040000828
340,0.9167238091050003,0.9130208123204476,0.7385742501036187,0.8083900071636524,0.7545792529275059,0.7702096285373778
341,0.8427705935528021,0.9211323649757012,0.7408769981079443,0.8272245902134965,0.5557252948705218,0.7743282507251863
342,0.9358565034019158,0.911921490959384,0.7945238214012986,0.738458294831992,0.7937737521903578,0.7571841945065084
343,0.9236658066101199,0.9275264548526274,0.7835849969628742,0.8093771569338576,0.8014495873914375,0.7740405094485594
344,0.9181174492701797,0.9161726846979169,0.7874580659267764,0.819384375586342,0.7714064637030386,0.8002204285601935
345,0.9062455189942673,0.9145880702408675,0.7580646122441522,0.831856650088185,0.7983002171946812,0.7889134402979601
346,0.9526760643388538,0.9185881676194675,0.8691984183027347,0.7555426377200332,0.8584021519921059,0.7228647371828714
347,0.9314615959483977,0.9183679321607368,0.7949037205538103,0.7840294326629539,0.8505032930559945,0.8147301773726392
348,0.8716657042130502,0.8996665083279333,0.7498642489546802,0.6917305099024638,0.6269191754714076,0.7447902313803254
349,0.9129218228209006,0.9056046581479116,0.7729816816671768,0.7789371065386939,0.7254875901024873,0.8540855718197264
350,0.7902892325374097,0.9031718252435594,0.6515485686572489,0.6650409924963713,0.6263372294735912,0.6816071518873709
351,0.9184122083454511,0.9211323649757012,0.8028109230034562,0.8272245902134964,0.7974606297985867,0.7743282507251862
352,0.9156151210453276,0.920488652082275,0.5808682091919132,0.8503260178703583,0.6960711017494408,0.9154573981621251
353,0.9190211136507397,0.9110810246103219,0.7127277753058296,0.7722638795857801,0.7427341041994422,0.7518695185661166
354,0.8589655273649756,0.9183679321607368,0.683959676313616,0.7840294326629539,0.6662946792119948,0.8147301773726392
355,0.8907401497283537,0.9124345851647822,0.5569003450467993,0.8028267091372625,0.5721457239644655,0.7721438903149995
356,0.8897250931600074,0.8996665083279334,0.7995586148008837,0.6917305099024638,0.6845749306661897,0.7447902313803253
357,0.9229741917680836,0.9005893271638687,0.7779326015547362,0.7327651535422757,0.7762526846461888,0.8056791960910571
358,0.9269924492464735,0.9158553402805047,0.8765553068642917,0.7164458055910201,0.7984055375096913,0.7033325402721409
359,0.884945940312332,0.9161726846979169,0.8499434776214685,0.819384375586342,0.8272833437325996,0.8002204285601935
360,0.8953682064852673,0.9031718252435594,0.7420210080329622,0.6650409924963713,0.631900465966319,0.6816071518873709
361,0.8675282669591227,0.912434585164782,0.7512960205603172,0.8028267091372625,0.8160882085345338,0.7721438903149995
362,0.8971785241121455,0.9156436138518956,0.7782845991920877,0.7230557383809473,0.6977108436480186,0.6408782353164609
363,0.9024489176047916,0.911921490959384,0.7177870086521482,0.738458294831992,0.7528243560078414,0.7571841945065085
364,0.9174955169838946,0.9141997156901654,0.6795311061610099,0.7772547974491723,0.5569075645389454,0.7781141178764932
365,0.9170017234604054,0.8805169556020322,0.8189496933818976,0.4138776270290818,0.798484499928009,0.5050274642130563
366,0.906057278931128,0.9233466768063191,0.6615836865841456,0.8620522961618826,0.7520898780718168,0.793103856468952
367,0.8857025652600378,0.8805169556020322,0.8596020678066377,0.4138776270290818,0.7585519051087508,0.5050274642130563
368,0.8960850979793076,0.9309322021101868,0.8738944827986863,0.8114476227207775,0.679433566895868,0.8156581496321025
369,0.8994663220392722,0.9275927350426675,0.7757937209840686,0.8746304004539298,0.6935019699496476,0.8947217437762834
370,0.8791514993314753,0.920488652082275,0.6089010765901586,0.8503260178703583,0.7830454272297016,0.9154573981621251
371,0.8918864590334376,0.9110810246103218,0.7629693351319619,0.7722638795857802,0.6920397181999725,0.7518695185661164
372,0.8925716524117367,0.8996665083279334,0.8118121092488858,0.6917305099024638,0.7960456655910393,0.7447902313803254
373,0.8867266513336829,0.9161726846979169,0.8044685388920183,0.819384375586342,0.6597559141247266,0.8002204285601935
374,0.918680518267088,0.8773386602330552,0.8007702145031785,0.46434848749084023,0.8190708753851843,0.6167664375604469
375,0.9288998062334727,0.919514437592666,0.7758963411729421,0.8420673338806266,0.7807739271200387,0.7861637474409725
376,0.9360057120318539,0.8909704756016249,0.822607607678741,0.6933472021062018,0.8603087738323061,0.8821960347121759
377,0.881540577147145,0.9185881676194674,0.7614287336145954,0.7555426377200332,0.700044886482069,0.7228647371828714
378,0.9246195265994583,0.90420262131545,0.8124914049034756,0.7741433132940996,0.7859719389241279,0.8195454449429229
379,0.9092149810718922,0.9198966283811278,0.8149351255341828,0.8195044353586293,0.7189939632748267,0.8272387669808875
380,0.9309823790775092,0.8742730404925069,0.7393153195707228,0.47133951226001414,0.8261129745799342,0.6950339393988647
381,0.9159752937548971,0.9005893271638687,0.7964714614758142,0.7327651535422757,0.7979012666581748,0.8056791960910571
382,0.9083165588144211,0.9031718252435594,0.7058170838463522,0.6650409924963713,0.6934737211803124,0.6816071518873709
383,0.9185323540680576,0.9164573074694431,0.8067633624536338,0.8363343335968336,0.8155598937199617,0.8697379790249613
384,0.9160810578693352,0.9179603320946729,0.8443415552278939,0.8428018666701621,0.8822754990322232,0.8154783278958107
385,0.9248761446371179,0.9183679321607368,0.7852029898973929,0.7840294326629539,0.7102807345597816,0.8147301773726392
386,0.9284223747883248,0.9221147813558473,0.7751519404658507,0.8566192698944781,0.7667158746076782,0.8492149129905718
387,0.9056778438421064,0.9264384659300852,0.7419595531330279,0.8393054537329417,0.7176979079571582,0.8030468420196344
388,0.9257417143504069,0.9073336211083483,0.8162248750051259,0.6366107199123651,0.8615782368002987,0.61315386363858
389,0.8688571563197233,0.9157931961980419,0.6206367666339234,0.8102372816269129,0.5721419750354544,0.7966987485268808
390,0.8486203510804353,0.9141997156901654,0.6295253898566409,0.7772547974491724,0.6824755913427143,0.7781141178764932
391,0.909434042703325,0.9050665767249694,0.6562677243780285,0.7080247062895396,0.7720442152038658,0.69957430296518
392,0.9157860863890724,0.9005893271638687,0.8156260833274657,0.7327651535422757,0.804033683084324,0.8056791960910571
393,0.8944785975177044,0.9043233901136131,0.7563688944151095,0.6473351935096446,0.6348499968266952,0.6970615501721831
394,0.8720659012627789,0.9141997156901656,0.7013020711955977,0.7772547974491723,0.676051968092481,0.7781141178764932
395,0.920314310387027,0.9221147813558473,0.7158537802132372,0.8566192698944781,0.7829589053065711,0.8492149129905718
396,0.9234969614707412,0.9198966283811278,0.8959339792165545,0.8195044353586294,0.8736065041967704,0.8272387669808875
397,0.923304821931929,0.9076455814834747,0.8009154512824668,0.7597959675010718,0.8101651981962146,0.7457325604386228
398,0.9119918653189172,0.9179603320946729,0.6828770695087312,0.8428018666701621,0.824665855204483,0.8154783278958107
399,0.9123533550244595,0.9287475229874669,0.7884171950454915,0.8794218016943833,0.7183332495983281,0.825208642402901
400,0.9084815567844234,0.9221147813558473,0.764033838910158,0.8566192698944781,0.7597192269935942,0.8492149129905718
401,0.9195190680872709,0.9186586371523523,0.7959556360755689,0.7942983102988642,0.758655517529127,0.7558726404600185
402,0.8948633630588251,0.9337291026988338,0.8287086137578329,0.8551306845792973,0.805661852342799,0.8415607418822812
403,0.8853903230649198,0.8817548693913317,0.7441963773607136,0.5045734720066445,0.8287019170637268,0.4925896089192576
404,0.841247372223187,0.8773386602330552,0.543018438483903,0.46434848749084023,0.5228580050581914,0.6167664375604468
405,0.8438759600634145,0.8978638258492301,0.6797117660575398,0.6528005615588255,0.5527882094872081,0.7248810031894461
406,0.9340049171441341,0.911921490959384,0.8115119238979682,0.738458294831992,0.8643811595827869,0.7571841945065085
407,0.9070984599209039,0.9230964983719996,0.6167413597391108,0.8443837152243571,0.6603782175263453,0.7643716417877403
408,0.8831559273227514,0.917984295562509,0.7979422830321486,0.8585602377749768,0.7365303901646312,0.7801686149394131
409,0.9108194515647228,0.8978638258492301,0.7042675318016496,0.6528005615588255,0.7712027912834483,0.7248810031894461
410,0.9254452500005086,0.9104423235000069,0.7157547463110797,0.7977934892039606,0.8405006023460344,0.8295709356732415
411,0.841956735660154,0.8815886564652908,0.7823240006347945,0.4547879464621971,0.7327351429919913,0.502737508829077
412,0.908790488115826,0.9209930674271596,0.7365088135687035,0.7979122862880065,0.8086855143102993,0.7430516016452549
413,0.9285927751413329,0.8776405627611376,0.8059354677589273,0.5082454258782257,0.835320774749485,0.6295838809743068
414,0.9116241432403733,0.8993296631746901,0.8645395286126235,0.6803230722635135,0.8075441886696115,0.7763900826340273
415,0.8814018485739366,0.9164573074694431,0.7429795151409395,0.8363343335968336,0.7586120700721348,0.8697379790249613
416,0.934890070571588,0.9235731886674612,0.8237009405802417,0.8864545421357415,0.8080455330731977,0.829703998430203
417,0.9075975638575867,0.8815886564652908,0.7753148182287746,0.4547879464621971,0.7119250674166441,0.5027375088290769
418,0.893034677213637,0.9186586371523523,0.6768640129777033,0.7942983102988643,0.708366978937178,0.7558726404600185
419,0.8781678424479042,0.9050665767249694,0.7832189763916663,0.7080247062895395,0.6895202107609295,0.6995743029651799
420,0.9410671161804534,0.8815886564652908,0.8039057070653066,0.45478794646219733,0.810671176665887,0.5027375088290769
421,0.8769519982637012,0.8966309994878481,0.7589920182122831,0.7168858075808278,0.7758996049599332,0.8034509716534401
422,0.9369160293157474,0.9062246434911096,0.814034355592905,0.6992871970380374,0.8012936259327785,0.7198032040000828
423,0.9042816646952545,0.919514437592666,0.6774266945337555,0.8420673338806265,0.7417332896608066,0.7861637474409725
424,0.909151315822661,0.9235731886674612,0.8418699339210325,0.8864545421357415,0.815510693727262,0.8297039984302031
425,0.8959489128933449,0.9275927350426675,0.6898157055228922,0.8746304004539298,0.6692772463394587,0.8947217437762834
426,0.8839412165841503,0.9183679321607368,0.794090562434602,0.7840294326629539,0.7657642406322569,0.8147301773726392
427,0.9281497146270469,0.9161726846979169,0.8170585978721538,0.819384375586342,0.8193012104673183,0.8002204285601935
428,0.924997159314674,0.9179603320946729,0.6239884267975933,0.8428018666701621,0.7837883279801962,0.8154783278958107
429,0.9130709475904287,0.915947776696705,0.7690191606052591,0.7383158170962465,0.7619969663649478,0.7884160454999873
430,0.9041673409681832,0.9185881676194674,0.7952108600982684,0.7555426377200332,0.6535606550847397,0.7228647371828715
431,0.9075806236262953,0.8815886564652908,0.648477023192094,0.4547879464621972,0.721392172973821,0.5027375088290769
432,0.9339540826075757,0.8773386602330552,0.8334662499919485,0.46434848749084023,0.8311583657517104,0.6167664375604468
433,0.9074215554163497,0.9064105406032062,0.7637210461630456,0.7567730278336171,0.8200303955362586,0.7780870501242034
434,0.9125110410982038,0.9005893271638687,0.8311124291166136,0.7327651535422757,0.814852989182153,0.8056791960910571
435,0.9230999940433098,0.9062246434911096,0.8478211527763673,0.6992871970380374,0.8268365472534538,0.7198032040000828
436,0.897548850223969,0.8952370290992359,0.7420901384496876,0.6778755146742795,0.6889439492278049,0.781224123129059
437,0.9402801661079404,0.9209930674271596,0.8297886222175193,0.7979122862880065,0.7605843883097116,0.7430516016452549
438,0.9214204815465455,0.9043233901136131,0.8036251604368932,0.6473351935096445,0.7606235994355028,0.6970615501721831
439,0.9156580431881346,0.9071201636850629,0.8382603721141619,0.7852760516504913,0.7572398357956069,0.9013877039815488
440,0.91604479215065,0.9186586371523523,0.8943297232200755,0.7942983102988643,0.752359858047841,0.7558726404600185
441,0.9382196977797205,0.9235731886674612,0.8497443055737289,0.8864545421357415,0.778238727140488,0.8297039984302031
442,0.908559698555956,0.8770970400975031,0.8186106575658801,0.5621216092675132,0.8006164400285389,0.6424936138943234
443,0.8554488132743657,0.9161726846979169,0.6223231612568704,0.819384375586342,0.7405808292193765,0.8002204285601935
444,0.9004082674225802,0.9183679321607368,0.7784577995681252,0.7840294326629539,0.762758422243187,0.8147301773726392
445,0.9006622675220215,0.9141997156901654,0.7563059795882164,0.7772547974491723,0.7591614864573646,0.7781141178764932
446,0.9285071192693372,0.9031718252435594,0.7684986390424041,0.6650409924963714,0.7893065054304322,0.681607151887371
447,0.9252198289786762,0.9076455814834749,0.757805122921921,0.7597959675010718,0.8115362836860771,0.7457325604386229
448,0.9149134729233616,0.8996665083279334,0.862697782912047,0.6917305099024638,0.7723190953485799,0.7447902313803254
449,0.9298410660353568,0.9212367204899302,0.7719643840299595,0.8665469448164882,0.8130794871476941,0.8476723797710213
450,0.9066225309415306,0.9056046581479116,0.7726604307815645,0.778937106538694,0.6967809283014466,0.8540855718197264
451,0.8951334616817019,0.9141997156901654,0.6849580047186619,0.7772547974491723,0.7877596183989781,0.7781141178764932
452,0.9237331467136217,0.9085532952078709,0.8308865816107347,0.7592442205157989,0.8443175408907663,0.8072720959521231
453,0.9064061897705645,0.8815886564652908,0.783267653989888,0.45478794646219733,0.8118965143326506,0.5027375088290769
454,0.9324274866874533,0.913071368754977,0.851408419434379,0.8079730930648912,0.8042499763853651,0.8758636492262541
455,0.9259171948150194,0.9275264548526274,0.8464226301750195,0.8093771569338577,0.8201279957790915,0.7740405094485594
456,0.9286021509943698,0.9043233901136131,0.7843712993522046,0.6473351935096447,0.7940811333201819,0.6970615501721831
457,0.8982431201062223,0.9118368455940216,0.7521970404464682,0.7275138017648385,0.8094204197848064,0.6418578576991905
458,0.8894279679085626,0.913071368754977,0.6570936496258319,0.8079730930648912,0.6534569720121499,0.8758636492262541
459,0.9090386315823947,0.9141997156901654,0.7778228006635358,0.7772547974491723,0.7908750072134847,0.7781141178764931
460,0.9390159318418396,0.9221147813558473,0.781890291080953,0.8566192698944781,0.8299848479558771,0.8492149129905718
461,0.89730566809523,0.9248450440750264,0.6627092055906976,0.7585338019434849,0.6411729042809108,0.7484995396441084
462,0.9087559737489355,0.9248450440750264,0.731408345397087,0.758533801943485,0.7030431760648944,0.7484995396441085
463,0.923266250370592,0.8978638258492301,0.8334186688005162,0.6528005615588255,0.8184422321280692,0.7248810031894461
464,0.9322542667351661,0.9104423235000069,0.7947014456214325,0.7977934892039606,0.8133865052379561,0.8295709356732415
465,0.9216257101285448,0.911921490959384,0.8318303076875084,0.738458294831992,0.8243112208559867,0.7571841945065084
466,0.941240937717661,0.9118368455940216,0.831618737524203,0.7275138017648385,0.8153114787819338,0.6418578576991903
467,0.9295462444800587,0.9062246434911096,0.7757633676662561,0.6992871970380374,0.8285178486159029,0.7198032040000828
468,0.9094548762548323,0.9043233901136131,0.726419076131039,0.6473351935096446,0.7438026682666279,0.6970615501721831
469,0.9376343024630044,0.8996665083279334,0.8169692343428465,0.6917305099024638,0.8399424450005536,0.7447902313803253
470,0.8635591569375776,0.9031718252435594,0.7043785754965888,0.6650409924963713,0.6541147979553511,0.681607151887371
471,0.8820841216688107,0.9264384659300852,0.7090387986223148,0.8393054537329417,0.7111082815776042,0.8030468420196344
472,0.9153710958995753,0.9211323649757012,0.7539613707292744,0.8272245902134964,0.7697517358170681,0.7743282507251862
473,0.8471523432060669,0.9259043616044467,0.7043529889310235,0.8812130508110182,0.641359739995528,0.8821489970618499
474,0.9266370861502258,0.9074138513043833,0.7556366736329834,0.566425943207639,0.8463574340326616,0.5943654719505617
475,0.8758303500003501,0.886825778619186,0.840912628177465,0.3960375529844521,0.738821292536274,0.3590112760177465
476,0.9014789725369786,0.8770970400975031,0.6544128834927465,0.5621216092675132,0.7395378875264977,0.6424936138943235
477,0.8996075618747736,0.9130208123204476,0.7396545972170546,0.8083900071636524,0.7139753000747271,0.770209628537378
478,0.8810921666119362,0.8817548693913317,0.8137169669535268,0.5045734720066445,0.7857922911888279,0.4925896089192576
479,0.917229606522374,0.911921490959384,0.7652493013205176,0.738458294831992,0.7413566946208054,0.7571841945065085
480,0.9161273181402112,0.915947776696705,0.630433611875182,0.7383158170962465,0.8535772908141019,0.7884160454999872
481,0.9220662341730714,0.9073336211083483,0.7376716315356749,0.6366107199123651,0.8179623535546041,0.61315386363858
482,0.9239113972762452,0.9183679321607368,0.7735002617248656,0.7840294326629538,0.7875722686331925,0.8147301773726392
483,0.9369410005979908,0.9005893271638687,0.8132027013952672,0.7327651535422757,0.8071818825721538,0.8056791960910571
484,0.9229546200326677,0.9211323649757012,0.8389004585855794,0.8272245902134964,0.8404779267264058,0.7743282507251863
485,0.9097754120030104,0.9141997156901654,0.7322616770626972,0.7772547974491723,0.7989323339665433,0.7781141178764932
486,0.8814912424309332,0.9110810246103218,0.7145667959860386,0.7722638795857802,0.7170502480982577,0.7518695185661165
487,0.9122889837485495,0.911921490959384,0.7420716568014616,0.738458294831992,0.7000589363934959,0.7571841945065085
488,0.9122900142325211,0.9235731886674612,0.7051406338225736,0.8864545421357415,0.7260999766421176,0.829703998430203
489,0.8976317947879049,0.911921490959384,0.759071789781068,0.738458294831992,0.6800346215834885,0.7571841945065084
490,0.9327109362101275,0.8815886564652908,0.868541134573398,0.4547879464621971,0.8097576325775007,0.502737508829077
491,0.9419505991804056,0.9141997156901654,0.8833805653653756,0.7772547974491723,0.8793905415946701,0.7781141178764932
492,0.9117012351581976,0.9221147813558473,0.8641683772216688,0.8566192698944782,0.7899189438807639,0.8492149129905718
493,0.921520734580392,0.9118368455940216,0.7489651953406427,0.7275138017648385,0.8005117546331335,0.6418578576991902
494,0.9060335028062613,0.9031718252435594,0.819113762393921,0.6650409924963713,0.7735332451342274,0.6816071518873709
495,0.9195981724020468,0.9212367204899302,0.8239328526239686,0.8665469448164882,0.7830131491647766,0.8476723797710213
496,0.9268251417997158,0.9156436138518956,0.7352995407641694,0.7230557383809474,0.7710182667170218,0.6408782353164609
497,0.9160920890700949,0.9104423235000069,0.8097588601071024,0.7977934892039606,0.859482236479437,0.8295709356732415
498,0.9124027323162452,0.9164573074694431,0.6814605455275864,0.8363343335968336,0.6647972915009727,0.8697379790249613
499,0.9324635441686117,0.8773386602330552,0.818751425094078,0.46434848749084023,0.8494868711078218,0.6167664375604469
500,0.9055682054031008,0.9043233901136131,0.7560679489950546,0.6473351935096445,0.7857292535952256,0.6970615501721831
501,0.9231843114457315,0.8805169556020322,0.8015697005697884,0.41387762702908193,0.814925828226032,0.5050274642130561
502,0.904543089029564,0.9186586371523523,0.7516273819023874,0.7942983102988643,0.7516331631096036,0.7558726404600185
503,0.9160652647941708,0.9165059978890121,0.7277877344639074,0.7896921571417507,0.7142540674941833,0.721314198372632
504,0.9287206394487426,0.9212367204899302,0.788617136062666,0.8665469448164882,0.7662546178977179,0.8476723797710213
505,0.9139959691597656,0.9194406648223655,0.811627691847452,0.8744443286097798,0.7783163834468853,0.8053697278578853
506,0.9207867276810804,0.8846469356986844,0.6609051456574064,0.35853409971158146,0.7047956781701832,0.37933726520794253
507,0.8673633593821759,0.9264384659300852,0.5960174449129925,0.8393054537329417,0.6857610358195556,0.8030468420196344
508,0.9454525446579068,0.9097853324176656,0.8553816395082424,0.6794563862328551,0.8373714884654029,0.6276034269248465
509,0.9172734008514287,0.8815886564652908,0.8496324059503059,0.45478794646219733,0.8061154930545733,0.502737508829077
510,0.8842436853654256,0.8952370290992359,0.8083527358871803,0.6778755146742795,0.703037547281859,0.781224123129059
511,0.9125921179968363,0.9264384659300852,0.7539333312778189,0.8393054537329417,0.7655252793667653,0.8030468420196344
512,0.9072639362687394,0.9141997156901656,0.7673144875586966,0.7772547974491723,0.6994885668070203,0.7781141178764932
513,0.9177688196983966,0.8993296631746901,0.7878932889039956,0.6803230722635135,0.7868836915807941,0.7763900826340271
514,0.8350682352993712,0.9309322021101868,0.516756622721126,0.8114476227207775,0.586041438652544,0.8156581496321025
515,0.9319776256126324,0.9185881676194674,0.8401264146923786,0.7555426377200332,0.7998802118637128,0.7228647371828714
516,0.9069671684005254,0.9043233901136131,0.7529158707418435,0.6473351935096446,0.7605633473579403,0.6970615501721831
517,0.9273592347020188,0.8966309994878482,0.8047656906527562,0.7168858075808276,0.7667149414385676,0.8034509716534401
518,0.9371146272439436,0.8976075036990971,0.8107577631168952,0.6343213588043433,0.8256709264885588,0.7506695153040143
519,0.9075501271659111,0.9211323649757012,0.6217201184066418,0.8272245902134965,0.7351526578395915,0.7743282507251863
520,0.9377525995435534,0.9161726846979169,0.834924019212351,0.819384375586342,0.8707160666520521,0.8002204285601935
521,0.9272028530998199,0.913240505952346,0.7793909047774255,0.8254289231005156,0.8091075059973912,0.8350584377661717
522,0.9130664362485069,0.9062246434911096,0.6924127412862122,0.6992871970380374,0.6689786570591093,0.7198032040000828
523,0.925711743644277,0.8773386602330552,0.7720955711453987,0.46434848749084023,0.7703149094698944,0.6167664375604468
524,0.9037784042768067,0.8773386602330552,0.8536702422214769,0.46434848749084023,0.7765726137514826,0.6167664375604469
525,0.9247186175095996,0.9104423235000069,0.8888677864612199,0.7977934892039606,0.8252236505369877,0.8295709356732415
526,0.9209560156341017,0.9141997156901654,0.8590752620745153,0.7772547974491723,0.7157397001487172,0.7781141178764932
527,0.8772481817380726,0.9233466768063191,0.7872535632861162,0.8620522961618825,0.7488991877253587,0.793103856468952
528,0.8949955137645388,0.895220511858438,0.6764876007304298,0.7111165525463168,0.6907484952117653,0.8491480705310278
529,0.9114582750425373,0.9050665767249694,0.8227120729224958,0.7080247062895395,0.8138323503528779,0.6995743029651798
530,0.9026830188579051,0.9173750708918675,0.8367396854862189,0.854551633438775,0.7424385446618036,0.8195175299573882
531,0.9220121589999454,0.9221147813558473,0.7474570955536042,0.8566192698944782,0.8034447198759868,0.8492149129905718
532,0.9384659208328652,0.9185881676194674,0.7750098361141478,0.7555426377200332,0.83750360583373,0.7228647371828714
533,0.9183977185112568,0.9321992053852791,0.6987733523890622,0.9020044699353877,0.5475717894639813,0.8645008562732222
534,0.8706259395491933,0.9031718252435594,0.6860702712080865,0.6650409924963713,0.7095494321545127,0.6816071518873709
535,0.9074375676056619,0.8976075036990971,0.8705066864342361,0.634321358804343,0.7949519508227776,0.7506695153040142
536,0.9230196564439732,0.8770970400975031,0.8039474532520757,0.5621216092675132,0.8300685236754121,0.6424936138943235
537,0.9220164010854668,0.9111570395186827,0.7466463093614946,0.7625055172198758,0.7420317658207893,0.8470109538181516
538,0.9287868784278189,0.9209930674271596,0.7317651111177631,0.7979122862880065,0.7603663670783747,0.7430516016452549
539,0.9252168334125734,0.8805169556020322,0.7403482496235839,0.4138776270290818,0.8285802631380079,0.5050274642130564
540,0.9231654161453007,0.9264384659300852,0.7569703478866735,0.8393054537329417,0.7784653104352383,0.8030468420196344
541,0.8926550864882857,0.9104423235000069,0.7993184947451155,0.7977934892039606,0.7116689860252676,0.8295709356732415
542,0.8852871533810018,0.9083062171734734,0.7920204159137739,0.7902685572436167,0.7468046960106005,0.7967249084039156
543,0.9194250892490508,0.9031718252435594,0.7857646862193666,0.6650409924963713,0.783142739200406,0.6816071518873709
544,0.8821654151962233,0.9209930674271596,0.7234964010186784,0.7979122862880065,0.65157687779109,0.743051601645255
545,0.8662753501900806,0.9050665767249694,0.7180924494379717,0.7080247062895395,0.6791563717075584,0.69957430296518
546,0.886634147998465,0.9179603320946729,0.8253081389491022,0.842801866670162,0.7675421973340544,0.8154783278958107
547,0.9388639375936857,0.9185881676194675,0.8046584174984929,0.7555426377200332,0.8461116740590342,0.7228647371828715
548,0.9090350905375798,0.915947776696705,0.7177748808273896,0.7383158170962465,0.695334551585066,0.7884160454999872
549,0.931448561568121,0.8744467327333997,0.8262293116558659,0.5572568185063389,0.8609247597616785,0.7429355886711378
550,0.9143739369674134,0.8744467327333997,0.7396005089192861,0.5572568185063389,0.755316532920991,0.7429355886711377
551,0.9351962874739849,0.913240505952346,0.8343880785728033,0.8254289231005157,0.8127382221025272,0.8350584377661717
552,0.9115223016512409,0.9005893271638687,0.7912602857393151,0.7327651535422757,0.8072504804471253,0.8056791960910572
553,0.899136049883087,0.9145359032919421,0.7678095659736336,0.7883379335366507,0.7464890580695533,0.7347838999835243
554,0.8651764160710416,0.8966309994878482,0.5617840987977993,0.7168858075808276,0.6232766191745616,0.8034509716534401
555,0.9337683046232362,0.895220511858438,0.7787728330350701,0.7111165525463168,0.803083964232338,0.8491480705310277
556,0.9080998799281733,0.9145880702408675,0.8199330926906775,0.831856650088185,0.7332070626762052,0.7889134402979601
557,0.9078384532501226,0.9062246434911096,0.7450235854269596,0.6992871970380374,0.7774034562278552,0.7198032040000828
558,0.8213142261140678,0.9088617091579041,0.8953067131954211,0.738526752652511,0.6937179788993341,0.7339407895625496
559,0.9110982256225517,0.9145880702408675,0.7194801416191113,0.831856650088185,0.7433470269864948,0.7889134402979601
560,0.9318767414383717,0.9337291026988338,0.8172615551161895,0.8551306845792973,0.8008229296130058,0.8415607418822812
561,0.8883385572932714,0.9238601362794083,0.85522978806082,0.8017743184398946,0.793415605534956,0.7818286524169817
562,0.9140447859371594,0.9275264548526274,0.8082258045340631,0.8093771569338577,0.8202169247017613,0.7740405094485593
563,0.8070671890499965,0.9073336211083483,0.5580368278727043,0.6366107199123651,0.3992373127606652,0.61315386363858
564,0.8405856769592512,0.919514437592666,0.8520810492881503,0.8420673338806265,0.6702152276771067,0.7861637474409726
565,0.8786095314793003,0.9209930674271596,0.7598264889009101,0.7979122862880065,0.8191817971178803,0.7430516016452549
566,0.9153687289461331,0.9240954657552662,0.7282373316398434,0.8530630073291579,0.8212117774635971,0.8117740497190383
567,0.9337453993112557,0.9240954657552662,0.8157762336395158,0.8530630073291579,0.8005699925388694,0.8117740497190383
568,0.8880889834053362,0.9130208123204476,0.6680751320660885,0.8083900071636524,0.7054870151423221,0.770209628537378
569,0.9246556774269314,0.9240954657552662,0.6481174556245501,0.8530630073291579,0.6954658536916374,0.8117740497190383
570,0.9117568897714841,0.9159477766967051,0.7978551627683369,0.7383158170962464,0.6621372773172218,0.7884160454999873
571,0.927973808179496,0.9104423235000069,0.7368149825021639,0.7977934892039606,0.7672921795531616,0.8295709356732415
572,0.91564148128852,0.911921490959384,0.7480918624742494,0.738458294831992,0.8307428996896374,0.7571841945065085
573,0.9101331238134766,0.9183679321607368,0.8180463245034351,0.7840294326629539,0.7310230856386373,0.8147301773726392
574,0.9286309357957432,0.9097853324176656,0.7591963742321975,0.6794563862328551,0.7826316792093615,0.6276034269248464
575,0.8905097612823442,0.9264384659300852,0.8018266297494142,0.8393054537329417,0.7574088981970774,0.8030468420196344
576,0.9189092281313407,0.9191392595949737,0.8182556667726097,0.8484820568781017,0.8181626505366102,0.7682114130779969
577,0.922831542088429,0.911921490959384,0.8234282601098994,0.738458294831992,0.8114467234191419,0.7571841945065084
578,0.8878885658626832,0.9275927350426675,0.6815884767728598,0.8746304004539297,0.8331426321698989,0.8947217437762834
579,0.9037938311499556,0.9161726846979169,0.7834961765124854,0.819384375586342,0.7827632453951503,0.8002204285601935
580,0.9193343440445481,0.9111570395186828,0.7787167108406028,0.7625055172198758,0.8169975592720334,0.8470109538181516
581,0.9070422494438067,0.9212367204899302,0.7644635321909601,0.8665469448164882,0.7008359222580106,0.8476723797710213
582,0.8869409668457735,0.895220511858438,0.7167604281073578,0.7111165525463168,0.7283828571213942,0.8491480705310277
583,0.9157428510757459,0.9284073977426816,0.814525929647846,0.9006783222680399,0.743233979556106,0.8580925178825867
584,0.9057520695367383,0.9043233901136131,0.8063007019059066,0.6473351935096445,0.7315240543813583,0.6970615501721831
585,0.9294067496246938,0.9083062171734734,0.8076559387052321,0.7902685572436167,0.8295308937787002,0.7967249084039159
586,0.9113363548424898,0.9064105406032062,0.7667029805827212,0.7567730278336171,0.8224278944766001,0.7780870501242034
587,0.9033736233882085,0.9110810246103219,0.6473752187730692,0.7722638795857801,0.8250096401155507,0.7518695185661165
588,0.9282782316345533,0.9211323649757012,0.7766390969282496,0.8272245902134964,0.7151244971563291,0.7743282507251863
589,0.9164612118703086,0.9240954657552662,0.7672862983016148,0.8530630073291579,0.7362259648042746,0.8117740497190383
590,0.911728728705601,0.9062246434911096,0.8009610971832715,0.6992871970380374,0.7586130393591582,0.7198032040000828
591,0.9251363596307024,0.9083062171734734,0.7829804968071414,0.7902685572436167,0.849844254360362,0.7967249084039157
592,0.9267351499378444,0.9198966283811278,0.8069528810864027,0.8195044353586294,0.7444146076280178,0.8272387669808875
593,0.9172862545505045,0.9156436138518956,0.7055475436740966,0.7230557383809474,0.7193324560670151,0.6408782353164609
594,0.9375338780421814,0.9173750708918675,0.796089287671785,0.854551633438775,0.8472692187606143,0.8195175299573882
595,0.8703506561504302,0.9218544702404183,0.5657069388649207,0.8702918223302617,0.7054728765137015,0.8031314970426409
596,0.9142951475546065,0.9179603320946729,0.5779418467802471,0.842801866670162,0.6394217636047468,0.8154783278958107
597,0.9257292636970407,0.9111570395186827,0.7346537726385836,0.7625055172198759,0.8046434473172106,0.8470109538181516
598,0.9093378805483708,0.8880318814140041,0.8422017640302051,0.44113632088326926,0.7589906861131919,0.32071000525242543
599,0.8928762063892766,0.9186586371523523,0.7021290504605222,0.7942983102988643,0.7980035587314019,0.7558726404600185
600,0.9236991129019061,0.9179603320946729,0.7476323661448914,0.8428018666701621,0.7694349076366971,0.8154783278958107
601,0.9360154214484937,0.9235731886674612,0.7396498998693679,0.8864545421357415,0.7664914009628357,0.829703998430203
602,0.8705259510240647,0.9275927350426675,0.49787182127307905,0.8746304004539298,0.6493115071521718,0.8947217437762834
603,0.8991978927735012,0.9130208123204476,0.8189428377474808,0.8083900071636523,0.77539521869488,0.7702096285373778
604,0.9075452098386934,0.9248450440750264,0.7127108795776449,0.7585338019434849,0.643542663881113,0.7484995396441084
605,0.8789246821625287,0.9218544702404183,0.7621289139563476,0.8702918223302617,0.7091790256889834,0.8031314970426408
606,0.9036730486708041,0.9209930674271596,0.7658649683573885,0.7979122862880065,0.7197672028995113,0.7430516016452549
607,0.9176856894639507,0.9264620038921141,0.7223961119029949,0.884481462879327,0.7733294811080944,0.8305275187465941
608,0.9292369865296823,0.9183679321607368,0.8272795649092546,0.7840294326629539,0.8738400198957823,0.8147301773726392
609,0.8942059731497144,0.8993296631746901,0.7795999372813981,0.6803230722635135,0.7339378152151916,0.7763900826340273
610,0.9085517999174242,0.9031718252435594,0.8427719574883819,0.6650409924963713,0.8514415075047991,0.681607151887371
611,0.925652928152448,0.9124345851647822,0.8216212975007375,0.8028267091372625,0.8541308982425659,0.7721438903149995
612,0.9101693946784495,0.8966309994878482,0.7151235527043569,0.7168858075808276,0.7759815006210771,0.8034509716534401
613,0.8778503530787298,0.9275927350426675,0.6815830293598423,0.8746304004539298,0.638822749297878,0.8947217437762834
614,0.8320972880556607,0.9211323649757012,0.5733384380198796,0.8272245902134964,0.6291016200597248,0.7743282507251863
615,0.9336818310178345,0.9218544702404183,0.8025362953165093,0.8702918223302617,0.7797486074601959,0.8031314970426409
616,0.8841442508845943,0.9191392595949737,0.7881903784818525,0.8484820568781019,0.7975612827285109,0.768211413077997
617,0.9088489667538671,0.8817548693913317,0.7555878524855699,0.5045734720066445,0.7291779951464894,0.49258960891925774
618,0.8953401473587085,0.8966309994878482,0.8697917775733955,0.7168858075808276,0.7138663511332487,0.8034509716534401
619,0.8745591133628744,0.9284073977426816,0.5218834603679501,0.9006783222680398,0.676774742204205,0.8580925178825867
620,0.8888498288334179,0.8773386602330552,0.7348952954138618,0.46434848749084,0.7026547540586796,0.6167664375604469
621,0.9004627698908958,0.9135029164595004,0.6272259269670244,0.7825007975290319,0.7921199954750334,0.6561989018071509
622,0.897374302219294,0.9043233901136131,0.8431396778105242,0.6473351935096447,0.8272787554001433,0.6970615501721831
623,0.8788559562192081,0.911921490959384,0.7431252032667659,0.738458294831992,0.7393492066516087,0.7571841945065084
624,0.917243373174102,0.9211323649757012,0.7507623623868926,0.8272245902134965,0.7214902941305908,0.7743282507251863
625,0.9031695888670208,0.9076455814834749,0.6553535605704816,0.7597959675010718,0.8003303483578468,0.7457325604386228
626,0.9214784586008938,0.8966309994878482,0.7276964196229523,0.7168858075808276,0.7400894909066531,0.8034509716534401
627,0.9080417455329142,0.8815886564652908,0.7204919851673157,0.4547879464621972,0.741860418830474,0.502737508829077
628,0.8679647024031697,0.9011003177453049,0.7917088586000984,0.7348815375927972,0.7345376894273041,0.7660217000281324
629,0.881840312335686,0.9185881676194675,0.5893935964215086,0.7555426377200332,0.6786621085318993,0.7228647371828715
630,0.9026429637855952,0.9065809350778434,0.80526117702272,0.756360449819991,0.7889021005221375,0.7185414910690806
631,0.9233999880204309,0.8940295803260082,0.7721678453199434,0.6647974448483605,0.7427579363029404,0.8190342003297971
632,0.9002137147672151,0.8940295803260082,0.6102774455125148,0.6647974448483605,0.7869574893044213,0.8190342003297971
633,0.9082527157480605,0.8966309994878482,0.7697787101224107,0.7168858075808275,0.7386381301705252,0.8034509716534401
634,0.9403750193377614,0.9186586371523523,0.7849483241544921,0.7942983102988643,0.8469019917696519,0.7558726404600185
635,0.8947322132972908,0.9183679321607368,0.7357689837747472,0.7840294326629539,0.7962412603469067,0.8147301773726392
636,0.8987140646087073,0.8744467327333997,0.7308976961268062,0.557256818506339,0.755259811887345,0.7429355886711378
637,0.9133967442688056,0.9133920535327201,0.7767619795822529,0.6632679127183522,0.7515347447571268,0.6252516783154138
638,0.8994110775432149,0.8996665083279334,0.7755977707339721,0.6917305099024638,0.7467595280048585,0.7447902313803254
639,0.9236738955125487,0.8805169556020322,0.66409306812272,0.4138776270290818,0.8554086373974462,0.5050274642130563
640,0.8476901800248514,0.9173750708918675,0.5167286200449461,0.854551633438775,0.6695324778529197,0.8195175299573882
641,0.9036878681781526,0.8952370290992359,0.8067409166375196,0.6778755146742796,0.6904562895310281,0.781224123129059
642,0.929880741145167,0.9118368455940216,0.7871729952185222,0.7275138017648386,0.8413018246581971,0.6418578576991905
643,0.898569206481141,0.9157931961980419,0.6975709170021147,0.810237281626913,0.6868151798878861,0.7966987485268808
644,0.9201720667613273,0.9165059978890121,0.7733162382674741,0.7896921571417507,0.7832275232485941,0.7213141983726319
645,0.9260888628243598,0.9141997156901654,0.8674700576562927,0.7772547974491724,0.8378704374259672,0.7781141178764932
646,0.902062896710125,0.9071201636850629,0.5860755489071288,0.7852760516504913,0.613154438499693,0.9013877039815487
647,0.8865014988389308,0.9179603320946729,0.7081073442814684,0.8428018666701621,0.6659508588554575,0.8154783278958107
648,0.9136269505198447,0.9248450440750264,0.8079538330519165,0.7585338019434849,0.8437930120063637,0.7484995396441084
649,0.8969031602228098,0.9186586371523523,0.7245041744886125,0.7942983102988642,0.7528316084789719,0.7558726404600185
650,0.9299717461738728,0.9050665767249694,0.8327426563944521,0.7080247062895395,0.8744841785769646,0.6995743029651799
651,0.910584583358062,0.911921490959384,0.7492495694952137,0.738458294831992,0.9132373916567744,0.7571841945065084
652,0.8972477818545028,0.8993296631746901,0.5638903841367571,0.6803230722635135,0.7751977168349053,0.7763900826340271
653,0.8939978752109621,0.9259043616044467,0.7069523936953744,0.8812130508110183,0.6973615979374583,0.8821489970618499
654,0.9010064096585536,0.908553295207871,0.9055114839999211,0.7592442205157989,0.7893043870149972,0.8072720959521231
655,0.9328934672778475,0.9050665767249694,0.751394108537206,0.7080247062895395,0.8060849446504035,0.69957430296518
656,0.9239139335212786,0.9141997156901654,0.7988313531981407,0.7772547974491723,0.7224087220254849,0.7781141178764932
657,0.9221541803119222,0.9164573074694431,0.7908211340075826,0.8363343335968336,0.7862358116008734,0.8697379790249613
658,0.8859506867029778,0.9275927350426675,0.7632753436498048,0.8746304004539298,0.7676494638394222,0.8947217437762834
659,0.915846520026588,0.9337291026988338,0.7527337685785535,0.8551306845792973,0.7723678439838446,0.8415607418822812
660,0.913776165776194,0.9043233901136131,0.7800736353766294,0.6473351935096445,0.8632804766407036,0.6970615501721831
661,0.8959810755105744,0.901100317745305,0.7844635304681987,0.7348815375927972,0.7710083394193699,0.7660217000281324
662,0.8878591850531863,0.9142197190626098,0.6217562585443741,0.7533312349389218,0.6759615554014142,0.7039891013645034
663,0.9070880674836224,0.9221147813558473,0.8744936517268401,0.8566192698944782,0.7908524974643154,0.8492149129905718
664,0.8846754778061061,0.9043233901136131,0.7181197682207153,0.6473351935096447,0.6531246186309421,0.6970615501721831
665,0.9045268364858255,0.8993296631746901,0.7215227255173019,0.6803230722635135,0.7207738035551225,0.7763900826340273
666,0.897276383479295,0.9221147813558473,0.7748012271293289,0.8566192698944781,0.7712461634640639,0.8492149129905718
667,0.8461351330091214,0.9062246434911096,0.6149814176510766,0.6992871970380374,0.544203177466982,0.7198032040000828
668,0.9065208574836807,0.9116297526118948,0.5743368790130388,0.7193067854474582,0.7027389577114831,0.6867397881929375
669,0.9105423195742537,0.8952370290992359,0.7719203021915018,0.6778755146742796,0.7804982814650395,0.7812241231290589
670,0.9184522104595725,0.9141997156901654,0.6841447997010714,0.7772547974491724,0.7751553259239391,0.7781141178764932
671,0.923499579966065,0.9062246434911096,0.7974914840377993,0.6992871970380374,0.8268529414699005,0.7198032040000828
672,0.9175414537595749,0.9157931961980419,0.7872297856727739,0.8102372816269129,0.7244808894060026,0.7966987485268808
673,0.90698021607565,0.8815355208545403,0.7453927104809834,0.32588056225834194,0.799429300556562,0.38898077391495056
674,0.8885149824444274,0.9221147813558473,0.8414937664130573,0.8566192698944782,0.6723260866089019,0.8492149129905718
675,0.9092314355195743,0.901100317745305,0.7214471495703426,0.7348815375927973,0.6900292896611329,0.7660217000281322
676,0.9250147571774419,0.9183679321607368,0.8426313261295002,0.7840294326629539,0.7951660686312323,0.8147301773726392
677,0.9184954598128294,0.9044557898608995,0.7687620793404956,0.5977457416214524,0.8106301488841628,0.5982981814963108
678,0.8846889918810942,0.8993296631746901,0.7639826589587849,0.6803230722635135,0.6966650634929611,0.7763900826340272
679,0.9122994186279856,0.9135029164595004,0.6446759795423176,0.7825007975290319,0.7185070006577612,0.6561989018071509
680,0.910558062706778,0.9076455814834747,0.8060497507645749,0.7597959675010718,0.7250551969134361,0.7457325604386228
681,0.9159052114385322,0.9186586371523523,0.8081876893833252,0.7942983102988643,0.7726805233462317,0.7558726404600185
682,0.8792830586807412,0.9145880702408675,0.7855060292109501,0.831856650088185,0.7405860191965428,0.7889134402979601
683,0.8995236017409671,0.8928983193997482,0.8377225517568079,0.7015610498075853,0.7376589948192,0.8337678276986198
684,0.89719400013307,0.911921490959384,0.7219078189794025,0.738458294831992,0.6910462915839908,0.7571841945065084
685,0.9120832046995828,0.8776405627611376,0.9194595201870992,0.5082454258782256,0.8677552233572922,0.6295838809743068
686,0.9346571971581434,0.890970475601625,0.7945810251407308,0.6933472021062019,0.7723440499785853,0.8821960347121759
687,0.9262250779908244,0.912434585164782,0.7937972753231383,0.8028267091372625,0.8041568394248544,0.7721438903149994
688,0.8953978735778995,0.9110810246103218,0.7592657127628768,0.7722638795857801,0.6902215701420591,0.7518695185661166
689,0.9051599570407614,0.9065809350778434,0.6835047507316745,0.756360449819991,0.7782309088288742,0.7185414910690806
690,0.9373298908891355,0.8773386602330552,0.8106991429408749,0.46434848749084023,0.8185883844919589,0.6167664375604468
691,0.9155042685501088,0.9204498152169428,0.8353192550147011,0.8346319399558023,0.8464580751319222,0.8439112770331831
692,0.9103829909830687,0.9106577977881302,0.7665723702032998,0.6118137341995595,0.777107054189502,0.6098833062773644
693,0.9036533935611056,0.9185881676194675,0.7990339275516505,0.7555426377200332,0.7369454198383989,0.7228647371828715
694,0.8724330087383276,0.9083062171734734,0.7731154079362317,0.7902685572436168,0.6909483520748363,0.7967249084039157
695,0.906148260028407,0.9161726846979169,0.7122310561851928,0.819384375586342,0.8066320676399593,0.8002204285601935
696,0.9097370111710873,0.911921490959384,0.7344091258393141,0.738458294831992,0.8681487304090467,0.7571841945065084
697,0.9021264935754194,0.9264384659300852,0.7944029874361404,0.8393054537329417,0.726706289653623,0.8030468420196344
698,0.8952566693494873,0.9240954657552662,0.7618730909246614,0.8530630073291579,0.7310659257516215,0.8117740497190383
699,0.9174671588338051,0.9141997156901654,0.7387050350345671,0.7772547974491724,0.8205200010531699,0.7781141178764932
700,0.9171207074745555,0.9141997156901654,0.801548638591348,0.7772547974491724,0.8057253097076318,0.7781141178764932
701,0.9323240658038703,0.911921490959384,0.7849009019192752,0.738458294831992,0.7905060895815657,0.7571841945065084
702,0.9283371593850738,0.9158553402805047,0.771041462816845,0.7164458055910199,0.859595955481858,0.7033325402721408
703,0.9232464416706789,0.9218544702404183,0.8309647263030424,0.8702918223302617,0.8041442443173742,0.8031314970426409
704,0.9205540744023497,0.9145880702408675,0.780682950607302,0.831856650088185,0.7462802090162498,0.7889134402979601
705,0.9029841860167973,0.9183679321607368,0.8516678116518597,0.7840294326629539,0.7579891179526363,0.8147301773726392
706,0.8951318361624014,0.9005893271638687,0.65092686586112,0.7327651535422757,0.7589228154201347,0.8056791960910571
707,0.9238673496489731,0.8940295803260082,0.7199231592648654,0.6647974448483606,0.7328030004129851,0.8190342003297971
708,0.9048153719623745,0.9198966283811278,0.590634331720519,0.8195044353586294,0.7764752141083758,0.8272387669808875
709,0.8912869869693798,0.9173750708918675,0.740692580247483,0.854551633438775,0.7397671074537804,0.8195175299573882
710,0.9209205702877645,0.8993296631746901,0.8538603687260278,0.6803230722635135,0.7420987530246672,0.7763900826340271
711,0.8965813999333025,0.8993296631746901,0.6686466395921777,0.6803230722635135,0.6495600009701363,0.7763900826340272
712,0.90263183191841,0.915947776696705,0.7327802203971304,0.7383158170962465,0.85819976683433,0.7884160454999872
713,0.9006251116461687,0.908553295207871,0.8037839315209221,0.759244220515799,0.7848961808927619,0.8072720959521231
714,0.9253603680725444,0.9161726846979169,0.7985450873846569,0.819384375586342,0.7684155918467219,0.8002204285601935
715,0.9001208456446514,0.9031718252435594,0.7377300365850058,0.6650409924963713,0.7979691497657544,0.681607151887371
716,0.9189385026977392,0.9297625180971939,0.7201039675474951,0.8665508489566299,0.7407255689999943,0.8429898840483058
717,0.911288534799971,0.9065809350778434,0.7640505067452339,0.756360449819991,0.8204059900148333,0.7185414910690806
718,0.922100207913569,0.8776405627611376,0.8047783680973106,0.5082454258782257,0.8175032172081274,0.6295838809743068
719,0.9191870424305937,0.9043233901136131,0.7391215734224404,0.6473351935096445,0.8082988797947249,0.6970615501721831
720,0.8601469174200824,0.9088617091579041,0.6947435318057342,0.738526752652511,0.7702818952088786,0.7339407895625496
721,0.939820683516499,0.9050665767249694,0.8301327513883394,0.7080247062895395,0.827313636128217,0.6995743029651799
722,0.8802877466686098,0.9019379136061632,0.625473393617408,0.6016404453808735,0.5533275811812728,0.6761654189224349
723,0.8610366451014714,0.9104423235000069,0.6810949675329618,0.7977934892039606,0.6636265126167169,0.8295709356732415
724,0.9253901395636039,0.9221147813558473,0.7468373476158903,0.8566192698944781,0.7487193459247208,0.8492149129905718
725,0.9222884234402572,0.9212367204899302,0.7454146196372071,0.8665469448164882,0.7988052383598648,0.8476723797710213
726,0.8910831774966113,0.8928983193997482,0.42923092482787195,0.7015610498075853,0.6002548470929161,0.8337678276986198
727,0.901784523828624,0.9238601362794083,0.7459869633205095,0.8017743184398946,0.7665580403243775,0.7818286524169817
728,0.8786678096956084,0.9183679321607368,0.6665535198500856,0.7840294326629539,0.6730553627119995,0.8147301773726392
729,0.922807481722451,0.8978638258492301,0.7596002114154434,0.6528005615588255,0.7926059588803254,0.7248810031894461
730,0.8888628880103284,0.9076455814834749,0.6732087716856403,0.7597959675010718,0.7275737181777311,0.7457325604386229
731,0.8932690568057703,0.9157931961980419,0.7831660514757174,0.810237281626913,0.7983683187860862,0.7966987485268808
732,0.9270983319313151,0.9141997156901654,0.769420378602557,0.7772547974491721,0.7639723903156859,0.7781141178764932
733,0.8976364264188333,0.9233466768063191,0.7284709629742288,0.8620522961618826,0.7501190750457171,0.793103856468952
734,0.9139527439229775,0.8815886564652908,0.6454272598950495,0.45478794646219745,0.7799474627863563,0.5027375088290771
735,0.9115729610523772,0.9145359032919421,0.7738350101968827,0.7883379335366507,0.7362134117602199,0.7347838999835241
736,0.909415156795408,0.9159477766967051,0.6834458411797886,0.7383158170962465,0.7731708361391033,0.7884160454999872
737,0.9172415875734454,0.9043233901136131,0.8569389690265753,0.6473351935096447,0.7694562389956541,0.6970615501721831
738,0.9032468877319003,0.9019379136061632,0.7419253624894258,0.6016404453808735,0.6750772359307926,0.6761654189224349
739,0.9230248721719368,0.901100317745305,0.8028335590426181,0.7348815375927973,0.8272579578127732,0.7660217000281322
740,0.9194558116221349,0.9111570395186827,0.8368847861039982,0.7625055172198758,0.8060391742316166,0.8470109538181516
741,0.9218287616817977,0.8978638258492301,0.8294323391906475,0.6528005615588255,0.7893124915970549,0.7248810031894461
742,0.9288785808973834,0.8762663735541345,0.8211565008787464,0.4269791983678519,0.8414969080601198,0.6036842837859805
743,0.9336029189689176,0.901100317745305,0.8129754967922892,0.7348815375927971,0.7817125198623672,0.7660217000281323
744,0.8494269127490313,0.9209930674271596,0.4898229937479682,0.7979122862880065,0.6604768746687215,0.7430516016452549
745,0.8569282669685718,0.9275264548526274,0.8353277912346884,0.8093771569338576,0.7243582453342974,0.7740405094485593
746,0.875302394884894,0.9275264548526274,0.6089117207201702,0.8093771569338576,0.6344540693218452,0.7740405094485594
747,0.9072163162645421,0.9110810246103218,0.7077755430585406,0.7722638795857801,0.777403652009563,0.7518695185661166
748,0.8871983313228908,0.9157931961980419,0.6913116084635711,0.810237281626913,0.7261230165235419,0.7966987485268808
749,0.9336780490258177,0.9212367204899302,0.782588648403264,0.8665469448164882,0.7759215538242346,0.8476723797710213
750,0.9100966149807828,0.9233466768063191,0.8299900274562196,0.8620522961618825,0.7892342623512756,0.793103856468952
751,0.8977751323592452,0.9264384659300852,0.7450730404137975,0.8393054537329417,0.7029484193285018,0.8030468420196344
752,0.8919721847052762,0.9104423235000069,0.6741673438435862,0.7977934892039606,0.7360556818902764,0.8295709356732415
753,0.860563885277869,0.9097853324176656,0.42837664179903023,0.6794563862328551,0.5961916553625592,0.6276034269248464
754,0.9209170190083148,0.9157931961980419,0.8040274313158401,0.810237281626913,0.747613512443162,0.7966987485268808
755,0.8501703982080573,0.8993296631746901,0.3802896696467297,0.6803230722635135,0.4975152517145446,0.7763900826340272
756,0.9255678884811402,0.9031718252435594,0.8261191702222718,0.6650409924963713,0.8275426477854471,0.681607151887371
757,0.8988577901044585,0.9097853324176656,0.7212549838613517,0.6794563862328551,0.7436877046470238,0.6276034269248463
758,0.9418429617592173,0.9264620038921141,0.8639590921808908,0.884481462879327,0.8438351357006342,0.8305275187465941
759,0.926740975406668,0.908553295207871,0.7234979669403272,0.7592442205157989,0.8466092076816831,0.8072720959521231
760,0.9317101748274244,0.8805169556020322,0.7749198091578974,0.41387762702908204,0.8448315444177439,0.5050274642130563
761,0.9012512622017128,0.8996665083279334,0.7269772768705929,0.6917305099024638,0.7300714060771707,0.7447902313803253
762,0.9128143349569822,0.8744467327333997,0.8302717272540893,0.5572568185063389,0.7823874720868059,0.7429355886711377
763,0.9302482065365482,0.9043233901136131,0.8039841340856553,0.6473351935096447,0.8212793007440963,0.6970615501721831
764,0.9082891452369483,0.8817548693913317,0.7851654972097818,0.5045734720066444,0.7612712143918625,0.4925896089192574
765,0.9356337025388604,0.9071201636850629,0.8177264815954696,0.7852760516504913,0.85327472275362,0.9013877039815487
766,0.8819604898876707,0.8805169556020322,0.7253547015058597,0.4138776270290818,0.7600098316256803,0.5050274642130563
767,0.8931433111452424,0.9145880702408675,0.8500487437354105,0.831856650088185,0.7533013501202935,0.7889134402979601
768,0.9227076578772956,0.9179603320946729,0.8266148687434257,0.8428018666701621,0.8064118742936075,0.8154783278958107
769,0.8498395359261244,0.9141997156901654,0.766139835219339,0.7772547974491721,0.7049523177706113,0.7781141178764932
770,0.9307879201002182,0.9186586371523523,0.8201776781829188,0.7942983102988643,0.8356610179944388,0.7558726404600185
771,0.9322213581421277,0.9043233901136131,0.8024190445869144,0.6473351935096447,0.8236737304351451,0.6970615501721831
772,0.8839231006260634,0.9050665767249694,0.743919329895427,0.7080247062895395,0.698264356126797,0.6995743029651798
773,0.9048066189867467,0.9076455814834747,0.7780793307117903,0.7597959675010718,0.8424102744456499,0.7457325604386228
774,0.8906960002610131,0.915947776696705,0.7407998459251683,0.7383158170962465,0.8301813154543864,0.7884160454999872
775,0.8712791860456677,0.9083062171734734,0.724928369803304,0.7902685572436168,0.6570104030361806,0.7967249084039157
776,0.9392942282923039,0.9141997156901656,0.8340481317743134,0.7772547974491723,0.8023765296034516,0.7781141178764932
777,0.9048266878911854,0.9161726846979169,0.7950073259224923,0.819384375586342,0.8555441072555474,0.8002204285601935
778,0.903567453719071,0.8966309994878482,0.809979824093541,0.7168858075808276,0.7790473279907162,0.8034509716534401
779,0.9128157621943177,0.8815886564652908,0.647252670006202,0.4547879464621972,0.6617968557349524,0.502737508829077
780,0.8881215907119656,0.9031718252435594,0.7142118316118928,0.6650409924963714,0.7075695323569897,0.6816071518873709
781,0.8886084575256428,0.919514437592666,0.7433282491011788,0.8420673338806265,0.74110799817267,0.7861637474409726
782,0.9094965814615064,0.9321992053852791,0.7450336983062935,0.9020044699353877,0.7880148401312702,0.8645008562732222
783,0.9027059870179565,0.9118368455940216,0.7753299882022685,0.7275138017648385,0.7899789030345149,0.6418578576991902
784,0.9030130746921041,0.9179603320946729,0.8309754954266078,0.842801866670162,0.7746112379867942,0.8154783278958107
785,0.9346745877317462,0.9085532952078709,0.8522363150729649,0.7592442205157989,0.8293745013570282,0.8072720959521231
786,0.923926818187189,0.9185126631065446,0.8003411387853829,0.8289263170200285,0.8210084814603977,0.7389750985259881
787,0.9148441679581425,0.9031718252435594,0.6064489140313285,0.6650409924963712,0.7814783725660952,0.681607151887371
788,0.9081402589707482,0.9212367204899302,0.7738889418632932,0.8665469448164882,0.7734472698604569,0.8476723797710213
789,0.9014526399327268,0.9337291026988338,0.7168183385195319,0.8551306845792973,0.6908794798207285,0.8415607418822812
790,0.9155522537767318,0.9043233901136131,0.819655314296275,0.6473351935096447,0.8085034395966161,0.6970615501721831
791,0.9122608270329386,0.9248450440750264,0.7179163236161474,0.7585338019434851,0.7460491621432188,0.7484995396441084
792,0.9281400399482777,0.9233466768063191,0.6974596592176889,0.8620522961618826,0.7234211943871371,0.793103856468952
793,0.927335531123152,0.9097853324176656,0.8521639508726517,0.6794563862328551,0.8259762075542658,0.6276034269248465
794,0.8909700553117389,0.9097853324176656,0.689788072996369,0.679456386232855,0.8598405136474669,0.6276034269248464
795,0.9096003362420866,0.9264384659300852,0.8068198380792468,0.8393054537329417,0.7721221015043862,0.8030468420196344
796,0.9068849863447451,0.9110810246103218,0.7929348228328742,0.7722638795857802,0.7745126186444499,0.7518695185661165
797,0.9292611709948405,0.9141997156901656,0.7885397896602058,0.7772547974491723,0.7922355922409017,0.7781141178764932
798,0.8407705573372197,0.8747180851608162,0.6607152912085124,0.5106867493398288,0.5496157410727256,0.7171877275403936
799,0.9199477442207002,0.9141997156901654,0.8289381507221123,0.7772547974491723,0.8062625498691827,0.7781141178764932
800,0.9195349003748365,0.9031718252435594,0.8015726395329537,0.6650409924963714,0.7733229973367368,0.681607151887371
801,0.8946583849930043,0.8996665083279334,0.7891495521528641,0.6917305099024638,0.7483224898676167,0.7447902313803253
802,0.9008584015245195,0.9050665767249694,0.7201449478996528,0.7080247062895395,0.7680353704807187,0.69957430296518
803,0.929835186295797,0.9221147813558473,0.771888167700832,0.8566192698944782,0.7794006341171712,0.8492149129905718
804,0.8859259736394481,0.9362521808811467,0.7749929038799841,0.9024691823640081,0.7160703430312922,0.8696544290638528
805,0.9264310720485235,0.9156436138518956,0.7925575710262898,0.7230557383809474,0.7809111341148947,0.640878235316461
806,0.9292669832997135,0.901100317745305,0.8319398606105831,0.7348815375927971,0.8495801148507696,0.7660217000281323
807,0.9030121710457741,0.8996665083279334,0.8446363035735459,0.6917305099024638,0.7616748516472349,0.7447902313803254
808,0.9103079715994238,0.9133920535327201,0.6253689730647812,0.6632679127183522,0.7605516758086464,0.6252516783154141
809,0.9394146960710245,0.9133920535327201,0.7910412409902463,0.6632679127183522,0.8075931586107508,0.625251678315414
810,0.8346118133098575,0.9183679321607368,0.6145096409873291,0.7840294326629538,0.5193587134830175,0.8147301773726392
811,0.9224690543574068,0.9212367204899302,0.7667163244724032,0.8665469448164882,0.7980988708663399,0.8476723797710213
812,0.9286037000121874,0.8996665083279334,0.7662519352647843,0.6917305099024638,0.8577573504347772,0.7447902313803254
813,0.8972722014688366,0.9221147813558473,0.7625488578507239,0.8566192698944781,0.80196993633649,0.8492149129905718
814,0.9261166593843072,0.9238601362794083,0.8059422732118524,0.8017743184398946,0.7884662650894685,0.7818286524169817
815,0.9042021654975186,0.9209930674271596,0.8194212128653878,0.7979122862880065,0.8108007408229272,0.7430516016452549
816,0.9270210019522668,0.9110810246103219,0.8328076190743311,0.7722638795857801,0.772362527371405,0.7518695185661166
817,0.9169269658201611,0.8978638258492301,0.821919325119689,0.6528005615588255,0.7365638656092921,0.7248810031894461
818,0.8671930576335551,0.9185881676194675,0.6651102589705351,0.7555426377200332,0.6075777944775955,0.7228647371828715
819,0.9047376112086256,0.9158553402805047,0.7483934246287036,0.7164458055910201,0.7528734929554841,0.7033325402721409
820,0.8795654931524421,0.9110810246103218,0.7985381805772837,0.7722638795857802,0.7557033983059354,0.7518695185661165
821,0.937490859392225,0.8773386602330552,0.8144409443289999,0.46434848749084023,0.8268136249634122,0.6167664375604468
822,0.9005767476860873,0.9064105406032062,0.6537279102115683,0.7567730278336171,0.8029756497143303,0.7780870501242034
823,0.8973113018258828,0.9209930674271596,0.7593401649670951,0.7979122862880065,0.8190936998989904,0.7430516016452549
824,0.9087124122073049,0.9118368455940216,0.7615680041213905,0.7275138017648385,0.7576503611746308,0.6418578576991903
825,0.9268894001499546,0.9043233901136131,0.8304878348173892,0.6473351935096447,0.8389590785392486,0.6970615501721831
826,0.9089488461042832,0.9104423235000069,0.6627783103131031,0.7977934892039606,0.7374879446001743,0.8295709356732415
827,0.8928299759319364,0.8776405627611376,0.7626042249143786,0.5082454258782256,0.7084945890970853,0.6295838809743068
828,0.910283210092121,0.9259043616044467,0.8306605333053669,0.8812130508110183,0.8691195773477776,0.8821489970618499
829,0.9028609165871363,0.9116297526118948,0.6806248875180512,0.7193067854474582,0.6992925511464572,0.6867397881929375
830,0.9084874549489123,0.9297625180971939,0.8439972861233539,0.8665508489566299,0.8333143225082381,0.8429898840483059
831,0.934218748362529,0.9110810246103219,0.8000398185534933,0.7722638795857802,0.8414200560591742,0.7518695185661164
832,0.911365001824654,0.9076455814834749,0.6788892844509231,0.7597959675010718,0.6846296675053047,0.7457325604386229
833,0.9249198078976265,0.920488652082275,0.8332165079450791,0.8503260178703583,0.8521704403744197,0.9154573981621251
834,0.9290907095905261,0.9141997156901654,0.7521970739879891,0.7772547974491723,0.8048458772649998,0.7781141178764932
835,0.8640793118505817,0.8996665083279334,0.6071268083295089,0.6917305099024638,0.7832373868482895,0.7447902313803254
836,0.9187479445703016,0.9019379136061632,0.8090743053277347,0.6016404453808732,0.7792450185898422,0.6761654189224349
837,0.9047516323655803,0.9238601362794083,0.7232480079315708,0.8017743184398946,0.7774941370621227,0.7818286524169817
838,0.932714870113889,0.8762663735541345,0.7936155127829209,0.4269791983678519,0.8202868496154397,0.6036842837859806
839,0.9208879292931733,0.9209930674271596,0.7821227452317938,0.7979122862880065,0.7163699140965616,0.743051601645255
840,0.9242826924069223,0.8815886564652908,0.7629096268212345,0.4547879464621972,0.8279368931632298,0.5027375088290769
841,0.9225840266192897,0.9031718252435594,0.712431571233192,0.6650409924963713,0.7338759929525372,0.6816071518873709
842,0.8707118908500359,0.9097853324176656,0.8064107078279308,0.6794563862328551,0.7261122371267202,0.6276034269248463
843,0.8946377002588036,0.9062246434911096,0.7933585176834401,0.6992871970380374,0.8172409191896282,0.7198032040000828
844,0.8915442263873874,0.9073336211083483,0.7421545913167511,0.6366107199123651,0.7840914399436153,0.61315386363858
845,0.9203987632138632,0.9104423235000069,0.7758290978627417,0.7977934892039606,0.8184716321152361,0.8295709356732415
846,0.8865603649767735,0.9275264548526273,0.7856737864549863,0.8093771569338576,0.75523370976903,0.7740405094485593
847,0.9206266547327787,0.915947776696705,0.7345731656428636,0.7383158170962465,0.822872087272645,0.7884160454999873
848,0.9067702256195138,0.908553295207871,0.7508730613162189,0.7592442205157989,0.8074062799976867,0.8072720959521231
849,0.9167492440288366,0.915644714349609,0.7997847758301743,0.832925031232234,0.791875110492152,0.7643854854722378
850,0.9378507713315116,0.9218113228239508,0.8367135938510717,0.7125138579811563,0.8065767315838162,0.7248945879886313
851,0.8997632486917116,0.9073336211083483,0.676972354690696,0.6366107199123651,0.7748344546393061,0.6131538636385799
852,0.9085128029381534,0.9031718252435594,0.8104979374060768,0.6650409924963713,0.7812572995026533,0.681607151887371
853,0.8837858514785175,0.9252511242789738,0.7585680496993759,0.8314442762115996,0.7971398700585655,0.8673500053512119
854,0.9223921353768837,0.9043233901136131,0.846994422629721,0.6473351935096445,0.7671094606942654,0.6970615501721831
855,0.9127115297289696,0.9264384659300852,0.7438204704094332,0.8393054537329417,0.7657697524875783,0.8030468420196344
856,0.8940886675026476,0.9183679321607368,0.7995145456769506,0.7840294326629539,0.6670346129146908,0.8147301773726392
857,0.8757575615557116,0.8776405627611376,0.7698651863532956,0.5082454258782259,0.7060088581279699,0.6295838809743068
858,0.9222555820290201,0.8817548693913317,0.8566204929421616,0.5045734720066444,0.7751778852785874,0.4925896089192574
859,0.9081178896453658,0.9337291026988338,0.7866403292347766,0.8551306845792974,0.7521296106134685,0.8415607418822812
860,0.9258210717180643,0.8881539641750386,0.8071443070855786,0.49880120966489083,0.7801168582468638,0.24723352455856995
861,0.8644594425286333,0.919514437592666,0.8007481678822999,0.8420673338806265,0.7550542053565248,0.7861637474409726
862,0.920180018367372,0.9104423235000069,0.8027977742445602,0.7977934892039606,0.764565884825509,0.8295709356732416
863,0.9051973251729643,0.9161726846979169,0.7297620841315017,0.819384375586342,0.8014082084261611,0.8002204285601935
864,0.9237001069811229,0.8976075036990971,0.755157651071742,0.6343213588043431,0.7751132478200456,0.7506695153040142
865,0.9173311817934029,0.9104423235000069,0.8673005817891721,0.7977934892039606,0.7680217591220888,0.8295709356732415
866,0.8768820947043524,0.9297625180971939,0.6761758096254699,0.8665508489566299,0.6521620578019187,0.8429898840483059
867,0.9049546849069001,0.8724952580503715,0.7908871157586689,0.5123447492853063,0.7869439974499726,0.7781563696453794
868,0.8664757343379688,0.8996665083279334,0.6014952195205377,0.6917305099024638,0.6660966379443659,0.7447902313803253
869,0.925683294756202,0.9085532952078709,0.7758476548234858,0.7592442205157989,0.7578554746905417,0.8072720959521231
870,0.9378736972448398,0.9164573074694431,0.8351751508611647,0.8363343335968336,0.8439202594751664,0.8697379790249613
871,0.9181326141594492,0.9141997156901656,0.8345325597599131,0.7772547974491723,0.8064621199188535,0.7781141178764932
872,0.9096743370844709,0.908553295207871,0.7788804029612297,0.759244220515799,0.8528946146835935,0.8072720959521231
873,0.8876130883832509,0.9104423235000069,0.7214616326402465,0.7977934892039606,0.7868557209901843,0.8295709356732415
874,0.9036769779674033,0.9309322021101868,0.6694996928980688,0.8114476227207776,0.76565128459942,0.8156581496321026
875,0.9138851614158736,0.9104423235000069,0.8455080351455128,0.7977934892039606,0.8169980103210641,0.8295709356732415
876,0.8782214940328479,0.8815886564652908,0.7755531655912322,0.4547879464621972,0.6505846873575238,0.502737508829077
877,0.9164365331320585,0.9275927350426675,0.7439168761930718,0.8746304004539297,0.7882988251056884,0.8947217437762834
878,0.9185000982546779,0.9158553402805047,0.8783446022910901,0.7164458055910201,0.8778141609451889,0.7033325402721409
879,0.9104363111721264,0.8993296631746901,0.8295784874089746,0.6803230722635135,0.7880503116411544,0.7763900826340272
880,0.8846656853074923,0.9042026213154502,0.7448189139874779,0.7741433132940996,0.7626562519438381,0.8195454449429229
881,0.8984213155325776,0.9264384659300852,0.8253121454966846,0.8393054537329417,0.7886577007582671,0.8030468420196344
882,0.9143184076696573,0.901100317745305,0.8141028476898542,0.7348815375927973,0.7868566388749477,0.7660217000281323
883,0.9290267366697326,0.9211323649757012,0.777508031383473,0.8272245902134964,0.78498823383425,0.7743282507251863
884,0.8642438155514993,0.9235731886674612,0.7737741672971061,0.8864545421357415,0.7751119902505931,0.8297039984302031
885,0.911289713780117,0.9165059978890121,0.8254895317620592,0.7896921571417506,0.7489560560565485,0.721314198372632
886,0.9309781456678442,0.9164573074694431,0.785550684455803,0.8363343335968336,0.782431043004826,0.8697379790249613
887,0.8849190378073697,0.9157931961980419,0.4833797672224104,0.810237281626913,0.6929824391092831,0.7966987485268807
888,0.9358009190387984,0.9157931961980419,0.8475752193787831,0.8102372816269129,0.8136263743613056,0.7966987485268808
889,0.9165308570008567,0.911921490959384,0.8083467184647599,0.738458294831992,0.7847969465346071,0.7571841945065085
890,0.886117402204737,0.9264384659300852,0.7859987761453081,0.8393054537329417,0.6459519784759092,0.8030468420196343
891,0.9077677969241934,0.9362521808811467,0.8062723214120698,0.9024691823640081,0.8406471936309652,0.8696544290638528
892,0.9249333295082145,0.8776405627611376,0.728750836041941,0.5082454258782256,0.8171398328537869,0.6295838809743068
893,0.936438426610426,0.8993296631746901,0.7965669324380013,0.6803230722635136,0.8366695824252333,0.7763900826340273
894,0.9338273019398619,0.9209930674271596,0.8531579083230687,0.7979122862880064,0.8342268151561031,0.7430516016452549
895,0.8908411736779297,0.901100317745305,0.8185562621675007,0.7348815375927971,0.8135273634429123,0.7660217000281324
896,0.8912374771039608,0.9221147813558473,0.7433087079833163,0.8566192698944782,0.8489529085887264,0.8492149129905718
897,0.8914825833892164,0.9118368455940216,0.6813371491269338,0.7275138017648385,0.6540407995388029,0.6418578576991903
898,0.9187360128344455,0.9141997156901654,0.8495876929274666,0.7772547974491723,0.8128275107769645,0.7781141178764932
899,0.9349450791620817,0.9130208123204476,0.8192833378976021,0.8083900071636524,0.8733535864492921,0.7702096285373778
900,0.8971466853860655,0.9185881676194674,0.753277997552669,0.7555426377200332,0.7341064273598061,0.7228647371828715
901,0.9163937569295809,0.8993296631746901,0.8478832833055132,0.6803230722635136,0.7700737590654931,0.7763900826340273
902,0.8921889473133142,0.9111570395186827,0.8501004210415575,0.7625055172198759,0.7817967634251114,0.8470109538181517
903,0.9018089315267097,0.9157931961980419,0.764644850490269,0.810237281626913,0.81540453833748,0.7966987485268808
904,0.9185119766628247,0.9297625180971939,0.7877134710903748,0.8665508489566299,0.7049943119314177,0.8429898840483058
905,0.9206949081584732,0.9111570395186827,0.7595459331885162,0.7625055172198758,0.7623148567961454,0.8470109538181516
906,0.941179639969227,0.8817548693913317,0.8164913904061883,0.5045734720066445,0.8529142083898084,0.49258960891925774
907,0.9256629194559802,0.9209930674271596,0.8823750454799977,0.7979122862880065,0.8404452289307496,0.743051601645255
908,0.9200004384209705,0.9050665767249694,0.7960831842349888,0.7080247062895395,0.824219081823695,0.69957430296518
909,0.888804732376805,0.9073336211083483,0.6731591118037474,0.6366107199123651,0.7490976253355528,0.61315386363858
910,0.912059110956234,0.9275264548526274,0.9284868573333368,0.8093771569338576,0.7976947879923566,0.7740405094485593
911,0.9158127447371686,0.9198966283811278,0.7670301914470001,0.8195044353586294,0.7839903800919332,0.8272387669808875
912,0.8370732502095868,0.9321992053852791,0.7475478074585966,0.9020044699353877,0.5456418623455683,0.8645008562732222
913,0.9178984460157762,0.9264620038921141,0.7839007984090309,0.884481462879327,0.7815395069653499,0.8305275187465941
914,0.9024351719542083,0.9158553402805047,0.8192517932019692,0.7164458055910199,0.7553879045805799,0.7033325402721408
915,0.9237611359201696,0.9218544702404183,0.8768866421127378,0.8702918223302617,0.7608351272672357,0.8031314970426409
916,0.9279490576044095,0.9284073977426816,0.7867359280241122,0.9006783222680399,0.7898465103390923,0.8580925178825867
917,0.9008315960599802,0.9043233901136131,0.753495069957966,0.6473351935096447,0.759572081007363,0.6970615501721831
918,0.9313544403966626,0.9019379136061632,0.6851633066385117,0.6016404453808735,0.79960103562399,0.6761654189224349
919,0.9040581690974735,0.9105204163901863,0.7304136900019599,0.8166813387725305,0.8125334602261168,0.8073474767836354
920,0.9320134455700633,0.9076455814834749,0.8359942338324201,0.7597959675010718,0.797990079004337,0.7457325604386229
921,0.9077188108916835,0.895220511858438,0.7652017841731958,0.7111165525463168,0.772911576460408,0.8491480705310277
922,0.9178740092342729,0.8996665083279334,0.8149570038863044,0.6917305099024638,0.8086772093656139,0.7447902313803254
923,0.896160819641697,0.9173750708918675,0.8273760426175015,0.854551633438775,0.7861604428512887,0.8195175299573884
924,0.9322044521699875,0.9111570395186827,0.795213737849503,0.7625055172198759,0.8428032987071185,0.8470109538181516
925,0.9274863644989968,0.8846469356986844,0.7784169965597023,0.35853409971158157,0.810702527885732,0.37933726520794253
926,0.8842693520603205,0.9062246434911096,0.7436288485294356,0.6992871970380374,0.7264227705263417,0.7198032040000828
927,0.9230118873951944,0.919514437592666,0.8262584852510139,0.8420673338806265,0.8623588675016846,0.7861637474409726
928,0.9282362839763529,0.9209930674271596,0.7591246975566384,0.7979122862880065,0.8217422514446084,0.743051601645255
929,0.9119173509263647,0.9141997156901656,0.7663066614144476,0.7772547974491723,0.7920584238731916,0.7781141178764932
930,0.9142720375946629,0.9259043616044467,0.7375994685775134,0.8812130508110182,0.7749369629028265,0.8821489970618499
931,0.929109385702387,0.9218544702404183,0.8052129479475256,0.8702918223302617,0.8234781583518533,0.8031314970426408
932,0.9254845941015273,0.9198966283811278,0.7427957963016855,0.8195044353586293,0.7773099092196332,0.8272387669808875
933,0.9274813717345191,0.9064105406032062,0.7105472556591068,0.7567730278336171,0.6569576006287313,0.7780870501242034
934,0.9191159152835531,0.9135029164595004,0.8151923410050074,0.7825007975290319,0.7898905280665615,0.6561989018071509
935,0.9361235323332295,0.9209930674271596,0.7374518516946851,0.7979122862880065,0.843716662977694,0.7430516016452549
936,0.9209265500918697,0.8993296631746901,0.9054597841218891,0.6803230722635135,0.8306565355793054,0.7763900826340272
937,0.8788773155228805,0.9198966283811278,0.6256472453907731,0.8195044353586294,0.5883255113864458,0.8272387669808875
938,0.9390557943584479,0.9212367204899302,0.8447299996973494,0.8665469448164882,0.8918779645545468,0.8476723797710213
939,0.9174672928566517,0.9179603320946729,0.786951394569606,0.842801866670162,0.7195732611651455,0.8154783278958107
940,0.9169663169918304,0.9183679321607368,0.7161860700515433,0.784029432662954,0.7787139166939876,0.8147301773726392
941,0.8805964422914899,0.9238601362794083,0.8406038262314718,0.8017743184398946,0.8308057764226339,0.7818286524169817
942,0.9368308432442943,0.9230964983719996,0.7712601959978067,0.8443837152243572,0.830952620061814,0.7643716417877402
943,0.9058226593690875,0.9248450440750264,0.7881818027836565,0.758533801943485,0.7346265407998817,0.7484995396441084
944,0.9268896934853602,0.8744467327333997,0.8310646108438419,0.5572568185063389,0.839095069262142,0.7429355886711377
945,0.906495811623045,0.9140504896103564,0.5597899840161823,0.8445521672962808,0.5929901794436583,0.7957178790713646
946,0.933511916904901,0.9104423235000069,0.877051314220907,0.7977934892039606,0.7916007189524631,0.8295709356732415
947,0.9304724628827414,0.9141997156901656,0.8127009185369534,0.7772547974491723,0.8307639840020637,0.7781141178764932
948,0.8929202737697546,0.9164573074694431,0.7339089067996285,0.8363343335968336,0.7662556256163453,0.8697379790249613
949,0.9077736754603654,0.917984295562509,0.825108284318571,0.8585602377749768,0.7965181016114536,0.7801686149394131
950,0.9202240908626877,0.8993296631746901,0.760158441314625,0.6803230722635135,0.7810450332840115,0.7763900826340272
951,0.9232950770221301,0.9083062171734734,0.8430846603800235,0.7902685572436167,0.7809256704101379,0.7967249084039157
952,0.8944887574809686,0.9186586371523523,0.8079739550897007,0.7942983102988643,0.7736530186742631,0.7558726404600185
953,0.8897713868384696,0.8966309994878482,0.8070357357569947,0.7168858075808276,0.8317435983312452,0.8034509716534401
954,0.8946169237608729,0.911921490959384,0.7734805922822967,0.738458294831992,0.7339159304665408,0.7571841945065084
955,0.8782872991838527,0.9104423235000069,0.7983570917664644,0.7977934892039606,0.7615523032468096,0.8295709356732415
956,0.9148855247097183,0.9297625180971939,0.6839880779331632,0.8665508489566299,0.7270071419194813,0.8429898840483058
957,0.9164385778703353,0.9141997156901654,0.7822318072454133,0.7772547974491723,0.8075433664175224,0.7781141178764932
958,0.8800882010638419,0.9076455814834749,0.7450447424043982,0.7597959675010717,0.7340750473328514,0.7457325604386228
959,0.8144665826808009,0.9221147813558473,0.6530978912188088,0.8566192698944781,0.5865365412291399,0.8492149129905718
960,0.9180301392522716,0.9064105406032062,0.7056701492636157,0.7567730278336171,0.8125522249270565,0.7780870501242034
961,0.9262560715191138,0.8940295803260082,0.780365441140612,0.6647974448483605,0.8063547295083073,0.8190342003297971
962,0.9097834629894024,0.9185881676194674,0.7427433886681195,0.7555426377200332,0.7367216625914921,0.7228647371828715
963,0.8659774824587811,0.9141997156901654,0.7590795645021065,0.7772547974491723,0.6763414110030759,0.7781141178764932
964,0.905651848993432,0.9185881676194675,0.7361265799644168,0.7555426377200332,0.8071303882195209,0.7228647371828714
965,0.9310583719629241,0.9145880702408675,0.8605139818025784,0.831856650088185,0.8131170125848401,0.78891344029796
966,0.8948747120660883,0.9097853324176656,0.8069161168547495,0.679456386232855,0.7400408028579991,0.6276034269248464
967,0.8959802669033297,0.9185881676194675,0.5955558027412744,0.7555426377200332,0.6676995457536945,0.7228647371828715
968,0.9229471525279191,0.9064105406032062,0.8665590280429278,0.7567730278336171,0.8081791958323534,0.7780870501242034
969,0.9309638385379595,0.9104423235000069,0.8440184720507204,0.7977934892039606,0.8851422323995778,0.8295709356732415
970,0.8196874100143946,0.9145880702408675,0.7660737512994352,0.831856650088185,0.6294462476275235,0.7889134402979601
971,0.8854406705798137,0.9238601362794083,0.6022187158977441,0.8017743184398946,0.5922393633830982,0.7818286524169817
972,0.8239012691673238,0.9062246434911096,0.6338634196779537,0.6992871970380374,0.6390426735000787,0.7198032040000827
973,0.9057496206840574,0.9264384659300852,0.8097921542204496,0.8393054537329417,0.7506118811383435,0.8030468420196344
974,0.9049501940193798,0.9088617091579041,0.7734562041650673,0.738526752652511,0.6526390830039863,0.7339407895625497
975,0.9187733757689998,0.9221147813558473,0.8370629782339684,0.8566192698944781,0.7940582799051709,0.8492149129905718
976,0.9427647424017123,0.8776405627611376,0.8443500920210106,0.5082454258782257,0.858994005286411,0.6295838809743068
977,0.9267053334609665,0.901100317745305,0.811354801946072,0.7348815375927971,0.8003471380536072,0.7660217000281323
978,0.9319184880548366,0.9198966283811278,0.7467702185411709,0.8195044353586294,0.7722633724270233,0.8272387669808875
979,0.9209467761830957,0.9141997156901654,0.8240355559847335,0.7772547974491723,0.8010455652969037,0.7781141178764932
980,0.846730417050054,0.8881539641750386,0.7364561921199316,0.49880120966489083,0.7316712809350627,0.24723352455857006
981,0.9318719507545375,0.8817548693913317,0.7859644319837977,0.5045734720066446,0.8403911772612622,0.4925896089192576
982,0.9251766428742003,0.9221147813558473,0.8413835234200048,0.8566192698944782,0.8365621064139609,0.8492149129905718
983,0.8937694861963668,0.9198966283811278,0.6567085218659598,0.8195044353586293,0.7176181022547949,0.8272387669808875
984,0.9288524242778522,0.8952370290992359,0.7765892450797058,0.6778755146742795,0.8361384483997801,0.781224123129059
985,0.9126823720957158,0.8773386602330552,0.6572343135969503,0.46434848749084023,0.7539489584782753,0.6167664375604469
986,0.9081738136883359,0.9183679321607368,0.6960679609062538,0.7840294326629539,0.7633679727530411,0.8147301773726392
987,0.9173120135073488,0.9211323649757012,0.7297097025318189,0.8272245902134964,0.7375311451747283,0.7743282507251863
988,0.9304674769261715,0.901100317745305,0.8460151823825157,0.7348815375927972,0.807715695034628,0.7660217000281323
989,0.8196856311095461,0.8976075036990971,0.665825641128618,0.6343213588043431,0.40801333488866365,0.7506695153040142
990,0.9033278888492384,0.9118368455940216,0.6954036556181467,0.7275138017648385,0.624306206248483,0.6418578576991903
991,0.8544315784782898,0.9050665767249694,0.51607554052383,0.7080247062895396,0.49688458506748334,0.69957430296518
992,0.8815798785509658,0.9110810246103218,0.7561206282949064,0.7722638795857802,0.6161419024331682,0.7518695185661165
993,0.929776155451326,0.9221147813558473,0.8732882413736989,0.8566192698944781,0.8278862889733132,0.8492149129905718
994,0.9232547052475102,0.9019379136061632,0.814842854533278,0.6016404453808735,0.792157917390001,0.6761654189224349
995,0.8586074333988488,0.9164573074694431,0.6079274131340378,0.8363343335968336,0.6364546194926104,0.8697379790249613
996,0.9308668260643768,0.908553295207871,0.7701324880512306,0.759244220515799,0.7932263134173465,0.8072720959521231
997,0.8527839213892012,0.8940295803260082,0.6798788003187707,0.6647974448483605,0.6659809019939591,0.8190342003297971
998,0.9226292135791914,0.9230964983719996,0.8568410119542152,0.8443837152243571,0.815270047570885,0.7643716417877403
999,0.919053968760142,0.920488652082275,0.727661567080301,0.8503260178703583,0.8068512479711649,0.9154573981621251
1000,0.9190993168986161,0.919514437592666,0.7633379246720092,0.8420673338806265,0.7338102825327727,0.7861637474409725
1001,0.9192355119300648,0.8742730404925069,0.6631410229209682,0.47133951226001425,0.7722640962165774,0.6950339393988647
1002,0.9064035167712954,0.8978638258492301,0.5264629362620048,0.6528005615588255,0.6309858148126728,0.7248810031894461
1003,0.8922683156435308,0.8773386602330552,0.8203738149962231,0.46434848749084023,0.8035413420446706,0.6167664375604468
1004,0.8988856788970306,0.901100317745305,0.8180998243531831,0.7348815375927972,0.7341718650260016,0.7660217000281324
1005,0.8913966065962754,0.9159477766967051,0.7567634930056568,0.7383158170962465,0.7597751295688554,0.7884160454999872
1006,0.8610992912985164,0.9031718252435594,0.7413631327492751,0.6650409924963713,0.6878488940908551,0.6816071518873709
1007,0.9038156766534291,0.9110810246103219,0.8328675209515357,0.7722638795857801,0.7882891383367417,0.7518695185661164
1008,0.9151250451453802,0.9209930674271596,0.7990569480711389,0.7979122862880065,0.7059956958072837,0.7430516016452549
1009,0.9279389181063461,0.9073336211083483,0.7980325140320027,0.6366107199123651,0.79437537661846,0.61315386363858
1010,0.9194097053030755,0.9071201636850629,0.7962293413765259,0.7852760516504913,0.8253875413015286,0.9013877039815487
1011,0.9135010979836262,0.9133920535327201,0.7666998471621956,0.6632679127183523,0.7357885666936776,0.6252516783154138
1012,0.9129742144068198,0.9238601362794083,0.8600779945488879,0.8017743184398946,0.7654276011071326,0.7818286524169817
1013,0.9126732097563155,0.8762663735541345,0.8054985573769107,0.4269791983678518,0.772873195839843,0.6036842837859805
1014,0.8805889990817104,0.8952370290992359,0.7136721527234452,0.6778755146742796,0.6734295640268557,0.7812241231290589
1015,0.9084087036834299,0.9019379136061632,0.737258788868462,0.6016404453808735,0.7533383498297417,0.6761654189224349
1016,0.8966925268846812,0.9158553402805047,0.786728870569024,0.7164458055910199,0.7310984718215483,0.7033325402721409
1017,0.9168360071319658,0.8996665083279334,0.8337085346158736,0.6917305099024638,0.7778916640370409,0.7447902313803254
1018,0.8962879491785608,0.9218113228239508,0.7745485151516678,0.7125138579811563,0.7899430039286128,0.7248945879886314
1019,0.9356449087854044,0.8993296631746901,0.8139186533358285,0.6803230722635135,0.811540769197803,0.7763900826340272
1020,0.9229114265392835,0.9185881676194675,0.8894158302930143,0.7555426377200332,0.8562866048136492,0.7228647371828714
1021,0.934672867329462,0.919514437592666,0.8284632589070979,0.8420673338806265,0.7560652213836789,0.7861637474409725
1022,0.9282068031237738,0.9252511242789738,0.7740652249648748,0.8314442762115996,0.8056140594676429,0.8673500053512119
1023,0.9193631430409773,0.9083062171734734,0.8076727501924661,0.7902685572436167,0.7902316013101813,0.7967249084039157
1024,0.9326761812978442,0.9062246434911096,0.8637939673384478,0.6992871970380374,0.8508837415159554,0.7198032040000827
1025,0.9295168343404046,0.9062246434911096,0.8346455934571947,0.6992871970380374,0.8804350557369992,0.7198032040000828
1026,0.9298198860822504,0.9043233901136131,0.833190187835415,0.6473351935096446,0.8608520689997405,0.6970615501721831
1027,0.9341981547669063,0.9062246434911096,0.7827424091006625,0.6992871970380374,0.787497459876581,0.7198032040000828
1028,0.9341967481142273,0.9161726846979169,0.8605375268350877,0.819384375586342,0.8291591522768565,0.8002204285601935
1029,0.8955538625553241,0.9110810246103218,0.5810059640334576,0.7722638795857802,0.822583745631202,0.7518695185661164
1030,0.9323707290346211,0.9043233901136131,0.8118608861841444,0.6473351935096447,0.8148779450809782,0.6970615501721831
1031,0.9171947392023676,0.9076455814834749,0.7882596489154844,0.7597959675010717,0.8132725532159952,0.7457325604386229
1032,0.9261346670203228,0.8996665083279334,0.8377626861823241,0.6917305099024638,0.8156577906731917,0.7447902313803253
1033,0.933620812822324,0.9097853324176656,0.7908111231783476,0.6794563862328551,0.8165898343814084,0.6276034269248465
1034,0.9259854084226278,0.9164573074694431,0.7835794017052514,0.8363343335968336,0.8168080957260664,0.8697379790249613
1035,0.8712073404833882,0.8966309994878482,0.6200124194846104,0.7168858075808276,0.6504580977682572,0.8034509716534401
1036,0.8943972080359215,0.9073336211083483,0.734477871923583,0.6366107199123651,0.7268809323822116,0.61315386363858
1037,0.875096206409916,0.9062246434911096,0.7739866932840552,0.6992871970380374,0.7168714717050939,0.7198032040000828
1038,0.9139192590648008,0.8940295803260082,0.7138309246062151,0.6647974448483605,0.7748418854014689,0.8190342003297971
1039,0.9206494138966774,0.9161726846979169,0.840970598935028,0.819384375586342,0.782128072365726,0.8002204285601935
1040,0.9345208588279426,0.9198966283811278,0.798801669638679,0.8195044353586293,0.7878244667269505,0.8272387669808875
1041,0.9398392417478161,0.9088617091579041,0.7580646241525141,0.738526752652511,0.8180709494363774,0.7339407895625496
1042,0.9045221741552825,0.911921490959384,0.8272087875117489,0.738458294831992,0.6983521950429687,0.7571841945065085
1043,0.9272485489976462,0.908553295207871,0.8444760554542677,0.7592442205157989,0.841573733971859,0.8072720959521231
1044,0.9115119876368797,0.9164573074694431,0.7747680443159309,0.8363343335968336,0.7503760528537494,0.8697379790249613
1045,0.9000741461391227,0.8747180851608162,0.7610113440213586,0.5106867493398288,0.6870513967179488,0.7171877275403936
1046,0.9345948457237414,0.9111570395186828,0.8902139073524925,0.7625055172198758,0.840538434426819,0.8470109538181516
1047,0.9341631569326933,0.9259043616044467,0.7931923878843737,0.8812130508110182,0.7883078937402649,0.88214899706185
1048,0.9164451385400508,0.9062246434911096,0.8069559253445333,0.6992871970380374,0.713090475660652,0.7198032040000828
1049,0.870498098459292,0.9076455814834749,0.6071796546374517,0.7597959675010717,0.6967194779462098,0.7457325604386228
1050,0.910223936302809,0.9212367204899302,0.7655800294766388,0.8665469448164882,0.7510894111545938,0.8476723797710213
1051,0.9256534993650934,0.9221147813558473,0.8076947647204289,0.8566192698944781,0.7882023663734372,0.8492149129905718
1052,0.927860584930626,0.9050665767249694,0.7281363787521166,0.7080247062895395,0.8600727795722897,0.6995743029651799
1053,0.9108446877565181,0.9183679321607368,0.7333138821194615,0.7840294326629538,0.7439014148556744,0.8147301773726392
1054,0.9197021365492748,0.9104423235000069,0.8169459426452096,0.7977934892039606,0.754577501096455,0.8295709356732415
1055,0.9081796879639057,0.908553295207871,0.8125613134313306,0.7592442205157989,0.6917093361216854,0.8072720959521231
1056,0.8924553327365676,0.9056046581479117,0.6823959647779064,0.778937106538694,0.63988203080882,0.8540855718197264
1057,0.9001021578530127,0.9106577977881302,0.7627685390816256,0.6118137341995595,0.8028522029094546,0.6098833062773644
1058,0.9061991688998534,0.8815355208545403,0.8147521230816956,0.32588056225834194,0.7640712936095622,0.38898077391495056
1059,0.9253790664236976,0.9071201636850629,0.8538075563980178,0.7852760516504913,0.814140606385553,0.9013877039815488
1060,0.8939269897017423,0.9297625180971939,0.7547656748918167,0.86655084895663,0.6607737874633044,0.8429898840483059
1061,0.8878121226193025,0.9221147813558473,0.7733302662463191,0.8566192698944782,0.7337262593834706,0.8492149129905718
1062,0.8936527969653301,0.9209930674271596,0.8830394586092045,0.7979122862880064,0.7463903555291809,0.743051601645255
1063,0.9134252847914054,0.913071368754977,0.7678077989767137,0.8079730930648912,0.7627505777319845,0.8758636492262541
1064,0.9198826149121264,0.8881539641750384,0.8016930872431369,0.49880120966489083,0.8423785448164273,0.24723352455856995
1065,0.9040370363445496,0.9252511242789738,0.7705397470066271,0.8314442762115996,0.8385469904190843,0.8673500053512119
1066,0.8779868534817892,0.9240954657552662,0.6662685872817399,0.8530630073291577,0.7040941413540006,0.8117740497190383
1067,0.9319918061614367,0.8966309994878482,0.8145601661352587,0.7168858075808276,0.8589008664034682,0.8034509716534401
1068,0.924878162465432,0.9397791980096228,0.7401115662491144,0.9242076890423424,0.7852097430533223,0.9087559665924014
1069,0.8981034131946293,0.913071368754977,0.783637591231927,0.8079730930648912,0.7493670327618978,0.8758636492262541
1070,0.9071086416781915,0.8742730404925069,0.7532595236920043,0.47133951226001425,0.8251314626771659,0.6950339393988647
1071,0.9323914079261254,0.9264620038921141,0.8115638401494569,0.884481462879327,0.81492452064996,0.8305275187465941
1072,0.9293747606080066,0.9158553402805047,0.7649769690346658,0.7164458055910201,0.8770024302281819,0.7033325402721409
1073,0.9169612635248271,0.9259043616044467,0.732043262028794,0.8812130508110182,0.8103504589147903,0.8821489970618499
1074,0.9381750770886055,0.9209930674271596,0.8084665794850893,0.7979122862880065,0.7643621957560143,0.743051601645255
1075,0.9150874093946033,0.913071368754977,0.7986665827463867,0.8079730930648912,0.7929059780093191,0.8758636492262541
1076,0.9142263421709562,0.9088617091579041,0.8556544393213141,0.738526752652511,0.7603459620668778,0.7339407895625497
1077,0.873896070416494,0.9130208123204476,0.6663264389985725,0.8083900071636523,0.8054827567237551,0.770209628537378
1078,0.9042587658424089,0.9179603320946729,0.791100263144572,0.842801866670162,0.8173887485287705,0.8154783278958107
1079,0.9024878188763867,0.913071368754977,0.8613625976251202,0.8079730930648912,0.7466016195543592,0.8758636492262541
1080,0.9120064639040847,0.9179603320946729,0.7924491394901638,0.842801866670162,0.8512894671017692,0.8154783278958107
1081,0.9048131374044599,0.8996665083279334,0.7777293106815278,0.6917305099024638,0.7624730291568843,0.7447902313803254
1082,0.9051422444260155,0.9198966283811278,0.6777855641275317,0.8195044353586294,0.6992022309004793,0.8272387669808875
1083,0.9203461748253038,0.911921490959384,0.6764393353573863,0.738458294831992,0.7730672984476094,0.7571841945065084
1084,0.884096522075697,0.9097853324176656,0.7813927206955972,0.6794563862328551,0.7193772768185901,0.6276034269248463
1085,0.91500271293004,0.9238601362794083,0.8015666965447452,0.8017743184398946,0.6766226181095116,0.7818286524169817
1086,0.9162505071162866,0.9043233901136131,0.7682436101160421,0.6473351935096447,0.7506185234242136,0.6970615501721831
1087,0.9168056949380052,0.9097853324176656,0.7859178755119153,0.679456386232855,0.7945751393125209,0.6276034269248464
1088,0.8985357761058543,0.9211323649757012,0.7606910161105755,0.8272245902134964,0.7096041808638172,0.7743282507251862
1089,0.8954115173021935,0.9062246434911096,0.6145948457578684,0.6992871970380374,0.7449410006671773,0.7198032040000827
1090,0.9241241824355434,0.9161726846979169,0.8071501170805743,0.8193843755863421,0.7797922899795835,0.8002204285601935
1091,0.9292704230830255,0.9142197190626098,0.7339989369539904,0.753331234938922,0.824867562131045,0.7039891013645033
1092,0.9097540944066221,0.9141997156901654,0.7512015876985001,0.7772547974491723,0.7918607966346938,0.7781141178764932
1093,0.9352610587747032,0.8817548693913317,0.7962769553811893,0.5045734720066444,0.805580895685728,0.4925896089192575
1094,0.9228562770289127,0.9064105406032062,0.8410874937027271,0.7567730278336171,0.838854350440438,0.7780870501242034
1095,0.9222623637398308,0.913071368754977,0.7279909641849494,0.8079730930648912,0.805043302964576,0.8758636492262541
1096,0.8930561311041134,0.9141997156901654,0.8814665575696956,0.7772547974491723,0.7923231546405375,0.7781141178764932
1097,0.9274573348769592,0.8976075036990971,0.7477748835910609,0.634321358804343,0.8052972223236838,0.7506695153040142
1098,0.8761893696996258,0.9248450440750264,0.598562069015506,0.7585338019434849,0.8113601844587132,0.7484995396441084
1099,0.9349371391529664,0.9198966283811278,0.8014533691428715,0.8195044353586294,0.852343325987805,0.8272387669808875
1100,0.9007496236314767,0.9111570395186827,0.7926806574424143,0.7625055172198758,0.6781312302378211,0.8470109538181516
1101,0.9188511264618233,0.8724952580503715,0.867528933656336,0.5123447492853063,0.8496492506102373,0.7781563696453793
1102,0.8658580778808134,0.9342719343034127,0.8003699945641287,0.9177992448031734,0.7476643325582076,0.8922149062593034
1103,0.9047386307816475,0.9185881676194675,0.7728482848010388,0.7555426377200332,0.7776136178318719,0.7228647371828714
1104,0.9211928695518317,0.8940295803260082,0.8404564608656737,0.6647974448483605,0.7876792975443168,0.8190342003297971
1105,0.9320382630165247,0.9104423235000069,0.8432335031164666,0.7977934892039606,0.8786441251824603,0.8295709356732415
1106,0.8746159784971259,0.9211323649757012,0.7872314633888089,0.8272245902134964,0.7406409596768408,0.7743282507251863
1107,0.9044009253588341,0.8996665083279334,0.7981204978647819,0.6917305099024638,0.8110609466374772,0.7447902313803254
1108,0.9063544516565403,0.8996665083279334,0.7861098056708449,0.6917305099024638,0.7092445612520349,0.7447902313803253
1109,0.9263711146347483,0.9275264548526274,0.782133683170896,0.8093771569338576,0.7795456210932801,0.7740405094485594
1110,0.92682349634452,0.9157931961980419,0.7379978138657292,0.810237281626913,0.6709401480557684,0.7966987485268808
1111,0.9003627461597365,0.9005893271638687,0.7498730861262878,0.7327651535422757,0.8348002361103598,0.8056791960910571
1112,0.9135939144245852,0.8880318814140042,0.6797958756358237,0.44113632088326926,0.7423305570073228,0.32071000525242543
1113,0.9163056182353546,0.8805169556020322,0.7509289610546585,0.41387762702908204,0.7501736485169036,0.5050274642130563
1114,0.9269100225388216,0.9264620038921141,0.812281996847111,0.884481462879327,0.8485782817223926,0.8305275187465941
1115,0.9081186981544396,0.908553295207871,0.845991585200319,0.7592442205157989,0.754592868443688,0.8072720959521231
1116,0.9063407915474233,0.9235731886674612,0.762790269655158,0.8864545421357415,0.7990842411936178,0.829703998430203
1117,0.8946352450958595,0.9161726846979169,0.73588013647502,0.819384375586342,0.6983020370009364,0.8002204285601935
1118,0.8845749115604492,0.908553295207871,0.664821655994678,0.7592442205157989,0.6950582423523868,0.8072720959521231
1119,0.9095055838807432,0.9043233901136131,0.7534598200424283,0.6473351935096445,0.7375435153694845,0.6970615501721831
1120,0.8926974866168925,0.9161726846979169,0.6969932856251917,0.8193843755863421,0.6964808293521186,0.8002204285601935
1121,0.9211346239442051,0.9043233901136131,0.724272400015298,0.6473351935096447,0.8067969555393446,0.6970615501721831
1122,0.914434101287136,0.911921490959384,0.8106071601541659,0.738458294831992,0.8058271901420355,0.7571841945065085
1123,0.8769896031138962,0.8817548693913317,0.6659627035934553,0.5045734720066446,0.7184538784203753,0.4925896089192576
1124,0.907482920263229,0.9186586371523523,0.6935774764142074,0.7942983102988643,0.7829837649766183,0.7558726404600185
1125,0.9053283252476061,0.8762663735541345,0.7973879630047828,0.4269791983678518,0.8014262347593378,0.6036842837859806
1126,0.9145692209561164,0.9161726846979169,0.8361687960883211,0.819384375586342,0.8456084561162689,0.8002204285601935
1127,0.8875335872874835,0.9161726846979169,0.744673375070972,0.8193843755863421,0.798098688347306,0.8002204285601935
1128,0.860378397756258,0.901100317745305,0.8420795907849569,0.7348815375927972,0.8316161081679943,0.7660217000281324
1129,0.8793663912664083,0.9209930674271596,0.7934120703144026,0.7979122862880065,0.6685790250577289,0.7430516016452549
1130,0.902266293072135,0.9133920535327201,0.7577593292656082,0.6632679127183522,0.7707798937400674,0.625251678315414
1131,0.9359785007778954,0.9275927350426675,0.7718720199250977,0.8746304004539297,0.788875466633978,0.8947217437762834
1132,0.8959867340674692,0.9088617091579041,0.7961883935041146,0.738526752652511,0.7807418014908134,0.7339407895625497
1133,0.9225698963986264,0.9218544702404183,0.7209324015580127,0.8702918223302617,0.7249166468501791,0.8031314970426409
1134,0.8829847526487165,0.911921490959384,0.7553921203923827,0.738458294831992,0.7199835710000596,0.7571841945065084
1135,0.8930495212352498,0.9204498152169428,0.6971151531977207,0.8346319399558023,0.8337389475505931,0.8439112770331831
1136,0.9147470923164935,0.9008835420858478,0.8248683789791329,0.6261589318142438,0.7993837525734031,0.6641439006892255
1137,0.8667178510582354,0.9161726846979169,0.7405721842944188,0.819384375586342,0.8191824151328639,0.8002204285601935
1138,0.887321336547019,0.9141997156901654,0.7858693849894844,0.7772547974491723,0.7643653259371925,0.7781141178764932
1139,0.8783174093097935,0.8817548693913317,0.568067705890252,0.5045734720066446,0.7244495324520586,0.4925896089192575
1140,0.9168902018221302,0.9062246434911096,0.8065763553058892,0.6992871970380374,0.7122981223367298,0.7198032040000828
1141,0.9145528676926159,0.9179603320946729,0.7098699929472222,0.842801866670162,0.817415425249504,0.8154783278958107
1142,0.921390937529942,0.9248450440750264,0.8342487373255871,0.7585338019434849,0.7931141802236412,0.7484995396441084
1143,0.9182498858386106,0.9183679321607368,0.7165860114905123,0.7840294326629538,0.875260754041276,0.8147301773726392
1144,0.8807784536915702,0.9161726846979169,0.7386398087651087,0.819384375586342,0.7039552557628124,0.8002204285601935
1145,0.9110619512730149,0.9161726846979169,0.7995011026713873,0.819384375586342,0.7864299239504946,0.8002204285601935
1146,0.897414533968057,0.9264384659300852,0.729041194762691,0.8393054537329417,0.7102005291489334,0.8030468420196344
1147,0.9042168559754176,0.9031718252435594,0.7006786670992238,0.6650409924963714,0.6707360157617166,0.6816071518873709
1148,0.8950616640136683,0.913071368754977,0.7165917416683454,0.8079730930648912,0.6856803069514337,0.8758636492262541
1149,0.930992621591548,0.9185881676194675,0.8381780175245932,0.7555426377200332,0.7197014537936046,0.7228647371828714
1150,0.8663856200620815,0.9110810246103219,0.8190383436534514,0.7722638795857801,0.7722279021592675,0.7518695185661165
1151,0.8812057128080004,0.901100317745305,0.7213425934105666,0.7348815375927971,0.7465957605156033,0.7660217000281323
1152,0.9033453566302604,0.9211323649757012,0.8408634021566753,0.8272245902134964,0.779497313797241,0.7743282507251863
1153,0.9088781079830448,0.8817548693913317,0.788738133656115,0.5045734720066444,0.849209379855229,0.4925896089192576
1154,0.9318277570789827,0.9264384659300852,0.8215279435375789,0.8393054537329417,0.7843780516398972,0.8030468420196344
1155,0.9253985163367333,0.911921490959384,0.7523626085490339,0.7384582948319921,0.7789060170827518,0.7571841945065084
1156,0.8415744933941411,0.911921490959384,0.8622729981986567,0.738458294831992,0.6936582428322562,0.7571841945065084
1157,0.9145563062228146,0.9221147813558473,0.7138471924308993,0.8566192698944781,0.7696067091322635,0.8492149129905718
1158,0.9243226445282926,0.9142197190626098,0.8415584360924305,0.753331234938922,0.8361579765649121,0.7039891013645034
1159,0.9366380562413726,0.9212367204899302,0.8085670277535553,0.8665469448164882,0.8441102832661137,0.8476723797710213
1160,0.9028472290139784,0.9031718252435594,0.729948356707349,0.6650409924963713,0.6554492728319626,0.681607151887371
1161,0.8982239351749841,0.9065809350778434,0.8274617716514175,0.756360449819991,0.7845379994394225,0.7185414910690807
1162,0.8803401862269509,0.9142197190626098,0.8774590974214361,0.753331234938922,0.6923369256513738,0.7039891013645034
1163,0.8788661103087299,0.9183679321607368,0.7813650195266137,0.7840294326629539,0.7563687073537064,0.8147301773726392
1164,0.9240992731139716,0.9050665767249694,0.8114420150662727,0.7080247062895395,0.8052343890296864,0.6995743029651799
1165,0.9197044206072209,0.8880318814140042,0.7651486836241403,0.44113632088326926,0.8092942894174058,0.32071000525242543
1166,0.9216565490358029,0.9064105406032062,0.7456415575598482,0.7567730278336171,0.7551006208818867,0.7780870501242034
1167,0.9140102989515276,0.9065809350778434,0.7470766591280122,0.756360449819991,0.7096625281040235,0.7185414910690806
1168,0.8991348572495872,0.9164573074694431,0.6608591317427919,0.8363343335968336,0.6408174664595014,0.8697379790249613
1169,0.9416718497621414,0.9221147813558473,0.9096702502640505,0.8566192698944782,0.8509099672884303,0.8492149129905718
1170,0.8830738958769857,0.8815886564652908,0.6966395974601294,0.4547879464621972,0.8042931707678074,0.502737508829077
1171,0.9268489010207017,0.9209930674271596,0.8092084094760382,0.7979122862880065,0.9066489419412324,0.7430516016452549
1172,0.933011231420356,0.913240505952346,0.7738078303861837,0.8254289231005157,0.8989223572628924,0.8350584377661716
1173,0.9276878538114895,0.9233466768063191,0.7314880300364867,0.8620522961618825,0.8079738652440417,0.793103856468952
1174,0.9045815814499722,0.9179603320946729,0.8404328053080062,0.842801866670162,0.8356770488233706,0.8154783278958107
1175,0.9048592681789126,0.8742730404925069,0.7002975756652909,0.47133951226001425,0.672830991069135,0.6950339393988647
1176,0.9154182672676904,0.9071201636850629,0.7980218305032448,0.7852760516504913,0.8473703332013091,0.9013877039815487
1177,0.8851017131299278,0.8978638258492301,0.6506963770950875,0.6528005615588255,0.6576803681497878,0.7248810031894461
1178,0.876276559505926,0.9191392595949737,0.7131963212497885,0.8484820568781019,0.6730301056853218,0.768211413077997
1179,0.917968320696725,0.890970475601625,0.8387555333550677,0.6933472021062019,0.7367413612362675,0.8821960347121759
1180,0.9049196203394931,0.8996665083279334,0.6810647033037946,0.6917305099024638,0.8260603941960971,0.7447902313803253
1181,0.8667512662140555,0.9106577977881302,0.6353759366227537,0.6118137341995595,0.6032959132750845,0.6098833062773644
1182,0.9273688831813683,0.8996665083279334,0.7906286177850806,0.6917305099024638,0.7769939633120361,0.7447902313803253
1183,0.894239429764875,0.9198966283811278,0.6530690384983482,0.8195044353586293,0.6847489180924584,0.8272387669808875
1184,0.9316644182298871,0.911921490959384,0.8372060937770889,0.738458294831992,0.82290761697557,0.7571841945065085
1185,0.918703921354921,0.9185126631065446,0.7039410332976608,0.8289263170200285,0.805211452584674,0.738975098525988
1186,0.8874329058242141,0.9157931961980419,0.7318175593819749,0.810237281626913,0.6790271824421468,0.7966987485268807
1187,0.9238865455289664,0.9252511242789738,0.8542225770650598,0.8314442762115996,0.6962625569293341,0.8673500053512119
1188,0.9298733454857918,0.9064105406032062,0.7952842667252608,0.7567730278336171,0.7970978582257424,0.7780870501242034
1189,0.8887964917767844,0.8952370290992359,0.7846490842158038,0.6778755146742795,0.7742021531540857,0.781224123129059
1190,0.8757842567644144,0.9076455814834747,0.7076133985935646,0.7597959675010717,0.7782653737159654,0.7457325604386229
1191,0.9242555374806717,0.9141997156901654,0.706349684498278,0.7772547974491723,0.7943341389578241,0.7781141178764932
1192,0.8945731196225821,0.9104423235000069,0.7473802252592505,0.7977934892039606,0.7152723351023371,0.8295709356732415
1193,0.8990426716991992,0.8747180851608162,0.7010754598288964,0.5106867493398288,0.6738657370359356,0.7171877275403936
1194,0.9445219596801988,0.9056046581479117,0.7856172514781548,0.7789371065386939,0.8647432833891606,0.8540855718197264
1195,0.9051824199846416,0.9209930674271596,0.6164624499267559,0.7979122862880065,0.7507866766417053,0.743051601645255
1196,0.8999158657094134,0.913240505952346,0.7569648882043074,0.8254289231005157,0.7367315148120437,0.8350584377661716
1197,0.9494312413325164,0.9031718252435594,0.8599956061088263,0.6650409924963714,0.8670273286216814,0.681607151887371
1198,0.9191621536633985,0.9221147813558473,0.7890580821561186,0.8566192698944781,0.8068074357688461,0.8492149129905718
1199,0.8718203573002283,0.9209930674271596,0.8029757036855245,0.7979122862880065,0.6616304104967579,0.7430516016452549
1200,0.9060581800176091,0.9185881676194675,0.6980811819720434,0.7555426377200332,0.7780757704075308,0.7228647371828715
1201,0.8977698045141115,0.9179603320946729,0.6050696294669325,0.8428018666701621,0.6930663902153746,0.8154783278958107
1202,0.8825082089212284,0.9211323649757012,0.7938446771901483,0.8272245902134964,0.7700818236809106,0.7743282507251862
1203,0.8899654292251651,0.9169624373888174,0.5266904760320295,0.8176898429693298,0.718610216300122,0.7515124743757878
1204,0.9313956514956871,0.9110810246103219,0.8256485487474289,0.7722638795857801,0.8378850303035263,0.7518695185661166
1205,0.9042729972618638,0.8993296631746901,0.8437444839762172,0.6803230722635136,0.7759836470338204,0.7763900826340272
1206,0.9111343731861545,0.9233466768063191,0.7335169040976173,0.8620522961618826,0.7536075570792782,0.793103856468952
1207,0.9061733345449792,0.9130208123204476,0.7330278011164635,0.8083900071636523,0.7355124253352954,0.770209628537378
1208,0.8975944635583273,0.911921490959384,0.8483800868976921,0.738458294831992,0.7073591911317065,0.7571841945065084
1209,0.931627750494638,0.9106577977881302,0.769780424153091,0.6118137341995595,0.762057584469922,0.6098833062773644
1210,0.8632804593230646,0.9158553402805047,0.6958669742841259,0.71644580559102,0.6700831309587256,0.7033325402721408
1211,0.8955978304709233,0.9031718252435594,0.7035386772066802,0.6650409924963714,0.8870656099076965,0.681607151887371
1212,0.9131813608311445,0.9133920535327201,0.8332091188300197,0.6632679127183523,0.7139466770130705,0.6252516783154138
1213,0.9084433087036512,0.9198966283811278,0.7942035092061024,0.8195044353586293,0.8388218266477903,0.8272387669808875
1214,0.9264308282391855,0.8996665083279334,0.8172768159578438,0.6917305099024638,0.8182933427189447,0.7447902313803253
1215,0.9238970886541564,0.8817548693913317,0.7972809654934514,0.5045734720066445,0.7608917936968046,0.4925896089192575
1216,0.9014351178592215,0.9161726846979169,0.7543551941928799,0.819384375586342,0.7714471467384805,0.8002204285601935
1217,0.8997436982146325,0.9104423235000069,0.725896996719887,0.7977934892039606,0.6412502560779594,0.8295709356732415
1218,0.9205499848142535,0.9284073977426816,0.7741283715853774,0.9006783222680399,0.7969524439331958,0.8580925178825867
1219,0.9208232512243422,0.9179603320946729,0.837319473700215,0.8428018666701621,0.7283847460248175,0.8154783278958107
1220,0.9006658691092136,0.9186586371523523,0.796297908273925,0.7942983102988643,0.7601169768267789,0.7558726404600185
1221,0.8902177845516214,0.9238601362794083,0.7970136949986448,0.8017743184398946,0.69377947366425,0.7818286524169817
1222,0.8986526397327597,0.9230964983719996,0.6281602285121972,0.8443837152243571,0.8207391032959677,0.7643716417877403
1223,0.9358121597365071,0.8976075036990971,0.8288435348702703,0.634321358804343,0.8587170735559922,0.7506695153040142
1224,0.8863789983561676,0.8776405627611376,0.7903585777783606,0.5082454258782259,0.6745140208479842,0.6295838809743068
1225,0.9186913716655034,0.9186586371523523,0.7476419913473054,0.7942983102988642,0.7961182773268421,0.7558726404600185
1226,0.9373803657357002,0.9221147813558473,0.8193484327029434,0.8566192698944781,0.7424076974794305,0.8492149129905718
1227,0.9028625074734584,0.8868257786191859,0.7712298494007553,0.3960375529844521,0.7066409191188018,0.3590112760177464
1228,0.9201457430271409,0.9141997156901654,0.7771509790201322,0.7772547974491723,0.7923336878007388,0.7781141178764932
1229,0.8820844200426587,0.9240954657552662,0.7864375173932598,0.8530630073291579,0.7262618343370553,0.8117740497190384
1230,0.9184580113129748,0.9179603320946729,0.822785021922934,0.842801866670162,0.7852553819751965,0.8154783278958107
1231,0.909703531608677,0.9065809350778433,0.8648088702777831,0.756360449819991,0.763858867487862,0.7185414910690806
1232,0.9140386351832018,0.9221147813558473,0.8688215236194925,0.8566192698944781,0.8410270268473842,0.8492149129905718
1233,0.8697008953243812,0.9064105406032062,0.7417123900452987,0.7567730278336171,0.6467416670022301,0.7780870501242034
1234,0.9308291939809205,0.8978638258492301,0.6876512717365123,0.6528005615588255,0.7759703862841218,0.7248810031894461
1235,0.9234546323274422,0.9043233901136131,0.6856127151637953,0.6473351935096446,0.7622291107840058,0.6970615501721831
1236,0.9123582932506662,0.9019379136061632,0.7140396361401817,0.6016404453808735,0.6920428800921421,0.6761654189224349
1237,0.9026678157152691,0.9218544702404183,0.8128535765125788,0.8702918223302617,0.8065109605779167,0.8031314970426409
1238,0.8975885551130193,0.8976075036990971,0.7591920803888239,0.634321358804343,0.6538960408939472,0.7506695153040143
1239,0.8728315581555507,0.9104423235000069,0.6008610871588551,0.7977934892039606,0.8381352062946914,0.8295709356732415
1240,0.8953020444154801,0.9211323649757012,0.7063862699188601,0.8272245902134964,0.7081636564491918,0.7743282507251862
1241,0.9234920207717896,0.8976075036990971,0.7318721458050084,0.6343213588043431,0.7526863729079744,0.7506695153040142
1242,0.9203829475281052,0.9031718252435594,0.7111790323021308,0.6650409924963713,0.8197463148417705,0.6816071518873709
1243,0.9134683291909198,0.8996665083279334,0.8219983836498692,0.6917305099024638,0.7904242721426578,0.7447902313803253
1244,0.9368344966620156,0.9204498152169428,0.8410804887154121,0.8346319399558023,0.7956423177027692,0.8439112770331831
1245,0.9012700012281561,0.9064105406032062,0.7528000746582866,0.7567730278336171,0.7148799409065303,0.7780870501242034
1246,0.9303002544185728,0.9159477766967051,0.803440700450398,0.7383158170962465,0.763096597739052,0.7884160454999873
1247,0.8851021410436155,0.8805169556020322,0.8502696955246515,0.4138776270290818,0.754965007383219,0.5050274642130563
1248,0.9044932592736039,0.9076455814834749,0.7962497293373714,0.7597959675010718,0.7089271985189359,0.7457325604386229
1249,0.8403958802176729,0.9111570395186827,0.516215259347665,0.7625055172198758,0.6612396518641201,0.8470109538181516
1250,0.9268694238894684,0.9104423235000069,0.7759195663929995,0.7977934892039606,0.8342992835739985,0.8295709356732415
1251,0.8983961863397534,0.911921490959384,0.7476797624007363,0.738458294831992,0.7205193679749642,0.7571841945065085
1252,0.900837793566339,0.9209930674271596,0.7662168455819338,0.7979122862880065,0.7297202354803696,0.7430516016452549
1253,0.9115664700447429,0.8747180851608162,0.8319186890458821,0.5106867493398287,0.8613564442256557,0.7171877275403935
1254,0.9243290722370547,0.9158553402805047,0.8341105479165141,0.71644580559102,0.7745962794547285,0.7033325402721409
1255,0.9174459029381923,0.9142197190626098,0.723400519478141,0.753331234938922,0.7595183588851693,0.7039891013645034
1256,0.9020446138208846,0.9198966283811278,0.6755222055517998,0.8195044353586294,0.7447685502244921,0.8272387669808875
1257,0.9087871831137945,0.8996665083279334,0.8381293927719611,0.6917305099024638,0.7145220431338424,0.7447902313803254
1258,0.9311730617239113,0.9062246434911096,0.7314050294252741,0.6992871970380374,0.759930876595831,0.7198032040000828
1259,0.8981791892462634,0.8993296631746901,0.7848955931040362,0.6803230722635136,0.7048441670479536,0.7763900826340273
1260,0.9032586687749796,0.9043233901136131,0.8021150516180885,0.6473351935096447,0.6781086041541414,0.6970615501721831
1261,0.9121159473027615,0.9141997156901656,0.8743185485573466,0.7772547974491723,0.874053015800575,0.7781141178764932
1262,0.927853390664557,0.9104423235000069,0.8292560739881564,0.7977934892039606,0.7795009162037576,0.8295709356732415
1263,0.8896687698956005,0.9209930674271596,0.7127231212934095,0.7979122862880065,0.6672077818435591,0.743051601645255
1264,0.9314388761640213,0.9264384659300852,0.8795933873397832,0.8393054537329417,0.8470322858836885,0.8030468420196344
1265,0.8966859488513202,0.9158553402805047,0.6569340502390467,0.7164458055910199,0.725726735800956,0.7033325402721409
1266,0.9028580377448852,0.9019379136061632,0.7779828672638136,0.6016404453808732,0.7279131182086709,0.6761654189224349
1267,0.9386658509662141,0.9111570395186827,0.8117917985271108,0.7625055172198759,0.8528264885133736,0.8470109538181516
1268,0.9257381920913275,0.9252511242789738,0.8058974508965173,0.8314442762115996,0.7775585913880001,0.8673500053512119
1269,0.9110954350322616,0.9050665767249694,0.8053138230757835,0.7080247062895395,0.818519364592241,0.6995743029651799
1270,0.8423257085845627,0.912434585164782,0.5178749669463926,0.8028267091372625,0.6163997296252044,0.7721438903149995
1271,0.9443780630438406,0.9043233901136131,0.8624150440036445,0.6473351935096447,0.8463812444328791,0.6970615501721831
1272,0.937972057142362,0.8976075036990971,0.8169327084455635,0.634321358804343,0.8438035001815577,0.7506695153040142
1273,0.9301213224542012,0.9259043616044467,0.7447833103690638,0.8812130508110182,0.8279142782855552,0.8821489970618499
1274,0.9300210487624705,0.8996665083279334,0.8327948525449937,0.6917305099024638,0.7911929752833338,0.7447902313803254
1275,0.9298374103760738,0.9118368455940216,0.7048213418573969,0.7275138017648385,0.777405428405755,0.6418578576991905
1276,0.9200792921543933,0.9235731886674612,0.7846650491269792,0.8864545421357415,0.7099102047429684,0.8297039984302031
1277,0.9062764507409895,0.9275264548526274,0.8017768855013518,0.8093771569338576,0.7687122780693726,0.7740405094485593
1278,0.8892039113358039,0.8747180851608162,0.6668243010993185,0.5106867493398288,0.7611098395530438,0.7171877275403935
1279,0.9188711007614481,0.8762663735541345,0.7682627467352741,0.4269791983678518,0.8035044489484963,0.6036842837859805
1280,0.9477511414842499,0.9050665767249694,0.8040014695940312,0.7080247062895395,0.8261177944782242,0.6995743029651799
1281,0.915664026533182,0.911921490959384,0.7234474483627455,0.738458294831992,0.7791842948632155,0.7571841945065085
1282,0.9229539022916826,0.8770970400975031,0.7360029115415287,0.5621216092675132,0.7687434423420805,0.6424936138943235
1283,0.9221212633516053,0.9157931961980419,0.7772056533586158,0.810237281626913,0.7459493344563433,0.7966987485268808
1284,0.8941394149514793,0.9118368455940216,0.7914013819532831,0.7275138017648386,0.6508255693879315,0.6418578576991902
1285,0.868638376289761,0.9116297526118948,0.7967282872835894,0.7193067854474582,0.6825011356981454,0.6867397881929376
1286,0.8987793660834433,0.9064105406032062,0.8189515917900364,0.7567730278336171,0.7666810997009046,0.7780870501242034
1287,0.9048127327513835,0.886825778619186,0.6735528840720598,0.3960375529844521,0.7394800366003235,0.3590112760177464
1288,0.8947969482391037,0.9230964983719996,0.7606733739517799,0.8443837152243572,0.6805353735806623,0.7643716417877402
1289,0.8706631710804504,0.9076455814834749,0.7179219390705958,0.7597959675010718,0.7760180004001769,0.7457325604386229
1290,0.9223128887356018,0.911921490959384,0.7851649914528372,0.738458294831992,0.742531694860881,0.7571841945065085
1291,0.867920410412999,0.9118368455940216,0.6665128756220196,0.7275138017648385,0.6869705248711335,0.6418578576991902
1292,0.9307962456839918,0.9183679321607368,0.8476918078968485,0.7840294326629539,0.8755887860852399,0.8147301773726392
1293,0.9096527286139312,0.8881539641750386,0.7278506336862676,0.49880120966489083,0.740809525134325,0.24723352455857006
1294,0.8894623583263621,0.9104423235000069,0.8208714779213413,0.7977934892039606,0.8051691672114187,0.8295709356732415
1295,0.9161177238490292,0.915947776696705,0.8105372219503952,0.7383158170962465,0.7732781651258662,0.7884160454999872
1296,0.8702887187858245,0.9186586371523523,0.7841782690899282,0.7942983102988643,0.7966125968619315,0.7558726404600185
1297,0.921843840170858,0.911921490959384,0.7971966128529253,0.7384582948319921,0.7975094831284945,0.7571841945065085
1298,0.9339049535167289,0.913071368754977,0.8158026423096489,0.8079730930648912,0.7847543500975263,0.8758636492262541
1299,0.8955890615164704,0.9161726846979169,0.7657430416026528,0.8193843755863421,0.6903837956227493,0.8002204285601935
1300,0.9231371570163047,0.9248450440750264,0.8019042118526716,0.7585338019434849,0.8108846470706068,0.7484995396441084
1301,0.9305012892187773,0.9071201636850629,0.8018187034893273,0.7852760516504913,0.7903154747409391,0.9013877039815487
1302,0.9243118486474157,0.9157931961980419,0.805488681337208,0.810237281626913,0.808126638128088,0.7966987485268808
1303,0.9379852748698454,0.9230964983719996,0.774742635632566,0.8443837152243572,0.7636510702964641,0.7643716417877402
1304,0.9377772507057696,0.8993296631746901,0.8265007181773862,0.6803230722635135,0.8192752207793769,0.7763900826340272
1305,0.90258348407584,0.9073336211083483,0.781818499903906,0.6366107199123652,0.7550119325709769,0.6131538636385798
1306,0.895656436106471,0.9198966283811278,0.7576581387033618,0.8195044353586294,0.7382653384182849,0.8272387669808875
1307,0.9101803133812275,0.8993296631746901,0.638058320119113,0.6803230722635135,0.6588218134749968,0.7763900826340271
1308,0.911728773442886,0.8996665083279334,0.7457053376737753,0.6917305099024638,0.7563411432193605,0.7447902313803254
1309,0.921153415867023,0.9298876805275468,0.7837281275741197,0.8664373152319771,0.7691098238402017,0.8026216467009677
1310,0.9028666950137558,0.9141997156901654,0.7370450682519825,0.7772547974491723,0.7551753622183521,0.7781141178764932
1311,0.917434802909057,0.8996665083279334,0.6972966756101315,0.6917305099024638,0.7230261459976925,0.7447902313803253
1312,0.9279910344704331,0.9043233901136131,0.7453893892014143,0.6473351935096447,0.7335748252230364,0.6970615501721831
1313,0.9101527781478773,0.901100317745305,0.8266469774714132,0.7348815375927973,0.8085399215063961,0.7660217000281324
1314,0.9117021737246623,0.9111570395186828,0.7283405315004834,0.7625055172198759,0.7351621962655399,0.8470109538181516
1315,0.9251366997104308,0.9157931961980419,0.7116949189681537,0.810237281626913,0.7797202367160727,0.7966987485268807
1316,0.9347477220263757,0.9104423235000069,0.8328715941470176,0.7977934892039606,0.8185740350377957,0.8295709356732415
1317,0.9285107195438589,0.9252511242789738,0.7546000415852077,0.8314442762115996,0.7965852007901802,0.8673500053512119
1318,0.9334757700506524,0.9157931961980419,0.7212572155358128,0.810237281626913,0.8218895194709904,0.7966987485268808
1319,0.9080481005763652,0.8846469356986844,0.6627427584323548,0.35853409971158146,0.7989971168089637,0.37933726520794253
1320,0.9228063303873868,0.9287475229874669,0.8198989024286272,0.8794218016943833,0.8115170953873379,0.825208642402901
1321,0.9130516410787758,0.9065809350778434,0.8188245009858084,0.756360449819991,0.7604299140163319,0.7185414910690806
1322,0.9315383693837544,0.9211323649757012,0.8565637724898291,0.8272245902134964,0.8216155652759722,0.7743282507251862
1323,0.9123585535764712,0.8996665083279334,0.821779623127587,0.6917305099024638,0.7384540592461111,0.7447902313803254
1324,0.9289548042379712,0.9218113228239508,0.7402063084826851,0.7125138579811563,0.7908729472195273,0.7248945879886313
1325,0.903697002379552,0.913071368754977,0.6601959041672998,0.8079730930648912,0.6303890978047308,0.8758636492262541
1326,0.893375033646832,0.9056046581479117,0.793964176112055,0.778937106538694,0.9185963272464862,0.8540855718197264
1327,0.9261449563344918,0.9198966283811278,0.8393702995614998,0.8195044353586293,0.8432928458513054,0.8272387669808875
1328,0.8881197181980419,0.911921490959384,0.5699423853826082,0.738458294831992,0.6079948625270277,0.7571841945065085
1329,0.9348607942440856,0.915947776696705,0.852606699313933,0.7383158170962465,0.8266807315677422,0.7884160454999872
1330,0.9111366468439049,0.9183679321607368,0.800303222250462,0.7840294326629539,0.7774084980801674,0.8147301773726392
1331,0.9215337869203785,0.8815886564652908,0.8138897899580477,0.4547879464621971,0.737389789710945,0.502737508829077
1332,0.9334019803012736,0.8952370290992359,0.8109577924224106,0.6778755146742795,0.8094169957186764,0.7812241231290591
1333,0.9216133039975356,0.9104423235000069,0.8134274445991905,0.7977934892039606,0.8189516129312739,0.8295709356732415
1334,0.9114705494249649,0.9194406648223655,0.8255961745866229,0.8744443286097798,0.7943923762894866,0.8053697278578853
1335,0.9118743269437447,0.9056046581479116,0.8253888787094209,0.7789371065386939,0.7749724734234602,0.8540855718197264
1336,0.9010022704279325,0.8940295803260082,0.6566138239919772,0.6647974448483605,0.7277680401999524,0.8190342003297971
1337,0.925087907621069,0.9209930674271596,0.7271981132020608,0.7979122862880065,0.8210984200714981,0.743051601645255
1338,0.9064599687436355,0.9297625180971939,0.7811617320204717,0.8665508489566299,0.7336328212240463,0.8429898840483059
1339,0.9308622626046419,0.901100317745305,0.848269043263054,0.7348815375927973,0.8530448408391845,0.7660217000281323
1340,0.9330517512504852,0.9240954657552662,0.8458483976087469,0.8530630073291577,0.8404298210745553,0.8117740497190383
1341,0.876256333233397,0.9169624373888174,0.6834551568080725,0.8176898429693298,0.7049748504193976,0.7515124743757878
1342,0.9086488258762481,0.9031718252435594,0.7529438682230706,0.6650409924963713,0.7552572939876084,0.6816071518873709
1343,0.9209967544795239,0.9198966283811278,0.787130598741811,0.8195044353586294,0.7873259592257877,0.8272387669808875
1344,0.8905250359391822,0.9209930674271596,0.6951915984163894,0.7979122862880065,0.7404422162548696,0.743051601645255
1345,0.9163497783802765,0.9111570395186827,0.8075355769819044,0.7625055172198758,0.8321501553096335,0.8470109538181516
1346,0.9096224686978971,0.8805169556020322,0.5758211444647003,0.4138776270290818,0.7340874768786845,0.5050274642130564
1347,0.9125727511057613,0.9065809350778434,0.7166645630745114,0.756360449819991,0.6993559944571113,0.7185414910690806
1348,0.9325294383693916,0.9008835420858478,0.8814852983100624,0.6261589318142438,0.822248807935864,0.6641439006892254
1349,0.9252912865631211,0.9233466768063191,0.9123488204715314,0.8620522961618825,0.8835005293319136,0.793103856468952
1350,0.9161862650808572,0.9104423235000069,0.7722595217034599,0.7977934892039606,0.7988322876121812,0.8295709356732415
1351,0.9244383684233631,0.9179603320946729,0.8478652349347525,0.8428018666701621,0.8072092337538874,0.8154783278958107
1352,0.9120351806047646,0.9043233901136131,0.7260984139207596,0.6473351935096445,0.8237560351544907,0.6970615501721831
1353,0.8947557961374482,0.9185881676194674,0.6877066819550743,0.7555426377200332,0.7330007728584969,0.7228647371828714
1354,0.8739332324455086,0.9156436138518955,0.6043203226852798,0.7230557383809474,0.6879559035526039,0.640878235316461
1355,0.9285856867055875,0.9204498152169428,0.7940395692362548,0.8346319399558023,0.8534623872663996,0.8439112770331831
1356,0.9146946843603058,0.9056046581479116,0.760380942741833,0.7789371065386939,0.8203310462437532,0.8540855718197264
1357,0.895600024108441,0.915947776696705,0.7064530652993173,0.7383158170962464,0.7929538747474023,0.7884160454999873
1358,0.9281219337485526,0.8744467327333997,0.7676113260974549,0.5572568185063389,0.8260986034052433,0.7429355886711377
1359,0.9192156608986273,0.9185881676194674,0.6142909581673353,0.7555426377200332,0.7335944930891243,0.7228647371828714
1360,0.9203305289775613,0.9157931961980419,0.7696262252977439,0.810237281626913,0.7544408935943189,0.7966987485268808
1361,0.9342069374852385,0.9141997156901654,0.8414265304455847,0.7772547974491724,0.8463405704779681,0.7781141178764932
1362,0.9287195615225925,0.913240505952346,0.6336577564881749,0.8254289231005157,0.783789323257528,0.8350584377661716
1363,0.8945876928640181,0.9064105406032062,0.775572635488873,0.7567730278336171,0.7325516144368172,0.7780870501242034
1364,0.8966548565546644,0.8952370290992359,0.8162680662886715,0.6778755146742796,0.6538918611639291,0.781224123129059
1365,0.9233716645474592,0.908553295207871,0.7698083150652619,0.759244220515799,0.806206398883034,0.8072720959521231
1366,0.8982406718039405,0.9065809350778434,0.7325021501509995,0.756360449819991,0.6746941895373206,0.7185414910690806
1367,0.9164071318188876,0.8996665083279334,0.7082597098898029,0.6917305099024638,0.7624451886386422,0.7447902313803254
1368,0.8118730127103782,0.8786047513671237,0.41255115708656287,0.3787147042428963,0.42998484275436777,0.5023960442419605
1369,0.8980134467233768,0.911921490959384,0.7233855083169554,0.738458294831992,0.7567910073943401,0.7571841945065084
1370,0.8330632849374822,0.9005893271638687,0.6458304606456313,0.7327651535422757,0.6563451096425296,0.8056791960910571
1371,0.9215457419354819,0.9221147813558473,0.8116036419392728,0.8566192698944782,0.7830059377975062,0.8492149129905718
1372,0.9177649031997023,0.895220511858438,0.7984469147909634,0.7111165525463168,0.763558625123531,0.8491480705310278
1373,0.9397441919264345,0.9141997156901654,0.7785478313183416,0.7772547974491723,0.8215330736144565,0.7781141178764932
1374,0.9157040990519985,0.9209930674271596,0.7120294834623332,0.7979122862880065,0.760234952136092,0.7430516016452549
1375,0.9098712507758702,0.9218113228239508,0.7401226896056984,0.7125138579811563,0.7342679424973912,0.7248945879886313
1376,0.9160412589655413,0.9185881676194675,0.8138565589678226,0.7555426377200332,0.8656150811582802,0.7228647371828714
1377,0.9176598341010253,0.8744467327333997,0.7679358534059088,0.5572568185063389,0.782936556399436,0.7429355886711377
1378,0.9412206437715577,0.9240954657552662,0.7830842008894671,0.8530630073291579,0.8083565065579013,0.8117740497190383
1379,0.8919511255780846,0.9157931961980419,0.7277292191438336,0.810237281626913,0.7436949471338095,0.7966987485268808
1380,0.8346083372644494,0.9073336211083483,0.6897236685944479,0.6366107199123651,0.5128938373041895,0.61315386363858
1381,0.8685033332416601,0.8966309994878482,0.7094307501969779,0.7168858075808276,0.6742768092567022,0.8034509716534401
1382,0.8971119336649117,0.890970475601625,0.7846795365592033,0.6933472021062019,0.7150917182117549,0.8821960347121759
1383,0.9107271983925085,0.9164573074694431,0.8071842580097817,0.8363343335968336,0.8176164913557998,0.8697379790249613
1384,0.9153922514372597,0.9104423235000069,0.8051644997858779,0.7977934892039606,0.794287407107128,0.8295709356732415
1385,0.922052981932182,0.8952370290992359,0.7789637996468872,0.6778755146742795,0.8963243570024999,0.7812241231290591
1386,0.9180177437818653,0.9165059978890121,0.6592322396557104,0.7896921571417506,0.7573249426609351,0.721314198372632
1387,0.8585990848781219,0.9198966283811278,0.7113246163764527,0.8195044353586294,0.7056649305605582,0.8272387669808875
1388,0.9191645824513384,0.9088617091579041,0.8265267908551585,0.738526752652511,0.738919271177839,0.7339407895625496
1389,0.9124144313347974,0.8996665083279334,0.7212080410065029,0.6917305099024638,0.7810946564713985,0.7447902313803254
1390,0.9084272504132109,0.9097853324176656,0.7569567945391134,0.6794563862328551,0.7602988324907953,0.6276034269248464
1391,0.9082736707446765,0.9116297526118948,0.7999477997894171,0.7193067854474582,0.8121384552293925,0.6867397881929375
1392,0.9334980645558447,0.9062246434911096,0.8410611149454904,0.6992871970380374,0.8395408397412343,0.7198032040000829
1393,0.9216615472438956,0.9110810246103218,0.781419837233171,0.7722638795857801,0.7461308755910552,0.7518695185661166
1394,0.8987821229032225,0.8976075036990971,0.7289856234533926,0.6343213588043431,0.8113765524061987,0.7506695153040142
1395,0.9077433074190095,0.9071201636850629,0.7239786184637222,0.7852760516504913,0.746975626293497,0.9013877039815488
1396,0.9147659151426332,0.9238601362794083,0.7557049190959825,0.8017743184398946,0.828190982348461,0.7818286524169817
1397,0.9186462849656727,0.9259043616044467,0.7671537062860496,0.8812130508110182,0.7943337526677313,0.8821489970618499
1398,0.938517953691807,0.912434585164782,0.7961232648251311,0.8028267091372625,0.8333404174253138,0.7721438903149995
1399,0.9090652772461275,0.9133920535327201,0.7735955514402105,0.6632679127183522,0.7552788910026018,0.6252516783154138
1400,0.8921639609096126,0.9198966283811278,0.5754185705252597,0.8195044353586294,0.5946467993159915,0.8272387669808875
1401,0.8451168025554063,0.9211323649757012,0.6889992509897546,0.8272245902134964,0.5077365858762666,0.7743282507251862
1402,0.9316382161668335,0.9157931961980419,0.7946683398657579,0.8102372816269129,0.7634606493308189,0.7966987485268808
1403,0.9253549721476373,0.9198966283811278,0.7650351164908813,0.8195044353586294,0.7708539906064854,0.8272387669808875
1404,0.9025581524167671,0.912434585164782,0.7669122253329707,0.8028267091372625,0.8545046492034332,0.7721438903149994
1405,0.9110221015472021,0.8993296631746901,0.7505238379266413,0.6803230722635135,0.7480314648839094,0.7763900826340271
1406,0.9018892660483252,0.9183679321607368,0.6899360707652074,0.7840294326629539,0.7999968070789328,0.8147301773726392
1407,0.9115465167016391,0.913240505952346,0.7590038425351886,0.8254289231005157,0.7916995212854114,0.8350584377661717
1408,0.9238121816733387,0.9111570395186827,0.7265059192332859,0.7625055172198758,0.7676801986240607,0.8470109538181516
1409,0.8880349905820757,0.9264384659300852,0.7211462143925756,0.8393054537329416,0.7034912100751005,0.8030468420196344
1410,0.8512324218076233,0.9141997156901654,0.5179177534202468,0.7772547974491723,0.7412636148379994,0.7781141178764932
1411,0.9153006358606145,0.919514437592666,0.7647552744625437,0.8420673338806265,0.7240746932468005,0.7861637474409725
1412,0.856328863338947,0.9275927350426675,0.5778892617242424,0.8746304004539298,0.5570757891406636,0.8947217437762834
1413,0.9062409436496319,0.9141997156901654,0.7658302795519769,0.7772547974491723,0.808381851141015,0.7781141178764931
1414,0.9011980375734127,0.8815886564652908,0.6970004720564422,0.4547879464621972,0.7897826368681362,0.5027375088290769
1415,0.9252819996210673,0.9161726846979169,0.8316779437222941,0.819384375586342,0.7944612804332077,0.8002204285601935
1416,0.8610437853554653,0.9043233901136131,0.7661839030051982,0.6473351935096445,0.5899524779890479,0.6970615501721831
1417,0.9003095324969019,0.9111570395186827,0.6974170711865744,0.7625055172198758,0.7549335652649299,0.8470109538181516
1418,0.9017185154353244,0.9141997156901654,0.8258663348185565,0.7772547974491723,0.7616916216332397,0.7781141178764932
1419,0.9030289303288259,0.9133920535327201,0.6838746832726166,0.6632679127183522,0.723285832389178,0.625251678315414
1420,0.9431512380310489,0.9110810246103218,0.8137856263548819,0.7722638795857802,0.7911469279009249,0.7518695185661165
1421,0.8762917637426089,0.886825778619186,0.7984729670950678,0.3960375529844521,0.6723932726591584,0.3590112760177464
1422,0.9176411891086553,0.9156436138518956,0.8192622516503991,0.7230557383809474,0.7865177939951566,0.6408782353164608
1423,0.9065529968424733,0.9141997156901654,0.7676838190877099,0.7772547974491723,0.6828149298334076,0.7781141178764932
1424,0.8949576866486382,0.9248450440750264,0.6697058483305829,0.7585338019434849,0.6528350456609096,0.7484995396441084
1425,0.9200049854609968,0.9198966283811278,0.7939561133762756,0.8195044353586294,0.7142331700612298,0.8272387669808875
1426,0.9241275298976337,0.9064105406032062,0.7584489210179834,0.7567730278336171,0.8205254652918008,0.7780870501242034
1427,0.8939628111778728,0.8776405627611376,0.7851037112452236,0.5082454258782259,0.7400090785696203,0.6295838809743067
1428,0.8960723272889759,0.9130208123204476,0.8610302800410576,0.8083900071636523,0.7603542280474125,0.770209628537378
1429,0.8807517589101147,0.9141997156901654,0.724277049415317,0.7772547974491723,0.7677053543623086,0.7781141178764932
1430,0.9136044867837472,0.9198966283811278,0.7732742168656327,0.8195044353586294,0.7636461253693164,0.8272387669808875
1431,0.9022537417508387,0.9183679321607368,0.5461693454389613,0.7840294326629539,0.6029862709081529,0.8147301773726392
1432,0.9339649358767527,0.9141997156901654,0.8546300072294102,0.7772547974491723,0.8599427051446027,0.7781141178764932
1433,0.9317845630687873,0.911921490959384,0.793503663147338,0.738458294831992,0.8427634331417506,0.7571841945065085
1434,0.9272109734597409,0.9284073977426816,0.8027932010669309,0.9006783222680399,0.8029305911242081,0.8580925178825867
1435,0.9214202907884883,0.9240954657552662,0.7926084492600113,0.8530630073291579,0.7332562804253692,0.8117740497190383
1436,0.9308283899355468,0.9209930674271596,0.7833795397320735,0.7979122862880065,0.8202555139154215,0.7430516016452549
1437,0.9177104686406308,0.9161726846979169,0.7002917936365038,0.819384375586342,0.7571214974558922,0.8002204285601935
1438,0.9035193661481392,0.9065809350778434,0.7371037665085383,0.756360449819991,0.6241552924424336,0.7185414910690806
1439,0.9356349155559645,0.8996665083279334,0.7903048711607956,0.6917305099024639,0.8652101380155508,0.7447902313803254
1440,0.8579456503156346,0.8996665083279334,0.6566602104174477,0.6917305099024638,0.7363320477515749,0.7447902313803253
1441,0.9351197321576278,0.9141997156901656,0.8174760979492763,0.7772547974491724,0.8312827647667563,0.7781141178764932
1442,0.8881905604748583,0.913240505952346,0.6436532415615945,0.8254289231005156,0.7125384506531889,0.8350584377661717
1443,0.9226922130724001,0.9185881676194674,0.7676051086217702,0.7555426377200332,0.7801346233634104,0.7228647371828714
1444,0.9321461503515402,0.9141997156901656,0.815608100853692,0.7772547974491723,0.8451865367339984,0.7781141178764932
1445,0.9114320114951813,0.8996665083279334,0.7697857165770472,0.6917305099024638,0.7979852806388293,0.7447902313803254
1446,0.9201386848430637,0.8776405627611376,0.829145955306555,0.5082454258782257,0.7737988850363271,0.6295838809743068
1447,0.9268989085237669,0.915947776696705,0.6969498723911469,0.7383158170962465,0.7714546464774206,0.7884160454999872
1448,0.879876462174262,0.9031718252435594,0.6957903335195283,0.6650409924963713,0.8011934857451719,0.6816071518873709
1449,0.9128497408410502,0.9185881676194675,0.7592764739978419,0.7555426377200332,0.7110781572328533,0.7228647371828715
1450,0.9226869752972675,0.9173750708918675,0.8060662477852711,0.854551633438775,0.718596100536109,0.8195175299573882
1451,0.8909941111652995,0.8940295803260082,0.6093615369389354,0.6647974448483605,0.7697615106751341,0.8190342003297971
1452,0.8668512633953945,0.8940295803260081,0.8194587346960158,0.6647974448483605,0.7653559669949411,0.8190342003297972
1453,0.8877397199597578,0.9264384659300852,0.7923970784898104,0.8393054537329417,0.7502819518990059,0.8030468420196344
1454,0.916049374192538,0.9156436138518955,0.8050896327637456,0.7230557383809474,0.8231236950502459,0.6408782353164609
1455,0.8871420883254943,0.9019379136061632,0.7792111670864387,0.6016404453808732,0.7552825071868665,0.6761654189224349
1456,0.9395871299362254,0.9221147813558473,0.865239893533618,0.8566192698944781,0.884521509400605,0.8492149129905718
1457,0.9289423921718665,0.9161726846979169,0.8854739115338071,0.819384375586342,0.7991086228243306,0.8002204285601935
1458,0.9200901417602864,0.9204498152169428,0.8206269381187258,0.8346319399558023,0.7734659828157284,0.8439112770331831
1459,0.9017163852536195,0.9309322021101868,0.6996905359299896,0.8114476227207776,0.7235930521924305,0.8156581496321025
1460,0.887644598904745,0.8996665083279334,0.6934988350779246,0.6917305099024638,0.6871746769813442,0.7447902313803254
1461,0.8803977785254244,0.9141997156901654,0.5910772920897986,0.7772547974491723,0.6099267027236721,0.7781141178764932
1462,0.9293694930952567,0.9179603320946729,0.8867833161566102,0.842801866670162,0.8393409619854527,0.8154783278958107
1463,0.8685319807283568,0.8996665083279334,0.8370073778360196,0.6917305099024638,0.7417536079483016,0.7447902313803254
1464,0.9192535878319871,0.9230964983719996,0.830835465495265,0.8443837152243571,0.8266605019444632,0.7643716417877403
1465,0.9058195820192574,0.8776405627611374,0.6433373116965011,0.5082454258782257,0.8084216824068349,0.6295838809743068
1466,0.9331991824493968,0.9233466768063191,0.7481349971547502,0.8620522961618826,0.7694607666181159,0.793103856468952
1467,0.929004558830292,0.9248450440750264,0.8285361366900263,0.7585338019434849,0.7874677656667413,0.7484995396441084
1468,0.8681720233875765,0.9264384659300852,0.7509340725841058,0.8393054537329417,0.6262923299553881,0.8030468420196344
1469,0.9056274902127356,0.908553295207871,0.6769126100429239,0.759244220515799,0.7082256821058115,0.8072720959521231
1470,0.902766487262851,0.9321992053852791,0.7559997268124938,0.9020044699353877,0.6766100001212887,0.8645008562732222
1471,0.8964564009864033,0.911921490959384,0.7749790224913086,0.7384582948319921,0.7774034838074817,0.7571841945065085
1472,0.9425981705145163,0.9141997156901654,0.8609113546327007,0.7772547974491723,0.8329775458836216,0.7781141178764932
1473,0.9007143584655622,0.8996665083279334,0.7241943156249095,0.6917305099024638,0.76320253660159,0.7447902313803254
1474,0.8648029555327424,0.8773386602330552,0.6984442111201346,0.46434848749084023,0.7538211779620532,0.6167664375604469
1475,0.9197144258693133,0.9111570395186827,0.7953192198945511,0.7625055172198758,0.8847793168365314,0.8470109538181516
1476,0.9034212196705556,0.9248450440750264,0.7169244038888711,0.758533801943485,0.8102701214700805,0.7484995396441084
1477,0.9249182040207017,0.9065809350778434,0.8332572163819411,0.756360449819991,0.825499046404887,0.7185414910690806
1478,0.9175211231732878,0.908553295207871,0.7616960441769186,0.7592442205157989,0.8549883149502245,0.8072720959521232
1479,0.905725419337119,0.9198966283811278,0.7271603136218603,0.8195044353586293,0.7019751194360426,0.8272387669808875
1480,0.9211193284222272,0.9297625180971939,0.6509538861695428,0.8665508489566299,0.7217416920842112,0.8429898840483058
1481,0.8848068746606899,0.9165059978890121,0.7427505959376038,0.7896921571417507,0.6273596643842798,0.721314198372632
1482,0.9028928744434639,0.9071201636850629,0.8276041721227314,0.7852760516504913,0.723852123615562,0.9013877039815487
1483,0.8622490993923504,0.9062246434911096,0.7110115398896826,0.6992871970380374,0.7592501525163944,0.7198032040000828
1484,0.898144124775544,0.9209930674271596,0.7341293056111999,0.7979122862880065,0.6838228580585488,0.7430516016452549
1485,0.9213573098254138,0.9161726846979169,0.8339802456540433,0.819384375586342,0.8144998048285668,0.8002204285601935
1486,0.9115159504260186,0.9198966283811278,0.8329240612031421,0.8195044353586294,0.8001005011209714,0.8272387669808875
1487,0.9190215883354647,0.9062246434911096,0.8494536353713118,0.6992871970380374,0.8070666214047335,0.7198032040000828
1488,0.909344879202628,0.9233466768063191,0.7804208099892134,0.8620522961618825,0.7586290629380896,0.793103856468952
1489,0.9072360904487465,0.9145880702408675,0.7639390837194285,0.831856650088185,0.7465534512142424,0.7889134402979601
1490,0.9010586846320905,0.9264384659300852,0.6417166557418572,0.8393054537329417,0.5450411014186041,0.8030468420196344
1491,0.9001872149232946,0.9142197190626098,0.7546509805400399,0.753331234938922,0.6840673407613569,0.7039891013645034
1492,0.908222564607789,0.9186586371523523,0.796195566651864,0.7942983102988642,0.8198695058403843,0.7558726404600185
1493,0.9090953840782395,0.9259043616044467,0.8156648539526434,0.8812130508110182,0.8139109739664505,0.8821489970618499
1494,0.9003617758332374,0.9204498152169428,0.75168769179427,0.8346319399558023,0.7924673109677833,0.8439112770331831
1495,0.9101753284509903,0.9212367204899302,0.8204230547560474,0.8665469448164882,0.7627968015994406,0.8476723797710213
1496,0.9188762935943348,0.9145880702408675,0.7429071996246901,0.831856650088185,0.710614575154982,0.7889134402979601
1497,0.9316617913124279,0.9183679321607368,0.8026301938504171,0.7840294326629539,0.8385590785488171,0.8147301773726392
1498,0.892322336909244,0.886825778619186,0.7505376286722074,0.396037552984452,0.7297582407729051,0.3590112760177464
1499,0.9235971224802523,0.9161726846979169,0.6540325835601573,0.819384375586342,0.7189982763933536,0.8002204285601935
1500,0.9146941973460486,0.9183679321607368,0.8425435061428508,0.7840294326629538,0.8672589550017794,0.8147301773726392
1501,0.8924016951595414,0.9183679321607368,0.7427003626646116,0.7840294326629539,0.7516141326648744,0.8147301773726392
1502,0.8773604862686836,0.9173750708918675,0.7144555432922615,0.854551633438775,0.7679508908213558,0.8195175299573884
1503,0.8896115476312081,0.9218544702404183,0.8344954291778441,0.8702918223302617,0.7968355689403868,0.8031314970426408
1504,0.9210932960310825,0.9212367204899302,0.828643897475537,0.8665469448164882,0.7968457615925669,0.8476723797710213
1505,0.9197087880859576,0.9141997156901654,0.7631611721549915,0.7772547974491723,0.8592336436128121,0.7781141178764932
1506,0.9037209140944914,0.9161726846979169,0.7965701689673239,0.819384375586342,0.8062318010041905,0.8002204285601935
1507,0.9143017272336258,0.913071368754977,0.8230188213630184,0.8079730930648912,0.7738191764865386,0.8758636492262541
1508,0.936167846811622,0.9050665767249695,0.7918393712316287,0.7080247062895394,0.8392317059850697,0.6995743029651799
1509,0.9201331607214362,0.9183679321607368,0.741323699018943,0.7840294326629538,0.7383381578722961,0.8147301773726392
1510,0.9106374892856663,0.8773386602330552,0.7702718448744617,0.46434848749084023,0.7330856324464896,0.6167664375604468
1511,0.8972334437485404,0.8978638258492301,0.8131925596216601,0.6528005615588255,0.7342715093435024,0.7248810031894461
1512,0.9334742306424997,0.9238601362794083,0.753646632926894,0.8017743184398946,0.8036988035603412,0.7818286524169817
1513,0.9209895798526944,0.9186586371523523,0.6006595284756615,0.7942983102988643,0.7078839097170009,0.7558726404600185
1514,0.925285638885046,0.9204498152169428,0.8044209635422062,0.8346319399558023,0.8009299068472415,0.8439112770331831
1515,0.9236798638851881,0.9186586371523523,0.778149091700914,0.7942983102988643,0.8073448612491441,0.7558726404600185
1516,0.9186017546557098,0.9050665767249694,0.73857043573866,0.7080247062895395,0.7936926750309563,0.6995743029651798
1517,0.9452117915090658,0.9230964983719996,0.8677436399357947,0.8443837152243571,0.8313200922436075,0.7643716417877403
1518,0.9160168183732263,0.9065809350778434,0.7168159564302453,0.756360449819991,0.7757872471196519,0.7185414910690806
1519,0.9024234666360591,0.915947776696705,0.703476756900874,0.7383158170962465,0.7629370228578021,0.7884160454999873
1520,0.9188961912305678,0.9097853324176656,0.8126186286412382,0.6794563862328551,0.7868591455168463,0.6276034269248463
1521,0.9404888959081529,0.9186586371523523,0.8287549234010729,0.7942983102988643,0.8462202367165015,0.7558726404600185
1522,0.9134617711135072,0.9110810246103219,0.709519692673182,0.7722638795857802,0.7293314866242914,0.7518695185661164
1523,0.7150810165718083,0.9050665767249694,0.4974758806523948,0.7080247062895395,0.1490224280173702,0.6995743029651799
1524,0.9197776464277483,0.9142197190626098,0.8628688767103534,0.753331234938922,0.8589146402047676,0.7039891013645034
1525,0.9127088118936537,0.9031718252435594,0.743473756243181,0.6650409924963714,0.7808710281603555,0.6816071518873709
1526,0.9014366132852584,0.8993296631746901,0.7987167110861256,0.6803230722635135,0.8132683095997536,0.7763900826340273
1527,0.9268846281999132,0.9050665767249694,0.7877785592178107,0.7080247062895395,0.7955585400917177,0.69957430296518
1528,0.8986535220859886,0.9179603320946729,0.703751265813525,0.842801866670162,0.726327934919097,0.8154783278958107
1529,0.9163302351204379,0.9238601362794083,0.7489515371487899,0.8017743184398946,0.7310281620876553,0.7818286524169817
1530,0.8955923213784345,0.9185881676194675,0.8093125969721061,0.7555426377200332,0.7790878208190395,0.7228647371828715
1531,0.8975413452831045,0.9165059978890121,0.8214813601791542,0.7896921571417506,0.7502972300840229,0.721314198372632
1532,0.9143586033692722,0.9173750708918675,0.6705989431887713,0.854551633438775,0.7287713912157625,0.8195175299573882
1533,0.911160171119518,0.9031718252435594,0.6897812380989126,0.6650409924963714,0.7025485402725706,0.6816071518873709
1534,0.8168399485261285,0.9031718252435594,0.4690416657141111,0.6650409924963713,0.3519384933620574,0.6816071518873709
1535,0.9228388823438733,0.9141997156901654,0.8249875126305206,0.7772547974491724,0.8102631360216755,0.7781141178764932
1536,0.926601802314468,0.9183679321607368,0.7768338533048167,0.7840294326629539,0.767312555748069,0.8147301773726392
1537,0.8742635281442257,0.8996665083279334,0.8063236213978138,0.6917305099024638,0.7033302162528232,0.7447902313803254
1538,0.9366247000147718,0.9130208123204476,0.849081094337581,0.8083900071636523,0.8153116535562027,0.770209628537378
1539,0.9067726878818773,0.9065809350778434,0.7401178438056866,0.756360449819991,0.760886292068727,0.7185414910690806
1540,0.8824488713131328,0.9198966283811278,0.7780154589270443,0.8195044353586294,0.7201313626102526,0.8272387669808875
1541,0.933855365878973,0.9238601362794083,0.6517643591293847,0.8017743184398946,0.7745305267816652,0.7818286524169817
1542,0.897809172923068,0.9130208123204476,0.7271593367839073,0.8083900071636523,0.6770468900489057,0.7702096285373778
1543,0.9257377833497765,0.908553295207871,0.7720860870483528,0.7592442205157989,0.7967855645828836,0.8072720959521231
1544,0.9167230482404403,0.9065809350778434,0.7571605329597437,0.756360449819991,0.7566163744783391,0.7185414910690806
1545,0.9292935390700283,0.9130208123204476,0.7666755964865527,0.8083900071636524,0.7730368761228311,0.7702096285373778
1546,0.9273860692175317,0.908553295207871,0.7770634674019887,0.7592442205157989,0.8168759601984115,0.8072720959521231
1547,0.9003450222328772,0.9194406648223655,0.7300682070760098,0.8744443286097798,0.7897529723038997,0.8053697278578853
1548,0.9213729644897152,0.9130208123204476,0.792651429251061,0.8083900071636523,0.7793388374597907,0.770209628537378
1549,0.9067930678182317,0.8724491015923347,0.6966076903013657,0.5534993009625231,0.7821668634450135,0.808328070886108
1550,0.9030637097545575,0.9185881676194675,0.7967368694590764,0.7555426377200332,0.8107192259187582,0.7228647371828714
1551,0.8807316695233428,0.9111570395186828,0.7567690601944614,0.7625055172198758,0.6025345520033747,0.8470109538181516
1552,0.8494748937861551,0.9161726846979169,0.7088502863945472,0.819384375586342,0.6170047303584274,0.8002204285601935
1553,0.920186416964315,0.9141997156901656,0.8522488478093837,0.7772547974491723,0.7764970193669541,0.7781141178764932
1554,0.8985972281971393,0.9169624373888174,0.7828890318258042,0.8176898429693298,0.7847717924096665,0.7515124743757878
1555,0.9047305766105553,0.9287475229874669,0.6774638467258751,0.8794218016943833,0.7511639314142061,0.825208642402901
1556,0.8977074579946847,0.9221147813558473,0.7438904399598164,0.8566192698944781,0.7719012166089432,0.8492149129905718
1557,0.8963054156737549,0.9218113228239508,0.7252886736694601,0.7125138579811563,0.6761284808536256,0.7248945879886314
1558,0.9286129526172958,0.9031718252435594,0.8260552988716272,0.6650409924963713,0.7960083325060634,0.6816071518873709
1559,0.9479518344308646,0.9161726846979169,0.8601425874650799,0.819384375586342,0.8556818494940261,0.8002204285601935
1560,0.9367130141281109,0.901100317745305,0.7557387386561795,0.7348815375927972,0.7452701970867752,0.7660217000281323
1561,0.881863289333819,0.9130208123204476,0.6758174104684165,0.8083900071636523,0.7387652548095922,0.7702096285373778
1562,0.8859354774956263,0.9230964983719996,0.6893574451165279,0.8443837152243571,0.755985603221503,0.7643716417877403
1563,0.9030564383914501,0.9248450440750264,0.7782651917995356,0.7585338019434849,0.7186731767025301,0.7484995396441084
1564,0.9200913539891564,0.8881539641750386,0.8956026428380777,0.49880120966489083,0.8163615784802183,0.24723352455857006
1565,0.9190113905468116,0.9008835420858478,0.6938951335973587,0.6261589318142438,0.7768456515032831,0.6641439006892254
1566,0.8981853893363243,0.9157931961980419,0.7122256592374504,0.810237281626913,0.7756892971121734,0.7966987485268808
1567,0.9219792189177536,0.8940295803260082,0.8076132897214857,0.6647974448483605,0.797819795201508,0.8190342003297971
1568,0.9191006335339907,0.9321992053852791,0.6924696520660836,0.9020044699353877,0.7536554605846745,0.8645008562732222
1569,0.8899000551179052,0.9221147813558473,0.804587098948159,0.8566192698944781,0.709138199155296,0.8492149129905718
1570,0.8848905089009028,0.8996665083279334,0.8291264695682559,0.6917305099024638,0.7789411352474166,0.7447902313803253
1571,0.9021128755580581,0.9209930674271596,0.7086971541642366,0.7979122862880065,0.7069595075924187,0.7430516016452549
1572,0.919666759902118,0.912434585164782,0.8057273712054578,0.8028267091372625,0.7997213257091986,0.7721438903149994
1573,0.8688900119463904,0.9106577977881302,0.790763979101084,0.6118137341995595,0.7294685253203059,0.6098833062773644
1574,0.9352319671958278,0.8996665083279333,0.8351936817565171,0.6917305099024638,0.8681872201797092,0.7447902313803254
1575,0.8785153128895428,0.9264384659300852,0.6574725387234996,0.8393054537329417,0.6888734997395949,0.8030468420196344
1576,0.9040385258395226,0.8996665083279334,0.727872599697531,0.6917305099024638,0.7743650799409645,0.7447902313803253
1577,0.8889842980747423,0.9161726846979169,0.7971946436089921,0.819384375586342,0.7698102498335228,0.8002204285601935
1578,0.9206669368947076,0.9043233901136131,0.7525465088438179,0.6473351935096447,0.7799225089861419,0.6970615501721831
1579,0.9091068870069752,0.9110810246103219,0.7476826718037644,0.7722638795857802,0.7441235507602858,0.7518695185661165
1580,0.8955721540758227,0.9142197190626098,0.8183486276964124,0.753331234938922,0.7749083516917946,0.7039891013645034
1581,0.9015758372923904,0.8815886564652908,0.7912005561462451,0.45478794646219733,0.7698738194745482,0.5027375088290769
1582,0.9069730064284391,0.9209930674271596,0.8275725577275621,0.7979122862880065,0.7770883984380943,0.7430516016452549
1583,0.90330399802374,0.9169624373888174,0.6313421517073177,0.8176898429693298,0.7026920620699089,0.7515124743757878
1584,0.8916293183829028,0.9248450440750264,0.7555460788503575,0.7585338019434849,0.7315572831182238,0.7484995396441084
1585,0.8575195770739461,0.9064105406032062,0.8334541912983014,0.7567730278336171,0.7534595710971714,0.7780870501242034
1586,0.8767754545229195,0.8747180851608162,0.7461737312807204,0.5106867493398288,0.7627888915944598,0.7171877275403936
1587,0.911898228766719,0.9179603320946729,0.815232017898926,0.8428018666701621,0.8408189362531014,0.8154783278958107
1588,0.9247624428620812,0.9161726846979169,0.8288121051341675,0.8193843755863421,0.7806771840287098,0.8002204285601935
1589,0.9178486013924881,0.9097853324176657,0.7791596212425641,0.6794563862328551,0.7965804522394876,0.6276034269248463
1590,0.873551684024952,0.9074138513043833,0.7109465251361486,0.5664259432076391,0.5821087983632776,0.5943654719505618
1591,0.9170575800941472,0.9064105406032062,0.8021373992679148,0.7567730278336172,0.8262230057590888,0.7780870501242034
1592,0.9227658042388079,0.8773386602330552,0.8546119709899852,0.46434848749084023,0.8008166400601642,0.6167664375604467
1593,0.9200095834362246,0.9076455814834747,0.7408278696815616,0.7597959675010717,0.8291452993642229,0.7457325604386229
1594,0.8760778456357846,0.9211323649757012,0.7789610766292465,0.8272245902134964,0.8183872253401854,0.7743282507251863
1595,0.9306732262876343,0.9085532952078709,0.8158832680878776,0.7592442205157989,0.7930262005084551,0.8072720959521231
1596,0.9297017381914296,0.9141997156901654,0.8296664868336889,0.7772547974491724,0.8433456457482769,0.7781141178764931
1597,0.9004647393389653,0.9321992053852791,0.7244412557538829,0.9020044699353877,0.762179946034519,0.8645008562732222
1598,0.8880654066846728,0.9275927350426675,0.8265389312869309,0.8746304004539298,0.7429052139758756,0.8947217437762834
1599,0.914928474242347,0.8996665083279334,0.7546258259927676,0.6917305099024638,0.7570174881053948,0.7447902313803253
1600,0.8710236302333985,0.9169624373888174,0.765926988182831,0.8176898429693298,0.6923863077989032,0.7515124743757878
1601,0.9457525093655395,0.8940295803260082,0.8508359113697321,0.6647974448483605,0.818008035635085,0.8190342003297971
1602,0.9299177124184798,0.8993296631746901,0.7999546686217044,0.6803230722635135,0.8266332544726233,0.7763900826340272
1603,0.9360780885564712,0.9104423235000069,0.8025092953005235,0.7977934892039606,0.8343913867247561,0.8295709356732415
1604,0.9094065512551778,0.93184731111684,0.7565655073510147,0.8995678702975443,0.7865879913133567,0.9262305200253752
1605,0.9195785860647478,0.9031718252435594,0.7266376086567796,0.6650409924963714,0.7785177818418503,0.681607151887371
1606,0.9221772443620461,0.9164573074694431,0.7409242459440942,0.8363343335968336,0.7105911912794647,0.8697379790249613
1607,0.9315948636195849,0.9164573074694431,0.7782203632154683,0.8363343335968336,0.7607046805725268,0.8697379790249613
1608,0.9163247367612034,0.9031718252435594,0.8002994573936228,0.6650409924963714,0.8154294218472469,0.6816071518873709
1609,0.9221701291623071,0.8744467327333997,0.8396849932824011,0.5572568185063389,0.7783408394524325,0.7429355886711377
1610,0.9376114732622359,0.9158553402805047,0.8487913909313287,0.7164458055910199,0.8619649026890348,0.7033325402721409
1611,0.9154562133825725,0.9165059978890121,0.6633633058067907,0.7896921571417506,0.6317272677773416,0.721314198372632
1612,0.8874519638508138,0.9248450440750264,0.7135995563427795,0.758533801943485,0.6358572714807736,0.7484995396441084
1613,0.9437946893581243,0.8952370290992359,0.8447926818397081,0.6778755146742796,0.8546897265064421,0.781224123129059
1614,0.9153719531216333,0.9008835420858478,0.7523878436359541,0.6261589318142436,0.7219287509037281,0.6641439006892254
1615,0.8541521874935905,0.9185881676194675,0.8857000373230228,0.7555426377200332,0.7795662691660812,0.7228647371828715
1616,0.8851120989246383,0.9185126631065446,0.837773429045143,0.8289263170200285,0.7524429321202444,0.738975098525988
1617,0.9147896405943187,0.8776405627611376,0.8258311166449321,0.5082454258782257,0.783753118411037,0.6295838809743068
1618,0.9377404535008966,0.9185881676194674,0.7489072667775375,0.7555426377200332,0.7425425579515055,0.7228647371828715
1619,0.8853118109615334,0.9284073977426816,0.757706661452691,0.9006783222680399,0.7436587856211765,0.8580925178825867
1620,0.9232937790094208,0.913240505952346,0.821540432574936,0.8254289231005157,0.7804926368756053,0.8350584377661716
1621,0.8977012336241277,0.9050665767249694,0.765889262367388,0.7080247062895395,0.7590857084879846,0.6995743029651798
1622,0.9212612850067455,0.9275264548526274,0.8006662472325277,0.8093771569338576,0.7992677972440541,0.7740405094485594
1623,0.9375933273832537,0.9104423235000069,0.8763591556702884,0.7977934892039606,0.8852460719371399,0.8295709356732415
1624,0.879883015976662,0.8978638258492301,0.7079833491540131,0.6528005615588255,0.718696719752105,0.7248810031894461
1625,0.9044972849405005,0.8776405627611376,0.7326786433834458,0.5082454258782257,0.8178380841425175,0.6295838809743068
1626,0.9246575279989491,0.9233466768063191,0.7933715227393645,0.8620522961618826,0.8373882460989159,0.793103856468952
1627,0.9341498367299186,0.9221147813558473,0.8002101902008563,0.8566192698944781,0.8924067053935861,0.8492149129905718
1628,0.9185894903954301,0.9106577977881302,0.7959500248270189,0.6118137341995595,0.8661865301116841,0.6098833062773645
1629,0.915960587962243,0.8881539641750384,0.7842275572070875,0.49880120966489083,0.7453981147511544,0.24723352455856995
1630,0.9092783594443524,0.9287475229874669,0.632645924140093,0.8794218016943833,0.8057555762981227,0.825208642402901
1631,0.9059717533314902,0.9221147813558473,0.8104348670872247,0.8566192698944781,0.7884062626663816,0.8492149129905717
1632,0.8755774827745306,0.9019379136061632,0.7273699648015284,0.6016404453808734,0.6684327614502339,0.6761654189224349
1633,0.9001747514063466,0.9133920535327201,0.6874942386926102,0.6632679127183522,0.6953163744014326,0.6252516783154141
1634,0.9143780763770324,0.9141997156901654,0.8767278754814324,0.7772547974491723,0.8117318813555751,0.7781141178764932
1635,0.8952067961475055,0.9111570395186827,0.7303501683468996,0.7625055172198759,0.7818594901812711,0.8470109538181517
1636,0.8995691892803668,0.8817548693913316,0.7495642784491575,0.5045734720066445,0.8306017069440572,0.4925896089192576
1637,0.9403566640288451,0.9321992053852791,0.8600955514766414,0.9020044699353877,0.8481480362783782,0.8645008562732222
1638,0.9171382021655621,0.8976075036990971,0.7804051304183167,0.6343213588043431,0.7206438777101134,0.7506695153040142
1639,0.8974969568338356,0.9264384659300852,0.7624126019011016,0.8393054537329417,0.7201010210938685,0.8030468420196344
1640,0.8735015540678506,0.9141997156901654,0.7197210440089594,0.7772547974491723,0.6990739071360288,0.7781141178764932
1641,0.8987459484913232,0.908553295207871,0.8274652825676386,0.7592442205157989,0.7844117613022705,0.8072720959521231
1642,0.8650897578116967,0.9043233901136131,0.6983545512426967,0.6473351935096445,0.713401776045533,0.6970615501721831
1643,0.8517474474672738,0.911921490959384,0.7545885661391327,0.738458294831992,0.5957785029096538,0.7571841945065084
1644,0.9087367657651109,0.9164573074694431,0.7576949618196253,0.8363343335968336,0.7743208207964293,0.8697379790249613
1645,0.9321407192837722,0.9179603320946729,0.81015589099879,0.842801866670162,0.8101825817520637,0.8154783278958107
1646,0.892378353150578,0.9233466768063191,0.8171330806425428,0.8620522961618825,0.8191359537502458,0.793103856468952
1647,0.902849987396261,0.9104423235000069,0.8830497747943777,0.7977934892039606,0.8250774985911354,0.8295709356732415
1648,0.9313133164062855,0.8976075036990971,0.7888129837470755,0.6343213588043431,0.8321364415911793,0.7506695153040142
1649,0.9138389081541212,0.9183679321607368,0.8718179235133865,0.7840294326629539,0.7969440816064852,0.8147301773726392
1650,0.9189234483212201,0.9297625180971939,0.835035778339533,0.8665508489566299,0.7785631143604796,0.8429898840483059
1651,0.9032555628337424,0.8996665083279334,0.8134386103804077,0.6917305099024638,0.865020132503606,0.7447902313803253
1652,0.9095432323006476,0.9158553402805047,0.7440050992895496,0.7164458055910199,0.7833011048293093,0.7033325402721409
1653,0.9174380273727679,0.9287475229874669,0.8192361645416065,0.8794218016943833,0.767512110070442,0.825208642402901
1654,0.918358492214729,0.9248450440750264,0.8018652977151405,0.7585338019434849,0.789153486980642,0.7484995396441084
1655,0.8680706023483687,0.9198966283811278,0.6600774930844676,0.8195044353586294,0.606929066718771,0.8272387669808875
1656,0.9106125085219847,0.9221147813558473,0.7294509287322015,0.8566192698944782,0.7346160258344459,0.8492149129905718
1657,0.9042208518297958,0.917984295562509,0.7780625483779354,0.8585602377749768,0.8055840693394234,0.7801686149394131
1658,0.8924125716527893,0.9264384659300852,0.7262357179986418,0.8393054537329417,0.767148814399442,0.8030468420196344
1659,0.9213775691732081,0.9185881676194675,0.8044856820069144,0.7555426377200332,0.8081834812478296,0.7228647371828714
1660,0.9098153145755024,0.9141997156901654,0.8027013469993275,0.7772547974491723,0.7430304825632716,0.7781141178764932
1661,0.922938091848907,0.9309322021101868,0.6905015322887946,0.8114476227207775,0.8189204905890325,0.8156581496321025
1662,0.913012635638079,0.8880318814140042,0.7152538091697656,0.4411363208832694,0.789357828553905,0.32071000525242555
1663,0.9128860650176839,0.9145880702408675,0.8374819297272824,0.831856650088185,0.8117439827971857,0.7889134402979601
1664,0.8918946451195717,0.8993296631746901,0.7833630932033437,0.6803230722635135,0.7747407232868592,0.7763900826340273
1665,0.9295393621452752,0.9211323649757012,0.8319460464949174,0.8272245902134964,0.8073786194588377,0.7743282507251863
1666,0.9324837846411896,0.9056046581479117,0.7548536502631059,0.778937106538694,0.7967371527153877,0.8540855718197264
1667,0.9153873642526252,0.9198966283811278,0.7959124693471638,0.8195044353586294,0.7800231295844954,0.8272387669808875
1668,0.8929335561867551,0.9179603320946729,0.8156544060245343,0.842801866670162,0.7198017796158351,0.8154783278958107
1669,0.9066547362089631,0.9211323649757012,0.791097533561185,0.8272245902134964,0.655497133366181,0.7743282507251862
1670,0.9319996999788014,0.9088617091579041,0.785340082153448,0.738526752652511,0.7802805611174308,0.7339407895625497
1671,0.9182089486110753,0.9104423235000069,0.8368565129540807,0.7977934892039606,0.8109129130804742,0.8295709356732415
1672,0.9057545191795124,0.9085532952078709,0.6737324521749533,0.7592442205157989,0.7123400266120008,0.8072720959521231
1673,0.9218145817244136,0.9157931961980419,0.7659779096515092,0.810237281626913,0.7866786461659053,0.7966987485268808
1674,0.9078074968219586,0.9019379136061632,0.7513531110954822,0.6016404453808734,0.6846974738295586,0.6761654189224349
1675,0.9365160088474958,0.901100317745305,0.7927482075859793,0.7348815375927971,0.8844125959744075,0.7660217000281323
1676,0.9023837040310994,0.9183679321607368,0.5805115428382792,0.7840294326629539,0.7733804493399374,0.8147301773726392
1677,0.8980848233112546,0.913071368754977,0.787459598114005,0.8079730930648912,0.7566736772109741,0.8758636492262541
1678,0.9185712616035482,0.9062246434911096,0.6593337716643631,0.6992871970380374,0.759587197925931,0.7198032040000828
1679,0.9240853068867061,0.9065809350778434,0.7781545843575705,0.756360449819991,0.7876251627031287,0.7185414910690806
1680,0.9291453934740729,0.9130208123204476,0.7825347026580798,0.8083900071636523,0.8558441558709922,0.770209628537378
1681,0.900414964982597,0.9159477766967051,0.7582597913290074,0.7383158170962464,0.7212610780612044,0.7884160454999872
1682,0.8986560113198495,0.8952370290992359,0.8341268204023802,0.6778755146742796,0.7724733682563769,0.7812241231290589
1683,0.9026189783245726,0.9133920535327201,0.8506138366170347,0.6632679127183522,0.8328762040491878,0.625251678315414
1684,0.9260818129820897,0.912434585164782,0.8047036319306872,0.8028267091372625,0.7906444870142881,0.7721438903149995
1685,0.8887635426425451,0.9141997156901654,0.8532338384975394,0.7772547974491723,0.7856925668009185,0.7781141178764932
1686,0.9281502371048038,0.8940295803260082,0.8192504678880014,0.6647974448483605,0.7971715438511608,0.8190342003297971
1687,0.9185663827157854,0.9240954657552662,0.8214943024193746,0.8530630073291579,0.8367644531213039,0.8117740497190384
1688,0.9131445361526657,0.9031718252435594,0.7881478549337252,0.6650409924963714,0.7280723423052405,0.681607151887371
1689,0.9142725516861951,0.8744467327333997,0.7514900274817886,0.5572568185063389,0.6906920941946109,0.7429355886711377
1690,0.9207134610719809,0.9211323649757012,0.7880114115877506,0.8272245902134964,0.7577098102490227,0.7743282507251863
1691,0.9077340863457399,0.8747180851608162,0.8247646390840827,0.5106867493398288,0.8040092954188931,0.7171877275403935
1692,0.8949138498331872,0.9106577977881302,0.665542065514759,0.6118137341995595,0.630366511182189,0.6098833062773644
1693,0.9137734347902328,0.9157931961980419,0.8360404428572057,0.8102372816269129,0.8057097746269093,0.7966987485268808
1694,0.8084799576149401,0.9252511242789738,0.7413800770671983,0.8314442762115994,0.43749885591930493,0.8673500053512119
1695,0.907161973577798,0.9233466768063191,0.7853518744990526,0.8620522961618826,0.7905745076099157,0.793103856468952
1696,0.9341608665318236,0.9130208123204476,0.7786782301645582,0.8083900071636523,0.781281635382492,0.770209628537378
1697,0.8862048421237838,0.9240954657552662,0.6927341646976253,0.8530630073291579,0.6296564115212169,0.8117740497190384
1698,0.9108664423530344,0.9183679321607368,0.8319132379443264,0.784029432662954,0.7800945926051344,0.8147301773726392
1699,0.9184104788612437,0.919514437592666,0.7692348461603785,0.8420673338806265,0.6678929251569814,0.7861637474409726
1700,0.8845706403938229,0.8815886564652908,0.7934425588390144,0.4547879464621972,0.7342836447635397,0.502737508829077
1701,0.9140793047582105,0.90420262131545,0.7900243148275641,0.7741433132940996,0.7138380396852084,0.8195454449429229
1702,0.8872442343295734,0.908553295207871,0.7656063237522788,0.7592442205157989,0.7911025284275861,0.8072720959521231
1703,0.9036151813237943,0.9209930674271596,0.7963174728163349,0.7979122862880065,0.7550660269807206,0.7430516016452549
1704,0.905200166268634,0.9065809350778434,0.8218797217585523,0.756360449819991,0.693654062905616,0.7185414910690806
1705,0.926348445444044,0.9118368455940216,0.7505002526934654,0.7275138017648385,0.8146564618224627,0.6418578576991903
1706,0.9178120988899412,0.9062246434911096,0.8231451624015591,0.6992871970380374,0.7901924247616245,0.7198032040000828
1707,0.8925008827889889,0.9064105406032062,0.7714067596912825,0.7567730278336172,0.7307167703746811,0.7780870501242034
1708,0.9386928748709855,0.895220511858438,0.8712225545875043,0.7111165525463168,0.7879019373476193,0.8491480705310277
1709,0.9141067269778133,0.9233466768063191,0.7375312129928959,0.8620522961618825,0.6626051064951819,0.793103856468952
1710,0.8954296246339203,0.9142197190626098,0.835961587436734,0.753331234938922,0.7427663114923824,0.7039891013645033
1711,0.9263581238626332,0.9275264548526274,0.7557490970771902,0.8093771569338576,0.7929189935121342,0.7740405094485594
1712,0.8855702362509669,0.9141997156901654,0.8342657414652608,0.7772547974491723,0.7311009833915585,0.7781141178764932
1713,0.90682854747889,0.913071368754977,0.8588312460270643,0.8079730930648912,0.7016472653880163,0.8758636492262541
1714,0.8914017717233936,0.9161726846979169,0.6063148993702683,0.8193843755863421,0.7261818468960823,0.8002204285601935
1715,0.9158442267851838,0.9104423235000069,0.7447126738384378,0.7977934892039605,0.7490226609343309,0.8295709356732415
1716,0.8822784838212512,0.9221147813558473,0.8529436294149592,0.8566192698944781,0.7451525604792981,0.8492149129905718
1717,0.8952247888986079,0.9185881676194674,0.8160750534559447,0.7555426377200332,0.7467132402475369,0.7228647371828714
1718,0.9173409604168381,0.9211323649757012,0.7835813708755828,0.8272245902134964,0.8040294340577767,0.7743282507251863
1719,0.916891831116093,0.9248450440750264,0.8616972506890813,0.7585338019434849,0.8049488931440106,0.7484995396441084
1720,0.9267734447019362,0.8993296631746901,0.8003508580701673,0.6803230722635135,0.8191633562958547,0.7763900826340271
1721,0.904532167459862,0.9111570395186827,0.670125876878975,0.7625055172198759,0.6955083444194758,0.8470109538181516
1722,0.9143381976223586,0.9165059978890121,0.6799676049004342,0.7896921571417506,0.7415678008294811,0.721314198372632
1723,0.9130550865130564,0.9005893271638687,0.7953253584862509,0.7327651535422757,0.7597808488891844,0.8056791960910571
1724,0.9170411369113515,0.9157931961980419,0.7843223673286478,0.8102372816269129,0.7918491059419656,0.7966987485268808
1725,0.9216811823772136,0.9169624373888174,0.7751440023328575,0.8176898429693298,0.808139975277429,0.7515124743757878
1726,0.8865505096774402,0.8747180851608162,0.6967373214688284,0.5106867493398288,0.7507487650180134,0.7171877275403936
1727,0.9335572667211169,0.911921490959384,0.8132131553199267,0.738458294831992,0.8727853938479966,0.7571841945065085
1728,0.9175519230611162,0.9005893271638687,0.7561781369481366,0.7327651535422757,0.7561836257258222,0.8056791960910571
1729,0.9285428461969853,0.9157931961980419,0.8220398626680356,0.810237281626913,0.8378617346714994,0.7966987485268808
1730,0.9317980949634844,0.9298876805275468,0.7316798808947246,0.8664373152319771,0.8243630493854117,0.8026216467009677
1731,0.883856468631025,0.9233466768063191,0.7263980891392641,0.8620522961618826,0.741080767759202,0.793103856468952
1732,0.9178224366485846,0.9133920535327201,0.7833751703160198,0.6632679127183522,0.6694249819730997,0.6252516783154138
1733,0.8947993374899934,0.9064105406032062,0.7045769275118128,0.7567730278336172,0.6665384656584978,0.7780870501242034
1734,0.9387741198046612,0.9043233901136131,0.8199411250120469,0.6473351935096447,0.8366350508284827,0.6970615501721831
1735,0.9013561356008819,0.9161726846979169,0.7370096773887839,0.819384375586342,0.6958687243798951,0.8002204285601935
1736,0.916767001041944,0.9141997156901654,0.7302915270547663,0.7772547974491723,0.8783786600496544,0.7781141178764932
1737,0.9380029706922758,0.9064105406032062,0.8105704794871385,0.7567730278336171,0.8033700374499806,0.7780870501242034
1738,0.8946045486195595,0.9076455814834747,0.667302315238967,0.7597959675010717,0.7238837525017154,0.7457325604386229
1739,0.9354162794300074,0.90420262131545,0.8137559654636433,0.7741433132940996,0.8772830133826187,0.8195454449429229
1740,0.9115429591934029,0.912434585164782,0.8097535969566659,0.8028267091372625,0.7563555257408177,0.7721438903149995
1741,0.9316789715407732,0.908553295207871,0.8226936187715694,0.7592442205157989,0.7441530508078258,0.8072720959521232
1742,0.9202700963139583,0.9198966283811278,0.8154132102312436,0.8195044353586294,0.799961304198523,0.8272387669808875
1743,0.871401082375245,0.9062246434911096,0.7002285426527404,0.6992871970380374,0.7992589554371219,0.7198032040000828
1744,0.8783635484559452,0.9111570395186828,0.4709736940605287,0.7625055172198759,0.6223732800510688,0.8470109538181517
1745,0.8743375266879334,0.9218113228239508,0.8088073602532723,0.7125138579811563,0.7774455792064339,0.7248945879886313
1746,0.9033266680660784,0.9198966283811278,0.7415073933084186,0.8195044353586294,0.8112750726822887,0.8272387669808875
1747,0.9060738198572786,0.9211323649757012,0.6098306157339992,0.8272245902134964,0.7839254513626354,0.7743282507251862
1748,0.925488565184076,0.9124345851647822,0.7959637220484596,0.8028267091372625,0.8154022732590982,0.7721438903149995
1749,0.8510124885977057,0.9073336211083483,0.6807158507044913,0.6366107199123652,0.7137888306129468,0.6131538636385798
1750,0.918178565908448,0.9062246434911096,0.6936145477756976,0.6992871970380374,0.8104722785042829,0.7198032040000828
1751,0.9103083276938212,0.9238601362794083,0.7091144086998937,0.8017743184398946,0.6134994229911535,0.7818286524169817
1752,0.888131713366775,0.9259043616044467,0.6912135647560416,0.8812130508110183,0.7244120676835789,0.8821489970618499
1753,0.909082698096212,0.9064105406032062,0.8498498206869229,0.7567730278336171,0.7631146490406467,0.7780870501242034
1754,0.8985456924310744,0.9031718252435594,0.7848287220909926,0.6650409924963714,0.8210075942057034,0.6816071518873709
1755,0.8950746115745438,0.8773386602330552,0.7730951844504323,0.4643484874908401,0.6395836783918034,0.6167664375604468
1756,0.9148234299666769,0.8776405627611376,0.815989435647569,0.5082454258782259,0.7558987688771193,0.6295838809743068
1757,0.9249417791754594,0.8976075036990971,0.7240080210422817,0.634321358804343,0.767934147389221,0.7506695153040142
1758,0.883622301290984,0.9221147813558473,0.6586239102602303,0.8566192698944781,0.7485087621566913,0.8492149129905718
1759,0.9258282907387042,0.911921490959384,0.8436728697481961,0.738458294831992,0.8164851127441699,0.7571841945065085
1760,0.9166167417513971,0.913071368754977,0.8298301481531021,0.8079730930648912,0.8643622206350685,0.8758636492262541
1761,0.8753823520935285,0.9141997156901654,0.7555601188257979,0.7772547974491723,0.7352758193360716,0.7781141178764932
1762,0.9044933412280921,0.9050665767249694,0.7093358510134214,0.7080247062895395,0.7466276895197255,0.69957430296518
1763,0.9026888717692922,0.8993296631746901,0.7583982148065331,0.6803230722635135,0.7827400346947292,0.7763900826340272
1764,0.8893342266952353,0.8773386602330552,0.7328985749697322,0.46434848749084,0.7398771620167615,0.6167664375604469
1765,0.9241667162918783,0.9211323649757012,0.8676543562991315,0.8272245902134964,0.8163206102989105,0.7743282507251862
1766,0.9085046683052992,0.9337291026988338,0.8327506625897734,0.8551306845792973,0.7882060799826816,0.8415607418822812
1767,0.9277033995746509,0.8773386602330552,0.7952452371270309,0.46434848749084023,0.8558647640613285,0.6167664375604468
1768,0.9055830162695491,0.8996665083279334,0.6763174431822705,0.6917305099024638,0.7693419617540429,0.7447902313803253
1769,0.9129633617448853,0.912434585164782,0.7149205362372408,0.8028267091372625,0.7949866413899607,0.7721438903149995
1770,0.9382665732754591,0.9065809350778434,0.8305657825378439,0.756360449819991,0.8238881277247511,0.7185414910690806
1771,0.9249803498171268,0.9104423235000069,0.8200974669460309,0.7977934892039606,0.7917670112427887,0.8295709356732415
1772,0.9020682372921245,0.8880318814140041,0.7695432712379139,0.44113632088326926,0.7530587708238518,0.32071000525242543
1773,0.9310013518298891,0.9211323649757012,0.8652268128326348,0.8272245902134964,0.884977509436013,0.7743282507251862
1774,0.8859463341121425,0.919514437592666,0.7044422314293479,0.8420673338806265,0.633786306501642,0.7861637474409725
1775,0.9051629885738415,0.9371914577495689,0.7634315911179346,0.8835012912872157,0.8134184666161893,0.882793300919677
1776,0.896108727951584,0.911921490959384,0.6959381924726474,0.738458294831992,0.7487011058274413,0.7571841945065085
1777,0.9164973939439307,0.9362521808811466,0.7657662441240323,0.902469182364008,0.7183003941483431,0.8696544290638528
1778,0.8850491737602012,0.9141997156901654,0.7764051752202072,0.7772547974491723,0.6949828710114914,0.7781141178764932
1779,0.9204292232361806,0.9183679321607368,0.8063592319725232,0.784029432662954,0.776807421932783,0.8147301773726392
1780,0.9183698282666893,0.9209930674271596,0.8101286430959063,0.7979122862880065,0.7550440043662753,0.7430516016452549
1781,0.9017472290992644,0.9031718252435594,0.8098554314929347,0.6650409924963714,0.7575212819166788,0.681607151887371
1782,0.8811121751636586,0.9141997156901654,0.8747824445344943,0.7772547974491723,0.7752805402489749,0.7781141178764932
1783,0.9152850302000005,0.9083062171734734,0.8330162825251574,0.7902685572436167,0.7865116168669564,0.7967249084039157
1784,0.9091422711534399,0.9141997156901656,0.6697663954849569,0.7772547974491723,0.7660528018167905,0.7781141178764932
1785,0.8027664235395635,0.9238601362794083,0.5574954316929568,0.8017743184398946,0.6822881499469249,0.7818286524169817
1786,0.9098008619560196,0.9104423235000069,0.5916230754738339,0.7977934892039606,0.7369526450289952,0.8295709356732415
1787,0.9186007561618613,0.8976075036990971,0.78793845310461,0.634321358804343,0.8148861138080135,0.750669515304014
1788,0.8898196359051525,0.9031718252435594,0.7337851364219785,0.6650409924963713,0.6942689586889206,0.6816071518873709
1789,0.9266087134338279,0.9183679321607368,0.8065960821297531,0.7840294326629538,0.7909814724763677,0.8147301773726392
1790,0.9129126477145446,0.908553295207871,0.8513437925775802,0.759244220515799,0.8408267163574374,0.8072720959521231
1791,0.9328165486350791,0.9321992053852791,0.8184605169225343,0.9020044699353877,0.818741583055782,0.8645008562732222
1792,0.9054085105086064,0.9204498152169428,0.7946099141434774,0.8346319399558023,0.7229066028684064,0.8439112770331831
1793,0.931330699638101,0.9198966283811278,0.77333999178111,0.8195044353586294,0.8354683381519504,0.8272387669808875
1794,0.9202446716775028,0.908553295207871,0.7892121794299354,0.759244220515799,0.7656035439802861,0.8072720959521231
1795,0.9110232212083135,0.913240505952346,0.7670941354144053,0.8254289231005157,0.8229333927598974,0.8350584377661718
1796,0.9217276363079043,0.9287475229874669,0.7169111092557843,0.8794218016943833,0.6501602059335355,0.8252086424029011
1797,0.9180081135728342,0.908553295207871,0.8100462555908721,0.7592442205157989,0.7746035822071414,0.8072720959521231
1798,0.9171364749531027,0.9043233901136131,0.8163895015614924,0.6473351935096447,0.7622863184821714,0.6970615501721831
1799,0.8466043572601032,0.911921490959384,0.6851643206918157,0.7384582948319921,0.670262001261485,0.7571841945065085
1800,0.9294530658987629,0.9076455814834749,0.8110487001049866,0.7597959675010718,0.774628555210248,0.7457325604386229
1801,0.9029303947929764,0.9212367204899302,0.7517667477123855,0.8665469448164882,0.6974898687980389,0.8476723797710213
1802,0.9296643024766343,0.9164573074694431,0.831639408162058,0.8363343335968336,0.8372693498151501,0.8697379790249613
1803,0.8915183259435483,0.9198966283811278,0.8311441576102813,0.8195044353586294,0.7555643000703715,0.8272387669808875
1804,0.915607095063651,0.911921490959384,0.8242917500353969,0.738458294831992,0.7208939332202773,0.7571841945065085
1805,0.9149242755992617,0.9111570395186827,0.8170643635363619,0.7625055172198759,0.8076707161334131,0.8470109538181516
1806,0.9031108299431341,0.9110810246103218,0.7282781612681073,0.7722638795857802,0.7663647334274064,0.7518695185661165
1807,0.904388493217843,0.9141997156901654,0.7679422701340065,0.7772547974491723,0.7498973047770728,0.7781141178764932
1808,0.8779951710234815,0.9133920535327201,0.7017862045934415,0.6632679127183522,0.7640417854695629,0.6252516783154141
1809,0.9184464957266469,0.9191392595949737,0.731886697112103,0.8484820568781019,0.780929634901844,0.768211413077997
1810,0.9213238133099755,0.9309322021101868,0.8191482698899968,0.8114476227207776,0.7870395765606256,0.8156581496321026
1811,0.8875173960926201,0.9130208123204476,0.7301843012416588,0.8083900071636524,0.6466364543290851,0.7702096285373778
1812,0.931532149386068,0.9183679321607368,0.8137102453525199,0.7840294326629539,0.7392733093024021,0.8147301773726392
1813,0.9183998959022817,0.9065809350778434,0.730843578278256,0.756360449819991,0.7198407426300613,0.7185414910690806
1814,0.8684012606006384,0.9221147813558473,0.6351055132935051,0.8566192698944781,0.8170635913213375,0.8492149129905718
1815,0.9175300318835199,0.9238601362794083,0.8275406430488671,0.8017743184398946,0.8211971961585919,0.7818286524169817
1816,0.9185760995569139,0.9173750708918675,0.8096156518323141,0.854551633438775,0.799356187018747,0.8195175299573882
1817,0.8841324052055756,0.9209930674271596,0.8019166290418912,0.7979122862880065,0.8059240283882251,0.7430516016452549
1818,0.8857435718623173,0.9085532952078709,0.7752384241058714,0.7592442205157989,0.7907928157356396,0.8072720959521231
1819,0.9012935937731381,0.9194406648223655,0.681571386370557,0.8744443286097798,0.7082465955460233,0.8053697278578853
1820,0.9226776428144624,0.9005893271638687,0.7679631948383508,0.7327651535422757,0.8402350681971698,0.8056791960910572
1821,0.9251526735342335,0.9212367204899302,0.791302148319309,0.8665469448164882,0.7951639613891835,0.8476723797710213
1822,0.9333455233782748,0.9161726846979169,0.884509486723037,0.8193843755863421,0.8325637046671394,0.8002204285601935
1823,0.9451332529975968,0.9169624373888174,0.829991863816036,0.8176898429693298,0.7619095780187874,0.7515124743757878
1824,0.9219880692131297,0.8976075036990971,0.7115595947432554,0.634321358804343,0.7821974750470372,0.7506695153040142
1825,0.9226291792242449,0.8996665083279334,0.82017811749059,0.6917305099024638,0.8294820946503776,0.7447902313803253
1826,0.9141980026547292,0.9371914577495689,0.8007659397063708,0.8835012912872156,0.8263710258786596,0.882793300919677
1827,0.9186811131537325,0.8724952580503715,0.7284077784025588,0.5123447492853064,0.6425351469749585,0.7781563696453793
1828,0.9218451739494805,0.9230964983719996,0.6829347461159739,0.8443837152243572,0.7448379046374062,0.7643716417877402
1829,0.9239066578053838,0.8996665083279334,0.6947272108223371,0.6917305099024638,0.7696334402963415,0.7447902313803254
1830,0.9162399428828786,0.8996665083279334,0.7922869802562762,0.6917305099024638,0.8147146759725846,0.7447902313803254
1831,0.9283363356690512,0.8744467327333997,0.736576263887054,0.5572568185063389,0.817195933277783,0.7429355886711377
1832,0.915359591264666,0.913240505952346,0.806885558013335,0.8254289231005157,0.7425017177582934,0.8350584377661717
1833,0.9029688687115082,0.8966309994878482,0.7378511996145816,0.7168858075808276,0.7786092635419687,0.8034509716534401
1834,0.9110625329052227,0.8808913450031188,0.685300154241002,0.5688508892152357,0.7352862174822214,0.4677987863781049
1835,0.9008349944387899,0.9076455814834749,0.7486694753782186,0.7597959675010718,0.7593585215621428,0.7457325604386229
1836,0.9301847767539941,0.9164573074694431,0.7455503155203193,0.8363343335968336,0.8094397700447862,0.8697379790249613
1837,0.8796977994265643,0.9141997156901654,0.7789902616375401,0.7772547974491723,0.7915613395785593,0.7781141178764932
1838,0.8840856301155671,0.9062246434911096,0.6950776527214613,0.6992871970380374,0.6759192701239509,0.7198032040000828
1839,0.8033435576539258,0.9275927350426675,0.24913451080397186,0.8746304004539298,0.441051584259208,0.8947217437762834
1840,0.9094173295649838,0.9062246434911096,0.5459027631567945,0.6992871970380374,0.6880935396851915,0.7198032040000828
1841,0.9150556986060063,0.9031718252435594,0.818273172474854,0.6650409924963712,0.7708878348261754,0.681607151887371
1842,0.9053909462778686,0.908553295207871,0.8053049006438197,0.7592442205157989,0.768603176635707,0.8072720959521231
1843,0.8864680901850168,0.90420262131545,0.7737216177044669,0.7741433132940996,0.7982624819504193,0.8195454449429229
1844,0.9154290524342446,0.9198966283811278,0.8082636037573983,0.8195044353586294,0.7784332302402228,0.8272387669808875
1845,0.9014022819396097,0.915947776696705,0.7508856312516881,0.7383158170962464,0.7952437025938786,0.7884160454999872
1846,0.899982552829647,0.8976075036990971,0.7187733616462667,0.634321358804343,0.7526600988764478,0.7506695153040142
1847,0.9166690802556765,0.908553295207871,0.8252249000616453,0.7592442205157989,0.8227383826833417,0.8072720959521231
1848,0.9187953219729548,0.9183679321607368,0.7356749114994011,0.7840294326629539,0.7971284236257683,0.8147301773726392
1849,0.8898818916614654,0.9110810246103219,0.6840166227572912,0.7722638795857802,0.6331079754503686,0.7518695185661164
1850,0.9271111348302836,0.8940295803260082,0.7888060734997575,0.6647974448483605,0.8291781246397025,0.8190342003297972
1851,0.866263765439755,0.9211323649757012,0.7868748500151626,0.8272245902134964,0.735369910315834,0.7743282507251863
1852,0.9086001314898731,0.913071368754977,0.6601091896759885,0.8079730930648912,0.8608653984759245,0.8758636492262541
1853,0.87444434896063,0.8742730404925069,0.5669488138427006,0.47133951226001425,0.6557112170240834,0.6950339393988647
1854,0.9247350731319182,0.9116297526118948,0.8372890473942796,0.7193067854474582,0.7946166445928653,0.6867397881929375
1855,0.8956282600190437,0.9185881676194674,0.766798387239697,0.7555426377200332,0.7770956237632287,0.7228647371828715
1856,0.8744979700693941,0.9194406648223655,0.6608741292914646,0.8744443286097798,0.6970112289496933,0.8053697278578853
1857,0.8594940795137452,0.9141997156901654,0.7369553042477784,0.7772547974491723,0.6516948235441729,0.7781141178764932
1858,0.8888233510352919,0.9161726846979169,0.5698674230871716,0.819384375586342,0.6314691951297688,0.8002204285601935
1859,0.9136490330961788,0.8993296631746901,0.8078185847745903,0.6803230722635135,0.8293497048653287,0.7763900826340273
1860,0.8872857676369811,0.9183679321607368,0.8024700380838181,0.7840294326629538,0.7417240974824901,0.8147301773726392
1861,0.8298956542707981,0.911921490959384,0.7569137388380076,0.738458294831992,0.5878876087632716,0.7571841945065085
1862,0.9067176099387892,0.911921490959384,0.7666098218556168,0.738458294831992,0.8241698979462717,0.7571841945065085
1863,0.8962033391712888,0.9076455814834749,0.8745422958157645,0.7597959675010718,0.7198642726714177,0.7457325604386229
1864,0.8907888734974481,0.8776405627611376,0.7038370428294098,0.5082454258782257,0.7516719426558074,0.6295838809743067
1865,0.9116055312761462,0.9264384659300852,0.7129126076801744,0.8393054537329417,0.786031783275555,0.8030468420196344
1866,0.8977165145802362,0.9031718252435594,0.7750623628699992,0.6650409924963714,0.8113528015669927,0.6816071518873709
1867,0.8441957673973318,0.9106577977881302,0.4884281825407142,0.6118137341995595,0.6140542538472319,0.6098833062773644
1868,0.9224491951253543,0.9342719343034127,0.8416491745849649,0.9177992448031734,0.7531199751976473,0.8922149062593034
1869,0.8812181266608057,0.9083062171734734,0.8113751192318309,0.7902685572436167,0.8415754087265437,0.7967249084039156
1870,0.9337602760345145,0.9141997156901654,0.7578007856070128,0.7772547974491723,0.7879719729726635,0.7781141178764932
1871,0.868566609753915,0.9218544702404183,0.6961941262691352,0.8702918223302617,0.74357790599507,0.8031314970426409
1872,0.9149079599028338,0.9209930674271596,0.832186964016113,0.7979122862880065,0.8089754567047889,0.7430516016452549
1873,0.9093007403508245,0.9337291026988338,0.8756180580825266,0.8551306845792973,0.7290851821810855,0.8415607418822812
1874,0.9361102176746313,0.9158553402805047,0.7610589322111592,0.71644580559102,0.8582529671996058,0.7033325402721409
1875,0.8725170840682123,0.9156436138518956,0.6451496115200749,0.7230557383809473,0.723159381761757,0.640878235316461
1876,0.9134045780113137,0.8742730404925069,0.751138020443871,0.47133951226001425,0.782434927959316,0.6950339393988647
1877,0.8941552097167085,0.9110810246103219,0.7982487551295875,0.7722638795857801,0.7559589109692552,0.7518695185661164
1878,0.9216440935417212,0.9056046581479117,0.8015721899349235,0.778937106538694,0.770523994147374,0.8540855718197264
1879,0.9153051637511954,0.9179603320946729,0.7043179936177402,0.8428018666701621,0.7308672256135051,0.8154783278958107
1880,0.9132514647977209,0.9240954657552662,0.788075611172381,0.8530630073291579,0.7626368538331442,0.8117740497190384
1881,0.9311667598131165,0.9264384659300852,0.8225290843839949,0.8393054537329417,0.7904431846827831,0.8030468420196344
1882,0.8901604268486641,0.9252511242789738,0.8108638919641007,0.8314442762115996,0.8311537056103999,0.8673500053512119
1883,0.940862085286485,0.8724491015923347,0.8370800669422932,0.5534993009625231,0.8642255749562047,0.808328070886108
1884,0.9189682884128971,0.8776405627611376,0.8120468733319162,0.5082454258782259,0.823776470773421,0.6295838809743067
1885,0.9377214965875101,0.9043233901136131,0.8393478157417448,0.6473351935096447,0.8412318230397937,0.6970615501721831
1886,0.9195488728156388,0.915644714349609,0.7502400946874015,0.832925031232234,0.8256402623546232,0.7643854854722377
1887,0.8998627080067538,0.9056046581479117,0.8142196876571927,0.7789371065386939,0.6746059593432387,0.8540855718197264
1888,0.9075620567291243,0.9043233901136131,0.663710626397068,0.6473351935096447,0.7820986669292966,0.6970615501721831
1889,0.8976518393242443,0.8773386602330552,0.8177909690468905,0.46434848749084023,0.6723189728995733,0.6167664375604468
1890,0.8731780212183698,0.913071368754977,0.7298497017669119,0.8079730930648912,0.7124548365178005,0.8758636492262541
1891,0.9270786337486145,0.9185881676194674,0.7823257247155749,0.7555426377200332,0.8112973167432832,0.7228647371828715
1892,0.9010865643016497,0.9158553402805047,0.7205188918685665,0.7164458055910199,0.7412781602808153,0.7033325402721408
1893,0.8822116204325903,0.9076455814834747,0.7753038358165968,0.7597959675010717,0.6426242378022087,0.7457325604386229
1894,0.8499567978716309,0.9198966283811278,0.7021039971253629,0.8195044353586293,0.5993058233779868,0.8272387669808875
1895,0.9090363723994709,0.9133920535327201,0.7259572367810262,0.6632679127183522,0.7059174559647348,0.6252516783154141
1896,0.9289033878258477,0.9264384659300852,0.8009891197064368,0.8393054537329417,0.8528276999836487,0.8030468420196344
1897,0.9248952659236814,0.8996665083279334,0.8601049172362767,0.6917305099024638,0.817191459891407,0.7447902313803253
1898,0.9243661891226022,0.9264620038921141,0.8030300337344238,0.884481462879327,0.828796764064542,0.8305275187465941
1899,0.9093038851183677,0.9284073977426816,0.7743041641453354,0.9006783222680398,0.7860017251122859,0.8580925178825867
1900,0.9085682480075438,0.9085532952078709,0.8040053578564961,0.7592442205157989,0.7631398604226908,0.8072720959521232
1901,0.9069458121234455,0.9050665767249694,0.622493717922616,0.7080247062895395,0.6974694379143993,0.6995743029651799
1902,0.9388542122194983,0.9297625180971939,0.8425511392653204,0.8665508489566299,0.7412659536985202,0.8429898840483059
1903,0.9267751970020269,0.9321992053852792,0.8140028742470844,0.9020044699353877,0.8274348456401088,0.8645008562732222
1904,0.8504653375603561,0.9116297526118948,0.4542078590923473,0.7193067854474582,0.6574068834223609,0.6867397881929375
1905,0.9220385892831298,0.8786047513671237,0.8442848755611014,0.3787147042428963,0.8192682734187567,0.5023960442419604
1906,0.8958451832660119,0.9008835420858478,0.8172639705360294,0.6261589318142436,0.7642984211383347,0.6641439006892254
1907,0.884090515077701,0.9088617091579041,0.658748125036652,0.738526752652511,0.7612421133701437,0.7339407895625496
1908,0.9380879758665402,0.913240505952346,0.78091826240095,0.8254289231005157,0.8514966938816286,0.8350584377661717
1909,0.9311067131132278,0.9088617091579041,0.8027322743969034,0.738526752652511,0.8260743936580591,0.7339407895625496
1910,0.9085961858784404,0.9179603320946729,0.7748781651672906,0.842801866670162,0.8022635051596387,0.8154783278958107
1911,0.9148672154565088,0.9284073977426816,0.7992056114459504,0.9006783222680398,0.7657940889070068,0.8580925178825867
1912,0.9194235477080809,0.9031718252435594,0.7773669118188106,0.6650409924963712,0.8263302015821188,0.681607151887371
1913,0.900165837237065,0.8976075036990971,0.707481747431875,0.634321358804343,0.8137950506500476,0.7506695153040142
1914,0.8806302956901103,0.9321992053852791,0.7867397248556516,0.9020044699353877,0.7707180387060938,0.8645008562732222
1915,0.9112402674061182,0.9209930674271596,0.7570329531970799,0.7979122862880065,0.7394976529274009,0.7430516016452549
1916,0.8928622628817626,0.9165059978890121,0.7014369768161759,0.7896921571417506,0.730813745185352,0.721314198372632
1917,0.8852946609541794,0.9083062171734734,0.8655971179297138,0.7902685572436167,0.7538516654138112,0.7967249084039157
1918,0.9182264886902448,0.8993296631746901,0.8109512557156988,0.6803230722635135,0.8735780533318254,0.7763900826340272
1919,0.8836433750997668,0.8996665083279334,0.7492377203498781,0.6917305099024638,0.6613224534084607,0.7447902313803254
1920,0.8883609204268339,0.8817548693913317,0.6729887555602011,0.5045734720066446,0.7714178184311333,0.4925896089192576
1921,0.9106719681723108,0.8978638258492301,0.7915946908978273,0.6528005615588255,0.8100804747086695,0.7248810031894461
1922,0.9019854024575289,0.913240505952346,0.7431208329390349,0.8254289231005157,0.831252288515557,0.8350584377661718
1923,0.9235740980401027,0.9209930674271596,0.7622051091738365,0.7979122862880065,0.7295877478146398,0.7430516016452549
1924,0.8940640076907355,0.9221147813558473,0.8244698016215557,0.8566192698944781,0.7668351756835766,0.8492149129905718
1925,0.9170645690567132,0.8993296631746901,0.7009684972303997,0.6803230722635135,0.7127799461829831,0.7763900826340273
1926,0.9043940199599061,0.901100317745305,0.6546252396986474,0.7348815375927971,0.7765278316139352,0.7660217000281324
1927,0.9186100704749894,0.9185881676194674,0.7838415477075964,0.7555426377200332,0.835405189704646,0.7228647371828714
1928,0.8960048939561194,0.9043233901136131,0.8290295179395701,0.6473351935096447,0.7731718777724013,0.6970615501721831
1929,0.9093373384194035,0.9056046581479117,0.8137631104320229,0.778937106538694,0.7526351208113768,0.8540855718197264
1930,0.9126535998419932,0.9118368455940216,0.7500102076236916,0.7275138017648385,0.8016388690409693,0.6418578576991902
1931,0.9084096278690263,0.9218544702404183,0.7389940948680154,0.8702918223302617,0.695454291599493,0.8031314970426409
1932,0.8964686756088427,0.9110810246103218,0.7427222887367699,0.7722638795857802,0.7791604221202134,0.7518695185661166
1933,0.873480059993759,0.9179603320946729,0.6657367902006063,0.8428018666701621,0.7452624324251853,0.8154783278958107
1934,0.9061904387489911,0.9142197190626098,0.7504662532689299,0.753331234938922,0.790012989648484,0.7039891013645034
1935,0.9188435064371676,0.9106577977881302,0.7829325623498805,0.6118137341995595,0.6892256399617656,0.6098833062773644
1936,0.9207544825342217,0.9050665767249694,0.7643665062691366,0.7080247062895395,0.7596644384868084,0.69957430296518
1937,0.8658499885262834,0.8742730404925069,0.7708337126776124,0.47133951226001425,0.714914893781651,0.6950339393988647
1938,0.8980058156514532,0.9342719343034126,0.7985150338527942,0.9177992448031734,0.7862786761694278,0.8922149062593034
1939,0.906984940436445,0.8773386602330552,0.7436391366155476,0.46434848749084023,0.7316003775159938,0.6167664375604469
1940,0.9332819437604749,0.9287475229874669,0.8170544973475564,0.8794218016943833,0.8250758777759972,0.825208642402901
1941,0.9122242214081648,0.8978638258492301,0.6967139906395261,0.6528005615588255,0.8063477889405357,0.7248810031894461
1942,0.843107410894777,0.9141997156901654,0.7055857000806649,0.7772547974491723,0.689876163972133,0.7781141178764932
1943,0.9001684671650331,0.8805169556020322,0.8845035140205884,0.41387762702908193,0.7551104924216461,0.5050274642130563
1944,0.9342856182790881,0.9204498152169428,0.8389399719463082,0.8346319399558023,0.8277760603317621,0.8439112770331831
1945,0.9160809851927543,0.9050665767249694,0.7813547318935342,0.7080247062895395,0.7851956653671428,0.6995743029651799
1946,0.9108405682740274,0.8815886564652908,0.6992954970665284,0.45478794646219745,0.7532967589583675,0.5027375088290771
1947,0.8544981800127662,0.9248450440750264,0.5998371039606138,0.758533801943485,0.6815486723911919,0.7484995396441084
1948,0.9289181395310545,0.9275927350426675,0.901807019550957,0.8746304004539298,0.7652228384848029,0.8947217437762834
1949,0.9198666357240722,0.9106577977881302,0.7647973240610829,0.6118137341995595,0.7337507922492333,0.6098833062773644
1950,0.8823558752464059,0.8996665083279334,0.7357078287344025,0.6917305099024638,0.8221025262635344,0.7447902313803253
1951,0.9224030701534499,0.8996665083279334,0.8071915364124322,0.6917305099024638,0.8437225300731798,0.7447902313803253
1952,0.9150137116795759,0.9157931961980419,0.8027224823403968,0.810237281626913,0.7155406475265506,0.7966987485268807
1953,0.9236927760836076,0.9183679321607368,0.7893110343026002,0.7840294326629539,0.8017124015135122,0.8147301773726392
1954,0.8912512590709192,0.9264384659300852,0.6829290160196418,0.8393054537329417,0.8157570121087225,0.8030468420196344
1955,0.9321213911211347,0.911921490959384,0.8405324434192516,0.738458294831992,0.791946020884373,0.7571841945065084
1956,0.8926906622434585,0.9111570395186827,0.7221665448313964,0.7625055172198759,0.7610541088986175,0.8470109538181516
1957,0.9187214858497798,0.9156436138518955,0.7981111658977726,0.7230557383809474,0.7589509703571409,0.640878235316461
1958,0.9078471318171815,0.9169624373888174,0.7370119699494663,0.8176898429693298,0.7700060640936061,0.7515124743757878
1959,0.9080487822885688,0.9264384659300852,0.6874184864733107,0.8393054537329417,0.7470405650440142,0.8030468420196344
1960,0.8959984759568226,0.9158553402805047,0.6197996985573233,0.7164458055910201,0.6729058016546869,0.7033325402721409
1961,0.9157805751628836,0.9031718252435594,0.7238033416004612,0.6650409924963713,0.7501756329380673,0.6816071518873709
1962,0.940764859876947,0.915947776696705,0.8807030945202299,0.7383158170962465,0.8533427649432517,0.7884160454999872
1963,0.9320734870577801,0.9275927350426675,0.7712866393494106,0.8746304004539298,0.8061055098264794,0.8947217437762834
1964,0.9356133466190499,0.8976075036990971,0.8557222691692813,0.634321358804343,0.8578520141790678,0.7506695153040142
1965,0.9019049810777374,0.8976075036990971,0.7851536659792342,0.634321358804343,0.8065147808082866,0.7506695153040143
1966,0.8336384708122309,0.9104423235000069,0.7692634356650637,0.7977934892039606,0.6998363798856027,0.8295709356732415
1967,0.8664858914687885,0.9142197190626098,0.7638933603174161,0.753331234938922,0.7407151556465851,0.7039891013645034
1968,0.9117148800011659,0.9218544702404183,0.7549752002005298,0.8702918223302617,0.7835389102792684,0.8031314970426409
1969,0.8996558380965117,0.9221147813558473,0.7557219454591224,0.8566192698944781,0.7308309168363318,0.8492149129905718
1970,0.9204146287252237,0.9050665767249694,0.8400567764164424,0.7080247062895395,0.7814144121120399,0.6995743029651799
1971,0.9347483933973065,0.9233466768063191,0.7958906024144807,0.8620522961618826,0.8185360448209409,0.793103856468952
1972,0.9174188164286923,0.9238601362794083,0.8617154660280693,0.8017743184398946,0.8261028955485645,0.7818286524169817
1973,0.8886797521467383,0.9183679321607368,0.6930215638999004,0.7840294326629539,0.7594172555345723,0.8147301773726392
1974,0.9034574345198358,0.9185881676194674,0.7539822551908865,0.7555426377200332,0.7132630898156107,0.7228647371828715
1975,0.9256174710855969,0.9064105406032062,0.8545636307196155,0.7567730278336171,0.8238630222372043,0.7780870501242034
1976,0.8822449009228348,0.9287475229874669,0.5468149210710906,0.8794218016943833,0.6012085402840353,0.825208642402901
1977,0.9258363178364235,0.9073336211083483,0.8180586499549536,0.6366107199123651,0.8324201063619371,0.61315386363858
1978,0.9011127278965103,0.8976075036990971,0.8756198062343179,0.6343213588043433,0.825660354060145,0.7506695153040143
1979,0.9157385392903934,0.8762663735541345,0.8193912988463381,0.4269791983678518,0.7685812461050057,0.6036842837859805
1980,0.893134059427367,0.9031718252435594,0.6632074190754076,0.6650409924963713,0.7195898521398796,0.681607151887371
1981,0.9330473504446446,0.9133920535327201,0.8677792201580745,0.6632679127183522,0.8619590124270492,0.6252516783154138
1982,0.8740490334707596,0.9212367204899302,0.7079945323074452,0.8665469448164882,0.8096610546547012,0.8476723797710213
1983,0.9309819616326277,0.9073336211083483,0.7996264522454312,0.6366107199123651,0.851149244707315,0.61315386363858
1984,0.93876525216522,0.9043233901136131,0.8595715247664089,0.6473351935096447,0.8372833927853012,0.6970615501721831
1985,0.9124278914011839,0.9221147813558473,0.8070854915731369,0.8566192698944781,0.785340418517789,0.8492149129905717
1986,0.8773697539832493,0.9141997156901654,0.8330447872844478,0.7772547974491723,0.7405538132597509,0.7781141178764932
1987,0.8410949898716596,0.9145880702408675,0.7419822097494899,0.831856650088185,0.6174274286347403,0.7889134402979601
1988,0.9229337234568676,0.911921490959384,0.7793760689992609,0.7384582948319921,0.7949204490006528,0.7571841945065085
1989,0.9378916247169384,0.9064105406032062,0.7770738883430174,0.7567730278336171,0.8464834841180886,0.7780870501242034
1990,0.9218155226177425,0.8817548693913317,0.6707541612947912,0.5045734720066444,0.7584200858530699,0.4925896089192575
1991,0.832325729857405,0.9141997156901656,0.7095435831925438,0.7772547974491723,0.6370611258123348,0.7781141178764932
1992,0.8820678637445554,0.8976075036990971,0.6601384801034457,0.634321358804343,0.7474578817592286,0.7506695153040143
1993,0.9195672764598324,0.9173750708918675,0.6338030206298338,0.854551633438775,0.6843189375757808,0.8195175299573882
1994,0.9177474437863549,0.8747180851608162,0.7620267330418262,0.5106867493398287,0.7596822090361738,0.7171877275403935
1995,0.908085434712767,0.9083062171734734,0.7510998473146078,0.7902685572436167,0.761210889733324,0.7967249084039157
1996,0.8888406641233224,0.9275927350426675,0.6653372351582247,0.8746304004539298,0.7169214160789841,0.8947217437762834
1997,0.930201293326091,0.9161726846979169,0.8119777163613542,0.819384375586342,0.8457319071265242,0.8002204285601935
1998,0.8978986374918811,0.8770970400975031,0.7717045794480583,0.5621216092675132,0.7768948219774585,0.6424936138943235
1999,0.9039477264765304,0.9097853324176656,0.8061408092659352,0.6794563862328551,0.8095189798957046,0.6276034269248464
