condition_id,target,model,split_scheme,train_on,held_out_level,y_true,y_pred,sd,lower,upper
0,rms_Voc,gp,loo,full,,0.0285867300932331,0.03727977644037751,0.015537224992028588,0.00682681545600148,0.06773273742475355
1,rms_Voc,gp,loo,full,,0.04758108870069616,0.062260410636402946,0.01449328016346186,0.0338535815160177,0.0906672397567882
2,rms_Voc,gp,loo,full,,0.09970584338151171,0.08899234991983725,0.014822804458863307,0.059939653180465166,0.11804504665920933
3,rms_Voc,gp,loo,full,,0.12449860187870826,0.15177688366308878,0.011992569738848493,0.12827144697494575,0.1752823203512318
4,rms_Voc,gp,loo,full,,0.06728802355531271,0.05642432323778309,0.015360516564369847,0.02631771077161819,0.08653093570394799
5,rms_Voc,gp,loo,full,,0.04413070420233045,0.05065340391261731,0.013837039315589371,0.02353280685406214,0.07777400097117247
6,rms_Voc,gp,loo,full,,0.06288524587147142,0.058114884722709904,0.013374539767908495,0.031900786777609255,0.08432898266781055
7,rms_Voc,gp,loo,full,,0.08858324894292931,0.10257444010984154,0.01340504989416624,0.0763005423172757,0.12884833790240738
8,rms_Voc,gp,loo,full,,0.14464805659401586,0.12478453513034893,0.009864670475156956,0.10544978099904129,0.14411928926165657
9,rms_Voc,gp,loo,full,,0.06458239815053043,0.053312140803644124,0.01336824309365442,0.027110384340081464,0.07951389726720678
10,rms_Voc,gp,loo,full,,0.06096340286567238,0.06146645066474346,0.01561455854341403,0.030861915919651962,0.09207098540983497
11,rms_Voc,gp,loo,full,,0.10309990786795749,0.09016812805099754,0.015031235644179089,0.060706906188406524,0.11962934991358856
12,rms_Voc,gp,loo,full,,0.11646764333639503,0.12084101346964687,0.015180904748636273,0.09108644016231979,0.15059558677697396
13,rms_Voc,gp,loo,full,,0.19816971960190574,0.21538904100550932,0.0139407084789386,0.18806525238678967,0.24271282962422897
14,rms_Voc,gp,loo,full,,0.054410883145570466,0.08040509756462953,0.01433829277036751,0.052302043734709217,0.10850815139454985
15,rms_Voc,gp,loo,full,,0.051198809900038535,0.04006762132193069,0.015262597151961356,0.010152930904086432,0.06998231173977494
16,rms_Voc,gp,loo,full,,0.07477487482962646,0.053945762413604506,0.014265689883193771,0.025985010242544716,0.0819065145846643
17,rms_Voc,gp,loo,full,,0.11404227815252285,0.11601886044388844,0.01483435822670381,0.08694351831954897,0.14509420256822791
18,rms_Voc,gp,loo,full,,0.15396210578545416,0.1198925123540634,0.01167184048767821,0.0970157049982141,0.1427693197099127
19,rms_Voc,gp,loo,full,,0.05931999506358712,0.07202610177031987,0.015092273959186933,0.04244524481031348,0.10160695873032627
20,rms_Voc,gp,loo,full,,0.06265781094812338,0.05833569098328513,0.013713222364004057,0.03145777514983718,0.08521360681673308
21,rms_Voc,gp,loo,full,,0.06877412380526063,0.08006148768222474,0.01310692507845098,0.05437191452846081,0.10575106083598866
22,rms_Voc,gp,loo,full,,0.11713961371317501,0.11133099564558611,0.013294359678735917,0.08527405067526372,0.1373879406159085
23,rms_Voc,gp,loo,full,,0.1564763730463234,0.18201098492224912,0.009212970523986305,0.16395356269523598,0.20006840714926227
24,rms_Voc,gp,loo,full,,0.06493091158272947,0.07371733644305989,0.013257946732996463,0.04773176084638682,0.09970291203973296
25,rms_Voc,gp,loo,full,,0.06926367781436776,0.06752969672213324,0.015320411740736934,0.037501689710288846,0.09755770373397764
26,rms_Voc,gp,loo,full,,0.10133133054775115,0.10799239986730273,0.014811424246313884,0.07896200834452752,0.13702279139007795
27,rms_Voc,gp,loo,full,,0.13889884652540044,0.13364493564340008,0.014940676038284613,0.10436121060836223,0.16292866067843792
28,rms_Voc,gp,loo,full,,0.23779048252794935,0.20684328619529357,0.01372396729535969,0.17994431029638858,0.23374226209419857
29,rms_Voc,gp,loo,full,,0.08545289382525174,0.0636313906937746,0.014145417204354173,0.035906372973240425,0.09135640841430878
30,rms_Voc,gp,loo,full,,0.009760861316943245,0.04187514142307283,0.024757123280679423,-0.006648820207058835,0.0903991030532045
31,rms_Voc,gp,loo,full,,0.014508188418088559,0.04202503396184974,0.024173956228912406,-0.005355920246818573,0.08940598817051806
32,rms_Voc,gp,loo,full,,0.03661213381504203,0.07409502144627983,0.023986148592916163,0.027082170204164153,0.12110787268839551
33,rms_Voc,gp,loo,full,,0.05173321710386965,0.06709517207220297,0.02457615693722979,0.01892590447523259,0.11526443966917335
34,rms_Voc,gp,loo,full,,0.033288813695527796,0.042424859387085706,0.025226173354596544,-0.0070184403879235205,0.09186815916209493
35,rms_Voc,gp,loo,full,,0.06215695226201519,0.03615686608532165,0.01993353550211271,-0.0029128634988192653,0.07522659566946256
36,rms_Voc,gp,loo,full,,0.08430580345539967,0.07282230069848984,0.020113068836692297,0.03340068577857294,0.11224391561840674
37,rms_Voc,gp,loo,full,,0.14015088192737288,0.10075613205494864,0.018806214083423665,0.06389595245143825,0.13761631165845903
38,rms_Voc,gp,loo,full,,0.18613447552206322,0.18910710260792213,0.020314518309476354,0.14929064672134848,0.22892355849449578
39,rms_Voc,gp,loo,full,,0.06196232957271379,0.05635868086355847,0.020555536791308244,0.016069828752594315,0.09664753297452262
40,rms_Voc,gp,loo,full,,0.06556874834127399,0.09384215075670223,0.024871480920827117,0.04509404815188108,0.14259025336152337
41,rms_Voc,gp,loo,full,,0.1269725677875253,0.13286975127677167,0.02453497786514677,0.084781194661084,0.18095830789245934
42,rms_Voc,gp,loo,full,,0.17011573761311774,0.2040992079625064,0.02397346287178737,0.15711122073380318,0.25108719519120964
43,rms_Voc,gp,loo,full,,0.27313629962814373,0.3136025108813725,0.023197035743562095,0.26813632082399075,0.3590687009387542
44,rms_Voc,gp,loo,full,,0.08560325096733562,0.09644490794253702,0.0252431319175355,0.04696836938416744,0.1459214465009066
45,rms_Voc,gp,loo,full,,0.037556732705441444,0.012108681484597622,0.02488950511857812,-0.03667474854781549,0.06089211151701073
46,rms_Voc,gp,loo,full,,0.04360056804280307,0.02764211678039996,0.02448163036606647,-0.02034187873709032,0.07562611229789024
47,rms_Voc,gp,loo,full,,0.04924463602686128,0.02441546961480072,0.024197386014128856,-0.023011406972891835,0.07184234620249327
48,rms_Voc,gp,loo,full,,0.061947249263179266,0.12098039324153834,0.023342883952690616,0.07522834069426473,0.16673244578881194
49,rms_Voc,gp,loo,full,,0.05520203246912867,0.02466166155308476,0.024899012822935735,-0.024140403579869282,0.0734637266860388
50,rms_Voc,gp,loo,full,,0.06464104772693736,0.08601792153007726,0.020223150806380815,0.04638054594957086,0.12565529711058365
51,rms_Voc,gp,loo,full,,0.1061907400375857,0.10890551953838128,0.020359798598752938,0.06900031428482552,0.14881072479193702
52,rms_Voc,gp,loo,full,,0.14594201959443942,0.1794162634435779,0.019417548157269163,0.14135786905533032,0.21747465783182546
53,rms_Voc,gp,loo,full,,0.3247159319617053,0.2822009452219276,0.01935037977879472,0.24427420085548998,0.3201276895883653
54,rms_Voc,gp,loo,full,,0.09618234522660388,0.11478689535324244,0.020372891677130345,0.07485602766606696,0.1547177630404179
55,rms_Voc,gp,loo,full,,0.10129747255604984,0.0789159412803989,0.025018171901483838,0.029880324353490584,0.12795155820730722
56,rms_Voc,gp,loo,full,,0.16435945135408164,0.15206724766108295,0.02462858903909821,0.10379521314445046,0.20033928217771546
57,rms_Voc,gp,loo,full,,0.23351523325410375,0.20983791887952324,0.024342304445671308,0.16212700216600748,0.257548835593039
58,rms_Voc,gp,loo,full,,0.4337970382398568,0.3679153590989985,0.023065563886249398,0.32270685388194964,0.4131238643160473
59,rms_Voc,gp,loo,full,,0.137571433960762,0.13198186876457071,0.025310380308027024,0.08237352336083775,0.18159021416830368
60,rms_Voc,gp,loo,full,,0.027809194807435544,0.059626796261480125,0.03134451495424415,-0.001808453048838414,0.12106204557179867
61,rms_Voc,gp,loo,full,,0.03376385751429354,0.04339760300223321,0.029818626852249133,-0.015046905628175095,0.10184211163264151
62,rms_Voc,gp,loo,full,,0.06472638287800421,0.07478597208270579,0.02971788847799901,0.016538910665827737,0.13303303349958384
63,rms_Voc,gp,loo,full,,0.09895912208822974,0.10116165325444824,0.02979332325393556,0.04276673967673455,0.15955656683216193
64,rms_Voc,gp,loo,full,,0.032306508405576646,0.062005498328229276,0.03152066995360361,0.00022498521916620995,0.12378601143729234
65,rms_Voc,gp,loo,full,,0.07333766405647854,0.05081603803905543,0.023172645633246305,0.005397652597892676,0.09623442348021818
66,rms_Voc,gp,loo,full,,0.08429763716173058,0.08831055616112658,0.022878818544139215,0.04346807181461372,0.13315304050763943
67,rms_Voc,gp,loo,full,,0.14387655045817369,0.12910547483184243,0.022789958847198543,0.08443715549133328,0.17377379417235156
68,rms_Voc,gp,loo,full,,0.2713050081144946,0.2613423474634897,0.02268309701121155,0.21688347732151508,0.30580121760546436
69,rms_Voc,gp,loo,full,,0.09371781676772084,0.08210499763971446,0.02341453536681005,0.03621250832076676,0.12799748695866217
70,rms_Voc,gp,loo,full,,0.08715895279312774,0.1155369496333972,0.03135562007897092,0.05407993427861419,0.1769939649881802
71,rms_Voc,gp,loo,full,,0.13480771178358023,0.12589727356724198,0.029730094841293166,0.06762628767830738,0.1841682594561766
72,rms_Voc,gp,loo,full,,0.1801699290495756,0.21087538665769967,0.029404772684238585,0.15324203219659205,0.2685087411188073
73,rms_Voc,gp,loo,full,,0.3279096638054766,0.35292142045380237,0.02948419725264388,0.29513239383862033,0.4107104470689844
74,rms_Voc,gp,loo,full,,0.11806648579826695,0.13975297607317433,0.03156204338883644,0.07789137103105491,0.20161458111529373
0,rms_Voc,gp,loo_halfA,halfA,,0.029913688425805066,0.03451882211187092,0.010103177411390475,0.014716594385545588,0.05432104983819625
1,rms_Voc,gp,loo_halfA,halfA,,0.0456663939820291,0.05299558328784222,0.00921289521876624,0.03493830865906039,0.07105285791662405
2,rms_Voc,gp,loo_halfA,halfA,,0.08866539054391609,0.0840435930740964,0.009211348512654793,0.065989349989293,0.1020978361588998
3,rms_Voc,gp,loo_halfA,halfA,,0.12317978446887551,0.1353258869464024,0.008568197471964535,0.11853221990135192,0.15211955399145288
4,rms_Voc,gp,loo_halfA,halfA,,0.06266940992657902,0.060757064247493955,0.010109842081012232,0.040941773768709985,0.08057235472627793
5,rms_Voc,gp,loo_halfA,halfA,,0.045922245646647576,0.04407405956995822,0.00743498926816077,0.02950148060436311,0.058646638535553325
6,rms_Voc,gp,loo_halfA,halfA,,0.06063912914034422,0.060327526019801986,0.007280420915715308,0.04605790102499998,0.07459715101460399
7,rms_Voc,gp,loo_halfA,halfA,,0.0916209714320296,0.09549566442980804,0.007187063808586453,0.0814090193649786,0.10958230949463749
8,rms_Voc,gp,loo_halfA,halfA,,0.1470502973211055,0.14205177359983873,0.0070446080509149,0.12824434182004552,0.15585920537963194
9,rms_Voc,gp,loo_halfA,halfA,,0.06129641061346978,0.051317769989444414,0.006743204197221209,0.038101089762890845,0.06453445021599799
10,rms_Voc,gp,loo_halfA,halfA,,0.05428621162578711,0.059779069935097,0.010038451659037313,0.04010370468338387,0.07945443518681013
11,rms_Voc,gp,loo_halfA,halfA,,0.09949325271548466,0.092208424980281,0.009198470469077173,0.07417942286088974,0.11023742709967227
12,rms_Voc,gp,loo_halfA,halfA,,0.12368637788287867,0.126475787226788,0.009399957122527636,0.10805187126663385,0.14489970318694217
13,rms_Voc,gp,loo_halfA,halfA,,0.18609892749003915,0.1901396980700219,0.009360097026785008,0.1717939078975233,0.2084854882425205
14,rms_Voc,gp,loo_halfA,halfA,,0.055255115657607344,0.07568597076881142,0.008336330749805092,0.05934676249919344,0.09202517903842941
15,rms_Voc,gp,loo_halfA,halfA,,0.05522277551882299,0.04955814259157301,0.009909635659240662,0.030135256699461314,0.0689810284836847
16,rms_Voc,gp,loo_halfA,halfA,,0.08014706743377042,0.06951174084117474,0.009094517175593864,0.05168648717701077,0.08733699450533872
17,rms_Voc,gp,loo_halfA,halfA,,0.11965119153769788,0.12055362218140574,0.009190746533654669,0.10253975897544258,0.13856748538736888
18,rms_Voc,gp,loo_halfA,halfA,,0.15216576444881424,0.1363614971297929,0.008457432537417283,0.11978492935645502,0.15293806490313078
19,rms_Voc,gp,loo_halfA,halfA,,0.05769666624515835,0.0604015904906419,0.00989896121807462,0.04099962650321565,0.07980355447806815
20,rms_Voc,gp,loo_halfA,halfA,,0.06564045951661185,0.06775173852779669,0.007322881889888828,0.05339889002361459,0.08210458703197879
21,rms_Voc,gp,loo_halfA,halfA,,0.08395120662890865,0.08719500904979688,0.007194913356213788,0.07309297887161785,0.10129703922797591
22,rms_Voc,gp,loo_halfA,halfA,,0.12599337126565655,0.12554320330246158,0.007167374059591903,0.11149515014566144,0.1395912564592617
23,rms_Voc,gp,loo_halfA,halfA,,0.17218215150107027,0.18009934107080655,0.006872646383689894,0.16662895415877435,0.19356972798283875
24,rms_Voc,gp,loo_halfA,halfA,,0.06304723838215187,0.07261441977965727,0.006681491309844772,0.059518696812361514,0.08571014274695302
25,rms_Voc,gp,loo_halfA,halfA,,0.06952048185499234,0.06449674924497195,0.009828188610299354,0.04523349956878522,0.08375999892115868
26,rms_Voc,gp,loo_halfA,halfA,,0.11005717434186289,0.11370227369257795,0.009113104032970294,0.09584058978795618,0.13156395759719972
27,rms_Voc,gp,loo_halfA,halfA,,0.1536037403279148,0.14949343720283492,0.009266040269161625,0.13133199827527814,0.1676548761303917
28,rms_Voc,gp,loo_halfA,halfA,,0.21968410841455163,0.20845140339577106,0.00933149610057734,0.19016167103863948,0.22674113575290264
29,rms_Voc,gp,loo_halfA,halfA,,0.08482042315601332,0.06590207729225607,0.008232377221012145,0.049766617939072263,0.08203753664543988
30,rms_Voc,gp,loo_halfA,halfA,,0.010095782967853458,0.0335846896623405,0.021063962407609965,-0.007700676656575027,0.07487005598125604
31,rms_Voc,gp,loo_halfA,halfA,,0.014777987949771783,0.04489425294084447,0.019716015281348587,0.006250862989401237,0.0835376428922877
32,rms_Voc,gp,loo_halfA,halfA,,0.04139116886876132,0.06989187831505458,0.01989903732973976,0.030889765148764653,0.10889399148134452
33,rms_Voc,gp,loo_halfA,halfA,,0.05304774788340976,0.07028993797962843,0.020315766301344844,0.030471036028992537,0.11010883993026432
34,rms_Voc,gp,loo_halfA,halfA,,0.034885322519619906,0.042009396158429496,0.0213664768563792,0.00013110151992627023,0.08388769079693273
35,rms_Voc,gp,loo_halfA,halfA,,0.058958306149969275,0.04461236095350239,0.016147721772289972,0.01296282627981405,0.07626189562719074
36,rms_Voc,gp,loo_halfA,halfA,,0.08687305831123743,0.06554311510147684,0.015303080409590405,0.035549077498679645,0.09553715270427404
37,rms_Voc,gp,loo_halfA,halfA,,0.14162547639269377,0.11501122937169414,0.01505877372781639,0.08549603286517402,0.14452642587821427
38,rms_Voc,gp,loo_halfA,halfA,,0.17838007963761773,0.16661147473688445,0.015686773791729332,0.13586539810509496,0.19735755136867394
39,rms_Voc,gp,loo_halfA,halfA,,0.06355668711135534,0.05783850444410076,0.016384650762372433,0.025724588949850795,0.08995241993835074
40,rms_Voc,gp,loo_halfA,halfA,,0.0666951823387117,0.08072665644659886,0.021305369802232906,0.038968131634222365,0.12248518125897537
41,rms_Voc,gp,loo_halfA,halfA,,0.11506808808830361,0.13503943515923633,0.019977158692952156,0.09588420412105012,0.17419466619742255
42,rms_Voc,gp,loo_halfA,halfA,,0.1604899811244688,0.18374424371030798,0.020091502216363025,0.14436489936623645,0.2231235880543795
43,rms_Voc,gp,loo_halfA,halfA,,0.23626319063520973,0.28451856481031756,0.018281568510172208,0.24868669053038003,0.32035043909025507
44,rms_Voc,gp,loo_halfA,halfA,,0.08711755626381805,0.09294916502148567,0.021411901230946932,0.05098183860882969,0.13491649143414167
45,rms_Voc,gp,loo_halfA,halfA,,0.03870074596581162,0.021770559773198084,0.02110956090043165,-0.019604179591647945,0.06314529913804412
46,rms_Voc,gp,loo_halfA,halfA,,0.04343691146176998,0.017077341488589054,0.019793016003616458,-0.0217169698784992,0.05587165285567731
47,rms_Voc,gp,loo_halfA,halfA,,0.05693721797097217,0.044244858015578786,0.020108634205591877,0.004831934972618711,0.08365778105853885
48,rms_Voc,gp,loo_halfA,halfA,,0.06450699412267079,0.08864488702737464,0.02012037811749098,0.049208945917092316,0.12808082813765695
49,rms_Voc,gp,loo_halfA,halfA,,0.05867603758719035,0.02745598460854641,0.020778985260731426,-0.013270826502487183,0.06818279571958
50,rms_Voc,gp,loo_halfA,halfA,,0.07506185089485179,0.08271131020037079,0.016302212688363904,0.050758973331177536,0.11466364706956403
51,rms_Voc,gp,loo_halfA,halfA,,0.09604867376471564,0.11924631952568529,0.015128728548395804,0.08959401157082952,0.14889862748054106
52,rms_Voc,gp,loo_halfA,halfA,,0.16873985171176653,0.1741001547203533,0.015890455523779243,0.142954861893746,0.2052454475469606
53,rms_Voc,gp,loo_halfA,halfA,,0.29433413458510044,0.2882703648896837,0.015983679755588356,0.25694235256873055,0.3195983772106369
54,rms_Voc,gp,loo_halfA,halfA,,0.10223534626005792,0.1205831112908448,0.015941936223492194,0.0893369162928001,0.1518293062888895
55,rms_Voc,gp,loo_halfA,halfA,,0.0929777428418036,0.08716436503511987,0.021361282426688263,0.045296251478810876,0.12903247859142886
56,rms_Voc,gp,loo_halfA,halfA,,0.16161501793615754,0.13042919557264587,0.01969162463725182,0.09183361128363231,0.16902477986165942
57,rms_Voc,gp,loo_halfA,halfA,,0.21876133202760487,0.22823126919068498,0.020273421368668852,0.18849536330809402,0.26796717507327594
58,rms_Voc,gp,loo_halfA,halfA,,0.4113271322491028,0.35128054008661636,0.018102317741317202,0.3157999973136346,0.3867610828595981
59,rms_Voc,gp,loo_halfA,halfA,,0.13657276805764187,0.1286894647552223,0.021319381795507842,0.08690347643602694,0.17047545307441767
60,rms_Voc,gp,loo_halfA,halfA,,0.028418318530934867,0.05838682828043303,0.027033468071808626,0.005401230859688126,0.11137242570117795
61,rms_Voc,gp,loo_halfA,halfA,,0.03406990951397077,0.04440487591590392,0.024762618655578054,-0.004129856649029068,0.0929396084808369
62,rms_Voc,gp,loo_halfA,halfA,,0.060558364583329326,0.06445107770392197,0.024578287447550758,0.016277634306722487,0.11262452110112145
63,rms_Voc,gp,loo_halfA,halfA,,0.09523130703251696,0.10882479076109454,0.02467603697511571,0.06045975828986775,0.15718982323232134
64,rms_Voc,gp,loo_halfA,halfA,,0.032491750374892,0.06503696012623654,0.027094759560302308,0.011931231388044021,0.11814268886442905
65,rms_Voc,gp,loo_halfA,halfA,,0.07812371713769081,0.058277626828220276,0.018857974270092125,0.02131599725883971,0.09523925639760084
66,rms_Voc,gp,loo_halfA,halfA,,0.0909809002986619,0.08720458727501995,0.018275639456804695,0.05138433393968275,0.12302484061035715
67,rms_Voc,gp,loo_halfA,halfA,,0.14886586479294872,0.14735924850286047,0.018229876198114513,0.11162869115455604,0.1830898058511649
68,rms_Voc,gp,loo_halfA,halfA,,0.28105681596996074,0.2623851439725685,0.017867243623493654,0.22736534647052095,0.29740494147461605
69,rms_Voc,gp,loo_halfA,halfA,,0.09845595775982467,0.0787591684753977,0.01889181438777045,0.041731212275367614,0.11578712467542779
70,rms_Voc,gp,loo_halfA,halfA,,0.08506320466152077,0.11155685482716121,0.027074979842572542,0.05848989433571903,0.1646238153186034
71,rms_Voc,gp,loo_halfA,halfA,,0.1408376388884712,0.13677040626110767,0.024741343629362412,0.08827737274755734,0.185263439774658
72,rms_Voc,gp,loo_halfA,halfA,,0.19022004898884226,0.20734380978384934,0.024476629790685052,0.15936961539410663,0.255318004173592
73,rms_Voc,gp,loo_halfA,halfA,,0.3428802168147947,0.3609272840904738,0.024584056745807634,0.31274253286869086,0.40911203531225676
74,rms_Voc,gp,loo_halfA,halfA,,0.10283705795122523,0.14173355659414155,0.026999078189896792,0.08881536334194384,0.19465174984633926
0,rms_Voc,gp,loo_halfB,halfB,,0.02719509239981795,0.04318592832334213,0.01970912926839026,0.004556034957297221,0.08181582168938703
1,rms_Voc,gp,loo_halfB,halfB,,0.049409172347830314,0.06391918222949897,0.019491397884448976,0.02571604237597897,0.10212232208301897
2,rms_Voc,gp,loo_halfB,halfB,,0.10959964632462882,0.09741286715868229,0.019893328988487488,0.05842194234124681,0.13640379197611777
3,rms_Voc,gp,loo_halfB,halfB,,0.12574679205863307,0.1437660459599756,0.018953518986644123,0.10661714874615313,0.18091494317379808
4,rms_Voc,gp,loo_halfB,halfB,,0.07159568949469344,0.05949941858324905,0.01984222990337436,0.020608647972635306,0.0983901891938628
5,rms_Voc,gp,loo_halfB,halfB,,0.04224640043471168,0.057790633695130135,0.019141117164965506,0.020274044051797745,0.09530722333846253
6,rms_Voc,gp,loo_halfB,halfB,,0.06502540953176446,0.0516772692588687,0.018856819594353716,0.01471790285393542,0.08863663566380198
7,rms_Voc,gp,loo_halfB,halfB,,0.08543505577550647,0.107668416569264,0.018921811908038325,0.07058166522950889,0.1447551679090191
8,rms_Voc,gp,loo_halfB,halfB,,0.14199515472612875,0.1386943104036167,0.019198173950422424,0.10106588946078876,0.17632273134644466
9,rms_Voc,gp,loo_halfB,halfB,,0.0677086712513449,0.06016861211054545,0.019358552141143667,0.02222584991390386,0.09811137430718704
10,rms_Voc,gp,loo_halfB,halfB,,0.06697685462167584,0.06605793218985817,0.020100517127032414,0.026660918620874642,0.1054549457588417
11,rms_Voc,gp,loo_halfB,halfB,,0.10658020572915967,0.08857370576915614,0.019630925223004456,0.05009709233206741,0.12705031920624488
12,rms_Voc,gp,loo_halfB,halfB,,0.10875592559013925,0.1201601090739615,0.019906150764072084,0.08114405357638022,0.1591761645715428
13,rms_Voc,gp,loo_halfB,halfB,,0.20939563510922,0.24297406318991413,0.01744484533531288,0.20878216633270089,0.27716596004712735
14,rms_Voc,gp,loo_halfB,halfB,,0.053515780563503285,0.08535020162901982,0.01873191696279862,0.04863564438193453,0.12206475887610511
15,rms_Voc,gp,loo_halfB,halfB,,0.04681991672386661,0.029220832572346367,0.019556925809912324,-0.009110742015081788,0.06755240715977452
16,rms_Voc,gp,loo_halfB,halfB,,0.06894886164048297,0.04615780240902483,0.01931703253189005,0.008296418646520337,0.08401918617152933
17,rms_Voc,gp,loo_halfB,halfB,,0.10813312308523924,0.10875042675515473,0.019867969181542402,0.06980920715933162,0.14769164635097784
18,rms_Voc,gp,loo_halfB,halfB,,0.15573111224688507,0.11962699675926888,0.01894917442178291,0.08248661489257439,0.15676737862596338
19,rms_Voc,gp,loo_halfB,halfB,,0.060895964865186225,0.07447882422857308,0.019697864865925868,0.035871009091358375,0.11308663936578778
20,rms_Voc,gp,loo_halfB,halfB,,0.05951517822083167,0.04722962356597459,0.019204692786325944,0.009588425704775742,0.08487082142717345
21,rms_Voc,gp,loo_halfB,halfB,,0.049004599258804966,0.07094673076856212,0.01863743828380026,0.034417351732313604,0.10747610980481062
22,rms_Voc,gp,loo_halfB,halfB,,0.10754251673724326,0.09468457205415437,0.019038167042880645,0.057369764650108304,0.13199937945820045
23,rms_Voc,gp,loo_halfB,halfB,,0.13892155308200993,0.1764016436726616,0.015759436964863843,0.14551314722152847,0.2072901401237947
24,rms_Voc,gp,loo_halfB,halfB,,0.06675603119886635,0.06963389426396274,0.01933533637542744,0.03173663496812496,0.10753115355980053
25,rms_Voc,gp,loo_halfB,halfB,,0.0690059180896436,0.06755121382168532,0.01998338934108758,0.028383770713153664,0.10671865693021697
26,rms_Voc,gp,loo_halfB,halfB,,0.09177275801083949,0.10411146509856517,0.01955755440791985,0.06577865845904227,0.14244427173808807
27,rms_Voc,gp,loo_halfB,halfB,,0.12228181461689895,0.11460275544137913,0.019762125987079233,0.07586898850670383,0.15333652237605444
28,rms_Voc,gp,loo_halfB,halfB,,0.2545246910306217,0.20306296064978413,0.017227504352694465,0.169297052118503,0.23682886918106527
29,rms_Voc,gp,loo_halfB,halfB,,0.08606792401401801,0.05943253059177222,0.018713680123858916,0.02275371754900874,0.09611134363453569
30,rms_Voc,gp,loo_halfB,halfB,,0.009414028973972623,0.04309065994445814,0.031392118274032106,-0.018437891872644788,0.10461921176156107
31,rms_Voc,gp,loo_halfB,halfB,,0.014228885602910581,0.042470641272348855,0.030951445766182927,-0.018194192429369684,0.10313547497406739
32,rms_Voc,gp,loo_halfB,halfB,,0.031082025224413612,0.07128788934521446,0.03089473130743143,0.010734215982648863,0.13184156270778005
33,rms_Voc,gp,loo_halfB,halfB,,0.050384314542433695,0.0731734284492,0.031150262607269445,0.012118913738951888,0.1342279431594481
34,rms_Voc,gp,loo_halfB,halfB,,0.03160624267194973,0.04451678305806715,0.03168102326699012,-0.017578022545233482,0.10661158866136779
35,rms_Voc,gp,loo_halfB,halfB,,0.06519414287097458,0.0310587172714116,0.026896848182162876,-0.021659105165627635,0.08377653970845084
36,rms_Voc,gp,loo_halfB,halfB,,0.08148439440453129,0.07820987509669071,0.02737489118431342,0.024555088375436407,0.131864661817945
37,rms_Voc,gp,loo_halfB,halfB,,0.1386562148679029,0.09145026212406548,0.02605109901816819,0.04039010804845583,0.14251041619967514
38,rms_Voc,gp,loo_halfB,halfB,,0.19346089237145914,0.21167076225692208,0.027477661046522973,0.15781454660573704,0.2655269779081071
39,rms_Voc,gp,loo_halfB,halfB,,0.06032547853312841,0.056890538857364975,0.027595867056432414,0.0028026394267574445,0.1109784382879725
40,rms_Voc,gp,loo_halfB,halfB,,0.06441313377363042,0.10096681194083262,0.03126779780867087,0.039681928235837716,0.16225169564582753
41,rms_Voc,gp,loo_halfB,halfB,,0.13782888795412443,0.13472198635266538,0.03127240229850649,0.07342807784759267,0.1960158948577381
42,rms_Voc,gp,loo_halfB,halfB,,0.17920253212462386,0.2114869057845375,0.030853209245107142,0.1510146156641275,0.2719591959049475
43,rms_Voc,gp,loo_halfB,halfB,,0.3055229561993997,0.33914124829165754,0.03025363941307019,0.27984411504204,0.3984383815412751
44,rms_Voc,gp,loo_halfB,halfB,,0.08406154311441465,0.09896834980429264,0.031669268042692676,0.036896584440615,0.1610401151679703
45,rms_Voc,gp,loo_halfB,halfB,,0.036375497333967874,0.00979692671192045,0.03165022796163671,-0.0522375200928875,0.0718313735167284
46,rms_Voc,gp,loo_halfB,halfB,,0.043757057107201854,0.03242746377190413,0.03143100730533487,-0.029177310546552218,0.09403223809036047
47,rms_Voc,gp,loo_halfB,halfB,,0.04006399040306769,0.01627480516490558,0.03127343949432819,-0.045021136243977675,0.07757074657378883
48,rms_Voc,gp,loo_halfB,halfB,,0.059269047765848605,0.14468193959002418,0.02987176504703682,0.08613328009783201,0.20323059908221636
49,rms_Voc,gp,loo_halfB,halfB,,0.05147923726487112,0.02459910154340808,0.03169232686624307,-0.037517859114428335,0.0867160622012445
50,rms_Voc,gp,loo_halfB,halfB,,0.052174898855583754,0.08422059654817349,0.027256518990902166,0.03079781932600524,0.13764337377034175
51,rms_Voc,gp,loo_halfB,halfB,,0.11544431569717377,0.09951814679824479,0.027634960248779164,0.045353624710637634,0.15368266888585194
52,rms_Voc,gp,loo_halfB,halfB,,0.11873414333383614,0.17903408273139043,0.02572870516779003,0.12860582060252196,0.2294623448602589
53,rms_Voc,gp,loo_halfB,halfB,,0.35239867735769453,0.27174739228714734,0.025270141775233325,0.22221791440769,0.32127687016660467
54,rms_Voc,gp,loo_halfB,halfB,,0.08969585990119326,0.1051356084369027,0.02773734604325176,0.05077041019212925,0.15950080668167615
55,rms_Voc,gp,loo_halfB,halfB,,0.10894284938721872,0.07587353729397664,0.03155472793692502,0.014026270537603601,0.13772080405034967
56,rms_Voc,gp,loo_halfB,halfB,,0.16705150553073891,0.16240224398225128,0.031531737649641546,0.10060003818895386,0.2242044497755487
57,rms_Voc,gp,loo_halfB,halfB,,0.24733807397381077,0.19852396618854082,0.03081509383929548,0.1381263822635217,0.25892155011355994
58,rms_Voc,gp,loo_halfB,halfB,,0.4550682737275821,0.36449672613301876,0.02942965168743386,0.30681460882564837,0.42217884344038914
59,rms_Voc,gp,loo_halfB,halfB,,0.1384399175649975,0.1364357130920379,0.03197659924945737,0.07376157856310145,0.19910984762097433
60,rms_Voc,gp,loo_halfB,halfB,,0.02716845749031321,0.05647924834981617,0.038862685523335036,-0.019691615275920504,0.13265011197555285
61,rms_Voc,gp,loo_halfB,halfB,,0.033442260922293576,0.046026911646991076,0.03768876625957096,-0.027843070221768004,0.11989689351575016
62,rms_Voc,gp,loo_halfB,halfB,,0.06863369779256749,0.074654665131942,0.037638659744721636,0.0008828920322875855,0.1484264382315964
63,rms_Voc,gp,loo_halfB,halfB,,0.10249943796626743,0.09821582392786185,0.03767731968204891,0.02436827735104599,0.1720633705046777
64,rms_Voc,gp,loo_halfB,halfB,,0.032118423779560465,0.059403945781174416,0.03896390767457394,-0.016965313260990503,0.13577320482333932
65,rms_Voc,gp,loo_halfB,halfB,,0.06818600541277656,0.047057621229240315,0.030844816144986728,-0.013398218414933674,0.1075134608734143
66,rms_Voc,gp,loo_halfB,halfB,,0.07703286098606238,0.088133139574791,0.03059177929064684,0.028173252165123203,0.1480930269844588
67,rms_Voc,gp,loo_halfB,halfB,,0.1386859956340936,0.113533363934841,0.030431342804219785,0.053887932038570216,0.1731787958311118
68,rms_Voc,gp,loo_halfB,halfB,,0.26107266021809955,0.2611876333756373,0.030606299928912596,0.20119928551496857,0.321175981236306
69,rms_Voc,gp,loo_halfB,halfB,,0.0886856206763351,0.08748237901434222,0.031017694398663698,0.026687697992961376,0.14827706003572305
70,rms_Voc,gp,loo_halfB,halfB,,0.08919649533591195,0.11406694378314197,0.038859986630968166,0.037901369986444375,0.19023251757983956
71,rms_Voc,gp,loo_halfB,halfB,,0.12848861824301586,0.12131100363252709,0.03763435276972981,0.04754767220385665,0.19507433506119753
72,rms_Voc,gp,loo_halfB,halfB,,0.16952419120459863,0.21135755034041065,0.037224183306523204,0.13839815105962516,0.28431694962119614
73,rms_Voc,gp,loo_halfB,halfB,,0.3121286530201891,0.35238584510428145,0.03711295128745319,0.2796444605808732,0.4251272296276897
74,rms_Voc,gp,loo_halfB,halfB,,0.1315141238415024,0.13587084221331625,0.03898200584600183,0.05946611075515265,0.21227557367147984
0,Vpp,gp,loo,full,,0.47438899999999995,0.5984802926060675,0.5450799612355913,-0.4698764314156916,1.6668370166278266
1,Vpp,gp,loo,full,,0.724336,0.6760038879023803,0.5444730416951996,-0.391163273820211,1.7431710496249715
2,Vpp,gp,loo,full,,1.535388,1.0480941326090365,0.5431360659924881,-0.01645255673624013,2.1126408219543134
3,Vpp,gp,loo,full,,1.606801,1.639779667473951,0.5433724030758036,0.5747697574453761,2.704789577502526
4,Vpp,gp,loo,full,,0.9028689999999999,0.7300316338280859,0.5456422252505848,-0.33942712766306027,1.799490395319232
5,Vpp,gp,loo,full,,0.8773648000000001,0.9458018055614953,0.5269046505163713,-0.08693130945059224,1.978534920573583
6,Vpp,gp,loo,full,,1.0696358264999999,1.1912754146479436,0.534952416963731,0.14276867739903087,2.2397821518968564
7,Vpp,gp,loo,full,,1.1813808,1.6176073531022808,0.5217108535134424,0.5950540802159336,2.640160625988628
8,Vpp,gp,loo,full,,2.7035189531999997,2.1279847765848423,0.5182825939137299,1.1121508925139318,3.1438186606557528
9,Vpp,gp,loo,full,,0.87614016,0.8379944634968371,0.5269927114137724,-0.19491125087415673,1.870900177867831
10,Vpp,gp,loo,full,,0.6019129999999999,0.9617743311995536,0.5435811596594581,-0.10364474173298432,2.0271934041320914
11,Vpp,gp,loo,full,,1.096705,1.4759714957184167,0.5406599131384187,0.41627806596711614,2.5356649254697174
12,Vpp,gp,loo,full,,1.270138,1.9145970622377517,0.5382247591653608,0.8596765342736445,2.9695175902018587
13,Vpp,gp,loo,full,,3.1225502,4.451559749591151,0.5229750107768796,3.4265287284684676,5.476590770713836
14,Vpp,gp,loo,full,,0.785547,0.7958260946901408,0.5458265225911324,-0.2739938895884788,1.8656460789687603
15,Vpp,gp,loo,full,,0.6631239999999999,0.48350923877151897,0.5451792067342126,-0.5850420064275377,1.5520604839705756
16,Vpp,gp,loo,full,,0.816153,0.6207699497863489,0.5442055366503458,-0.44587290204832886,1.6874128016210266
17,Vpp,gp,loo,full,,1.249734,1.223701895429099,0.5445012903409702,0.1564793663607975,2.2909244244974003
18,Vpp,gp,loo,full,,2.310733,1.1650041842041172,0.5338988390138,0.11856245973706936,2.2114459086711653
19,Vpp,gp,loo,full,,0.744739,0.8266719622242155,0.545219808112386,-0.24195886167606118,1.8953027861244922
20,Vpp,gp,loo,full,,1.0375344,0.8654614815185427,0.5258691034586244,-0.16524196126036095,1.8961649242974463
21,Vpp,gp,loo,full,,1.20647772,1.1261041350255336,0.526063203565366,0.09502025603741648,2.157188014013651
22,Vpp,gp,loo,full,,1.6559327150319998,1.3829141029051797,0.5230970412584276,0.3576439020386617,2.408184303771698
23,Vpp,gp,loo,full,,1.7195534580000003,3.9968997271411397,0.2162597565677858,3.5730306042682796,4.420768850013999
24,Vpp,gp,loo,full,,0.877365,0.8373862167821076,0.5269806686065621,-0.19549589368675413,1.8702683272509693
25,Vpp,gp,loo,full,,0.8895747957045113,0.78804122053709,0.5449742182044764,-0.2801082471436839,1.8561906882178638
26,Vpp,gp,loo,full,,1.563425144199988,1.193048276888142,0.5391684767101943,0.13627806253616126,2.2498184912401227
27,Vpp,gp,loo,full,,1.9681310180257374,1.4769231877254898,0.5310821043847358,0.43600226313140755,2.517844112319572
28,Vpp,gp,loo,full,,4.9492404937977765,2.9657636944102372,0.3705921038452741,2.2394031708735,3.6921242179469744
29,Vpp,gp,loo,full,,0.6783273879764,0.8609522879675391,0.5454844335554234,-0.2081972018010907,1.9301017777361689
30,Vpp,gp,loo,full,,0.16323,0.508047829229616,0.5406721259605936,-0.5516695376531473,1.5677651961123793
31,Vpp,gp,loo,full,,0.153029,0.5889036122550486,0.5386533110164144,-0.4668568773371238,1.644664101847221
32,Vpp,gp,loo,full,,0.561105,1.112205281016237,0.5363815328197596,0.06089747668950807,2.163513085342966
33,Vpp,gp,loo,full,,0.7498400000000001,1.3676494216688206,0.5349647871949246,0.3191184387667685,2.4161804045708726
34,Vpp,gp,loo,full,,0.31625899999999996,0.6510054280232065,0.5403722093752049,-0.4081241023521951,1.710134958398608
35,Vpp,gp,loo,full,,1.05539554113,0.8773108210765438,0.5302748252573212,-0.16202783642780572,1.9166494785808932
36,Vpp,gp,loo,full,,1.2702176595233299,1.1602564376107523,0.5297903411179229,0.12186736901962347,2.1986455062018813
37,Vpp,gp,loo,full,,1.9196610002578889,1.7752285074280498,0.5293583304053726,0.7376861798335195,2.8127708350225804
38,Vpp,gp,loo,full,,2.6900273379201796,3.335660734905243,0.5240866195634489,2.3084509605608834,4.362870509249603
39,Vpp,gp,loo,full,,1.026467449880139,0.7723231609706289,0.5292684342568531,-0.2650429701728032,1.809689292114061
40,Vpp,gp,loo,full,,0.9576784791114001,0.9127310675852234,0.5420951434282388,-0.1497754135341247,1.9752375487045715
41,Vpp,gp,loo,full,,1.51369803114299,1.5184683219892814,0.5414974923690787,0.45713323694588714,2.5798034070326756
42,Vpp,gp,loo,full,,2.1191713086544,2.524700165379253,0.5392323206158873,1.467804816972114,3.581595513786392
43,Vpp,gp,loo,full,,4.6534445854612345,7.245963044930713,0.3093312780738525,6.639673739905962,7.852252349955464
44,Vpp,gp,loo,full,,0.864397875471288,1.1065507750015111,0.5417034987525282,0.04481191744655577,2.1682896325564665
45,Vpp,gp,loo,full,,0.392773,0.3455651151597665,0.5600120641857106,-0.7520585306442262,1.4431887609637593
46,Vpp,gp,loo,full,,0.39277300000000004,0.3874967274497212,0.5591753683314145,-0.7084869944798511,1.4834804493792935
47,Vpp,gp,loo,full,,0.816153,0.8500368109743898,0.559227174473419,-0.24604845099351136,1.9461220729422908
48,Vpp,gp,loo,full,,0.6835279999999999,1.022420682889838,0.557102795692215,-0.06950079666690345,2.1143421624465795
49,Vpp,gp,loo,full,,0.5458019999999999,0.29559343559205,0.5587563284027705,-0.7995689680773801,1.39075583926148
50,Vpp,gp,loo,full,,1.0338343386820625,0.9206107746260623,0.543124356155477,-0.14391296343867266,1.9851345126907973
51,Vpp,gp,loo,full,,1.3297180434583424,1.2478116736703004,0.5425339705765911,0.18444509134018183,2.311178256000419
52,Vpp,gp,loo,full,,2.4187612444346116,2.170531544050012,0.5417621183661514,1.1086777920523554,3.232385296047669
53,Vpp,gp,loo,full,,4.454026728249638,3.7961378942699,0.537477621044426,2.742681757022825,4.8495940315169745
54,Vpp,gp,loo,full,,0.9509888321363735,0.9736612779276866,0.5432657935284809,-0.091139677388136,2.0384622332435094
55,Vpp,gp,loo,full,,0.9994547231535181,1.0432614628912815,0.5601536256548839,-0.05463964339229088,2.141162569174854
56,Vpp,gp,loo,full,,1.7423400367918576,1.5355075939958602,0.5583918291383837,0.44105960888462814,2.6299555791070923
57,Vpp,gp,loo,full,,3.3516802761721824,2.8206464988804907,0.5540981485740119,1.7346141276754274,3.906678870085554
58,Vpp,gp,loo,full,,8.41102520941707,5.656781247218969,0.40262161407098024,4.867642883639848,6.44591961079809
59,Vpp,gp,loo,full,,1.33047971711756,1.436861291448443,0.5602236568299381,0.3388229240617644,2.534899658835122
60,Vpp,gp,loo,full,,0.40297499999999997,0.5846690379574178,0.6978276370597823,-0.7830731306797556,1.952411206594591
61,Vpp,gp,loo,full,,0.504994,0.5914933321504992,0.6904101023138117,-0.7617104683845719,1.9446971326855702
62,Vpp,gp,loo,full,,0.928374,1.0868211957140637,0.6902801114708378,-0.26612782276877844,2.4397702141969058
63,Vpp,gp,loo,full,,1.341551,1.2759797752550572,0.6897013776520245,-0.07583492494291089,2.627794475453025
64,Vpp,gp,loo,full,,0.29177590000000003,0.6281677352805543,0.6974402714248433,-0.7388151967121387,1.995150667273247
65,Vpp,gp,loo,full,,1.0133942737716346,0.9382959397102073,0.622804599052991,-0.28240107443365514,2.15899295385407
66,Vpp,gp,loo,full,,1.4134426637427984,1.2255450516633009,0.6193041970388836,0.011708825467088957,2.4393812778595128
67,Vpp,gp,loo,full,,2.5556002313520843,2.432198206123258,0.6194822977285341,1.2180129025753312,3.646383509671185
68,Vpp,gp,loo,full,,4.499031394795727,4.243821703199108,0.5276674886766712,3.209593425392833,5.278049981005384
69,Vpp,gp,loo,full,,1.1007805499919479,1.13107418830559,0.623382100765598,-0.09075472919498218,2.352903105806162
70,Vpp,gp,loo,full,,1.028442234316854,1.1477800344744948,0.697373750738094,-0.21907251697216945,2.5146325859211593
71,Vpp,gp,loo,full,,1.442922714104816,1.7008352948934737,0.637084461248208,0.4521497508469863,2.949520838939961
72,Vpp,gp,loo,full,,3.1213120597144517,3.6497254581205265,0.6840007067950132,2.3090840728023005,4.9903668434387525
73,Vpp,gp,loo,full,,6.492977504874499,7.8376893673821435,0.6617959751140784,6.54056925615855,9.134809478605737
74,Vpp,gp,loo,full,,1.724359044810059,1.7471768706482689,0.6974707441083112,0.380134212195979,3.1142195291005588
0,Vpp,gp,loo_halfA,halfA,,0.367269,0.5685281056449971,0.43749458522754286,-0.28896128140098687,1.4260174926909812
1,Vpp,gp,loo_halfA,halfA,,0.622317,0.6563861318894648,0.4379566874710151,-0.20200897555372477,1.5147812393326543
2,Vpp,gp,loo_halfA,halfA,,1.152816,1.0219572950555351,0.44071337976549535,0.15815907071516422,1.885755519395906
3,Vpp,gp,loo_halfA,halfA,,1.254835,1.729833151251639,0.42664108155124375,0.8936166314112012,2.5660496710920766
4,Vpp,gp,loo_halfA,halfA,,0.8059509999999999,0.6202637665259874,0.4398391137532737,-0.24182089643042914,1.4823484294824039
5,Vpp,gp,loo_halfA,halfA,,0.873284,0.810861086989251,0.4228503941693847,-0.01792568558274299,1.639647859561245
6,Vpp,gp,loo_halfA,halfA,,0.9830761292000001,1.107992964442663,0.42855047079523395,0.26803404168400435,1.9479518872013215
7,Vpp,gp,loo_halfA,halfA,,1.1813808,1.5767718932897723,0.4159503057806947,0.7615092939596108,2.392034492619934
8,Vpp,gp,loo_halfA,halfA,,2.7035189531999997,1.719822724388568,0.4124867365085422,0.9113487208318254,2.5282967279453104
9,Vpp,gp,loo_halfA,halfA,,0.75983888,0.7487775191586015,0.4221609747733958,-0.07865799139725427,1.5762130297144572
10,Vpp,gp,loo_halfA,halfA,,0.581509,0.8972568536057683,0.43591446520225785,0.04286450180934298,1.7516492054021937
11,Vpp,gp,loo_halfA,halfA,,0.964081,1.366186225797978,0.4312767508567103,0.5208837941188258,2.21148865747713
12,Vpp,gp,loo_halfA,halfA,,1.270138,1.6652095511712952,0.43326134736080185,0.8160173103441236,2.5144017919984667
13,Vpp,gp,loo_halfA,halfA,,2.08169885,3.214106100978867,0.40367745481939277,2.4228982895328572,4.005313912424877
14,Vpp,gp,loo_halfA,halfA,,0.703932,0.6893879847396551,0.44047220698298734,-0.1739375409470001,1.5527135104263103
15,Vpp,gp,loo_halfA,halfA,,0.663124,0.3914683190928835,0.4363228710498457,-0.46372450816481403,1.246661146350581
16,Vpp,gp,loo_halfA,halfA,,0.8161529999999999,0.5491023431020237,0.4352001454428092,-0.30388994196588237,1.4020946281699298
17,Vpp,gp,loo_halfA,halfA,,1.249734,0.9898395321399743,0.4355116556791928,0.13623668700875646,1.843442377271192
18,Vpp,gp,loo_halfA,halfA,,2.310733,0.9984601132226005,0.4088857987650794,0.1970439476430449,1.7998762788021563
19,Vpp,gp,loo_halfA,halfA,,0.647821,0.7173767107787726,0.43846944487112716,-0.14202340116863654,1.5767768227261818
20,Vpp,gp,loo_halfA,halfA,,0.9365346,0.7939248538364952,0.42040333456961176,-0.030065681919943743,1.6179153895929343
21,Vpp,gp,loo_halfA,halfA,,1.20647772,1.0133693502938668,0.4195906768953347,0.19097162357901076,1.8357670770087227
22,Vpp,gp,loo_halfA,halfA,,1.498724602184,1.4280052321506234,0.4199041544433533,0.604993089441651,2.251017374859596
23,Vpp,gp,loo_halfA,halfA,,1.62402193,3.2874966591427537,0.31895874509756506,2.662337518751526,3.9126557995339812
24,Vpp,gp,loo_halfA,halfA,,0.724336,0.767060060142336,0.4209954011908536,-0.05809092619173706,1.592211046476409
25,Vpp,gp,loo_halfA,halfA,,0.889574795704511,0.7133348864461775,0.43716691168418736,-0.1435122604548298,1.5701820333471848
26,Vpp,gp,loo_halfA,halfA,,1.563425144199984,1.040956265461063,0.43637447593731366,0.1856622926239282,1.8962502382981976
27,Vpp,gp,loo_halfA,halfA,,1.826282484835352,1.3357660458107756,0.42832379369814133,0.4962514101624186,2.1752806814591326
28,Vpp,gp,loo_halfA,halfA,,3.71193037034833,2.1010700456500313,0.3560324373611989,1.4032464684220813,2.7988936228779813
29,Vpp,gp,loo_halfA,halfA,,0.6087547653200001,0.7525189890823681,0.43865034785923773,-0.10723569272173783,1.612273670886474
30,Vpp,gp,loo_halfA,halfA,,0.153028,0.43231802499566563,0.4240803740590145,-0.3988795081600027,1.263515558151334
31,Vpp,gp,loo_halfA,halfA,,0.13772600000000002,0.5136073269317094,0.42162534858248507,-0.3127783562899613,1.3399930101533801
32,Vpp,gp,loo_halfA,halfA,,0.540701,1.0211300425468663,0.4191080109078616,0.19967834116745764,1.842581743926275
33,Vpp,gp,loo_halfA,halfA,,0.7498400000000001,1.2640534147312343,0.41933715690134793,0.4421525872045924,2.085954242257876
34,Vpp,gp,loo_halfA,halfA,,0.311158,0.5861259346282579,0.4241249673842167,-0.24515900144480673,1.4174108707013224
35,Vpp,gp,loo_halfA,halfA,,0.70102913301,0.8324400657563166,0.41733705167920726,0.014459444465070304,1.6504206870475628
36,Vpp,gp,loo_halfA,halfA,,0.97709112126955,0.957910478394491,0.4173707244276794,0.13986385851623928,1.7759570982727426
37,Vpp,gp,loo_halfA,halfA,,1.9196610002578889,1.607540513932078,0.4151378781022532,0.7938702728516617,2.421210755012494
38,Vpp,gp,loo_halfA,halfA,,2.54291511600835,2.8143270378781433,0.41634706013454026,1.9982868000144443,3.6303672757418424
39,Vpp,gp,loo_halfA,halfA,,0.9109051717139909,0.7642492243303112,0.41775746261700214,-0.05455540239901302,1.5830538510596353
40,Vpp,gp,loo_halfA,halfA,,0.7817788585587,0.7589442729464281,0.42591770164630016,-0.07585442228032024,1.5937429681731765
41,Vpp,gp,loo_halfA,halfA,,1.0595856543272,1.2655751949913159,0.4238185333242484,0.43489086967578905,2.096259520306843
42,Vpp,gp,loo_halfA,halfA,,1.71551586259592,2.0956791159244936,0.42143424769649246,1.2696679904393684,2.921690241409619
43,Vpp,gp,loo_halfA,halfA,,3.20490246305589,4.762870497507028,0.30910302737995815,4.15702856384231,5.368712431171746
44,Vpp,gp,loo_halfA,halfA,,0.864397875471288,0.93224616940571,0.425954124775608,0.0973760848455183,1.7671162539659018
45,Vpp,gp,loo_halfA,halfA,,0.37237,0.3244702361831602,0.4406918663385891,-0.5392858218404745,1.1882262942067947
46,Vpp,gp,loo_halfA,halfA,,0.392773,0.3041679397664139,0.439510022553952,-0.557271704439332,1.1656075839721598
47,Vpp,gp,loo_halfA,halfA,,0.805951,0.7190163878181249,0.43941705411906506,-0.1422410382552426,1.5802738138914925
48,Vpp,gp,loo_halfA,halfA,,0.679384,1.180591018747747,0.43772193227505823,0.322656031488633,2.0385260060068613
49,Vpp,gp,loo_halfA,halfA,,0.545802,0.29863921179432573,0.4387821401213745,-0.5613737828435683,1.1586522064322198
50,Vpp,gp,loo_halfA,halfA,,1.033834338682062,0.7556565711221768,0.4261023237398043,-0.0795039834078396,1.590817125652193
51,Vpp,gp,loo_halfA,halfA,,0.8947644312459501,1.082376145672603,0.42645478687174015,0.24652476340399243,1.9182275279412138
52,Vpp,gp,loo_halfA,halfA,,2.3885264695630832,1.7967247047995887,0.41689053306263585,0.9796192599968224,2.613830149602355
53,Vpp,gp,loo_halfA,halfA,,3.668020802953802,3.4669229757767477,0.42574197445226647,2.6324687058503056,4.30137724570319
54,Vpp,gp,loo_halfA,halfA,,0.950988832136374,0.9129693269085191,0.42807164409700477,0.07394890447838975,1.7519897493386485
55,Vpp,gp,loo_halfA,halfA,,0.766249600759447,0.888402547952677,0.4407476504658529,0.024537153039605353,1.7522679428657488
56,Vpp,gp,loo_halfA,halfA,,1.398781994536835,1.208960694552852,0.43869073276671067,0.34912685833009904,2.068794530775605
57,Vpp,gp,loo_halfA,halfA,,2.468293808439145,2.5856597758250452,0.4399801677822961,1.7232986469717448,3.4480209046783457
58,Vpp,gp,loo_halfA,halfA,,5.9538779184573905,4.906915500666905,0.41643647560808333,4.0907000084750615,5.723130992858748
59,Vpp,gp,loo_halfA,halfA,,1.262597555729179,1.1264781822211407,0.43995260356369675,0.2641710792362951,1.9887852852059864
60,Vpp,gp,loo_halfA,halfA,,0.40297499999999997,0.5725230198677399,0.5554989283421602,-0.516254879682894,1.6613009194183737
61,Vpp,gp,loo_halfA,halfA,,0.438682,0.5453543150046021,0.547906108881768,-0.5285416584036633,1.6192502884128674
62,Vpp,gp,loo_halfA,halfA,,0.7141329999999999,0.8702352437870655,0.5474876221244287,-0.2028404955768146,1.9433109831509456
63,Vpp,gp,loo_halfA,halfA,,1.152816,1.4000162409526729,0.5476718023542456,0.32657950833835137,2.473452973566994
64,Vpp,gp,loo_halfA,halfA,,0.2785133,0.5858531555865841,0.5551694809486963,-0.5022790270728607,1.673985338246029
65,Vpp,gp,loo_halfA,halfA,,1.0133942737716348,0.9148357194288539,0.4903596519962232,-0.04626919848374356,1.8759406373414513
66,Vpp,gp,loo_halfA,halfA,,1.413442663742798,0.9826296957038594,0.48507216090176775,0.03188826033639458,1.9333711310713242
67,Vpp,gp,loo_halfA,halfA,,1.9554236319285159,2.485189747750841,0.48497734064430614,1.534634160088001,3.4357453354136807
68,Vpp,gp,loo_halfA,halfA,,4.49903139479573,4.020530248004039,0.4867334765665483,3.066532633933604,4.974527862074473
69,Vpp,gp,loo_halfA,halfA,,1.100780549991948,1.0229859456142896,0.49025403015458463,0.06208804651130373,1.9838838447172753
70,Vpp,gp,loo_halfA,halfA,,0.952260774937358,0.9986175147157981,0.5554465631834861,-0.09005774912383457,2.0872927785554305
71,Vpp,gp,loo_halfA,halfA,,1.341307596747006,1.56871717737282,0.5468437913687423,0.49690334629008515,2.6405310084555547
72,Vpp,gp,loo_halfA,halfA,,3.12131205971445,2.8832304821585604,0.5482060583184796,1.8087466078543404,3.9577143564627804
73,Vpp,gp,loo_halfA,halfA,,6.492977504874499,5.7001375163640615,0.5467617329731054,4.628484519736775,6.771790512991348
74,Vpp,gp,loo_halfA,halfA,,1.2109255699998291,1.837169670007967,0.5500047009997411,0.7591604560484744,2.9151788839674593
0,Vpp,gp,loo_halfB,halfB,,0.42338,0.5875692383440763,0.3660318872973329,-0.1298532607586962,1.3049917374468487
1,Vpp,gp,loo_halfB,halfB,,0.6886289999999999,0.6061079984525073,0.3667829452582952,-0.11278657425375127,1.3250025711587659
2,Vpp,gp,loo_halfB,halfB,,1.356854,1.1038138555389563,0.3641380271594309,0.3901033223064717,1.817524388771441
3,Vpp,gp,loo_halfB,halfB,,1.606801,1.9337716620088874,0.3514635957755719,1.2449030142887665,2.6226403097290083
4,Vpp,gp,loo_halfB,halfB,,0.9028689999999999,0.7566136228789007,0.3656110891506372,0.04001588814365176,1.4732113576141495
5,Vpp,gp,loo_halfB,halfB,,0.85288,0.9424468370496264,0.353182673879651,0.2502087962455104,1.6346848778537424
6,Vpp,gp,loo_halfB,halfB,,0.7790409119999999,0.8820515780614471,0.3536292762151945,0.18893819667966583,1.5751649594432284
7,Vpp,gp,loo_halfB,halfB,,0.9793836,1.239961319507808,0.3494120760911199,0.5551136503692131,1.924808988646403
8,Vpp,gp,loo_halfB,halfB,,2.1696308127000004,0.9068445763074697,0.22684094548956538,0.4622363231479216,1.3514528294670178
9,Vpp,gp,loo_halfB,halfB,,0.86838664,0.858809428417943,0.3544498334633932,0.1640877548296924,1.5535311020061937
10,Vpp,gp,loo_halfB,halfB,,0.5968119999999999,0.7132058907857609,0.3676014683183834,-0.007292987118270533,1.4337047686897924
11,Vpp,gp,loo_halfB,halfB,,1.050796,1.1047355001851145,0.36670715850417906,0.3859894695169235,1.8234815308533054
12,Vpp,gp,loo_halfB,halfB,,1.076301,1.347056036014574,0.3641625167078679,0.633297503267153,2.060814568761995
13,Vpp,gp,loo_halfB,halfB,,3.1225502,4.15101001807939,0.24845252946283305,3.664043060332237,4.637976975826542
14,Vpp,gp,loo_halfB,halfB,,0.7804460000000001,0.7370942144236239,0.36687757957375017,0.018014158459073615,1.4561742703881742
15,Vpp,gp,loo_halfB,halfB,,0.571307,0.46439174722681176,0.36602715593043156,-0.2530214783968341,1.1818049728504576
16,Vpp,gp,loo_halfB,halfB,,0.6376200000000001,0.6482980661274755,0.36687767606443894,-0.07078217895882477,1.3673783112137758
17,Vpp,gp,loo_halfB,halfB,,1.1477140000000001,1.2775912805906269,0.3646745899063206,0.5628290843742385,1.9923534768070152
18,Vpp,gp,loo_halfB,halfB,,2.142401,1.4728520177507098,0.3488046801358241,0.7891948446844946,2.156509190816925
19,Vpp,gp,loo_halfB,halfB,,0.744739,0.8883131018225392,0.3659422682427389,0.17106625606677095,1.6055599475783073
20,Vpp,gp,loo_halfB,halfB,,1.0375344,0.8090378569643878,0.352278534615647,0.11857192911771963,1.499503784811056
21,Vpp,gp,loo_halfB,halfB,,0.87042708,0.8175711012171872,0.3539599199049016,0.12380965820358014,1.5113325442307943
22,Vpp,gp,loo_halfB,halfB,,1.2471903888479998,1.0493957193508265,0.35114799295355603,0.36114565316185676,1.7376457855397964
23,Vpp,gp,loo_halfB,halfB,,1.6359633709999999,3.0792178719172743,0.1741445290661174,2.7378945949476843,3.4205411488868642
24,Vpp,gp,loo_halfB,halfB,,0.877365,0.8524237138945991,0.35444944637935843,0.15770279899105666,1.5471446287981416
25,Vpp,gp,loo_halfB,halfB,,0.636505468768673,0.6802275676644807,0.3676568722820929,-0.04037990200842134,1.4008350373373828
26,Vpp,gp,loo_halfB,halfB,,1.11828540609599,1.0488897062482545,0.3665969650851332,0.3303596546813935,1.7674197578151154
27,Vpp,gp,loo_halfB,halfB,,1.3209540373409459,1.1426783169809758,0.3628626233035042,0.43146757530610746,1.853889058655844
28,Vpp,gp,loo_halfB,halfB,,4.30288602618329,3.043687388818124,0.24433918467097035,2.5647825868630223,3.522592190773226
29,Vpp,gp,loo_halfB,halfB,,0.6783273879764,0.8222540912626786,0.36682566568121017,0.10327578652750669,1.5412323959978504
30,Vpp,gp,loo_halfB,halfB,,0.147927,0.6092296129731266,0.5476910610988551,-0.4642448667806295,1.6827040927268828
31,Vpp,gp,loo_halfB,halfB,,0.153029,0.41007354225734194,0.5481012733038942,-0.6642049534182907,1.4843520379329744
32,Vpp,gp,loo_halfB,halfB,,0.321361,0.741648881566434,0.5476741894828819,-0.3317925298200145,1.8150902929528825
33,Vpp,gp,loo_halfB,halfB,,0.515197,0.7136974243425553,0.54911106722601,-0.36256026742042424,1.789955116105535
34,Vpp,gp,loo_halfB,halfB,,0.275451,0.6747922045133009,0.5488783244120566,-0.40100931133433015,1.750593720360932
35,Vpp,gp,loo_halfB,halfB,,1.0553955411300002,0.648734886913399,0.4691522283742297,-0.2708034807000912,1.5682732545268891
36,Vpp,gp,loo_halfB,halfB,,0.96080613622721,0.9479738314239841,0.4738192727171638,0.01928805689834301,1.8766596059496252
37,Vpp,gp,loo_halfB,halfB,,1.4514526419452132,0.9586614996621375,0.46743990594942814,0.042479284001258444,1.8748437153230166
38,Vpp,gp,loo_halfB,halfB,,2.20666684874669,2.6100228009711524,0.47701334367757015,1.675076647363115,3.54496895457919
39,Vpp,gp,loo_halfB,halfB,,0.917703031173901,0.4698330438121132,0.46751774545588143,-0.4465017372814144,1.3861678249056408
40,Vpp,gp,loo_halfB,halfB,,0.9381338639652,1.032902460546689,0.5510413979948917,-0.04713867952329864,2.112943600616677
41,Vpp,gp,loo_halfB,halfB,,1.51369803114299,1.4199538941341832,0.54908115322897,0.34375483380540195,2.496152954462964
42,Vpp,gp,loo_halfB,halfB,,2.1191713086544,2.485376285902595,0.546765154728331,1.4137165826350662,3.5570359891701235
43,Vpp,gp,loo_halfB,halfB,,4.65344458546124,5.986799142581074,0.49731374249716503,5.01206420728663,6.961534077875517
44,Vpp,gp,loo_halfB,halfB,,0.8125335962440949,1.0699384069681483,0.5506000129200913,-0.009237618355230515,2.149114432291527
45,Vpp,gp,loo_halfB,halfB,,0.382571,0.10215984580450255,0.5553095176180022,-0.9862468087267817,1.1905665003357868
46,Vpp,gp,loo_halfB,halfB,,0.331562,0.41084786522009153,0.555663454167389,-0.678252504947991,1.4999482353881741
47,Vpp,gp,loo_halfB,halfB,,0.413177,0.1470548614034768,0.5548774625371606,-0.940504965169358,1.2346146879763116
48,Vpp,gp,loo_halfB,halfB,,0.663124,1.339926043671712,0.5454095553505957,0.2709233151845445,2.4089287721588795
49,Vpp,gp,loo_halfB,halfB,,0.387673,0.09485945335022272,0.5555984312109618,-0.9941134718232623,1.1838323785237077
50,Vpp,gp,loo_halfB,halfB,,0.563207152977933,0.8381873782675777,0.4784390222103716,-0.09955310526475059,1.775927861799906
51,Vpp,gp,loo_halfB,halfB,,1.3297180434583462,1.0838691653034238,0.478016603147661,0.14695662313400826,2.0207817074728394
52,Vpp,gp,loo_halfB,halfB,,1.224496527846813,2.050402231931896,0.46018156250451475,1.1484463694230471,2.952358094440745
53,Vpp,gp,loo_halfB,halfB,,4.4540267282496355,3.902115520198263,0.4872322791683836,2.9471402530282313,4.8570907873682945
54,Vpp,gp,loo_halfB,halfB,,0.675469663945541,0.9078467746661981,0.47999364113173454,-0.032940761952001574,1.848634311284398
55,Vpp,gp,loo_halfB,halfB,,0.999454723153518,0.9300442220997671,0.557377491665187,-0.16241566156399934,2.0225041057635336
56,Vpp,gp,loo_halfB,halfB,,1.6687194254097781,1.758981930576954,0.5553852076901443,0.6704269235042712,2.847536937649637
57,Vpp,gp,loo_halfB,halfB,,3.299715767063068,2.265261859655525,0.5373004089576804,1.2121530580984716,3.3183706612125787
58,Vpp,gp,loo_halfB,halfB,,8.41102520941707,5.583198193828901,0.44364089419597075,4.713662041204798,6.452734346453004
59,Vpp,gp,loo_halfB,halfB,,1.235444691173826,1.4374663176188576,0.5573228423148551,0.34511354668174166,2.5298190885559735
60,Vpp,gp,loo_halfB,halfB,,0.357067,0.5631753829375442,0.6802291813158132,-0.7700738124414498,1.8964245783165383
61,Vpp,gp,loo_halfB,halfB,,0.48969100000000004,0.7134523256728974,0.6722451835904454,-0.6041482341643755,2.0310528855101704
62,Vpp,gp,loo_halfB,halfB,,0.928374,1.2219562250664904,0.6719214406221979,-0.09500979855301761,2.5389222486859984
63,Vpp,gp,loo_halfB,halfB,,1.305844,0.6332515395030082,0.6615412503212833,-0.663369311126707,1.9298723901327235
64,Vpp,gp,loo_halfB,halfB,,0.29177590000000003,0.6533107125647144,0.6797228774395919,-0.6789461272168857,1.9855675523463145
65,Vpp,gp,loo_halfB,halfB,,0.685531506421436,0.6271172715197249,0.523192604554076,-0.398340233406264,1.6525747764457137
66,Vpp,gp,loo_halfB,halfB,,1.1967165004596358,1.1004277057205114,0.520542933270514,0.08016355651030382,2.120691854930719
67,Vpp,gp,loo_halfB,halfB,,2.032862957782966,1.3317984767478281,0.5073424296038829,0.3374073147242177,2.3261896387714387
68,Vpp,gp,loo_halfB,halfB,,3.174157511004464,4.022763359854953,0.5096019795433777,3.023943479949933,5.021583239759973
69,Vpp,gp,loo_halfB,halfB,,1.0328306399591178,0.8847049320628156,0.5228052198925881,-0.13999329892665713,1.9094031630522883
70,Vpp,gp,loo_halfB,halfB,,1.028442234316854,0.9955792437138407,0.6798210550338507,-0.33687002415250666,2.3280285115801878
71,Vpp,gp,loo_halfB,halfB,,1.442922714104816,1.5313454057130202,0.6726743854023304,0.21290361032445282,2.849787201101588
72,Vpp,gp,loo_halfB,halfB,,2.193354085109239,3.324364478742598,0.6507332109289226,2.04892738532191,4.599801572163287
73,Vpp,gp,loo_halfB,halfB,,6.15868590017028,5.992835266850042,0.6723498059121561,4.675029647262216,7.310640886437868
74,Vpp,gp,loo_halfB,halfB,,1.724359044810063,1.6739527933610066,0.6798588109457123,0.3414295239074103,3.0064760628146026
0,Vmax,gp,loo,full,,0.26391862899999996,0.38160176995395645,0.3480268901690755,-0.30053093477743154,1.0637344746853445
1,Vmax,gp,loo,full,,0.375450978,0.39389197617301164,0.34294279018725027,-0.2782758925939989,1.066059844940022
2,Vmax,gp,loo,full,,0.806323384,0.6040566662049969,0.34215635190813914,-0.0665697835349558,1.2746831159449497
3,Vmax,gp,loo,full,,0.90553173,1.1791595472525698,0.33695682141092825,0.5187241772871504,1.839594917217989
4,Vmax,gp,loo,full,,0.633048541,0.4163338215095038,0.3450035900175951,-0.2598732149249826,1.0925408579439901
5,Vmax,gp,loo,full,,0.5722335688,0.5555032477577133,0.32128256890504764,-0.07421058729618002,1.1852170828116066
6,Vmax,gp,loo,full,,0.6900451627862,0.6555940557376807,0.3181985076139388,0.03192498081436068,1.2792631306610007
7,Vmax,gp,loo,full,,0.6333668375999999,0.9114003140503398,0.31496184963606966,0.2940750887636433,1.5287255393370365
8,Vmax,gp,loo,full,,1.4032061532606,0.7811860007518914,0.29304095092431826,0.20682573694022766,1.355546264563555
9,Vmax,gp,loo,full,,0.4507851536,0.5343864122221924,0.32111301809852133,-0.09499510325090943,1.1637679276952944
10,Vmax,gp,loo,full,,0.387116973,0.48807810444394206,0.34843037372432567,-0.19484542805573624,1.1710016369436205
11,Vmax,gp,loo,full,,0.6510550260000001,0.9427471379655733,0.3359437770312738,0.2842973349842767,1.60119694094687
12,Vmax,gp,loo,full,,0.9720691739999999,1.0822207116212947,0.34084166080898376,0.41417105643568664,1.7502703668069028
13,Vmax,gp,loo,full,,1.66451229518,2.6743439105612556,0.26079767019804856,2.1631804769730802,3.185507344149431
14,Vmax,gp,loo,full,,0.642128274,0.3825724147591182,0.3436306073962299,-0.2909435757374924,1.056088405255729
15,Vmax,gp,loo,full,,0.44437984599999997,0.35498869866039606,0.33842279312583223,-0.30831997586623505,1.018297373187027
16,Vmax,gp,loo,full,,0.502505736,0.47696394116086915,0.33454804676120103,-0.17875023049108485,1.1326781128128232
17,Vmax,gp,loo,full,,0.827206853,0.8785281425924447,0.3335435764849265,0.22478273268198878,1.5322735525029008
18,Vmax,gp,loo,full,,1.479965675,0.7050717525241063,0.32624377707704505,0.06563394945309797,1.3445095555951145
19,Vmax,gp,loo,full,,0.4105959,0.6153827082174486,0.335876008027273,-0.0429342675160066,1.2736996839509036
20,Vmax,gp,loo,full,,0.7557376122,0.6099258034206472,0.31605863167236364,-0.009549114657185553,1.22940072149848
21,Vmax,gp,loo,full,,0.8705703700800002,0.8325336859413441,0.31424355397488807,0.21661632015056353,1.4484510517321247
22,Vmax,gp,loo,full,,1.1533150766754319,0.858248643761926,0.31139953422001687,0.24790555669069292,1.468591730833159
23,Vmax,gp,loo,full,,1.1138047443280001,2.126342203727912,0.24468980740031923,1.6467501812232863,2.6059342262325376
24,Vmax,gp,loo,full,,0.500302137,0.4575775337892697,0.31636021357057176,-0.16248848480905098,1.0776435523875905
25,Vmax,gp,loo,full,,0.4695109384854026,0.6267475857268096,0.33960548952323816,-0.03887917373873717,1.2923743451923562
26,Vmax,gp,loo,full,,1.1530590316270004,0.8015411036381146,0.32804069391834145,0.15858134355816533,1.4445008637180639
27,Vmax,gp,loo,full,,1.3172022048156284,1.218625404494998,0.3337844738832977,0.5644078356837345,1.8728429733062615
28,Vmax,gp,loo,full,,2.955436008826438,1.6639292953013505,0.24395468558954014,1.1857781115458517,2.1420804790568493
29,Vmax,gp,loo,full,,0.37284208869228813,0.7223156092057348,0.333392974033903,0.06886538009928489,1.3757658383121847
30,Vmax,gp,loo,full,,0.083140201,0.39504810228298204,0.3670003631340418,-0.3242726094597398,1.114368814025704
31,Vmax,gp,loo,full,,0.093954329,0.30280955924966924,0.3641031242028984,-0.4108325641880116,1.0164516826873502
32,Vmax,gp,loo,full,,0.394078884,0.5379366088895366,0.3644083616207522,-0.17630377988713763,1.252176997666211
33,Vmax,gp,loo,full,,0.526035667,0.7292694993560833,0.36458421610527725,0.01468443578973988,1.4438545629224269
34,Vmax,gp,loo,full,,0.236082521,0.4330504014965082,0.3682234906649817,-0.288667640206856,1.1547684431998724
35,Vmax,gp,loo,full,,0.8022848834824801,0.6423010978730531,0.3357314512847099,-0.01573254664497825,1.3003347423910845
36,Vmax,gp,loo,full,,0.7358307008352988,0.7514219611909894,0.33444166143969295,0.09591630476919122,1.4069276176127876
37,Vmax,gp,loo,full,,0.9742514662627703,1.2196004334737731,0.3357642035746923,0.5615025944673763,1.87769827248017
38,Vmax,gp,loo,full,,1.6313950376962256,2.2011476191712123,0.33073731544025975,1.5529024809083032,2.8493927574341216
39,Vmax,gp,loo,full,,0.7145707700900724,0.36708612187287804,0.3301044440421413,-0.27991858844971884,1.014090832195475
40,Vmax,gp,loo,full,,0.7071771027766798,0.698705647526918,0.36904055522409984,-0.024613840712317647,1.4220251357661535
41,Vmax,gp,loo,full,,0.9772400026807279,1.003974320436644,0.3645933825014842,0.289371290733735,1.7185773501395532
42,Vmax,gp,loo,full,,1.4344806993118948,1.8917102359782285,0.35752152979142793,1.1909680375870297,2.5924524343694273
43,Vmax,gp,loo,full,,3.0253178457773857,3.2397660442184555,0.36076719657302636,2.532662338935324,3.946869749501587
44,Vmax,gp,loo,full,,0.525589233476531,0.8347100315708165,0.36783906125348736,0.11374547151398129,1.5556745916276515
45,Vmax,gp,loo,full,,0.287928105,0.2897778631999901,0.37417949253992366,-0.4436139421782602,1.0231696685782405
46,Vmax,gp,loo,full,,0.31809033000000003,0.2989072172485224,0.36945345608052144,-0.4252215566692996,1.0230359911663445
47,Vmax,gp,loo,full,,0.690526634,0.679084687385233,0.3692189600068137,-0.04458447422812184,1.4027538489985878
48,Vmax,gp,loo,full,,0.533155744,1.4565488224207712,0.3511868517476436,0.7682225929953899,2.1448750518461526
49,Vmax,gp,loo,full,,0.394374792,0.18844048628595977,0.37282456851227846,-0.542295667998106,0.9191766405700256
50,Vmax,gp,loo,full,,0.8888664110728276,0.6642574613355094,0.33938364039216196,-0.0009344738331279467,1.3294493965041467
51,Vmax,gp,loo,full,,1.0093177469814805,0.8298733142879456,0.33808208468250667,0.16723242831023255,1.4925142002656586
52,Vmax,gp,loo,full,,2.0464533740231103,1.6112585519768658,0.33968681807926177,0.9454723885415128,2.277044715412219
53,Vmax,gp,loo,full,,3.621934801234235,2.2041049856491135,0.3173028256528594,1.5821914473695091,2.8260185239287177
54,Vmax,gp,loo,full,,0.6871466628339677,0.8084056272425073,0.3395867598047867,0.14281557802512534,1.4739956764598894
55,Vmax,gp,loo,full,,0.7091969650382516,0.8246289261092796,0.37396825178072535,0.09165115261905799,1.5576066995995013
56,Vmax,gp,loo,full,,1.11644715675359,1.1382509807987422,0.3694890107259779,0.4140525197758256,1.8624494418216588
57,Vmax,gp,loo,full,,2.632262983143599,1.9123379596079642,0.3696168431713239,1.1878889469921692,2.636786972223759
58,Vmax,gp,loo,full,,4.56586646613916,3.4436493619785353,0.364287223968552,2.7296464030001735,4.157652320956897
59,Vmax,gp,loo,full,,0.9962307836408405,1.1590778121827845,0.37425498862028295,0.42553803448703,1.892617589878539
60,Vmax,gp,loo,full,,0.23311881,0.43046659926873987,0.4515038683012834,-0.4544809826017756,1.3154141811392552
61,Vmax,gp,loo,full,,0.30413902200000004,0.34919448333409087,0.4360347774861037,-0.5054336805386723,1.203822647206854
62,Vmax,gp,loo,full,,0.577519998,0.727243525888615,0.435608713711832,-0.12654955298657578,1.5810366047638058
63,Vmax,gp,loo,full,,0.883541279,0.8182169985708073,0.4354733371896745,-0.03531074232095477,1.6717447394625693
64,Vmax,gp,loo,full,,0.23009156690000002,0.32549631186282324,0.4522387843915887,-0.5608917055446906,1.2118843292703372
65,Vmax,gp,loo,full,,0.6216423885079015,0.5471890136049284,0.36917491462010976,-0.17639381905048668,1.2707718462603435
66,Vmax,gp,loo,full,,0.725208455434742,0.7720071034066274,0.36564695055404905,0.055339080320691236,1.4886751264925635
67,Vmax,gp,loo,full,,1.5648391052132387,1.6086384116051053,0.3661075027461113,0.8910677062227271,2.3262091169874837
68,Vmax,gp,loo,full,,2.5540695873143746,3.1918484173783948,0.330946856016286,2.5431925795864743,3.8405042551703152
69,Vmax,gp,loo,full,,0.6762729675462515,0.7995455934350971,0.3698105561912502,0.07471690330024672,1.5243742835699474
70,Vmax,gp,loo,full,,0.5466172864932111,0.7115676972380336,0.4516704399118374,-0.1737063649891677,1.5968417594652349
71,Vmax,gp,loo,full,,0.9351560245233326,0.902904348688813,0.4356520946673957,0.04902624314071746,1.7567824542369084
72,Vmax,gp,loo,full,,1.9434400298290089,2.480537355583148,0.42835540548063755,1.6409607608410983,3.3201139503251973
73,Vmax,gp,loo,full,,3.917120256506231,3.587538345330619,0.4341071745950305,2.7366882831243595,4.438388407536879
74,Vmax,gp,loo,full,,1.2426230104116622,1.2099251494140566,0.4518009630320909,0.3243952618711585,2.0954550369569547
0,Vmax,gp,loo_halfA,halfA,,0.210485684,0.3739673740444558,0.3419269434376651,-0.29620943509336783,1.0441441831822793
1,Vmax,gp,loo_halfA,halfA,,0.374665436,0.40612209885937506,0.34102402584812525,-0.26228499180295045,1.0745291895217006
2,Vmax,gp,loo_halfA,halfA,,0.726957906,0.633824333327854,0.34271613482533103,-0.037899290929794716,1.3055479575855027
3,Vmax,gp,loo_halfA,halfA,,0.693495376,1.2391389455506039,0.29090452553106416,0.6689660755097181,1.8093118155914896
4,Vmax,gp,loo_halfA,halfA,,0.5728271199999999,0.3487161199431337,0.342655491857648,-0.32288864409785634,1.0203208839841236
5,Vmax,gp,loo_halfA,halfA,,0.5689974912,0.5947868665712226,0.33051276121190887,-0.053018145404118755,1.242591878546564
6,Vmax,gp,loo_halfA,halfA,,0.6886849368936,0.7354128706762639,0.3286726319994736,0.09121451195729569,1.3796112293952323
7,Vmax,gp,loo_halfA,halfA,,0.632901636,1.082737064763665,0.31912737653759343,0.45724740674998177,1.708226722777348
8,Vmax,gp,loo_halfA,halfA,,1.397742333858,0.9146378220014055,0.2799763192420714,0.36588423628694566,1.4633914077158654
9,Vmax,gp,loo_halfA,halfA,,0.42518444112,0.4907807337072629,0.3307322291775416,-0.15745443548071864,1.1390159028952445
10,Vmax,gp,loo_halfA,halfA,,0.366412016,0.5329723874348746,0.34169007643155436,-0.13674016237097186,1.2026849372407211
11,Vmax,gp,loo_halfA,halfA,,0.519114552,0.9152535751848346,0.328476779963562,0.27143908645625314,1.5590680639134162
12,Vmax,gp,loo_halfA,halfA,,0.973344412,1.0976749553790062,0.3382392604663103,0.434726004865038,1.7606239058929742
13,Vmax,gp,loo_halfA,halfA,,1.16907354954,1.7035594893794765,0.29297637855948183,1.1293257874028921,2.2777931913560607
14,Vmax,gp,loo_halfA,halfA,,0.5590952060000001,0.4054956724388155,0.3431534608786701,-0.2670851108833779,1.078076455761009
15,Vmax,gp,loo_halfA,halfA,,0.445078678,0.26502812746982773,0.33737701424723116,-0.39623082045474534,0.9262870753944008
16,Vmax,gp,loo_halfA,halfA,,0.500914216,0.37767555377175577,0.33620290027297056,-0.28128213076326647,1.036633238306778
17,Vmax,gp,loo_halfA,halfA,,0.826181556,0.641977516958715,0.335607473959778,-0.015813132002449937,1.2997681659198799
18,Vmax,gp,loo_halfA,halfA,,1.4809807720000001,0.6733544027891789,0.2820414740689422,0.12055311361405219,1.2261556919643057
19,Vmax,gp,loo_halfA,halfA,,0.33364320199999997,0.5542133354979156,0.3130958116600969,-0.05945445535587435,1.1678811263517055
20,Vmax,gp,loo_halfA,halfA,,0.7549388064,0.545586119796299,0.32537109754860644,-0.09214123139896957,1.1833134709915676
21,Vmax,gp,loo_halfA,halfA,,0.86827860576,0.7040072886493447,0.32541203482642034,0.0661997003895608,1.3418148769091287
22,Vmax,gp,loo_halfA,halfA,,1.151963097999952,0.8515092167562992,0.3209676698288522,0.2224125838917489,1.4806058496208494
23,Vmax,gp,loo_halfA,halfA,,1.1103536983120001,1.7764772025091764,0.2558000303565267,1.275109143010384,2.2778452620079688
24,Vmax,gp,loo_halfA,halfA,,0.49580304599999997,0.458041879192721,0.3271760805338593,-0.18322323865364332,1.0993069970390854
25,Vmax,gp,loo_halfA,halfA,,0.4695109475057669,0.5134832523731678,0.3391891618541733,-0.15132750486101187,1.1782940096073475
26,Vmax,gp,loo_halfA,halfA,,1.153851610999644,0.5695447798643138,0.32417518766178127,-0.06583858795277742,1.204928147681405
27,Vmax,gp,loo_halfA,halfA,,1.312796078203377,0.942780456779394,0.3296274855531788,0.2967105850951637,1.5888503284636244
28,Vmax,gp,loo_halfA,halfA,,1.9890768361042956,1.1859719030639495,0.27577381138366125,0.6454552327519735,1.7264885733759257
29,Vmax,gp,loo_halfA,halfA,,0.3428041156798956,0.5762479493556989,0.31422765378727446,-0.03963825206735905,1.1921341507787568
30,Vmax,gp,loo_halfA,halfA,,0.0800949,0.3265703572116674,0.3241108867678538,-0.30868698085332613,0.9618276952766609
31,Vmax,gp,loo_halfA,halfA,,0.07840138,0.37435416433725754,0.32211767584131856,-0.25699648031172684,1.005704808986242
32,Vmax,gp,loo_halfA,halfA,,0.393191322,0.7324872422209083,0.3208771420747185,0.10356804375446005,1.3614064406873565
33,Vmax,gp,loo_halfA,halfA,,0.526101986,0.9196125046577628,0.32042550014732185,0.291578524369012,1.5476464849465135
34,Vmax,gp,loo_halfA,halfA,,0.23650081,0.39325473555753676,0.32499079260739117,-0.24372721795294994,1.0302366890680235
35,Vmax,gp,loo_halfA,halfA,,0.53321365306458,0.642752630963686,0.3194210681966946,0.01668733729816463,1.2688179246292073
36,Vmax,gp,loo_halfA,halfA,,0.7320689060043641,0.5377226504204228,0.3064831392050189,-0.06298430242141428,1.1384296032622598
37,Vmax,gp,loo_halfA,halfA,,0.9734711057405389,1.2629967222193719,0.31577305764333224,0.6440815292384406,1.8819119152003032
38,Vmax,gp,loo_halfA,halfA,,1.6266244891395611,1.6436883212455025,0.3052537920226589,1.045390888881091,2.2419857536099137
39,Vmax,gp,loo_halfA,halfA,,0.5988589336851975,0.4890594156188383,0.31183972339564114,-0.12214644223661836,1.100265273474295
40,Vmax,gp,loo_halfA,halfA,,0.5304956995338949,0.48019151832712315,0.32559823038144514,-0.15798101322050928,1.1183640498747556
41,Vmax,gp,loo_halfA,halfA,,0.5346416185213041,0.8311753757150814,0.3216210470693036,0.2007981234592463,1.4615526279709163
42,Vmax,gp,loo_halfA,halfA,,1.032843520592131,1.5103938015071487,0.3172726828501911,0.8885393431207742,2.1322482598935233
43,Vmax,gp,loo_halfA,halfA,,1.8799912433588792,2.5080383211638946,0.30919867743929014,1.902008913382886,3.114067728944903
44,Vmax,gp,loo_halfA,halfA,,0.5256929450891972,0.7051410211728524,0.3251521778084914,0.06784275266820916,1.3424392896774955
45,Vmax,gp,loo_halfA,halfA,,0.267739346,0.23530293598071972,0.3359982296743776,-0.42325359418106034,0.8938594661424998
46,Vmax,gp,loo_halfA,halfA,,0.318625934,0.19058263202189163,0.3340617406130663,-0.4641783795797183,0.8453436436235016
47,Vmax,gp,loo_halfA,halfA,,0.689281998,0.5011489873019668,0.333071516953734,-0.15167118592735185,1.1539691605312854
48,Vmax,gp,loo_halfA,halfA,,0.5283221539999999,1.1137223246941999,0.325743697352325,0.4752646778836429,1.7521799715047568
49,Vmax,gp,loo_halfA,halfA,,0.393497432,0.24263952570837444,0.33516447358485435,-0.4142828425179401,0.899561893934689
50,Vmax,gp,loo_halfA,halfA,,0.8884035006489762,0.50180157882207,0.3229526056261342,-0.13118552820515306,1.134788685849293
51,Vmax,gp,loo_halfA,halfA,,0.598895810362356,0.8572053673330641,0.2860261084573332,0.296594194756691,1.4178165399094371
52,Vmax,gp,loo_halfA,halfA,,2.0427647551976835,1.0396139503227073,0.291108527238785,0.4690412369346887,1.610186663710726
53,Vmax,gp,loo_halfA,halfA,,3.0511648690233155,2.0741727323689396,0.2958097892479647,1.494385545442929,2.6539599192949503
54,Vmax,gp,loo_halfA,halfA,,0.6856179774100171,0.6379177089205371,0.3272748210620974,-0.0035409403611736945,1.279376358202248
55,Vmax,gp,loo_halfA,halfA,,0.4738763290038843,0.6701929541629659,0.312346144747549,0.05799451045776982,1.282391397868162
56,Vmax,gp,loo_halfA,halfA,,0.7739934188584371,0.7682087876403182,0.33489681491866785,0.11181103039972917,1.4246065448809073
57,Vmax,gp,loo_halfA,halfA,,1.7524879622031089,1.8736346428231734,0.3318591176249814,1.22319077227821,2.5240785133681367
58,Vmax,gp,loo_halfA,halfA,,3.3909679581629377,2.9244852795960146,0.33212049447318465,2.273529110428573,3.5754414487634563
59,Vmax,gp,loo_halfA,halfA,,1.00035795783821,0.7805219577605591,0.33384390424438576,0.126187905441563,1.4348560100795553
60,Vmax,gp,loo_halfA,halfA,,0.232419982,0.3813351326009915,0.40435932037414246,-0.4112091353323277,1.1738794005343107
61,Vmax,gp,loo_halfA,halfA,,0.238479938,0.3007257392802063,0.39720168411301765,-0.47778956158130825,1.0792410401417207
62,Vmax,gp,loo_halfA,halfA,,0.42013474199999995,0.6206794688364564,0.3966053478023486,-0.15666701285614681,1.3980259505290595
63,Vmax,gp,loo_halfA,halfA,,0.697117022,0.9399843266327408,0.39637116658436183,0.16309684012739156,1.71687181313809
64,Vmax,gp,loo_halfA,halfA,,0.2232215388,0.3833649395495594,0.4041344059443399,-0.4087384961013468,1.1754683752004658
65,Vmax,gp,loo_halfA,halfA,,0.6201968047225935,0.6401778763096131,0.3689238948210287,-0.08291295753960315,1.3632687101588292
66,Vmax,gp,loo_halfA,halfA,,0.7257549768197226,0.6370503916389259,0.3657537159118308,-0.0798268915482625,1.3539276748261142
67,Vmax,gp,loo_halfA,halfA,,0.9925036039600081,1.8112055666768105,0.3529102714710859,1.1195014345934822,2.502909698760139
68,Vmax,gp,loo_halfA,halfA,,2.5595898744212318,2.796689151799629,0.3413861369863413,2.1275723233064,3.465805980292858
69,Vmax,gp,loo_halfA,halfA,,0.6743567960684056,0.7764103489528255,0.369031300090436,0.0531090007755709,1.49971169713008
70,Vmax,gp,loo_halfA,halfA,,0.5094216926848252,0.6375349231701394,0.40408317438702696,-0.15446809862843347,1.4295379449687122
71,Vmax,gp,loo_halfA,halfA,,0.9342414844829869,0.7806768319175422,0.3960556408340886,0.00440777588272856,1.556945887952356
72,Vmax,gp,loo_halfA,halfA,,1.9430604072748008,1.8765150307422893,0.3970057904502214,1.0983836814598553,2.6546463800247233
73,Vmax,gp,loo_halfA,halfA,,3.9225219282328028,2.9557334982109387,0.37961287559883694,2.2116922620372184,3.699774734384659
74,Vmax,gp,loo_halfA,halfA,,0.8280600979136361,1.3685151167246241,0.40391442644404263,0.5768428408943006,2.1601873925549477
0,Vmax,gp,loo_halfB,halfB,,0.263933942,0.418234098985419,0.3641795346301268,-0.2955577888896295,1.1320259868604676
1,Vmax,gp,loo_halfB,halfB,,0.34809947999999996,0.3527872540347029,0.36407780956127944,-0.36080525270540476,1.0663797607748107
2,Vmax,gp,loo_halfB,halfB,,0.804216674,0.6566627256415487,0.36517745496421444,-0.059085086088311645,1.372410537371409
3,Vmax,gp,loo_halfB,halfB,,0.9028588359999999,1.0566655864018926,0.3578925978737276,0.3551960945693864,1.7581350782343987
4,Vmax,gp,loo_halfB,halfB,,0.632058962,0.4342261729175156,0.36295246763370415,-0.27716066364454456,1.1456130094795758
5,Vmax,gp,loo_halfB,halfB,,0.5713888464,0.6290518877588446,0.35061436692251047,-0.058152271409275924,1.316256046926965
6,Vmax,gp,loo_halfB,halfB,,0.4008104741788,0.5948589422305681,0.34781397533147573,-0.0868564494191243,1.2765743338802604
7,Vmax,gp,loo_halfB,halfB,,0.5726212392,0.7089509381534681,0.3492507617544193,0.024419445114806204,1.39348243119213
8,Vmax,gp,loo_halfB,halfB,,1.1246867770632,1.229001024570464,0.35088476646310357,0.5412668823027809,1.916735166838147
9,Vmax,gp,loo_halfB,halfB,,0.45061458832,0.5149051865487896,0.35091859787624,-0.17289526528864085,1.20270563838622
10,Vmax,gp,loo_halfB,halfB,,0.38741792999999997,0.5119445448269635,0.3660571772812299,-0.205527522644247,1.229416612298174
11,Vmax,gp,loo_halfB,halfB,,0.6503715000000001,0.7207383600299622,0.36374940958563,0.007789517242127397,1.433687202817797
12,Vmax,gp,loo_halfB,halfB,,0.7820579360000001,0.8091201476212643,0.3645006818134179,0.09469881126696522,1.5235414839755634
13,Vmax,gp,loo_halfB,halfB,,1.6701306899,2.842267808520956,0.20162032108407013,2.4470919791961787,3.2374436378457334
14,Vmax,gp,loo_halfB,halfB,,0.643546342,0.4607445796206695,0.36189140140438286,-0.24856256713192093,1.17005172637326
15,Vmax,gp,loo_halfB,halfB,,0.402873014,0.3231860271781263,0.3645284062446436,-0.3912896490613752,1.0376617034176276
16,Vmax,gp,loo_halfB,halfB,,0.366371256,0.3405673928448475,0.36410032544778914,-0.37306924503281924,1.0542040307225142
17,Vmax,gp,loo_halfB,halfB,,0.74151515,0.6999277381486066,0.364652315035575,-0.014790799321120374,1.4146462756183338
18,Vmax,gp,loo_halfB,halfB,,1.366729578,0.7211688024884104,0.35562111334092067,0.024151420340205898,1.4181861846366148
19,Vmax,gp,loo_halfB,halfB,,0.410096002,0.5862779076410611,0.3627591457354207,-0.12473001800036332,1.2972858332824857
20,Vmax,gp,loo_halfB,halfB,,0.756536418,0.5227615745574277,0.34876665829859554,-0.16082107570781956,1.2063442248226748
21,Vmax,gp,loo_halfB,halfB,,0.6635192544,0.44887363294815613,0.3477295724890413,-0.2326763291303648,1.130423595026677
22,Vmax,gp,loo_halfB,halfB,,0.745924729166912,0.6129395248953994,0.3495416738088693,-0.07216215576998442,1.298041205560783
23,Vmax,gp,loo_halfB,halfB,,1.033665703344,1.3379206511024313,0.34840907143744987,0.6550388710850296,2.020802431119833
24,Vmax,gp,loo_halfB,halfB,,0.499700228,0.48756039143546465,0.35114470354199473,-0.20068322750684503,1.1758040103777743
25,Vmax,gp,loo_halfB,halfB,,0.3740509879976757,0.5210777840875258,0.36597665808483265,-0.1962364657587462,1.2383920339337977
26,Vmax,gp,loo_halfB,halfB,,0.750553475793556,0.652805716551127,0.36343295867267206,-0.0595228824473103,1.365134315549564
27,Vmax,gp,loo_halfB,halfB,,0.6744313507430862,0.883659719343808,0.36499589500831175,0.16826776512751707,1.599051673560099
28,Vmax,gp,loo_halfB,halfB,,2.950708359959397,1.654629110236593,0.21534308462797017,1.2325566643657715,2.0767015561074147
29,Vmax,gp,loo_halfB,halfB,,0.3738914689311806,0.6472800264883296,0.36170451255207575,-0.0616608181137388,1.356220871090398
30,Vmax,gp,loo_halfB,halfB,,0.083145302,0.4119330816976329,0.4268154375074538,-0.42462517581697656,1.2484913392122423
31,Vmax,gp,loo_halfB,halfB,,0.094204278,0.25219511927017846,0.42542308619281183,-0.5816341296677328,1.0860243682080897
32,Vmax,gp,loo_halfB,halfB,,0.166138554,0.3768866062505867,0.42497268529265503,-0.4560598569230172,1.2098330694241906
33,Vmax,gp,loo_halfB,halfB,,0.357638348,0.6831499105883919,0.42113852784987027,-0.1422816039973538,1.5085814251741376
34,Vmax,gp,loo_halfB,halfB,,0.194856232,0.4087975880809411,0.42781664614372567,-0.42972303836076126,1.2473182145226434
35,Vmax,gp,loo_halfB,halfB,,0.8017302213103801,0.4927548451783413,0.39662501785353316,-0.2846301898145837,1.2701398801712662
36,Vmax,gp,loo_halfB,halfB,,0.5306251638570966,0.6696952900915822,0.39771516005377094,-0.10982642361380879,1.4492170037969734
37,Vmax,gp,loo_halfB,halfB,,0.8509893375856026,0.7254581556978684,0.3975436236531941,-0.053727346662392095,1.504643658058129
38,Vmax,gp,loo_halfB,halfB,,1.1528050970794002,2.1642992205312988,0.37794536778169346,1.4235262996791795,2.905072141383418
39,Vmax,gp,loo_halfB,halfB,,0.7147203283288001,0.29751348603999106,0.3935880165379843,-0.47391902637445815,1.0689459984544403
40,Vmax,gp,loo_halfB,halfB,,0.7079588854667647,0.6750592665668427,0.42795216879422404,-0.16372698426983645,1.5138455174035217
41,Vmax,gp,loo_halfB,halfB,,0.97542359273977,0.9172429751194143,0.42606229100995907,0.08216088473989458,1.7523250654989342
42,Vmax,gp,loo_halfB,halfB,,1.4324624319731787,1.6771295376863535,0.42446913546937776,0.8451700321663731,2.509089043206334
43,Vmax,gp,loo_halfB,halfB,,3.0299169943486146,3.111426381756297,0.4241130171629512,2.2801648681169127,3.9426878953956814
44,Vmax,gp,loo_halfB,halfB,,0.5081974287881338,0.807871685208447,0.4272017915886933,-0.029443826305391885,1.645187196722286
45,Vmax,gp,loo_halfB,halfB,,0.287713864,0.1563466485158781,0.4351879761472265,-0.6966217847326858,1.0093150817644418
46,Vmax,gp,loo_halfB,halfB,,0.256343726,0.2955219670622403,0.43358248095242824,-0.554299695604519,1.1453436297289996
47,Vmax,gp,loo_halfB,halfB,,0.28879527,0.2623063805406931,0.4334003178443944,-0.5871582424343199,1.111771003515706
48,Vmax,gp,loo_halfB,halfB,,0.533845334,1.315573751311232,0.43059354338368205,0.47161040627921513,2.1595370963432488
49,Vmax,gp,loo_halfB,halfB,,0.257527152,0.15672133705146452,0.435515576730747,-0.6968891933407996,1.0103318674437287
50,Vmax,gp,loo_halfB,halfB,,0.42641738514827016,0.5783765157995844,0.40353336975579773,-0.21254888892177914,1.369301920520948
51,Vmax,gp,loo_halfB,halfB,,1.0096408419448688,0.6530045823061605,0.40052938769253177,-0.13203301757120167,1.4380421821835228
52,Vmax,gp,loo_halfB,halfB,,0.8558772762607378,1.5656895303675546,0.38912564996081134,0.8030032564443644,2.328375804290745
53,Vmax,gp,loo_halfB,halfB,,3.6163017579135586,1.9281551829701284,0.35099078194594174,1.2402132503560828,2.616097115584174
54,Vmax,gp,loo_halfB,halfB,,0.44870749012258354,0.6769639656550505,0.40349690046328734,-0.11388995925299272,1.4678178905630936
55,Vmax,gp,loo_halfB,halfB,,0.7113124786785471,0.6720842277002563,0.435731960287352,-0.18195041446295357,1.5261188698634662
56,Vmax,gp,loo_halfB,halfB,,1.1153428523937226,1.1568698910876105,0.4334802180339149,0.30724866374113735,2.0064911184340835
57,Vmax,gp,loo_halfB,halfB,,2.6286515363510548,1.49153560194772,0.40595789200703286,0.6958581336139356,2.2872130702815046
58,Vmax,gp,loo_halfB,halfB,,4.559440063814713,3.318013738923928,0.41693550219283054,2.50082015462598,4.135207323221875
59,Vmax,gp,loo_halfB,halfB,,0.897068583499738,1.0423127020959508,0.43575558708911016,0.1882317514012949,1.8963936527906067
60,Vmax,gp,loo_halfB,halfB,,0.218514638,0.3374455657526476,0.5131370775086339,-0.6683031061642748,1.34319423766957
61,Vmax,gp,loo_halfB,halfB,,0.30348610600000003,0.4459742824878201,0.5049699562828108,-0.5437668318264891,1.4357153968021295
62,Vmax,gp,loo_halfB,halfB,,0.576775254,0.7284955945199045,0.5051951830551469,-0.2616869642681834,1.7186781533079925
63,Vmax,gp,loo_halfB,halfB,,0.881230536,0.8832754638114653,0.5050383616038262,-0.10659972493203407,1.8731506525549646
64,Vmax,gp,loo_halfB,halfB,,0.23033029500000002,0.32962217376228353,0.5131655810693044,-0.6761823651335532,1.3354267126581203
65,Vmax,gp,loo_halfB,halfB,,0.3754033156179055,0.3855001609076394,0.43937331053369477,-0.4756715277384024,1.2466718495536813
66,Vmax,gp,loo_halfB,halfB,,0.7058177067447471,0.7554487106268803,0.43732640514207016,-0.10171104345157711,1.6126084647053378
67,Vmax,gp,loo_halfB,halfB,,1.5665815830343965,0.905141181402001,0.4219240405884874,0.07817006184856556,1.7321123009554364
68,Vmax,gp,loo_halfB,halfB,,2.2449311284781865,2.8897063412966864,0.439974834075446,2.027355666508812,3.7520570160845605
69,Vmax,gp,loo_halfB,halfB,,0.6102392289912676,0.7106509757655773,0.43902775987239884,-0.1498434335843244,1.571145385115479
70,Vmax,gp,loo_halfB,halfB,,0.5457221506118487,0.616221075073828,0.512998092862106,-0.3892551869358998,1.6216973370835557
71,Vmax,gp,loo_halfB,halfB,,0.9360705645636782,0.9355024106351095,0.5050367894767382,-0.05436969673929737,1.9253745180095163
72,Vmax,gp,loo_halfB,halfB,,1.2478491041736832,2.4692084719977094,0.47727132431020675,1.5337566763497041,3.4046602676457147
73,Vmax,gp,loo_halfB,halfB,,3.66004221847348,3.2956906023662427,0.505651530476291,2.3046136026327124,4.286767602099773
74,Vmax,gp,loo_halfB,halfB,,1.2406274052850101,1.0696249048706759,0.5123391996715169,0.06544007351450287,2.073809736226849
0,rms_Voc,gp,held_out_specimen,full,PVDF,0.0285867300932331,0.0767196385442343,0.07923386919013194,-0.0785787450684243,0.2320180221568929
1,rms_Voc,gp,held_out_specimen,full,PVDF,0.04758108870069616,0.08731128762546325,0.07903798471675652,-0.06760316241937953,0.24222573767030603
2,rms_Voc,gp,held_out_specimen,full,PVDF,0.09970584338151171,0.11171109343512965,0.07903612716620612,-0.04319971581063432,0.26662190268089364
3,rms_Voc,gp,held_out_specimen,full,PVDF,0.12449860187870826,0.1257932239112216,0.07903798471675652,-0.02912122613362117,0.2807076739560644
4,rms_Voc,gp,held_out_specimen,full,PVDF,0.06728802355531271,0.08770554837439169,0.07923386919013194,-0.06759283523826691,0.24300393198705028
5,rms_Voc,gp,held_out_specimen,full,PVDF,0.04413070420233045,0.08282764091858169,0.07897868491035867,-0.0719705815057213,0.23762586334288469
6,rms_Voc,gp,held_out_specimen,full,PVDF,0.06288524587147142,0.09451525099437982,0.07881828094664046,-0.0599685796610355,0.24899908164979515
7,rms_Voc,gp,held_out_specimen,full,PVDF,0.08858324894292931,0.12470254940702322,0.0788164116856391,-0.029777617496829417,0.2791827163108759
8,rms_Voc,gp,held_out_specimen,full,PVDF,0.14464805659401586,0.14711414345380813,0.07881828094664046,-0.007369687201607189,0.30159797410922345
9,rms_Voc,gp,held_out_specimen,full,PVDF,0.06458239815053043,0.09407100179560753,0.07897868491035868,-0.0607272206286955,0.24886922421991053
10,rms_Voc,gp,held_out_specimen,full,PVDF,0.06096340286567238,0.08909085506668375,0.07923386919013194,-0.06620752854597485,0.24438923867934237
11,rms_Voc,gp,held_out_specimen,full,PVDF,0.10309990786795749,0.1067262177971694,0.07903798471675651,-0.04818823224767335,0.2616406678420121
12,rms_Voc,gp,held_out_specimen,full,PVDF,0.11646764333639503,0.1395312707316491,0.0790361271662061,-0.01537953851411486,0.294442079977413
13,rms_Voc,gp,held_out_specimen,full,PVDF,0.19816971960190574,0.17329940038071173,0.07903798471675652,0.018384950335868955,0.3282138504255545
14,rms_Voc,gp,held_out_specimen,full,PVDF,0.054410883145570466,0.10732160620088183,0.07923386919013194,-0.04797677741177678,0.2626199898135404
15,rms_Voc,gp,held_out_specimen,full,PVDF+BaTiO3,0.051198809900038535,0.02798517521078958,0.010694780724720214,0.007023404990337961,0.0489469454312412
16,rms_Voc,gp,held_out_specimen,full,PVDF+BaTiO3,0.07477487482962646,0.046383761301757614,0.010677365505092483,0.02545612491177635,0.06731139769173888
17,rms_Voc,gp,held_out_specimen,full,PVDF+BaTiO3,0.11404227815252285,0.09690305911876805,0.010676276240563914,0.07597755768726278,0.11782856055027333
18,rms_Voc,gp,held_out_specimen,full,PVDF+BaTiO3,0.15396210578545416,0.12221582534680742,0.010677365505092627,0.10128818895682587,0.14314346173678896
19,rms_Voc,gp,held_out_specimen,full,PVDF+BaTiO3,0.05931999506358712,0.06728590022040132,0.010694780724720142,0.04632412999994984,0.0882476704408528
20,rms_Voc,gp,held_out_specimen,full,PVDF+BaTiO3,0.06265781094812338,0.045115237644612685,0.010558237377634613,0.024421092384448846,0.06580938290477653
21,rms_Voc,gp,held_out_specimen,full,PVDF+BaTiO3,0.06877412380526063,0.06440009890533943,0.01054555088165373,0.043730819177298125,0.08506937863338074
22,rms_Voc,gp,held_out_specimen,full,PVDF+BaTiO3,0.11713961371317501,0.09224783883940521,0.010545237003529816,0.07157917431248677,0.11291650336632365
23,rms_Voc,gp,held_out_specimen,full,PVDF+BaTiO3,0.1564763730463234,0.14655369828449852,0.010545550881653659,0.12588441855645735,0.16722297801253969
24,rms_Voc,gp,held_out_specimen,full,PVDF+BaTiO3,0.06493091158272947,0.06360784083626014,0.01055823737763483,0.04291369557609588,0.0843019860964244
25,rms_Voc,gp,held_out_specimen,full,PVDF+BaTiO3,0.06926367781436776,0.060573649597547054,0.010694780724720214,0.039611879377095434,0.08153541981799867
26,rms_Voc,gp,held_out_specimen,full,PVDF+BaTiO3,0.10133133054775115,0.10170445615493626,0.010677365505092627,0.08077681976495471,0.1226320925449178
27,rms_Voc,gp,held_out_specimen,full,PVDF+BaTiO3,0.13889884652540044,0.11591708794873715,0.010676276240563914,0.09499158651723187,0.1368425893802424
28,rms_Voc,gp,held_out_specimen,full,PVDF+BaTiO3,0.23779048252794935,0.1949377765589368,0.010677365505092769,0.17401014016895497,0.21586541294891862
29,rms_Voc,gp,held_out_specimen,full,PVDF+BaTiO3,0.08545289382525174,0.05596988106761302,0.010694780724720356,0.03500811084716112,0.07693165128806492
30,rms_Voc,gp,held_out_specimen,full,PVDF+BaTiO3+%1CNT,0.009760861316943245,0.044932031754305005,0.024163835284478526,-0.0024290854032729056,0.09229314891188292
31,rms_Voc,gp,held_out_specimen,full,PVDF+BaTiO3+%1CNT,0.014508188418088559,0.05967506893832182,0.024100522810538857,0.012438044229665664,0.10691209364697798
32,rms_Voc,gp,held_out_specimen,full,PVDF+BaTiO3+%1CNT,0.03661213381504203,0.07611262377258209,0.02409765710039378,0.02888121585581027,0.1233440316893539
33,rms_Voc,gp,held_out_specimen,full,PVDF+BaTiO3+%1CNT,0.05173321710386965,0.10178330647357677,0.024100522810538857,0.05454628176492061,0.14902033118223293
34,rms_Voc,gp,held_out_specimen,full,PVDF+BaTiO3+%1CNT,0.033288813695527796,0.061127603535718784,0.024163835284478526,0.013766486378140874,0.1084887206932967
35,rms_Voc,gp,held_out_specimen,full,PVDF+BaTiO3+%1CNT,0.06215695226201519,0.06315531212098571,0.023960774476109975,0.01619219414781016,0.11011843009416127
36,rms_Voc,gp,held_out_specimen,full,PVDF+BaTiO3+%1CNT,0.08430580345539967,0.09479840322390051,0.023907183897145332,0.04794032278549566,0.14165648366230538
37,rms_Voc,gp,held_out_specimen,full,PVDF+BaTiO3+%1CNT,0.14015088192737288,0.1374172917294062,0.023905460368064332,0.0905625894080001,0.1842719940508123
38,rms_Voc,gp,held_out_specimen,full,PVDF+BaTiO3+%1CNT,0.18613447552206322,0.2568101898357,0.023907183897145273,0.20995210939729525,0.3036682702741047
39,rms_Voc,gp,held_out_specimen,full,PVDF+BaTiO3+%1CNT,0.06196232957271379,0.08784394194445813,0.02396077447611,0.04088082397128254,0.13480705991763373
40,rms_Voc,gp,held_out_specimen,full,PVDF+BaTiO3+%1CNT,0.06556874834127399,0.08958904107356418,0.02416383528447841,0.04222792391598649,0.13695015823114187
41,rms_Voc,gp,held_out_specimen,full,PVDF+BaTiO3+%1CNT,0.1269725677875253,0.14377971450969332,0.024100522810538826,0.09654268980103722,0.1910167392183494
42,rms_Voc,gp,held_out_specimen,full,PVDF+BaTiO3+%1CNT,0.17011573761311774,0.20801892328958332,0.024097657100393754,0.16078751537281155,0.2552503312063551
43,rms_Voc,gp,held_out_specimen,full,PVDF+BaTiO3+%1CNT,0.27313629962814373,0.3673001436808142,0.024100522810538857,0.32006311897215806,0.41453716838947036
44,rms_Voc,gp,held_out_specimen,full,PVDF+BaTiO3+%1CNT,0.08560325096733562,0.1209694182514023,0.02416383528447844,0.07360830109382456,0.16833053540898002
45,rms_Voc,gp,held_out_specimen,full,PVDF+BaTiO3+%2CNT,0.037556732705441444,0.006937424896776373,0.01743518972962505,-0.027235546973288727,0.04111039676684147
46,rms_Voc,gp,held_out_specimen,full,PVDF+BaTiO3+%2CNT,0.04360056804280307,0.006736032047554422,0.01736750378382372,-0.02730427536874007,0.04077633946384891
47,rms_Voc,gp,held_out_specimen,full,PVDF+BaTiO3+%2CNT,0.04924463602686128,0.02755181018665742,0.0173640205461902,-0.006481670083875374,0.06158529045719022
48,rms_Voc,gp,held_out_specimen,full,PVDF+BaTiO3+%2CNT,0.061947249263179266,0.049747765197848404,0.017367503783823693,0.01570745778155397,0.08378807261414284
49,rms_Voc,gp,held_out_specimen,full,PVDF+BaTiO3+%2CNT,0.05520203246912867,0.020740152355565547,0.017435189729624996,-0.013432819514499442,0.054913124225630536
50,rms_Voc,gp,held_out_specimen,full,PVDF+BaTiO3+%2CNT,0.06464104772693736,0.0631334080395756,0.01727735797690939,0.029269786404833194,0.096997029674318
51,rms_Voc,gp,held_out_specimen,full,PVDF+BaTiO3+%2CNT,0.1061907400375857,0.08511731474114813,0.01721308988175395,0.05137965857291039,0.11885497090938588
52,rms_Voc,gp,held_out_specimen,full,PVDF+BaTiO3+%2CNT,0.14594201959443942,0.14289776059642273,0.01721112538841276,0.10916395483513372,0.17663156635771174
53,rms_Voc,gp,held_out_specimen,full,PVDF+BaTiO3+%2CNT,0.3247159319617053,0.2289446902279535,0.01721308988175395,0.19520703405971576,0.26268234639619126
54,rms_Voc,gp,held_out_specimen,full,PVDF+BaTiO3+%2CNT,0.09618234522660388,0.0735248615853815,0.017277357976909442,0.039661239950639,0.10738848322012401
55,rms_Voc,gp,held_out_specimen,full,PVDF+BaTiO3+%2CNT,0.10129747255604984,0.07645617453064293,0.017435189729624892,0.04228320266057815,0.11062914640070773
56,rms_Voc,gp,held_out_specimen,full,PVDF+BaTiO3+%2CNT,0.16435945135408164,0.13675542405618657,0.01736750378382388,0.10271511663989177,0.17079573147248137
57,rms_Voc,gp,held_out_specimen,full,PVDF+BaTiO3+%2CNT,0.23351523325410375,0.1877716419111966,0.01736402054619031,0.15373816164066362,0.2218051221817296
58,rms_Voc,gp,held_out_specimen,full,PVDF+BaTiO3+%2CNT,0.4337970382398568,0.3112279126607839,0.017367503783823665,0.27718760524448954,0.3452682200770783
59,rms_Voc,gp,held_out_specimen,full,PVDF+BaTiO3+%2CNT,0.137571433960762,0.10238835862159253,0.017435189729624996,0.06821538675152754,0.13656133049165753
60,rms_Voc,gp,held_out_specimen,full,PVDF+BaTiO3+%3CNT,0.027809194807435544,0.0767841788583592,0.0503150572289014,-0.021833333310287542,0.17540169102700592
61,rms_Voc,gp,held_out_specimen,full,PVDF+BaTiO3+%3CNT,0.03376385751429354,0.08807639291650961,0.04955308820933003,-0.009047659973777239,0.18520044580679645
62,rms_Voc,gp,held_out_specimen,full,PVDF+BaTiO3+%3CNT,0.06472638287800421,0.09563338754416201,0.04954660125111186,-0.0014779509080172365,0.19274472599634124
63,rms_Voc,gp,held_out_specimen,full,PVDF+BaTiO3+%3CNT,0.09895912208822974,0.13131521073801683,0.049553088209329965,0.034191157847730094,0.22843926362830358
64,rms_Voc,gp,held_out_specimen,full,PVDF+BaTiO3+%3CNT,0.032306508405576646,0.09300396650655116,0.05031505722890134,-0.005613545662095473,0.1916214786751978
65,rms_Voc,gp,held_out_specimen,full,PVDF+BaTiO3+%3CNT,0.07333766405647854,0.0937330127412366,0.048969119944638775,-0.0022464623502553988,0.1897124878327286
66,rms_Voc,gp,held_out_specimen,full,PVDF+BaTiO3+%3CNT,0.08429763716173058,0.1290898405537101,0.048334338187041324,0.0343545377071091,0.22382514340031107
67,rms_Voc,gp,held_out_specimen,full,PVDF+BaTiO3+%3CNT,0.14387655045817369,0.1836017608789502,0.04832827177705866,0.08887834819591522,0.27832517356198516
68,rms_Voc,gp,held_out_specimen,full,PVDF+BaTiO3+%3CNT,0.2713050081144946,0.337142180985871,0.0483343381870413,0.2424068781392701,0.43187748383247193
69,rms_Voc,gp,held_out_specimen,full,PVDF+BaTiO3+%3CNT,0.09371781676772084,0.14716375911651108,0.04896911994463875,0.051184284025019136,0.24314323420800305
70,rms_Voc,gp,held_out_specimen,full,PVDF+BaTiO3+%3CNT,0.08715895279312774,0.12356548674141005,0.05031505722890124,0.024947974572763612,0.2221829989100565
71,rms_Voc,gp,held_out_specimen,full,PVDF+BaTiO3+%3CNT,0.13480771178358023,0.17385351507415064,0.049553088209330055,0.07672946218386374,0.27097756796443756
72,rms_Voc,gp,held_out_specimen,full,PVDF+BaTiO3+%3CNT,0.1801699290495756,0.26096061537341786,0.04954660125111182,0.16384927692123868,0.35807195382559703
73,rms_Voc,gp,held_out_specimen,full,PVDF+BaTiO3+%3CNT,0.3279096638054766,0.43522876827472456,0.049553088209330014,0.33810471538443776,0.5323528211650114
74,rms_Voc,gp,held_out_specimen,full,PVDF+BaTiO3+%3CNT,0.11806648579826695,0.18666636194646719,0.05031505722890132,0.0880488497778206,0.2852838741151138
0,Vpp,gp,held_out_specimen,full,PVDF,0.47438899999999995,1.0371681433948616,1.4478935086882725,-1.8007031336341526,3.875039420423876
1,Vpp,gp,held_out_specimen,full,PVDF,0.724336,1.0647247347361513,1.4452506071877473,-1.7679664553518333,3.897415924824136
2,Vpp,gp,held_out_specimen,full,PVDF,1.535388,1.3271054631933472,1.4452070831516033,-1.5055004197837953,4.159711346170489
3,Vpp,gp,held_out_specimen,full,PVDF,1.606801,1.55947081739618,1.4452506071877473,-1.2732203726918045,4.392162007484164
4,Vpp,gp,held_out_specimen,full,PVDF,0.9028689999999999,1.110143840581439,1.4478935086882727,-1.7277274364475756,3.9480151176104537
5,Vpp,gp,held_out_specimen,full,PVDF,0.8773648000000001,1.20468590300265,1.4411942303655454,-1.6200547885138188,4.029426594519119
6,Vpp,gp,held_out_specimen,full,PVDF,1.0696358264999999,1.3413752867166373,1.4390877637180033,-1.479236730170649,4.161987303603924
7,Vpp,gp,held_out_specimen,full,PVDF,1.1813808,1.7316991372231092,1.4390449643600296,-1.088828992922549,4.552227267368767
8,Vpp,gp,held_out_specimen,full,PVDF,2.7035189531999997,2.2637931411696384,1.4390877637180033,-0.556818875717648,5.084405158056924
9,Vpp,gp,held_out_specimen,full,PVDF,0.87614016,1.2275855540711182,1.4411942303655454,-1.5971551374453505,4.052326245587587
10,Vpp,gp,held_out_specimen,full,PVDF,0.6019129999999999,1.2716582589099659,1.447893508688273,-1.5662130181190492,4.1095295359389805
11,Vpp,gp,held_out_specimen,full,PVDF,1.096705,1.510842547694923,1.4452506071877473,-1.3218486423930615,4.3435337377829075
12,Vpp,gp,held_out_specimen,full,PVDF,1.270138,2.0651768341898733,1.4452070831516033,-0.7674290487872693,4.897782717167016
13,Vpp,gp,held_out_specimen,full,PVDF,3.1225502,3.120308285939598,1.4452506071877473,0.2876170958516133,5.952999476027582
14,Vpp,gp,held_out_specimen,full,PVDF,0.785547,1.4022499775873798,1.4478935086882727,-1.4356212994416349,4.240121254616394
15,Vpp,gp,held_out_specimen,full,PVDF+BaTiO3,0.6631239999999999,0.47594721733996437,0.15549492902473447,0.1711771564514848,0.780717278228444
16,Vpp,gp,held_out_specimen,full,PVDF+BaTiO3,0.816153,0.7180064490717507,0.15542902304187717,0.41336556390967144,1.02264733423383
17,Vpp,gp,held_out_specimen,full,PVDF+BaTiO3,1.249734,1.497184750567163,0.15542652458225795,1.1925487623859374,1.8018207387483884
18,Vpp,gp,held_out_specimen,full,PVDF+BaTiO3,2.310733,1.6206632230233882,0.15542902304187717,1.316022337861309,1.9253041081854674
19,Vpp,gp,held_out_specimen,full,PVDF+BaTiO3,0.744739,0.887521845222533,0.1554949290247361,0.5827517843340502,1.1922919061110158
20,Vpp,gp,held_out_specimen,full,PVDF+BaTiO3,1.0375344,0.8672183214306816,0.1539002624449889,0.5655738070385034,1.1688628358228597
21,Vpp,gp,held_out_specimen,full,PVDF+BaTiO3,1.20647772,1.0730858262462932,0.15385664270094196,0.771526806552447,1.3746448459401395
22,Vpp,gp,held_out_specimen,full,PVDF+BaTiO3,1.6559327150319998,1.225427624162527,0.15385627946092548,0.9238693164191132,1.526985931905941
23,Vpp,gp,held_out_specimen,full,PVDF+BaTiO3,1.7195534580000003,2.672748412174232,0.15385664270094684,2.3711893924803764,2.9743074318680875
24,Vpp,gp,held_out_specimen,full,PVDF+BaTiO3,0.877365,0.8934999278210074,0.15390026244499547,0.5918554134288163,1.1951444422131985
25,Vpp,gp,held_out_specimen,full,PVDF+BaTiO3,0.8895747957045113,0.6157545481220034,0.15549492902473447,0.3109844872335238,0.9205246090104829
26,Vpp,gp,held_out_specimen,full,PVDF+BaTiO3,1.563425144199988,1.0965321302203326,0.15542902304187717,0.7918912450582534,1.4011730153824118
27,Vpp,gp,held_out_specimen,full,PVDF+BaTiO3,1.9681310180257374,1.2583658934422737,0.15542652458225634,0.9537299052610513,1.563001881623496
28,Vpp,gp,held_out_specimen,full,PVDF+BaTiO3,4.9492404937977765,3.1140849651528004,0.15542902304187878,2.809444079990718,3.4187258503148827
29,Vpp,gp,held_out_specimen,full,PVDF+BaTiO3,0.6783273879764,0.7841702639192515,0.1554949290247361,0.47940020303076875,1.0889403248077343
30,Vpp,gp,held_out_specimen,full,PVDF+BaTiO3+%1CNT,0.16323,0.5040934933719123,0.2982673055503141,-0.08051042550670329,1.088697412250528
31,Vpp,gp,held_out_specimen,full,PVDF+BaTiO3+%1CNT,0.153029,0.5441591722128656,0.2981233510760546,-0.040162595896201414,1.1284809403219325
32,Vpp,gp,held_out_specimen,full,PVDF+BaTiO3+%1CNT,0.561105,0.9807133825280002,0.298121966457186,0.39639432827191556,1.5650324367840849
33,Vpp,gp,held_out_specimen,full,PVDF+BaTiO3+%1CNT,0.7498400000000001,1.282399547536617,0.29812335107605337,0.6980777794275524,1.8667213156456817
34,Vpp,gp,held_out_specimen,full,PVDF+BaTiO3+%1CNT,0.31625899999999996,0.6915053553215605,0.2982673055503141,0.10690143644294492,1.2761092742001763
35,Vpp,gp,held_out_specimen,full,PVDF+BaTiO3+%1CNT,1.05539554113,1.030437873960627,0.29743443935549163,0.4474663728238635,1.6134093750973906
36,Vpp,gp,held_out_specimen,full,PVDF+BaTiO3+%1CNT,1.2702176595233299,1.2482753705674567,0.2973021127757348,0.6655632295270165,1.8309875116078969
37,Vpp,gp,held_out_specimen,full,PVDF+BaTiO3+%1CNT,1.9196610002578889,2.0477332282170537,0.29730068008277655,1.4650238952548116,2.630442561179296
38,Vpp,gp,held_out_specimen,full,PVDF+BaTiO3+%1CNT,2.6900273379201796,3.227119705438103,0.29730211277573565,2.6444075643976612,3.809831846478545
39,Vpp,gp,held_out_specimen,full,PVDF+BaTiO3+%1CNT,1.026467449880139,0.8814011239890102,0.29743443935549163,0.2984296228522466,1.4643726251257738
40,Vpp,gp,held_out_specimen,full,PVDF+BaTiO3+%1CNT,0.9576784791114001,0.9357983482813997,0.29826730555031494,0.35119442940278245,1.520402267160017
41,Vpp,gp,held_out_specimen,full,PVDF+BaTiO3+%1CNT,1.51369803114299,1.7532800959122623,0.2981233510760538,1.168958327803197,2.3376018640213276
42,Vpp,gp,held_out_specimen,full,PVDF+BaTiO3+%1CNT,2.1191713086544,2.826159194786399,0.2981219664571852,2.241840140530316,3.410478249042482
43,Vpp,gp,held_out_specimen,full,PVDF+BaTiO3+%1CNT,4.6534445854612345,7.4116865246796,0.2981233510760546,6.827364756570533,7.996008292788667
44,Vpp,gp,held_out_specimen,full,PVDF+BaTiO3+%1CNT,0.864397875471288,0.9403909463132925,0.2982673055503141,0.35578702743467683,1.524994865191908
45,Vpp,gp,held_out_specimen,full,PVDF+BaTiO3+%2CNT,0.392773,0.3674565272573176,0.4397113195559929,-0.4943776590724285,1.2292907135870637
46,Vpp,gp,held_out_specimen,full,PVDF+BaTiO3+%2CNT,0.39277300000000004,0.43683835280909245,0.43903160091071197,-0.42366358497590295,1.2973402905940878
47,Vpp,gp,held_out_specimen,full,PVDF+BaTiO3+%2CNT,0.816153,0.9234103989703509,0.43899511493230975,0.06297997370302388,1.783840824237678
48,Vpp,gp,held_out_specimen,full,PVDF+BaTiO3+%2CNT,0.6835279999999999,1.3357721669979499,0.4390316009107131,0.47527022921295226,2.1962741047829475
49,Vpp,gp,held_out_specimen,full,PVDF+BaTiO3+%2CNT,0.5458019999999999,0.37746843011473996,0.4397113195559933,-0.4843657562150069,1.239302616444487
50,Vpp,gp,held_out_specimen,full,PVDF+BaTiO3+%2CNT,1.0338343386820625,0.9602094863417007,0.4341765296607203,0.10922348820668892,1.8111954844767124
51,Vpp,gp,held_out_specimen,full,PVDF+BaTiO3+%2CNT,1.3297180434583424,1.2537745130659006,0.433654892901346,0.40381092297926247,2.103738103152539
52,Vpp,gp,held_out_specimen,full,PVDF+BaTiO3+%2CNT,2.4187612444346116,2.0987560137038463,0.43364085494587506,1.2488199380099312,2.9486920893977615
53,Vpp,gp,held_out_specimen,full,PVDF+BaTiO3+%2CNT,4.454026728249638,3.5217888867225238,0.433654892901346,2.6718252966358857,4.371752476809162
54,Vpp,gp,held_out_specimen,full,PVDF+BaTiO3+%2CNT,0.9509888321363735,0.9850888558309001,0.43417652966071957,0.1341028576958898,1.8360748539659104
55,Vpp,gp,held_out_specimen,full,PVDF+BaTiO3+%2CNT,0.9994547231535181,0.979984929936696,0.43971131955599146,0.11815074360695266,1.8418191162664392
56,Vpp,gp,held_out_specimen,full,PVDF+BaTiO3+%2CNT,1.7423400367918576,1.4905646422687655,0.43903160091071275,0.6300627044837686,2.3510665800537627
57,Vpp,gp,held_out_specimen,full,PVDF+BaTiO3+%2CNT,3.3516802761721824,2.672618885721822,0.4389951149323112,1.8121884604544922,3.533049310989152
58,Vpp,gp,held_out_specimen,full,PVDF+BaTiO3+%2CNT,8.41102520941707,5.5175359928900125,0.4390316009107138,4.657034055105013,6.378037930675012
59,Vpp,gp,held_out_specimen,full,PVDF+BaTiO3+%2CNT,1.33047971711756,1.3496682088786534,0.4397113195559933,0.4878340225489065,2.2115023952084
60,Vpp,gp,held_out_specimen,full,PVDF+BaTiO3+%3CNT,0.40297499999999997,0.6000154246595392,0.8538371068685007,-1.073505304802722,2.2735361541218007
61,Vpp,gp,held_out_specimen,full,PVDF+BaTiO3+%3CNT,0.504994,0.6470247029351706,0.8448677358633598,-1.0089160593570148,2.3029654652273557
62,Vpp,gp,held_out_specimen,full,PVDF+BaTiO3+%3CNT,0.928374,1.2456439556294099,0.8447040481260047,-0.4099759786975594,2.901263889956379
63,Vpp,gp,held_out_specimen,full,PVDF+BaTiO3+%3CNT,1.341551,1.6432305542419419,0.8448677358633565,-0.012710208050236815,3.2991713165341205
64,Vpp,gp,held_out_specimen,full,PVDF+BaTiO3+%3CNT,0.29177590000000003,0.7642268515701955,0.8538371068684997,-0.9092938778920638,2.437747581032455
65,Vpp,gp,held_out_specimen,full,PVDF+BaTiO3+%3CNT,1.0133942737716346,1.0497384275416197,0.8035763683055321,-0.5252712543372233,2.6247481094204628
66,Vpp,gp,held_out_specimen,full,PVDF+BaTiO3+%3CNT,1.4134426637427984,1.4549442678684015,0.796859929598111,-0.1069011941438962,3.016789729880699
67,Vpp,gp,held_out_specimen,full,PVDF+BaTiO3+%3CNT,2.5556002313520843,2.9259348375638052,0.7967264393451199,1.3643510164473702,4.487518658680241
68,Vpp,gp,held_out_specimen,full,PVDF+BaTiO3+%3CNT,4.499031394795727,5.271362162955365,0.7968599295981095,3.70951670094307,6.83320762496766
69,Vpp,gp,held_out_specimen,full,PVDF+BaTiO3+%3CNT,1.1007805499919479,1.4357543301082818,0.8035763683055333,-0.13925535177056325,3.010764011987127
70,Vpp,gp,held_out_specimen,full,PVDF+BaTiO3+%3CNT,1.028442234316854,1.1704197949160426,0.8538371068685011,-0.5031009345462196,2.843940524378305
71,Vpp,gp,held_out_specimen,full,PVDF+BaTiO3+%3CNT,1.442922714104816,1.910024195550157,0.8448677358633565,0.2540834332579782,3.5659649578423354
72,Vpp,gp,held_out_specimen,full,PVDF+BaTiO3+%3CNT,3.1213120597144517,4.100961347722084,0.8447040481260009,2.445341413395122,5.756581282049046
73,Vpp,gp,held_out_specimen,full,PVDF+BaTiO3+%3CNT,6.492977504874499,8.333449944711923,0.8448677358633594,6.677509182419739,9.989390707004107
74,Vpp,gp,held_out_specimen,full,PVDF+BaTiO3+%3CNT,1.724359044810059,2.0513855453148553,0.8538371068684997,0.3778648158525959,3.7249062747771147
0,Vmax,gp,held_out_specimen,full,PVDF,0.26391862899999996,0.6994191144223824,0.8173342174658749,-0.9025559518107323,2.301394180655497
1,Vmax,gp,held_out_specimen,full,PVDF,0.375450978,0.7347653866965305,0.8159762795940813,-0.8645481213078687,2.3340788947009297
2,Vmax,gp,held_out_specimen,full,PVDF,0.806323384,0.9653723108360378,0.8159526396690681,-0.6338948629153355,2.564639484587411
3,Vmax,gp,held_out_specimen,full,PVDF,0.90553173,1.189395577994985,0.8159762795940813,-0.40991793000941423,2.7887090859993844
4,Vmax,gp,held_out_specimen,full,PVDF,0.633048541,0.7335995619126231,0.8173342174658749,-0.8683755043204916,2.335574628145738
5,Vmax,gp,held_out_specimen,full,PVDF,0.5722335688,0.8275987481825082,0.814931771402863,-0.7696675237671031,2.4248650201321196
6,Vmax,gp,held_out_specimen,full,PVDF,0.6900451627862,0.9355151524445013,0.8138085502187747,-0.6595496059842971,2.5305799108733
7,Vmax,gp,held_out_specimen,full,PVDF,0.6333668375999999,1.15560020590598,0.813785330542515,-0.4394190419573494,2.7506194537693096
8,Vmax,gp,held_out_specimen,full,PVDF,1.4032061532606,1.3386103149115092,0.8138085502187747,-0.2564544435172893,2.9336750733403076
9,Vmax,gp,held_out_specimen,full,PVDF,0.4507851536,0.7631568186212039,0.814931771402863,-0.8341094533284075,2.3604230905708152
10,Vmax,gp,held_out_specimen,full,PVDF,0.387116973,0.7797873093272651,0.817334217465875,-0.8221877569058498,2.3817623755603803
11,Vmax,gp,held_out_specimen,full,PVDF,0.6510550260000001,1.0608019916981457,0.8159762795940813,-0.5385115163062535,2.660115499702545
12,Vmax,gp,held_out_specimen,full,PVDF,0.9720691739999999,1.3597484066227699,0.8159526396690681,-0.23951876712860343,2.9590155803741434
13,Vmax,gp,held_out_specimen,full,PVDF,1.66451229518,1.9572150265009878,0.8159762795940813,0.3579015184965886,3.5565285345053868
14,Vmax,gp,held_out_specimen,full,PVDF,0.642128274,0.8204491431151537,0.8173342174658749,-0.781525923117961,2.4224242093482684
15,Vmax,gp,held_out_specimen,full,PVDF+BaTiO3,0.44437984599999997,0.265185236205319,0.19295491960357156,-0.11300640621768127,0.6433768786283192
16,Vmax,gp,held_out_specimen,full,PVDF+BaTiO3,0.502505736,0.38055413449831843,0.1922895498798717,0.0036666167337698896,0.757441652262867
17,Vmax,gp,held_out_specimen,full,PVDF+BaTiO3,0.827206853,0.7532018574372915,0.19224895423960145,0.3763939071276727,1.1300098077469103
18,Vmax,gp,held_out_specimen,full,PVDF+BaTiO3,1.479965675,0.9089791544941881,0.1922895498798717,0.5320916367296395,1.2858666722587366
19,Vmax,gp,held_out_specimen,full,PVDF+BaTiO3,0.4105959,0.5939028844023027,0.19295491960357156,0.21571124197930241,0.972094526825303
20,Vmax,gp,held_out_specimen,full,PVDF+BaTiO3,0.7557376122,0.5539810676990085,0.18831505891699427,0.18488355222169972,0.9230785831763172
21,Vmax,gp,held_out_specimen,full,PVDF+BaTiO3,0.8705703700800002,0.6590596091790633,0.1879135349173182,0.2907490807411196,1.027370137617007
22,Vmax,gp,held_out_specimen,full,PVDF+BaTiO3,1.1533150766754319,0.68421474752599,0.18790065272709788,0.31592946818087814,1.0525000268711018
23,Vmax,gp,held_out_specimen,full,PVDF+BaTiO3,1.1138047443280001,1.3297684532641156,0.1879135349173187,0.961457924826171,1.6980789817020603
24,Vmax,gp,held_out_specimen,full,PVDF+BaTiO3,0.500302137,0.5177125926558024,0.18831505891699477,0.14861507717849265,0.8868101081331121
25,Vmax,gp,held_out_specimen,full,PVDF+BaTiO3,0.4695109384854026,0.42187969238985823,0.19295491960357206,0.04368804996685699,0.8000713348128594
26,Vmax,gp,held_out_specimen,full,PVDF+BaTiO3,1.1530590316270004,0.6698476362373158,0.19228954987987268,0.2929601184727654,1.0467351540018663
27,Vmax,gp,held_out_specimen,full,PVDF+BaTiO3,1.3172022048156284,0.9369046242190477,0.19224895423960145,0.5600966739094289,1.3137125745286666
28,Vmax,gp,held_out_specimen,full,PVDF+BaTiO3,2.955436008826438,1.6883437196983988,0.1922895498798712,1.3114562019338512,2.0652312374629465
29,Vmax,gp,held_out_specimen,full,PVDF+BaTiO3,0.37284208869228813,0.6077668486415675,0.19295491960357206,0.22957520621856625,0.9859584910645687
30,Vmax,gp,held_out_specimen,full,PVDF+BaTiO3+%1CNT,0.083140201,0.39932028761940164,0.3418603910726517,-0.2707260788829957,1.069366654121799
31,Vmax,gp,held_out_specimen,full,PVDF+BaTiO3+%1CNT,0.093954329,0.4535649206123261,0.3405191653124219,-0.21385264340002075,1.120982484624673
32,Vmax,gp,held_out_specimen,full,PVDF+BaTiO3+%1CNT,0.394078884,0.871540919555803,0.3404702124542716,0.2042193031454307,1.5388625359661754
33,Vmax,gp,held_out_specimen,full,PVDF+BaTiO3+%1CNT,0.526035667,1.0988371315676477,0.34051916531242243,0.43141956755529975,1.7662546955799958
34,Vmax,gp,held_out_specimen,full,PVDF+BaTiO3+%1CNT,0.236082521,0.43817621842171095,0.3418603910726517,-0.2318701480806864,1.1082225849241083
35,Vmax,gp,held_out_specimen,full,PVDF+BaTiO3+%1CNT,0.8022848834824801,0.7817962106072648,0.33464634629380063,0.12588937187141558,1.437703049343114
36,Vmax,gp,held_out_specimen,full,PVDF+BaTiO3+%1CNT,0.7358307008352988,0.9873610412634678,0.33346995828705783,0.33375992302083446,1.6409621595061012
37,Vmax,gp,held_out_specimen,full,PVDF+BaTiO3+%1CNT,0.9742514662627703,1.6826212291563343,0.3334523364308925,1.029054649751785,2.336187808560884
38,Vmax,gp,held_out_specimen,full,PVDF+BaTiO3+%1CNT,1.6313950376962256,2.5952554168782784,0.3334699582870584,1.941654298635644,3.248856535120913
39,Vmax,gp,held_out_specimen,full,PVDF+BaTiO3+%1CNT,0.7145707700900724,0.5994229170720748,0.3346463462938001,-0.05648392166377325,1.255329755807923
40,Vmax,gp,held_out_specimen,full,PVDF+BaTiO3+%1CNT,0.7071771027766798,0.6631351249250841,0.34186039107265115,-0.006911241577312155,1.3331814914274802
41,Vmax,gp,held_out_specimen,full,PVDF+BaTiO3+%1CNT,0.9772400026807279,1.1647365488306891,0.3405191653124219,0.49731898481834225,1.8321541128430359
42,Vmax,gp,held_out_specimen,full,PVDF+BaTiO3+%1CNT,1.4344806993118948,2.1820466632556568,0.3404702124542716,1.5147250468452844,2.849368279666029
43,Vmax,gp,held_out_specimen,full,PVDF+BaTiO3+%1CNT,3.0253178457773857,3.7265117326531865,0.34051916531242243,3.0590941686408386,4.393929296665535
44,Vmax,gp,held_out_specimen,full,PVDF+BaTiO3+%1CNT,0.525589233476531,0.8278549530242058,0.3418603910726509,0.15780858652180996,1.4979013195266015
45,Vmax,gp,held_out_specimen,full,PVDF+BaTiO3+%2CNT,0.287928105,0.22164333208170783,0.25598484748185457,-0.2800869689827271,0.7233736331461428
46,Vmax,gp,held_out_specimen,full,PVDF+BaTiO3+%2CNT,0.31809033000000003,0.23915608325638882,0.2555235999263376,-0.26167017259923286,0.7399823391120105
47,Vmax,gp,held_out_specimen,full,PVDF+BaTiO3+%2CNT,0.690526634,0.568290755797203,0.2554966114082722,0.06751739743698959,1.0690641141574164
48,Vmax,gp,held_out_specimen,full,PVDF+BaTiO3+%2CNT,0.533155744,0.8645818189096662,0.2555235999263365,0.36375556305404666,1.365408074765286
49,Vmax,gp,held_out_specimen,full,PVDF+BaTiO3+%2CNT,0.394374792,0.2725337867044302,0.2559848474818534,-0.22919651436000243,0.7742640877688628
50,Vmax,gp,held_out_specimen,full,PVDF+BaTiO3+%2CNT,0.8888664110728276,0.6516104598308924,0.25290842128543733,0.1559099541114352,1.1473109655503495
51,Vmax,gp,held_out_specimen,full,PVDF+BaTiO3+%2CNT,1.0093177469814805,0.7239862351500856,0.25256103136599356,0.2289666136727383,1.219005856627433
52,Vmax,gp,held_out_specimen,full,PVDF+BaTiO3+%2CNT,2.0464533740231103,1.2415980344174078,0.2525493116616561,0.7466013835605618,1.7365946852742538
53,Vmax,gp,held_out_specimen,full,PVDF+BaTiO3+%2CNT,3.621934801234235,2.0694970082885225,0.25256103136599173,1.5744773868111785,2.5645166297658664
54,Vmax,gp,held_out_specimen,full,PVDF+BaTiO3+%2CNT,0.6871466628339677,0.6344620466069224,0.25290842128543733,0.13876154088746523,1.1301625523263796
55,Vmax,gp,held_out_specimen,full,PVDF+BaTiO3+%2CNT,0.7091969650382516,0.6010158744818123,0.25598484748185363,0.0992855734173792,1.1027461755462453
56,Vmax,gp,held_out_specimen,full,PVDF+BaTiO3+%2CNT,1.11644715675359,0.9629665807524053,0.25552359992633783,0.46214032489678314,1.4637928366080275
57,Vmax,gp,held_out_specimen,full,PVDF+BaTiO3+%2CNT,2.632262983143599,1.7290684934116913,0.25549661140827057,1.228295135051481,2.2298418517719014
58,Vmax,gp,held_out_specimen,full,PVDF+BaTiO3+%2CNT,4.56586646613916,3.396227084414582,0.2555235999263374,2.895400828558961,3.8970533402702032
59,Vmax,gp,held_out_specimen,full,PVDF+BaTiO3+%2CNT,0.9962307836408405,0.9293746259735644,0.2559848474818534,0.42764432490913173,1.431104927037997
60,Vmax,gp,held_out_specimen,full,PVDF+BaTiO3+%3CNT,0.23311881,0.5514759523395913,0.568253815885575,-0.5623015267961355,1.6652534314753182
61,Vmax,gp,held_out_specimen,full,PVDF+BaTiO3+%3CNT,0.30413902200000004,0.704608097194829,0.556541218763406,-0.3862126915814468,1.7954288859711047
62,Vmax,gp,held_out_specimen,full,PVDF+BaTiO3+%3CNT,0.577519998,1.2678225664657639,0.5563577744802073,0.17736132848455766,2.35828380444697
63,Vmax,gp,held_out_specimen,full,PVDF+BaTiO3+%3CNT,0.883541279,1.4008695887840135,0.556541218763406,0.3100488000077377,2.491690377560289
64,Vmax,gp,held_out_specimen,full,PVDF+BaTiO3+%3CNT,0.23009156690000002,0.6267082953205718,0.5682538158855742,-0.48706918381515374,1.7404857744562974
65,Vmax,gp,held_out_specimen,full,PVDF+BaTiO3+%3CNT,0.6216423885079015,0.8949202793013554,0.5401703829625188,-0.16381367130518154,1.9536542299078925
66,Vmax,gp,held_out_specimen,full,PVDF+BaTiO3+%3CNT,0.725208455434742,1.2685927446440208,0.530597365882841,0.2286219075136524,2.308563581774389
67,Vmax,gp,held_out_specimen,full,PVDF+BaTiO3+%3CNT,1.5648391052132387,2.6348062534047143,0.5304381524200334,1.5951474746614487,3.67446503214798
68,Vmax,gp,held_out_specimen,full,PVDF+BaTiO3+%3CNT,2.5540695873143746,3.675700545255558,0.5305973658828401,2.6357297081251914,4.715671382385924
69,Vmax,gp,held_out_specimen,full,PVDF+BaTiO3+%3CNT,0.6762729675462515,1.1858389008285897,0.5401703829625191,0.12710495022205226,2.244572851435127
70,Vmax,gp,held_out_specimen,full,PVDF+BaTiO3+%3CNT,0.5466172864932111,0.8642692793274149,0.5682538158855751,-0.24950819980831218,1.978046758463142
71,Vmax,gp,held_out_specimen,full,PVDF+BaTiO3+%3CNT,0.9351560245233326,1.4262376820997296,0.5565412187634069,0.33541689332345204,2.517058470876007
72,Vmax,gp,held_out_specimen,full,PVDF+BaTiO3+%3CNT,1.9434400298290089,3.2433575804514145,0.5563577744802082,2.1528963424702066,4.333818818432622
73,Vmax,gp,held_out_specimen,full,PVDF+BaTiO3+%3CNT,3.917120256506231,4.67572003701385,0.5565412187634062,3.5848992482375737,5.766540825790126
74,Vmax,gp,held_out_specimen,full,PVDF+BaTiO3+%3CNT,1.2426230104116622,1.530213778684149,0.5682538158855746,0.416436299548423,2.643991257819875
