scenario,subset,target,model,scheme,level,R2,paper_R2
label,all,rms_Voc,GP,loo,pooled,0.9141997156901656,0.9141997156901656
label,all,rms_Voc,GP,force,pooled,0.519345899337734,0.519345899337734
label,all,rms_Voc,GP,force,1,-0.9826638175790698,-0.9826638175790698
label,all,rms_Voc,GP,force,2,0.8718098248622375,0.8718098248622375
label,all,rms_Voc,GP,force,3,0.2854042845906193,0.2854042845906193
label,all,rms_Voc,GP,frequency,pooled,-1.0994419167157736,-1.0994419167157736
label,all,rms_Voc,GP,frequency,5,-3.3143699334139214,-3.3143699334139214
label,all,rms_Voc,GP,frequency,10,0.3574480935900044,0.3574480935900044
label,all,rms_Voc,GP,frequency,15,-0.570950023403479,-0.570950023403479
label,all,rms_Voc,GP,frequency,20,-0.11459195729804361,-0.11459195729804361
label,all,rms_Voc,GP,frequency,25,-53.98858959849408,-53.98858959849408
label,all,rms_Voc,LawGP,loo,pooled,0.887216482083028,0.887216482083028
label,all,rms_Voc,LawGP,force,pooled,0.7283181101044708,0.7283181101044708
label,all,rms_Voc,LawGP,force,1,-0.47588289866426825,-0.47588289866426825
label,all,rms_Voc,LawGP,force,2,0.8552628615393472,0.8552628615393472
label,all,rms_Voc,LawGP,force,3,0.6890947069446335,0.6890947069446335
label,all,rms_Voc,LawGP,frequency,pooled,-2.840648947104766,-2.840648947104766
label,all,rms_Voc,LawGP,frequency,5,0.6427962325774983,0.6427962325774983
label,all,rms_Voc,LawGP,frequency,10,0.3818157832075021,0.3818157832075021
label,all,rms_Voc,LawGP,frequency,15,-5.607189363074974,-5.607189363074974
label,all,rms_Voc,LawGP,frequency,20,-0.14601088364650905,-0.14601088364650905
label,all,rms_Voc,LawGP,frequency,25,-106.21521410612438,-106.21521410612438
label,all,Vpp,GP,loo,pooled,0.7772547974491723,0.7772547974491723
label,all,Vpp,GP,force,pooled,-0.07661291754075195,-0.07661291754075195
label,all,Vpp,GP,force,1,-2.000317933635666,-2.000317933635666
label,all,Vpp,GP,force,2,-0.02491607158877862,-0.02491607158877862
label,all,Vpp,GP,force,3,-0.2923939110661935,-0.2923939110661935
label,all,Vpp,GP,frequency,pooled,-1.322931689889733,-1.322931689889733
label,all,Vpp,GP,frequency,5,-5.605741624257293,-5.605741624257293
label,all,Vpp,GP,frequency,10,0.4232716231388768,0.4232716231388768
label,all,Vpp,GP,frequency,15,0.4081212658708784,0.4081212658708784
label,all,Vpp,GP,frequency,20,-0.2644464368228143,-0.2644464368228143
label,all,Vpp,GP,frequency,25,-137.22985102596317,-137.22985102596317
label,all,Vpp,LawGP,loo,pooled,0.7370100492955111,0.7370100492955111
label,all,Vpp,LawGP,force,pooled,0.72978412427434,0.72978412427434
label,all,Vpp,LawGP,force,1,-0.38924043038522194,-0.38924043038522194
label,all,Vpp,LawGP,force,2,0.7307255821195862,0.7307255821195862
label,all,Vpp,LawGP,force,3,0.720882376230787,0.720882376230787
label,all,Vpp,LawGP,frequency,pooled,-8.334700579969374,-8.334700579969374
label,all,Vpp,LawGP,frequency,5,-1.090310398314685,-1.090310398314685
label,all,Vpp,LawGP,frequency,10,-0.019885733640698344,-0.019885733640698344
label,all,Vpp,LawGP,frequency,15,-17.888754668014222,-17.888754668014222
label,all,Vpp,LawGP,frequency,20,-0.25383861288499254,-0.25383861288499254
label,all,Vpp,LawGP,frequency,25,-628.7056330204846,-628.7056330204846
label,all,Vmax,GP,loo,pooled,0.7781141178764932,0.7781141178764932
label,all,Vmax,GP,force,pooled,-0.12566830022099706,-0.12566830022099706
label,all,Vmax,GP,force,1,-3.406027950191133,-3.406027950191133
label,all,Vmax,GP,force,2,-0.030890887178958826,-0.030890887178958826
label,all,Vmax,GP,force,3,-0.33097586900653964,-0.33097586900653964
label,all,Vmax,GP,frequency,pooled,-1.1873264179734186,-1.1873264179734186
label,all,Vmax,GP,frequency,5,-2.0999748805082623,-2.0999748805082623
label,all,Vmax,GP,frequency,10,0.5457862435820064,0.5457862435820064
label,all,Vmax,GP,frequency,15,0.5025650493929404,0.5025650493929404
label,all,Vmax,GP,frequency,20,-0.09816219607417342,-0.09816219607417342
label,all,Vmax,GP,frequency,25,-89.28525568278776,-89.28525568278776
label,all,Vmax,LawGP,loo,pooled,0.7885590261903445,0.7885590261903445
label,all,Vmax,LawGP,force,pooled,0.7735789806854463,0.7735789806854463
label,all,Vmax,LawGP,force,1,-0.5478237679119098,-0.5478237679119098
label,all,Vmax,LawGP,force,2,0.7357391353695935,0.7357391353695935
label,all,Vmax,LawGP,force,3,0.8055771688596359,0.8055771688596359
label,all,Vmax,LawGP,frequency,pooled,-2.9014340792427453,-2.9014340792427453
label,all,Vmax,LawGP,frequency,5,-0.5728543612067287,-0.5728543612067287
label,all,Vmax,LawGP,frequency,10,0.33246597484926277,0.33246597484926277
label,all,Vmax,LawGP,frequency,15,-6.536471035485445,-6.536471035485445
label,all,Vmax,LawGP,frequency,20,-0.05615761423344101,-0.05615761423344101
label,all,Vmax,LawGP,frequency,25,-148.0995574344728,-148.0995574344728
label,n72,rms_Voc,GP,loo,pooled,0.9049228123551976,0.9049228123551976
label,n72,rms_Voc,GP,force,pooled,0.5758803983023236,0.5758803983023236
label,n72,rms_Voc,GP,force,1,-1.2098041289633197,-1.2098041289633197
label,n72,rms_Voc,GP,force,2,0.8847964394947307,0.8847964394947307
label,n72,rms_Voc,GP,force,3,0.4599365544963864,0.4599365544963864
label,n72,rms_Voc,GP,frequency,pooled,-1.268329281459991,-1.268329281459991
label,n72,rms_Voc,GP,frequency,5,-3.1455254107455817,-3.1455254107455817
label,n72,rms_Voc,GP,frequency,10,0.26732769646895294,0.26732769646895294
label,n72,rms_Voc,GP,frequency,15,-0.5748376941666697,-0.5748376941666697
label,n72,rms_Voc,GP,frequency,20,-0.030568353570188167,-0.030568353570188167
label,n72,rms_Voc,GP,frequency,25,-55.777236021527465,-55.777236021527465
label,n72,rms_Voc,LawGP,loo,pooled,0.8588137510232334,0.8588137510232334
label,n72,rms_Voc,LawGP,force,pooled,0.700387212079901,0.700387212079901
label,n72,rms_Voc,LawGP,force,1,-0.3861338781948054,-0.3861338781948054
label,n72,rms_Voc,LawGP,force,2,0.8415007552123671,0.8415007552123671
label,n72,rms_Voc,LawGP,force,3,0.6371341271038602,0.6371341271038602
label,n72,rms_Voc,LawGP,frequency,pooled,-3.348047011375389,-3.348047011375389
label,n72,rms_Voc,LawGP,frequency,5,0.7738000158559301,0.7738000158559301
label,n72,rms_Voc,LawGP,frequency,10,0.43156692643172523,0.43156692643172523
label,n72,rms_Voc,LawGP,frequency,15,-5.918467131322568,-5.918467131322568
label,n72,rms_Voc,LawGP,frequency,20,-0.14088328212411572,-0.14088328212411572
label,n72,rms_Voc,LawGP,frequency,25,-113.04107473803893,-113.04107473803893
label,n72,Vpp,GP,loo,pooled,0.6932568279419229,0.6932568279419229
label,n72,Vpp,GP,force,pooled,-0.07994092887480586,-0.07994092887480586
label,n72,Vpp,GP,force,1,-1.9958337658013177,-1.9958337658013177
label,n72,Vpp,GP,force,2,-0.06020977197053923,-0.06020977197053923
label,n72,Vpp,GP,force,3,-0.2532574252601394,-0.2532574252601394
label,n72,Vpp,GP,frequency,pooled,-1.604404199636059,-1.604404199636059
label,n72,Vpp,GP,frequency,5,-4.878787673445496,-4.878787673445496
label,n72,Vpp,GP,frequency,10,0.3901362042728851,0.3901362042728851
label,n72,Vpp,GP,frequency,15,-0.12580960283641396,-0.12580960283641396
label,n72,Vpp,GP,frequency,20,-0.24110953422227865,-0.24110953422227865
label,n72,Vpp,GP,frequency,25,-130.62567540975326,-130.62567540975326
label,n72,Vpp,LawGP,loo,pooled,0.6692643614995673,0.6692643614995673
label,n72,Vpp,LawGP,force,pooled,0.6751530690870611,0.6751530690870611
label,n72,Vpp,LawGP,force,1,-0.404607027978678,-0.404607027978678
label,n72,Vpp,LawGP,force,2,0.7167995806142,0.7167995806142
label,n72,Vpp,LawGP,force,3,0.6529945914787382,0.6529945914787382
label,n72,Vpp,LawGP,frequency,pooled,-10.441727653304067,-10.441727653304067
label,n72,Vpp,LawGP,frequency,5,-1.1162400424874552,-1.1162400424874552
label,n72,Vpp,LawGP,frequency,10,-0.0502954934167088,-0.0502954934167088
label,n72,Vpp,LawGP,frequency,15,-17.57091668746655,-17.57091668746655
label,n72,Vpp,LawGP,frequency,20,-0.28170155400733266,-0.28170155400733266
label,n72,Vpp,LawGP,frequency,25,-658.9858391123701,-658.9858391123701
label,n72,Vmax,GP,loo,pooled,0.6970335560749872,0.6970335560749872
label,n72,Vmax,GP,force,pooled,-0.16586612790089084,-0.16586612790089084
label,n72,Vmax,GP,force,1,-3.766735238778522,-3.766735238778522
label,n72,Vmax,GP,force,2,-0.05191041414790609,-0.05191041414790609
label,n72,Vmax,GP,force,3,-0.30757510471854155,-0.30757510471854155
label,n72,Vmax,GP,frequency,pooled,-1.18616974499774,-1.18616974499774
label,n72,Vmax,GP,frequency,5,-1.9311404468701698,-1.9311404468701698
label,n72,Vmax,GP,frequency,10,0.4886002517862932,0.4886002517862932
label,n72,Vmax,GP,frequency,15,-0.1438156268575972,-0.1438156268575972
label,n72,Vmax,GP,frequency,20,-0.11222224984910589,-0.11222224984910589
label,n72,Vmax,GP,frequency,25,-70.36357061120665,-70.36357061120665
label,n72,Vmax,LawGP,loo,pooled,0.7261986481767337,0.7261986481767337
label,n72,Vmax,LawGP,force,pooled,0.731717095062862,0.731717095062862
label,n72,Vmax,LawGP,force,1,-0.534540275358174,-0.534540275358174
label,n72,Vmax,LawGP,force,2,0.7254434509261751,0.7254434509261751
label,n72,Vmax,LawGP,force,3,0.7562580260167389,0.7562580260167389
label,n72,Vmax,LawGP,frequency,pooled,-5.640310611694306,-5.640310611694306
label,n72,Vmax,LawGP,frequency,5,-0.11637934521287008,-0.11637934521287008
label,n72,Vmax,LawGP,frequency,10,0.33798064130134287,0.33798064130134287
label,n72,Vmax,LawGP,frequency,15,-7.024788692193294,-7.024788692193294
label,n72,Vmax,LawGP,frequency,20,-0.14283061433630828,-0.14283061433630828
label,n72,Vmax,LawGP,frequency,25,-245.15964276542007,-245.15964276542007
frecLo,all,rms_Voc,GP,loo,pooled,0.8151945853548634,0.9141997156901656
frecLo,all,rms_Voc,GP,force,pooled,0.8457405583250781,0.519345899337734
frecLo,all,rms_Voc,GP,force,1,0.4235681744069495,-0.9826638175790698
frecLo,all,rms_Voc,GP,force,2,0.8814536893094452,0.8718098248622375
frecLo,all,rms_Voc,GP,force,3,0.8042516895726083,0.2854042845906193
frecLo,all,rms_Voc,GP,frequency,pooled,0.8573968093712959,-1.0994419167157736
frecLo,all,rms_Voc,GP,frequency,5,0.7287970102192487,-3.3143699334139214
frecLo,all,rms_Voc,GP,frequency,10,0.857646329950621,0.3574480935900044
frecLo,all,rms_Voc,GP,frequency,15,0.6796974818275466,-0.570950023403479
frecLo,all,rms_Voc,GP,frequency,20,0.7948955865733432,-0.11459195729804361
frecLo,all,rms_Voc,GP,frequency,25,-0.10609583329434913,-53.98858959849408
frecLo,all,rms_Voc,LawGP,loo,pooled,0.7261561418490021,0.887216482083028
frecLo,all,rms_Voc,LawGP,force,pooled,0.7371067044922937,0.7283181101044708
frecLo,all,rms_Voc,LawGP,force,1,0.7987566322503459,-0.47588289866426825
frecLo,all,rms_Voc,LawGP,force,2,0.8463513480093929,0.8552628615393472
frecLo,all,rms_Voc,LawGP,force,3,0.5226767297173448,0.6890947069446335
frecLo,all,rms_Voc,LawGP,frequency,pooled,0.780401724194345,-2.840648947104766
frecLo,all,rms_Voc,LawGP,frequency,5,0.7216718010923524,0.6427962325774983
frecLo,all,rms_Voc,LawGP,frequency,10,0.9108920291893011,0.3818157832075021
frecLo,all,rms_Voc,LawGP,frequency,15,0.5004326779307373,-5.607189363074974
frecLo,all,rms_Voc,LawGP,frequency,20,0.5611813527436507,-0.14601088364650905
frecLo,all,rms_Voc,LawGP,frequency,25,0.6572027386991529,-106.21521410612438
frecLo,all,Vpp,GP,loo,pooled,0.6755668111833202,0.7772547974491723
frecLo,all,Vpp,GP,force,pooled,0.6352375686341365,-0.07661291754075195
frecLo,all,Vpp,GP,force,1,-2.5638730243570995,-2.000317933635666
frecLo,all,Vpp,GP,force,2,0.7156687911849455,-0.02491607158877862
frecLo,all,Vpp,GP,force,3,0.7132569435097539,-0.2923939110661935
frecLo,all,Vpp,GP,frequency,pooled,0.047322461542164795,-1.322931689889733
frecLo,all,Vpp,GP,frequency,5,0.6232625346965335,-5.605741624257293
frecLo,all,Vpp,GP,frequency,10,0.48285520495754153,0.4232716231388768
frecLo,all,Vpp,GP,frequency,15,-0.7577914869010338,0.4081212658708784
frecLo,all,Vpp,GP,frequency,20,-0.81235911774397,-0.2644464368228143
frecLo,all,Vpp,GP,frequency,25,-0.9796785971179371,-137.22985102596317
frecLo,all,Vpp,LawGP,loo,pooled,0.7671579298995755,0.7370100492955111
frecLo,all,Vpp,LawGP,force,pooled,0.8325513747471047,0.72978412427434
frecLo,all,Vpp,LawGP,force,1,0.40531345635339344,-0.38924043038522194
frecLo,all,Vpp,LawGP,force,2,0.7757269268387343,0.7307255821195862
frecLo,all,Vpp,LawGP,force,3,0.8250049602362424,0.720882376230787
frecLo,all,Vpp,LawGP,frequency,pooled,0.8098525218633115,-8.334700579969374
frecLo,all,Vpp,LawGP,frequency,5,-0.21044094918445988,-1.090310398314685
frecLo,all,Vpp,LawGP,frequency,10,0.4799697593077592,-0.019885733640698344
frecLo,all,Vpp,LawGP,frequency,15,0.47459821413709424,-17.888754668014222
frecLo,all,Vpp,LawGP,frequency,20,0.7254724635352341,-0.25383861288499254
frecLo,all,Vpp,LawGP,frequency,25,-0.24937788432968677,-628.7056330204846
frecLo,all,Vmax,GP,loo,pooled,0.7082088808427233,0.7781141178764932
frecLo,all,Vmax,GP,force,pooled,0.3675566679613762,-0.12566830022099706
frecLo,all,Vmax,GP,force,1,-1.1995411983027013,-3.406027950191133
frecLo,all,Vmax,GP,force,2,0.7161057214242073,-0.030890887178958826
frecLo,all,Vmax,GP,force,3,0.10904075664480617,-0.33097586900653964
frecLo,all,Vmax,GP,frequency,pooled,0.3201336295131121,-1.1873264179734186
frecLo,all,Vmax,GP,frequency,5,0.5312614119427641,-2.0999748805082623
frecLo,all,Vmax,GP,frequency,10,-0.6965886941879309,0.5457862435820064
frecLo,all,Vmax,GP,frequency,15,-0.11699963083527343,0.5025650493929404
frecLo,all,Vmax,GP,frequency,20,-0.0663811367981586,-0.09816219607417342
frecLo,all,Vmax,GP,frequency,25,-3.5007888613520812,-89.28525568278776
frecLo,all,Vmax,LawGP,loo,pooled,0.7641187007518402,0.7885590261903445
frecLo,all,Vmax,LawGP,force,pooled,0.7716929799057184,0.7735789806854463
frecLo,all,Vmax,LawGP,force,1,0.47545042319294917,-0.5478237679119098
frecLo,all,Vmax,LawGP,force,2,0.6893033100585151,0.7357391353695935
frecLo,all,Vmax,LawGP,force,3,0.7444562063205487,0.8055771688596359
frecLo,all,Vmax,LawGP,frequency,pooled,0.7606360781305812,-2.9014340792427453
frecLo,all,Vmax,LawGP,frequency,5,0.18241923395716286,-0.5728543612067287
frecLo,all,Vmax,LawGP,frequency,10,0.05525669477897999,0.33246597484926277
frecLo,all,Vmax,LawGP,frequency,15,0.13432522865369367,-6.536471035485445
frecLo,all,Vmax,LawGP,frequency,20,0.7620048711052173,-0.05615761423344101
frecLo,all,Vmax,LawGP,frequency,25,-0.2058968916541699,-148.0995574344728
frecLo,n72,rms_Voc,GP,loo,pooled,0.8798782814386757,0.9049228123551976
frecLo,n72,rms_Voc,GP,force,pooled,0.8675462190607195,0.5758803983023236
frecLo,n72,rms_Voc,GP,force,1,0.37839232706172865,-1.2098041289633197
frecLo,n72,rms_Voc,GP,force,2,0.8883214140235178,0.8847964394947307
frecLo,n72,rms_Voc,GP,force,3,0.8681077955768207,0.4599365544963864
frecLo,n72,rms_Voc,GP,frequency,pooled,0.7908805569932098,-1.268329281459991
frecLo,n72,rms_Voc,GP,frequency,5,0.7331409330365016,-3.1455254107455817
frecLo,n72,rms_Voc,GP,frequency,10,0.8464718026831595,0.26732769646895294
frecLo,n72,rms_Voc,GP,frequency,15,0.4544389282186241,-0.5748376941666697
frecLo,n72,rms_Voc,GP,frequency,20,0.7046294478739134,-0.030568353570188167
frecLo,n72,rms_Voc,GP,frequency,25,-0.25416382874788357,-55.777236021527465
frecLo,n72,rms_Voc,LawGP,loo,pooled,0.8702329199865194,0.8588137510232334
frecLo,n72,rms_Voc,LawGP,force,pooled,0.859133687766799,0.700387212079901
frecLo,n72,rms_Voc,LawGP,force,1,0.7820344704066027,-0.3861338781948054
frecLo,n72,rms_Voc,LawGP,force,2,0.9006657579937926,0.8415007552123671
frecLo,n72,rms_Voc,LawGP,force,3,0.7678924597735881,0.6371341271038602
frecLo,n72,rms_Voc,LawGP,frequency,pooled,0.8735516073936198,-3.348047011375389
frecLo,n72,rms_Voc,LawGP,frequency,5,0.6157058313184445,0.7738000158559301
frecLo,n72,rms_Voc,LawGP,frequency,10,0.9075146738139821,0.43156692643172523
frecLo,n72,rms_Voc,LawGP,frequency,15,0.573074401788374,-5.918467131322568
frecLo,n72,rms_Voc,LawGP,frequency,20,0.8126118662334818,-0.14088328212411572
frecLo,n72,rms_Voc,LawGP,frequency,25,0.8268141708674657,-113.04107473803893
frecLo,n72,Vpp,GP,loo,pooled,0.6894283259842098,0.6932568279419229
frecLo,n72,Vpp,GP,force,pooled,0.6186134742897944,-0.07994092887480586
frecLo,n72,Vpp,GP,force,1,-0.8482398483101288,-1.9958337658013177
frecLo,n72,Vpp,GP,force,2,0.8516443344947673,-0.06020977197053923
frecLo,n72,Vpp,GP,force,3,0.5493803261520842,-0.2532574252601394
frecLo,n72,Vpp,GP,frequency,pooled,0.12622869605274378,-1.604404199636059
frecLo,n72,Vpp,GP,frequency,5,0.4499527307195613,-4.878787673445496
frecLo,n72,Vpp,GP,frequency,10,0.6565528632853577,0.3901362042728851
frecLo,n72,Vpp,GP,frequency,15,0.1830167146228635,-0.12580960283641396
frecLo,n72,Vpp,GP,frequency,20,-0.7406808319921554,-0.24110953422227865
frecLo,n72,Vpp,GP,frequency,25,-0.09028796535144212,-130.62567540975326
frecLo,n72,Vpp,LawGP,loo,pooled,0.80087299086429,0.6692643614995673
frecLo,n72,Vpp,LawGP,force,pooled,0.826674749554271,0.6751530690870611
frecLo,n72,Vpp,LawGP,force,1,0.29241243526458116,-0.404607027978678
frecLo,n72,Vpp,LawGP,force,2,0.8146675650955804,0.7167995806142
frecLo,n72,Vpp,LawGP,force,3,0.8224866334363538,0.6529945914787382
frecLo,n72,Vpp,LawGP,frequency,pooled,0.730220091646819,-10.441727653304067
frecLo,n72,Vpp,LawGP,frequency,5,-0.8610135115794677,-1.1162400424874552
frecLo,n72,Vpp,LawGP,frequency,10,0.4763331310201576,-0.0502954934167088
frecLo,n72,Vpp,LawGP,frequency,15,0.3790485742547379,-17.57091668746655
frecLo,n72,Vpp,LawGP,frequency,20,0.6708920141424416,-0.28170155400733266
frecLo,n72,Vpp,LawGP,frequency,25,-2.191797096154542,-658.9858391123701
frecLo,n72,Vmax,GP,loo,pooled,0.6538366661110242,0.6970335560749872
frecLo,n72,Vmax,GP,force,pooled,0.6258656353315435,-0.16586612790089084
frecLo,n72,Vmax,GP,force,1,-1.3920178190936672,-3.766735238778522
frecLo,n72,Vmax,GP,force,2,0.6262417408154306,-0.05191041414790609
frecLo,n72,Vmax,GP,force,3,0.6796487656990016,-0.30757510471854155
frecLo,n72,Vmax,GP,frequency,pooled,0.088000024074805,-1.18616974499774
frecLo,n72,Vmax,GP,frequency,5,0.17370681349974992,-1.9311404468701698
frecLo,n72,Vmax,GP,frequency,10,0.5174316290449226,0.4886002517862932
frecLo,n72,Vmax,GP,frequency,15,-0.008598579010681728,-0.1438156268575972
frecLo,n72,Vmax,GP,frequency,20,-0.7967661977711753,-0.11222224984910589
frecLo,n72,Vmax,GP,frequency,25,-0.2620562154406021,-70.36357061120665
frecLo,n72,Vmax,LawGP,loo,pooled,0.779974174093559,0.7261986481767337
frecLo,n72,Vmax,LawGP,force,pooled,0.7736842469881705,0.731717095062862
frecLo,n72,Vmax,LawGP,force,1,0.36697766102894946,-0.534540275358174
frecLo,n72,Vmax,LawGP,force,2,0.7019422734862373,0.7254434509261751
frecLo,n72,Vmax,LawGP,force,3,0.7634315538881041,0.7562580260167389
frecLo,n72,Vmax,LawGP,frequency,pooled,0.7837814433157666,-5.640310611694306
frecLo,n72,Vmax,LawGP,frequency,5,-0.26439594395919075,-0.11637934521287008
frecLo,n72,Vmax,LawGP,frequency,10,0.10583335639667923,0.33798064130134287
frecLo,n72,Vmax,LawGP,frequency,15,0.590808865523532,-7.024788692193294
frecLo,n72,Vmax,LawGP,frequency,20,0.7485237231064845,-0.14283061433630828
frecLo,n72,Vmax,LawGP,frequency,25,0.026297771625006794,-245.15964276542007
frec,all,rms_Voc,GP,loo,pooled,0.814693206746127,0.9141997156901656
frec,all,rms_Voc,GP,force,pooled,0.8677565064593493,0.519345899337734
frec,all,rms_Voc,GP,force,1,0.4930623464820296,-0.9826638175790698
frec,all,rms_Voc,GP,force,2,0.8880311844268667,0.8718098248622375
frec,all,rms_Voc,GP,force,3,0.8397915072082658,0.2854042845906193
frec,all,rms_Voc,GP,frequency,pooled,0.8797984065857815,-1.0994419167157736
frec,all,rms_Voc,GP,frequency,5,0.7304255872079064,-3.3143699334139214
frec,all,rms_Voc,GP,frequency,10,0.8599655608042454,0.3574480935900044
frec,all,rms_Voc,GP,frequency,15,0.6779341438264659,-0.570950023403479
frec,all,rms_Voc,GP,frequency,20,0.8535250843388074,-0.11459195729804361
frec,all,rms_Voc,GP,frequency,25,-0.06373015150379424,-53.98858959849408
frec,all,rms_Voc,LawGP,loo,pooled,0.7452096053753106,0.887216482083028
frec,all,rms_Voc,LawGP,force,pooled,0.7399327596815245,0.7283181101044708
frec,all,rms_Voc,LawGP,force,1,0.7991719808187797,-0.47588289866426825
frec,all,rms_Voc,LawGP,force,2,0.8495732421265573,0.8552628615393472
frec,all,rms_Voc,LawGP,force,3,0.5272064164222108,0.6890947069446335
frec,all,rms_Voc,LawGP,frequency,pooled,0.7768709111235534,-2.840648947104766
frec,all,rms_Voc,LawGP,frequency,5,0.7359344821028722,0.6427962325774983
frec,all,rms_Voc,LawGP,frequency,10,0.8848646343787946,0.3818157832075021
frec,all,rms_Voc,LawGP,frequency,15,0.5235201339601363,-5.607189363074974
frec,all,rms_Voc,LawGP,frequency,20,0.5494733080316243,-0.14601088364650905
frec,all,rms_Voc,LawGP,frequency,25,0.6526922619520306,-106.21521410612438
frec,all,Vpp,GP,loo,pooled,0.8250460158171742,0.7772547974491723
frec,all,Vpp,GP,force,pooled,0.6936439969397351,-0.07661291754075195
frec,all,Vpp,GP,force,1,-1.2246048874871898,-2.000317933635666
frec,all,Vpp,GP,force,2,0.7851039878774723,-0.02491607158877862
frec,all,Vpp,GP,force,3,0.7019581774619088,-0.2923939110661935
frec,all,Vpp,GP,frequency,pooled,0.03790133180310562,-1.322931689889733
frec,all,Vpp,GP,frequency,5,0.7452831253539784,-5.605741624257293
frec,all,Vpp,GP,frequency,10,0.46162745747982237,0.4232716231388768
frec,all,Vpp,GP,frequency,15,-0.38833574883283895,0.4081212658708784
frec,all,Vpp,GP,frequency,20,-0.8792156950231127,-0.2644464368228143
frec,all,Vpp,GP,frequency,25,-1.2631845435485505,-137.22985102596317
frec,all,Vpp,LawGP,loo,pooled,0.7983951475546621,0.7370100492955111
frec,all,Vpp,LawGP,force,pooled,0.8392747289357101,0.72978412427434
frec,all,Vpp,LawGP,force,1,0.40572128688411235,-0.38924043038522194
frec,all,Vpp,LawGP,force,2,0.7799331117943646,0.7307255821195862
frec,all,Vpp,LawGP,force,3,0.8348799334280186,0.720882376230787
frec,all,Vpp,LawGP,frequency,pooled,0.8225948196514676,-8.334700579969374
frec,all,Vpp,LawGP,frequency,5,-0.185300551424739,-1.090310398314685
frec,all,Vpp,LawGP,frequency,10,0.5013750824306732,-0.019885733640698344
frec,all,Vpp,LawGP,frequency,15,0.4833593345910453,-17.888754668014222
frec,all,Vpp,LawGP,frequency,20,0.7480162667621424,-0.25383861288499254
frec,all,Vpp,LawGP,frequency,25,-0.1209662057272991,-628.7056330204846
frec,all,Vmax,GP,loo,pooled,0.6899070258603224,0.7781141178764932
frec,all,Vmax,GP,force,pooled,0.3327159716351328,-0.12566830022099706
frec,all,Vmax,GP,force,1,-1.3432945251521917,-3.406027950191133
frec,all,Vmax,GP,force,2,0.7081228375397759,-0.030890887178958826
frec,all,Vmax,GP,force,3,0.05848062805087295,-0.33097586900653964
frec,all,Vmax,GP,frequency,pooled,0.3728436270568436,-1.1873264179734186
frec,all,Vmax,GP,frequency,5,0.513790222566944,-2.0999748805082623
frec,all,Vmax,GP,frequency,10,0.23134228705105897,0.5457862435820064
frec,all,Vmax,GP,frequency,15,-0.01405691381788099,0.5025650493929404
frec,all,Vmax,GP,frequency,20,-0.10488708285149206,-0.09816219607417342
frec,all,Vmax,GP,frequency,25,-1.5539453201547464,-89.28525568278776
frec,all,Vmax,LawGP,loo,pooled,0.7815271559938528,0.7885590261903445
frec,all,Vmax,LawGP,force,pooled,0.7716312654789949,0.7735789806854463
frec,all,Vmax,LawGP,force,1,0.466600368580257,-0.5478237679119098
frec,all,Vmax,LawGP,force,2,0.6799989467709466,0.7357391353695935
frec,all,Vmax,LawGP,force,3,0.7488642827016148,0.8055771688596359
frec,all,Vmax,LawGP,frequency,pooled,0.820441031202658,-2.9014340792427453
frec,all,Vmax,LawGP,frequency,5,0.19837807580577027,-0.5728543612067287
frec,all,Vmax,LawGP,frequency,10,0.06775087151269288,0.33246597484926277
frec,all,Vmax,LawGP,frequency,15,0.5494883299966287,-6.536471035485445
frec,all,Vmax,LawGP,frequency,20,0.7787279439309788,-0.05615761423344101
frec,all,Vmax,LawGP,frequency,25,0.46003572597342857,-148.0995574344728
frec,n72,rms_Voc,GP,loo,pooled,0.7315839195839641,0.9049228123551976
frec,n72,rms_Voc,GP,force,pooled,0.8711009839278656,0.5758803983023236
frec,n72,rms_Voc,GP,force,1,0.4478899558531424,-1.2098041289633197
frec,n72,rms_Voc,GP,force,2,0.8944640649307384,0.8847964394947307
frec,n72,rms_Voc,GP,force,3,0.8601646894772063,0.4599365544963864
frec,n72,rms_Voc,GP,frequency,pooled,0.8067000728497798,-1.268329281459991
frec,n72,rms_Voc,GP,frequency,5,0.734708197178644,-3.1455254107455817
frec,n72,rms_Voc,GP,frequency,10,0.8526467208047701,0.26732769646895294
frec,n72,rms_Voc,GP,frequency,15,0.5091390198351132,-0.5748376941666697
frec,n72,rms_Voc,GP,frequency,20,0.7277521158208653,-0.030568353570188167
frec,n72,rms_Voc,GP,frequency,25,-0.1888088915141144,-55.777236021527465
frec,n72,rms_Voc,LawGP,loo,pooled,0.8615731269805551,0.8588137510232334
frec,n72,rms_Voc,LawGP,force,pooled,0.8604933730404329,0.700387212079901
frec,n72,rms_Voc,LawGP,force,1,0.7730912899048216,-0.3861338781948054
frec,n72,rms_Voc,LawGP,force,2,0.9000639258384601,0.8415007552123671
frec,n72,rms_Voc,LawGP,force,3,0.7731192602215029,0.6371341271038602
frec,n72,rms_Voc,LawGP,frequency,pooled,0.8750404498345141,-3.348047011375389
frec,n72,rms_Voc,LawGP,frequency,5,0.6229306553940718,0.7738000158559301
frec,n72,rms_Voc,LawGP,frequency,10,0.7929673902193465,0.43156692643172523
frec,n72,rms_Voc,LawGP,frequency,15,0.6566973726026457,-5.918467131322568
frec,n72,rms_Voc,LawGP,frequency,20,0.8137882559319559,-0.14088328212411572
frec,n72,rms_Voc,LawGP,frequency,25,0.8207477623172443,-113.04107473803893
frec,n72,Vpp,GP,loo,pooled,0.6990494719531819,0.6932568279419229
frec,n72,Vpp,GP,force,pooled,0.6345193800270515,-0.07994092887480586
frec,n72,Vpp,GP,force,1,-0.8008727953881232,-1.9958337658013177
frec,n72,Vpp,GP,force,2,0.856856901735037,-0.06020977197053923
frec,n72,Vpp,GP,force,3,0.5709413738084439,-0.2532574252601394
frec,n72,Vpp,GP,frequency,pooled,0.10638604566935594,-1.604404199636059
frec,n72,Vpp,GP,frequency,5,0.45819703940006284,-4.878787673445496
frec,n72,Vpp,GP,frequency,10,0.6995570241121847,0.3901362042728851
frec,n72,Vpp,GP,frequency,15,0.23996615864181658,-0.12580960283641396
frec,n72,Vpp,GP,frequency,20,-0.7943707557276152,-0.24110953422227865
frec,n72,Vpp,GP,frequency,25,-0.1470858018368708,-130.62567540975326
frec,n72,Vpp,LawGP,loo,pooled,0.7970396958556092,0.6692643614995673
frec,n72,Vpp,LawGP,force,pooled,0.8339804084743383,0.6751530690870611
frec,n72,Vpp,LawGP,force,1,0.30078849506948513,-0.404607027978678
frec,n72,Vpp,LawGP,force,2,0.8165291305084305,0.7167995806142
frec,n72,Vpp,LawGP,force,3,0.8336663387856166,0.6529945914787382
frec,n72,Vpp,LawGP,frequency,pooled,0.7254626723346751,-10.441727653304067
frec,n72,Vpp,LawGP,frequency,5,-0.82792891877872,-1.1162400424874552
frec,n72,Vpp,LawGP,frequency,10,0.48404458360337155,-0.0502954934167088
frec,n72,Vpp,LawGP,frequency,15,0.39857417655184546,-17.57091668746655
frec,n72,Vpp,LawGP,frequency,20,0.6463768761875258,-0.28170155400733266
frec,n72,Vpp,LawGP,frequency,25,-1.885655285419321,-658.9858391123701
frec,n72,Vmax,GP,loo,pooled,0.4586771024292111,0.6970335560749872
frec,n72,Vmax,GP,force,pooled,0.5747778883157917,-0.16586612790089084
frec,n72,Vmax,GP,force,1,-1.4054297911406213,-3.766735238778522
frec,n72,Vmax,GP,force,2,0.6258866348709907,-0.05191041414790609
frec,n72,Vmax,GP,force,3,0.5818511919725866,-0.30757510471854155
frec,n72,Vmax,GP,frequency,pooled,0.08139856677710877,-1.18616974499774
frec,n72,Vmax,GP,frequency,5,0.28476620321081236,-1.9311404468701698
frec,n72,Vmax,GP,frequency,10,0.5027573961346843,0.4886002517862932
frec,n72,Vmax,GP,frequency,15,0.06789852951950615,-0.1438156268575972
frec,n72,Vmax,GP,frequency,20,-0.8454042252229248,-0.11222224984910589
frec,n72,Vmax,GP,frequency,25,-0.042981529206631564,-70.36357061120665
frec,n72,Vmax,LawGP,loo,pooled,0.7866149844879167,0.7261986481767337
frec,n72,Vmax,LawGP,force,pooled,0.7746800422979673,0.731717095062862
frec,n72,Vmax,LawGP,force,1,0.3773443820377146,-0.534540275358174
frec,n72,Vmax,LawGP,force,2,0.6912096913380217,0.7254434509261751
frec,n72,Vmax,LawGP,force,3,0.769528606765389,0.7562580260167389
frec,n72,Vmax,LawGP,frequency,pooled,0.7817781963559358,-5.640310611694306
frec,n72,Vmax,LawGP,frequency,5,-0.7826158804618748,-0.11637934521287008
frec,n72,Vmax,LawGP,frequency,10,0.12526883252037968,0.33798064130134287
frec,n72,Vmax,LawGP,frequency,15,0.5818796021028724,-7.024788692193294
frec,n72,Vmax,LawGP,frequency,20,0.7599693632552891,-0.14283061433630828
frec,n72,Vmax,LawGP,frequency,25,0.118749523925464,-245.15964276542007
fcell,all,rms_Voc,GP,loo,pooled,0.8051884943388614,0.9141997156901656
fcell,all,rms_Voc,GP,force,pooled,0.15163706620900275,0.519345899337734
fcell,all,rms_Voc,GP,force,1,-1.1300637611147546,-0.9826638175790698
fcell,all,rms_Voc,GP,force,2,0.06858588496403517,0.8718098248622375
fcell,all,rms_Voc,GP,force,3,-0.07878659591172998,0.2854042845906193
fcell,all,rms_Voc,GP,frequency,pooled,-0.6831730077610698,-1.0994419167157736
fcell,all,rms_Voc,GP,frequency,5,-4.234569516660591,-3.3143699334139214
fcell,all,rms_Voc,GP,frequency,10,0.5335263154027166,0.3574480935900044
fcell,all,rms_Voc,GP,frequency,15,0.48339936541540973,-0.570950023403479
fcell,all,rms_Voc,GP,frequency,20,-0.4614067596714806,-0.11459195729804361
fcell,all,rms_Voc,GP,frequency,25,-36.538461067291045,-53.98858959849408
fcell,all,rms_Voc,LawGP,loo,pooled,0.7902800786936279,0.887216482083028
fcell,all,rms_Voc,LawGP,force,pooled,0.7242864518385363,0.7283181101044708
fcell,all,rms_Voc,LawGP,force,1,0.1439206276813797,-0.47588289866426825
fcell,all,rms_Voc,LawGP,force,2,0.7611925257312139,0.8552628615393472
fcell,all,rms_Voc,LawGP,force,3,0.6388215151041358,0.6890947069446335
fcell,all,rms_Voc,LawGP,frequency,pooled,-20.998653924568245,-2.840648947104766
fcell,all,rms_Voc,LawGP,frequency,5,-1.0791778365602478,0.6427962325774983
fcell,all,rms_Voc,LawGP,frequency,10,0.011135536661164402,0.3818157832075021
fcell,all,rms_Voc,LawGP,frequency,15,-25.511084643317,-5.607189363074974
fcell,all,rms_Voc,LawGP,frequency,20,-0.6662677636378191,-0.14601088364650905
fcell,all,rms_Voc,LawGP,frequency,25,-721.1064390207532,-106.21521410612438
fcell,all,Vpp,GP,loo,pooled,0.7909494705334378,0.7772547974491723
fcell,all,Vpp,GP,force,pooled,0.3144853703887408,-0.07661291754075195
fcell,all,Vpp,GP,force,1,-2.375939818915278,-2.000317933635666
fcell,all,Vpp,GP,force,2,0.6850407103627116,-0.02491607158877862
fcell,all,Vpp,GP,force,3,0.18242164541687633,-0.2923939110661935
fcell,all,Vpp,GP,frequency,pooled,-2.1832507304358644,-1.322931689889733
fcell,all,Vpp,GP,frequency,5,-5.9187472897335764,-5.605741624257293
fcell,all,Vpp,GP,frequency,10,-1.8229760419266539,0.4232716231388768
fcell,all,Vpp,GP,frequency,15,-0.10293180526230938,0.4081212658708784
fcell,all,Vpp,GP,frequency,20,-1.1031390148836282,-0.2644464368228143
fcell,all,Vpp,GP,frequency,25,-171.2122767060927,-137.22985102596317
fcell,all,Vpp,LawGP,loo,pooled,0.7830823738050435,0.7370100492955111
fcell,all,Vpp,LawGP,force,pooled,0.7161704049322165,0.72978412427434
fcell,all,Vpp,LawGP,force,1,-0.08517923931697813,-0.38924043038522194
fcell,all,Vpp,LawGP,force,2,0.735185786589091,0.7307255821195862
fcell,all,Vpp,LawGP,force,3,0.6772466582748167,0.720882376230787
fcell,all,Vpp,LawGP,frequency,pooled,-89.14846993098375,-8.334700579969374
fcell,all,Vpp,LawGP,frequency,5,-2.2828989850366086,-1.090310398314685
fcell,all,Vpp,LawGP,frequency,10,-0.7206250892122743,-0.019885733640698344
fcell,all,Vpp,LawGP,frequency,15,-76.15999716819547,-17.888754668014222
fcell,all,Vpp,LawGP,frequency,20,-0.6836885476211945,-0.25383861288499254
fcell,all,Vpp,LawGP,frequency,25,-7040.474505280201,-628.7056330204846
fcell,all,Vmax,GP,loo,pooled,0.6995983947574438,0.7781141178764932
fcell,all,Vmax,GP,force,pooled,-0.18513629388335895,-0.12566830022099706
fcell,all,Vmax,GP,force,1,-4.821022638976631,-3.406027950191133
fcell,all,Vmax,GP,force,2,0.4878023493186663,-0.030890887178958826
fcell,all,Vmax,GP,force,3,-0.550115909681534,-0.33097586900653964
fcell,all,Vmax,GP,frequency,pooled,-2.237287791380946,-1.1873264179734186
fcell,all,Vmax,GP,frequency,5,-2.738627175813561,-2.0999748805082623
fcell,all,Vmax,GP,frequency,10,-1.5692048673186072,0.5457862435820064
fcell,all,Vmax,GP,frequency,15,-0.15050579031204525,0.5025650493929404
fcell,all,Vmax,GP,frequency,20,-1.082351950103083,-0.09816219607417342
fcell,all,Vmax,GP,frequency,25,-117.91607079107862,-89.28525568278776
fcell,all,Vmax,LawGP,loo,pooled,0.7486603617568408,0.7885590261903445
fcell,all,Vmax,LawGP,force,pooled,0.7175375260157941,0.7735789806854463
fcell,all,Vmax,LawGP,force,1,-0.4627862919165442,-0.5478237679119098
fcell,all,Vmax,LawGP,force,2,0.629738662767723,0.7357391353695935
fcell,all,Vmax,LawGP,force,3,0.7391173843729218,0.8055771688596359
fcell,all,Vmax,LawGP,frequency,pooled,-25.11680234054373,-2.9014340792427453
fcell,all,Vmax,LawGP,frequency,5,-1.5480872160327839,-0.5728543612067287
fcell,all,Vmax,LawGP,frequency,10,-0.39302082642336456,0.33246597484926277
fcell,all,Vmax,LawGP,frequency,15,-26.703573906108357,-6.536471035485445
fcell,all,Vmax,LawGP,frequency,20,-0.4971787662960989,-0.05615761423344101
fcell,all,Vmax,LawGP,frequency,25,-1257.0167404726847,-148.0995574344728
fcell,n72,rms_Voc,GP,loo,pooled,0.6394400665998674,0.9049228123551976
fcell,n72,rms_Voc,GP,force,pooled,-0.07377745858354356,0.5758803983023236
fcell,n72,rms_Voc,GP,force,1,-2.6607759560155477,-1.2098041289633197
fcell,n72,rms_Voc,GP,force,2,0.4477679750215763,0.8847964394947307
fcell,n72,rms_Voc,GP,force,3,-0.5444533683484194,0.4599365544963864
fcell,n72,rms_Voc,GP,frequency,pooled,-1.2557096393687952,-1.268329281459991
fcell,n72,rms_Voc,GP,frequency,5,-3.6583095694212053,-3.1455254107455817
fcell,n72,rms_Voc,GP,frequency,10,0.4488618678415005,0.26732769646895294
fcell,n72,rms_Voc,GP,frequency,15,-0.15896238556455655,-0.5748376941666697
fcell,n72,rms_Voc,GP,frequency,20,-1.1884990818455168,-0.030568353570188167
fcell,n72,rms_Voc,GP,frequency,25,-41.77139881914853,-55.777236021527465
fcell,n72,rms_Voc,LawGP,loo,pooled,0.6936284490929142,0.8588137510232334
fcell,n72,rms_Voc,LawGP,force,pooled,0.7002046758507475,0.700387212079901
fcell,n72,rms_Voc,LawGP,force,1,-0.13926422719400944,-0.3861338781948054
fcell,n72,rms_Voc,LawGP,force,2,0.6456654967026758,0.8415007552123671
fcell,n72,rms_Voc,LawGP,force,3,0.7193769358360134,0.6371341271038602
fcell,n72,rms_Voc,LawGP,frequency,pooled,-16.648535865674084,-3.348047011375389
fcell,n72,rms_Voc,LawGP,frequency,5,-1.0245811818661328,0.7738000158559301
fcell,n72,rms_Voc,LawGP,frequency,10,-0.13528014869708294,0.43156692643172523
fcell,n72,rms_Voc,LawGP,frequency,15,-19.68172925761028,-5.918467131322568
fcell,n72,rms_Voc,LawGP,frequency,20,-0.7002022724059207,-0.14088328212411572
fcell,n72,rms_Voc,LawGP,frequency,25,-525.3614221765155,-113.04107473803893
fcell,n72,Vpp,GP,loo,pooled,0.413766415171831,0.6932568279419229
fcell,n72,Vpp,GP,force,pooled,0.23734139894339268,-0.07994092887480586
fcell,n72,Vpp,GP,force,1,-3.4006788276104203,-1.9958337658013177
fcell,n72,Vpp,GP,force,2,0.5424453997867597,-0.06020977197053923
fcell,n72,Vpp,GP,force,3,0.20917147509116196,-0.2532574252601394
fcell,n72,Vpp,GP,frequency,pooled,-1.6172902340515192,-1.604404199636059
fcell,n72,Vpp,GP,frequency,5,-5.2937101626150564,-4.878787673445496
fcell,n72,Vpp,GP,frequency,10,-1.3572273432667372,0.3901362042728851
fcell,n72,Vpp,GP,frequency,15,0.49073898185336684,-0.12580960283641396
fcell,n72,Vpp,GP,frequency,20,-1.005603600571007,-0.24110953422227865
fcell,n72,Vpp,GP,frequency,25,-107.36122862908773,-130.62567540975326
fcell,n72,Vpp,LawGP,loo,pooled,0.6645950752098737,0.6692643614995673
fcell,n72,Vpp,LawGP,force,pooled,0.6686769144986235,0.6751530690870611
fcell,n72,Vpp,LawGP,force,1,-0.26725228126361755,-0.404607027978678
fcell,n72,Vpp,LawGP,force,2,0.6420411564417638,0.7167995806142
fcell,n72,Vpp,LawGP,force,3,0.6548213767037256,0.6529945914787382
fcell,n72,Vpp,LawGP,frequency,pooled,-60.7101324389269,-10.441727653304067
fcell,n72,Vpp,LawGP,frequency,5,-2.19254925703084,-1.1162400424874552
fcell,n72,Vpp,LawGP,frequency,10,-0.5881186394196591,-0.0502954934167088
fcell,n72,Vpp,LawGP,frequency,15,-56.48986538487407,-17.57091668746655
fcell,n72,Vpp,LawGP,frequency,20,-0.6528998885400894,-0.28170155400733266
fcell,n72,Vpp,LawGP,frequency,25,-3949.463481244173,-658.9858391123701
fcell,n72,Vmax,GP,loo,pooled,0.036211221101788205,0.6970335560749872
fcell,n72,Vmax,GP,force,pooled,-0.2611216249053556,-0.16586612790089084
fcell,n72,Vmax,GP,force,1,-7.968914475750241,-3.766735238778522
fcell,n72,Vmax,GP,force,2,0.3943275173342714,-0.05191041414790609
fcell,n72,Vmax,GP,force,3,-0.30752478258640625,-0.30757510471854155
fcell,n72,Vmax,GP,frequency,pooled,-0.2265369896780074,-1.18616974499774
fcell,n72,Vmax,GP,frequency,5,-6.002974794991462,-1.9311404468701698
fcell,n72,Vmax,GP,frequency,10,-1.1272421697777166,0.4886002517862932
fcell,n72,Vmax,GP,frequency,15,-0.14384571197908014,-0.1438156268575972
fcell,n72,Vmax,GP,frequency,20,-1.0029305174443643,-0.11222224984910589
fcell,n72,Vmax,GP,frequency,25,-3.1503338314959564,-70.36357061120665
fcell,n72,Vmax,LawGP,loo,pooled,0.6505909489122488,0.7261986481767337
fcell,n72,Vmax,LawGP,force,pooled,0.672374557873429,0.731717095062862
fcell,n72,Vmax,LawGP,force,1,-0.06666298647695434,-0.534540275358174
fcell,n72,Vmax,LawGP,force,2,0.43946904959586164,0.7254434509261751
fcell,n72,Vmax,LawGP,force,3,0.7336943182176927,0.7562580260167389
fcell,n72,Vmax,LawGP,frequency,pooled,-20.940335601800143,-5.640310611694306
fcell,n72,Vmax,LawGP,frequency,5,-1.2697736683084635,-0.11637934521287008
fcell,n72,Vmax,LawGP,frequency,10,-0.2990854042279967,0.33798064130134287
fcell,n72,Vmax,LawGP,frequency,15,-22.95198373478278,-7.024788692193294
fcell,n72,Vmax,LawGP,frequency,20,-0.5831346183702693,-0.14283061433630828
fcell,n72,Vmax,LawGP,frequency,25,-869.3594916020091,-245.15964276542007
frecHi,all,rms_Voc,GP,loo,pooled,0.8370007600210001,0.9141997156901656
frecHi,all,rms_Voc,GP,force,pooled,0.9177073430206083,0.519345899337734
frecHi,all,rms_Voc,GP,force,1,0.7806021344037997,-0.9826638175790698
frecHi,all,rms_Voc,GP,force,2,0.9069657107235081,0.8718098248622375
frecHi,all,rms_Voc,GP,force,3,0.8987485948332734,0.2854042845906193
frecHi,all,rms_Voc,GP,frequency,pooled,0.7284740067120279,-1.0994419167157736
frecHi,all,rms_Voc,GP,frequency,5,0.6794403841283683,-3.3143699334139214
frecHi,all,rms_Voc,GP,frequency,10,0.9125898627493805,0.3574480935900044
frecHi,all,rms_Voc,GP,frequency,15,0.7943542922084378,-0.570950023403479
frecHi,all,rms_Voc,GP,frequency,20,0.3695338165562495,-0.11459195729804361
frecHi,all,rms_Voc,GP,frequency,25,0.4208721397873628,-53.98858959849408
frecHi,all,rms_Voc,LawGP,loo,pooled,0.7032176938243253,0.887216482083028
frecHi,all,rms_Voc,LawGP,force,pooled,0.5748541044319955,0.7283181101044708
frecHi,all,rms_Voc,LawGP,force,1,0.8467442101224807,-0.47588289866426825
frecHi,all,rms_Voc,LawGP,force,2,0.8474820929091127,0.8552628615393472
frecHi,all,rms_Voc,LawGP,force,3,0.14949218176179246,0.6890947069446335
frecHi,all,rms_Voc,LawGP,frequency,pooled,0.5481026321190454,-2.840648947104766
frecHi,all,rms_Voc,LawGP,frequency,5,0.6340485483705512,0.6427962325774983
frecHi,all,rms_Voc,LawGP,frequency,10,0.8595674488573293,0.3818157832075021
frecHi,all,rms_Voc,LawGP,frequency,15,0.5978028047999,-5.607189363074974
frecHi,all,rms_Voc,LawGP,frequency,20,-0.09858917444002246,-0.14601088364650905
frecHi,all,rms_Voc,LawGP,frequency,25,0.7799643106803473,-106.21521410612438
frecHi,all,Vpp,GP,loo,pooled,0.8032644028522274,0.7772547974491723
frecHi,all,Vpp,GP,force,pooled,0.5886553565813624,-0.07661291754075195
frecHi,all,Vpp,GP,force,1,-0.3432704719284223,-2.000317933635666
frecHi,all,Vpp,GP,force,2,0.6424379934877226,-0.02491607158877862
frecHi,all,Vpp,GP,force,3,0.5099977033398037,-0.2923939110661935
frecHi,all,Vpp,GP,frequency,pooled,0.2164904617115444,-1.322931689889733
frecHi,all,Vpp,GP,frequency,5,0.7917076391170613,-5.605741624257293
frecHi,all,Vpp,GP,frequency,10,0.5078042024391132,0.4232716231388768
frecHi,all,Vpp,GP,frequency,15,-0.06595520818381173,0.4081212658708784
frecHi,all,Vpp,GP,frequency,20,-0.5594205577214868,-0.2644464368228143
frecHi,all,Vpp,GP,frequency,25,-0.014629958440796287,-137.22985102596317
frecHi,all,Vpp,LawGP,loo,pooled,0.7329968750194713,0.7370100492955111
frecHi,all,Vpp,LawGP,force,pooled,0.7984028954174219,0.72978412427434
frecHi,all,Vpp,LawGP,force,1,0.530477977985872,-0.38924043038522194
frecHi,all,Vpp,LawGP,force,2,0.7652436965322265,0.7307255821195862
frecHi,all,Vpp,LawGP,force,3,0.7635038872753344,0.720882376230787
frecHi,all,Vpp,LawGP,frequency,pooled,0.8074913714802209,-8.334700579969374
frecHi,all,Vpp,LawGP,frequency,5,0.5910486422048685,-1.090310398314685
frecHi,all,Vpp,LawGP,frequency,10,0.6394193272612025,-0.019885733640698344
frecHi,all,Vpp,LawGP,frequency,15,0.2080698110303898,-17.888754668014222
frecHi,all,Vpp,LawGP,frequency,20,0.7111419131866785,-0.25383861288499254
frecHi,all,Vpp,LawGP,frequency,25,0.667658853617872,-628.7056330204846
frecHi,all,Vmax,GP,loo,pooled,0.6822317782553261,0.7781141178764932
frecHi,all,Vmax,GP,force,pooled,0.24423378110287164,-0.12566830022099706
frecHi,all,Vmax,GP,force,1,-0.9468565984453037,-3.406027950191133
frecHi,all,Vmax,GP,force,2,0.6346908812592289,-0.030890887178958826
frecHi,all,Vmax,GP,force,3,-0.10509141062714367,-0.33097586900653964
frecHi,all,Vmax,GP,frequency,pooled,0.09318507514836294,-1.1873264179734186
frecHi,all,Vmax,GP,frequency,5,-0.7382902764019426,-2.0999748805082623
frecHi,all,Vmax,GP,frequency,10,-0.8176088593978095,0.5457862435820064
frecHi,all,Vmax,GP,frequency,15,0.10290739614004851,0.5025650493929404
frecHi,all,Vmax,GP,frequency,20,-0.7055113295210795,-0.09816219607417342
frecHi,all,Vmax,GP,frequency,25,-1.5110701688959756,-89.28525568278776
frecHi,all,Vmax,LawGP,loo,pooled,0.7572702474250602,0.7885590261903445
frecHi,all,Vmax,LawGP,force,pooled,0.6834542753794255,0.7735789806854463
frecHi,all,Vmax,LawGP,force,1,0.5904670072236391,-0.5478237679119098
frecHi,all,Vmax,LawGP,force,2,0.6368485802315693,0.7357391353695935
frecHi,all,Vmax,LawGP,force,3,0.5937803255751561,0.8055771688596359
frecHi,all,Vmax,LawGP,frequency,pooled,0.7342238014447846,-2.9014340792427453
frecHi,all,Vmax,LawGP,frequency,5,0.6038884917263061,-0.5728543612067287
frecHi,all,Vmax,LawGP,frequency,10,0.17790818705262157,0.33246597484926277
frecHi,all,Vmax,LawGP,frequency,15,0.4181548769261687,-6.536471035485445
frecHi,all,Vmax,LawGP,frequency,20,0.5783414566920511,-0.05615761423344101
frecHi,all,Vmax,LawGP,frequency,25,0.5141871793468664,-148.0995574344728
frecHi,n72,rms_Voc,GP,loo,pooled,0.9056075478050869,0.9049228123551976
frecHi,n72,rms_Voc,GP,force,pooled,0.9068154868659497,0.5758803983023236
frecHi,n72,rms_Voc,GP,force,1,0.7703893895075448,-1.2098041289633197
frecHi,n72,rms_Voc,GP,force,2,0.9255106402574047,0.8847964394947307
frecHi,n72,rms_Voc,GP,force,3,0.8674215460771819,0.4599365544963864
frecHi,n72,rms_Voc,GP,frequency,pooled,0.8353222970451653,-1.268329281459991
frecHi,n72,rms_Voc,GP,frequency,5,0.6689135490207827,-3.1455254107455817
frecHi,n72,rms_Voc,GP,frequency,10,0.9142232930540664,0.26732769646895294
frecHi,n72,rms_Voc,GP,frequency,15,0.7952032219754817,-0.5748376941666697
frecHi,n72,rms_Voc,GP,frequency,20,0.6851246329075991,-0.030568353570188167
frecHi,n72,rms_Voc,GP,frequency,25,0.354693609917773,-55.777236021527465
frecHi,n72,rms_Voc,LawGP,loo,pooled,0.8629549722677023,0.8588137510232334
frecHi,n72,rms_Voc,LawGP,force,pooled,0.8245923266757363,0.700387212079901
frecHi,n72,rms_Voc,LawGP,force,1,0.8083959721932169,-0.3861338781948054
frecHi,n72,rms_Voc,LawGP,force,2,0.9113412866721777,0.8415007552123671
frecHi,n72,rms_Voc,LawGP,force,3,0.6740164510546365,0.6371341271038602
frecHi,n72,rms_Voc,LawGP,frequency,pooled,0.8182804728666699,-3.348047011375389
frecHi,n72,rms_Voc,LawGP,frequency,5,0.6501422820975271,0.7738000158559301
frecHi,n72,rms_Voc,LawGP,frequency,10,0.9395197364148037,0.43156692643172523
frecHi,n72,rms_Voc,LawGP,frequency,15,0.6995511747088928,-5.918467131322568
frecHi,n72,rms_Voc,LawGP,frequency,20,0.6267393950080643,-0.14088328212411572
frecHi,n72,rms_Voc,LawGP,frequency,25,0.7820619029147406,-113.04107473803893
frecHi,n72,Vpp,GP,loo,pooled,0.6399511759903356,0.6932568279419229
frecHi,n72,Vpp,GP,force,pooled,0.5270977881080242,-0.07994092887480586
frecHi,n72,Vpp,GP,force,1,-0.549664282157432,-1.9958337658013177
frecHi,n72,Vpp,GP,force,2,0.8687937074970046,-0.06020977197053923
frecHi,n72,Vpp,GP,force,3,0.3629296559627778,-0.2532574252601394
frecHi,n72,Vpp,GP,frequency,pooled,0.2970981803164845,-1.604404199636059
frecHi,n72,Vpp,GP,frequency,5,0.593281764328119,-4.878787673445496
frecHi,n72,Vpp,GP,frequency,10,0.7465219155193932,0.3901362042728851
frecHi,n72,Vpp,GP,frequency,15,0.057273667010434015,-0.12580960283641396
frecHi,n72,Vpp,GP,frequency,20,-0.36467491010942843,-0.24110953422227865
frecHi,n72,Vpp,GP,frequency,25,0.36821367935683924,-130.62567540975326
frecHi,n72,Vpp,LawGP,loo,pooled,0.8356469853133777,0.6692643614995673
frecHi,n72,Vpp,LawGP,force,pooled,0.8743528511576728,0.6751530690870611
frecHi,n72,Vpp,LawGP,force,1,0.6566801916668092,-0.404607027978678
frecHi,n72,Vpp,LawGP,force,2,0.8349854637696157,0.7167995806142
frecHi,n72,Vpp,LawGP,force,3,0.8672532667094811,0.6529945914787382
frecHi,n72,Vpp,LawGP,frequency,pooled,0.793730093026525,-10.441727653304067
frecHi,n72,Vpp,LawGP,frequency,5,-0.10628375125340273,-1.1162400424874552
frecHi,n72,Vpp,LawGP,frequency,10,0.57209261233671,-0.0502954934167088
frecHi,n72,Vpp,LawGP,frequency,15,0.1312867276127374,-17.57091668746655
frecHi,n72,Vpp,LawGP,frequency,20,0.7579618612467592,-0.28170155400733266
frecHi,n72,Vpp,LawGP,frequency,25,0.058868345075075434,-658.9858391123701
frecHi,n72,Vmax,GP,loo,pooled,0.5512497052068173,0.6970335560749872
frecHi,n72,Vmax,GP,force,pooled,0.5836760726223008,-0.16586612790089084
frecHi,n72,Vmax,GP,force,1,-1.234512491863343,-3.766735238778522
frecHi,n72,Vmax,GP,force,2,0.6386602230352512,-0.05191041414790609
frecHi,n72,Vmax,GP,force,3,0.5767776303251734,-0.30757510471854155
frecHi,n72,Vmax,GP,frequency,pooled,0.1745851955666271,-1.18616974499774
frecHi,n72,Vmax,GP,frequency,5,0.1032894374539296,-1.9311404468701698
frecHi,n72,Vmax,GP,frequency,10,-0.11782396208855817,0.4886002517862932
frecHi,n72,Vmax,GP,frequency,15,0.12051183307373436,-0.1438156268575972
frecHi,n72,Vmax,GP,frequency,20,-0.5300777035480633,-0.11222224984910589
frecHi,n72,Vmax,GP,frequency,25,-1.0831736477436715,-70.36357061120665
frecHi,n72,Vmax,LawGP,loo,pooled,0.7562796724783251,0.7261986481767337
frecHi,n72,Vmax,LawGP,force,pooled,0.7614429295171827,0.731717095062862
frecHi,n72,Vmax,LawGP,force,1,0.5197189266295368,-0.534540275358174
frecHi,n72,Vmax,LawGP,force,2,0.6615762592022598,0.7254434509261751
frecHi,n72,Vmax,LawGP,force,3,0.7445043947633557,0.7562580260167389
frecHi,n72,Vmax,LawGP,frequency,pooled,0.7988499787399387,-5.640310611694306
frecHi,n72,Vmax,LawGP,frequency,5,0.26234039323503044,-0.11637934521287008
frecHi,n72,Vmax,LawGP,frequency,10,0.3139690771664899,0.33798064130134287
frecHi,n72,Vmax,LawGP,frequency,15,0.28069915189645633,-7.024788692193294
frecHi,n72,Vmax,LawGP,frequency,20,0.7952149225658531,-0.14283061433630828
frecHi,n72,Vmax,LawGP,frequency,25,0.5698874131263285,-245.15964276542007
ocs_uniform,all,rms_Voc,GP,loo,pooled,0.800978576571343,0.9141997156901656
ocs_uniform,all,rms_Voc,GP,force,pooled,0.49583751322584135,0.519345899337734
ocs_uniform,all,rms_Voc,GP,force,1,-1.229527620868628,-0.9826638175790698
ocs_uniform,all,rms_Voc,GP,force,2,0.7804524755116689,0.8718098248622375
ocs_uniform,all,rms_Voc,GP,force,3,0.2176430654585435,0.2854042845906193
ocs_uniform,all,rms_Voc,GP,frequency,pooled,-0.27252481100718584,-1.0994419167157736
ocs_uniform,all,rms_Voc,GP,frequency,5,0.45389725845393236,-3.3143699334139214
ocs_uniform,all,rms_Voc,GP,frequency,10,0.8861132841694103,0.3574480935900044
ocs_uniform,all,rms_Voc,GP,frequency,15,0.3540639490680987,-0.570950023403479
ocs_uniform,all,rms_Voc,GP,frequency,20,0.04108493428384907,-0.11459195729804361
ocs_uniform,all,rms_Voc,GP,frequency,25,-79.80013103036431,-53.98858959849408
ocs_uniform,all,rms_Voc,LawGP,loo,pooled,0.8032441867344062,0.887216482083028
ocs_uniform,all,rms_Voc,LawGP,force,pooled,0.7103792509155946,0.7283181101044708
ocs_uniform,all,rms_Voc,LawGP,force,1,-0.45097712732427087,-0.47588289866426825
ocs_uniform,all,rms_Voc,LawGP,force,2,0.7643795649904,0.8552628615393472
ocs_uniform,all,rms_Voc,LawGP,force,3,0.6511084557231555,0.6890947069446335
ocs_uniform,all,rms_Voc,LawGP,frequency,pooled,-0.24091850825033645,-2.840648947104766
ocs_uniform,all,rms_Voc,LawGP,frequency,5,-1.5265783113657112,0.6427962325774983
ocs_uniform,all,rms_Voc,LawGP,frequency,10,0.13396558368719824,0.3818157832075021
ocs_uniform,all,rms_Voc,LawGP,frequency,15,0.42414618779374536,-5.607189363074974
ocs_uniform,all,rms_Voc,LawGP,frequency,20,-0.10840079223528631,-0.14601088364650905
ocs_uniform,all,rms_Voc,LawGP,frequency,25,-31.903910226882942,-106.21521410612438
ocs_uniform,all,Vpp,GP,loo,pooled,0.7829991512475138,0.7772547974491723
ocs_uniform,all,Vpp,GP,force,pooled,-0.10568879984521695,-0.07661291754075195
ocs_uniform,all,Vpp,GP,force,1,-4.609713263185911,-2.000317933635666
ocs_uniform,all,Vpp,GP,force,2,-0.12335765101076168,-0.02491607158877862
ocs_uniform,all,Vpp,GP,force,3,-0.26970911588505264,-0.2923939110661935
ocs_uniform,all,Vpp,GP,frequency,pooled,-0.8113468361126324,-1.322931689889733
ocs_uniform,all,Vpp,GP,frequency,5,-0.2570179862027855,-5.605741624257293
ocs_uniform,all,Vpp,GP,frequency,10,0.5440185606660539,0.4232716231388768
ocs_uniform,all,Vpp,GP,frequency,15,0.5397214977017977,0.4081212658708784
ocs_uniform,all,Vpp,GP,frequency,20,-0.08314402275042387,-0.2644464368228143
ocs_uniform,all,Vpp,GP,frequency,25,-186.42144014698752,-137.22985102596317
ocs_uniform,all,Vpp,LawGP,loo,pooled,0.7525071665065205,0.7370100492955111
ocs_uniform,all,Vpp,LawGP,force,pooled,0.3879071881768388,0.72978412427434
ocs_uniform,all,Vpp,LawGP,force,1,-0.8794479280933218,-0.38924043038522194
ocs_uniform,all,Vpp,LawGP,force,2,0.5734581032382666,0.7307255821195862
ocs_uniform,all,Vpp,LawGP,force,3,0.04565376575310154,0.720882376230787
ocs_uniform,all,Vpp,LawGP,frequency,pooled,-0.9738389257758813,-8.334700579969374
ocs_uniform,all,Vpp,LawGP,frequency,5,-4.503626940117685,-1.090310398314685
ocs_uniform,all,Vpp,LawGP,frequency,10,-1.0564431262769154,-0.019885733640698344
ocs_uniform,all,Vpp,LawGP,frequency,15,0.2329557367777899,-17.888754668014222
ocs_uniform,all,Vpp,LawGP,frequency,20,-0.12707092689491772,-0.25383861288499254
ocs_uniform,all,Vpp,LawGP,frequency,25,-116.65888858967386,-628.7056330204846
ocs_uniform,all,Vmax,GP,loo,pooled,0.8182783269805866,0.7781141178764932
ocs_uniform,all,Vmax,GP,force,pooled,0.011783625090545202,-0.12566830022099706
ocs_uniform,all,Vmax,GP,force,1,-7.368118084558267,-3.406027950191133
ocs_uniform,all,Vmax,GP,force,2,-0.13863617674569362,-0.030890887178958826
ocs_uniform,all,Vmax,GP,force,3,0.36528697045020253,-0.33097586900653964
ocs_uniform,all,Vmax,GP,frequency,pooled,-0.3484190119691617,-1.1873264179734186
ocs_uniform,all,Vmax,GP,frequency,5,-0.14882951166229152,-2.0999748805082623
ocs_uniform,all,Vmax,GP,frequency,10,0.659305287200137,0.5457862435820064
ocs_uniform,all,Vmax,GP,frequency,15,0.6204036596358342,0.5025650493929404
ocs_uniform,all,Vmax,GP,frequency,20,0.0975947162495574,-0.09816219607417342
ocs_uniform,all,Vmax,GP,frequency,25,-96.10583187093563,-89.28525568278776
ocs_uniform,all,Vmax,LawGP,loo,pooled,0.7765784200596875,0.7885590261903445
ocs_uniform,all,Vmax,LawGP,force,pooled,0.3426247496969437,0.7735789806854463
ocs_uniform,all,Vmax,LawGP,force,1,-3.1638191479825766,-0.5478237679119098
ocs_uniform,all,Vmax,LawGP,force,2,0.48787053369468303,0.7357391353695935
ocs_uniform,all,Vmax,LawGP,force,3,0.17408457319475223,0.8055771688596359
ocs_uniform,all,Vmax,LawGP,frequency,pooled,-0.6763282094771195,-2.9014340792427453
ocs_uniform,all,Vmax,LawGP,frequency,5,-2.889757278929479,-0.5728543612067287
ocs_uniform,all,Vmax,LawGP,frequency,10,-1.3539699448658387,0.33246597484926277
ocs_uniform,all,Vmax,LawGP,frequency,15,0.5767204005206111,-6.536471035485445
ocs_uniform,all,Vmax,LawGP,frequency,20,0.020683523980072893,-0.05615761423344101
ocs_uniform,all,Vmax,LawGP,frequency,25,-62.37824005899124,-148.0995574344728
ocs_uniform,n72,rms_Voc,GP,loo,pooled,0.7809109221521395,0.9049228123551976
ocs_uniform,n72,rms_Voc,GP,force,pooled,0.5583346043038743,0.5758803983023236
ocs_uniform,n72,rms_Voc,GP,force,1,-1.4853967841500908,-1.2098041289633197
ocs_uniform,n72,rms_Voc,GP,force,2,0.7532519496913004,0.8847964394947307
ocs_uniform,n72,rms_Voc,GP,force,3,0.5011331107563979,0.4599365544963864
ocs_uniform,n72,rms_Voc,GP,frequency,pooled,-0.11393191474010078,-1.268329281459991
ocs_uniform,n72,rms_Voc,GP,frequency,5,0.4995525833686292,-3.1455254107455817
ocs_uniform,n72,rms_Voc,GP,frequency,10,0.8897777059277534,0.26732769646895294
ocs_uniform,n72,rms_Voc,GP,frequency,15,0.46525057270755243,-0.5748376941666697
ocs_uniform,n72,rms_Voc,GP,frequency,20,0.07194279318930619,-0.030568353570188167
ocs_uniform,n72,rms_Voc,GP,frequency,25,-67.5332439153924,-55.777236021527465
ocs_uniform,n72,rms_Voc,LawGP,loo,pooled,0.7765707118069403,0.8588137510232334
ocs_uniform,n72,rms_Voc,LawGP,force,pooled,0.6889945896693552,0.700387212079901
ocs_uniform,n72,rms_Voc,LawGP,force,1,-0.46304752104429703,-0.3861338781948054
ocs_uniform,n72,rms_Voc,LawGP,force,2,0.7133349384132066,0.8415007552123671
ocs_uniform,n72,rms_Voc,LawGP,force,3,0.6417617935966098,0.6371341271038602
ocs_uniform,n72,rms_Voc,LawGP,frequency,pooled,-0.22014820672049384,-3.348047011375389
ocs_uniform,n72,rms_Voc,LawGP,frequency,5,-1.404104119384931,0.7738000158559301
ocs_uniform,n72,rms_Voc,LawGP,frequency,10,0.10339814145100956,0.43156692643172523
ocs_uniform,n72,rms_Voc,LawGP,frequency,15,0.4501763427358273,-5.918467131322568
ocs_uniform,n72,rms_Voc,LawGP,frequency,20,-0.0889380661239092,-0.14088328212411572
ocs_uniform,n72,rms_Voc,LawGP,frequency,25,-30.456513880232453,-113.04107473803893
ocs_uniform,n72,Vpp,GP,loo,pooled,0.7390450522656641,0.6932568279419229
ocs_uniform,n72,Vpp,GP,force,pooled,-0.09719773098910545,-0.07994092887480586
ocs_uniform,n72,Vpp,GP,force,1,-4.002596418495375,-1.9958337658013177
ocs_uniform,n72,Vpp,GP,force,2,-0.2246547818594442,-0.06020977197053923
ocs_uniform,n72,Vpp,GP,force,3,-0.23026184125932447,-0.2532574252601394
ocs_uniform,n72,Vpp,GP,frequency,pooled,-0.986584602185365,-1.604404199636059
ocs_uniform,n72,Vpp,GP,frequency,5,-0.3220883835479025,-4.878787673445496
ocs_uniform,n72,Vpp,GP,frequency,10,0.5365601219859677,0.3901362042728851
ocs_uniform,n72,Vpp,GP,frequency,15,0.48966620621745094,-0.12580960283641396
ocs_uniform,n72,Vpp,GP,frequency,20,-0.123893677897013,-0.24110953422227865
ocs_uniform,n72,Vpp,GP,frequency,25,-185.61141936749348,-130.62567540975326
ocs_uniform,n72,Vpp,LawGP,loo,pooled,0.6940797595892574,0.6692643614995673
ocs_uniform,n72,Vpp,LawGP,force,pooled,0.3403338205168457,0.6751530690870611
ocs_uniform,n72,Vpp,LawGP,force,1,-0.9594844442859396,-0.404607027978678
ocs_uniform,n72,Vpp,LawGP,force,2,0.5040944360406996,0.7167995806142
ocs_uniform,n72,Vpp,LawGP,force,3,-0.015850466153799925,0.6529945914787382
ocs_uniform,n72,Vpp,LawGP,frequency,pooled,-1.0223812650625592,-10.441727653304067
ocs_uniform,n72,Vpp,LawGP,frequency,5,-4.168472852920762,-1.1162400424874552
ocs_uniform,n72,Vpp,LawGP,frequency,10,-0.9423191310320196,-0.0502954934167088
ocs_uniform,n72,Vpp,LawGP,frequency,15,0.3586060657879607,-17.57091668746655
ocs_uniform,n72,Vpp,LawGP,frequency,20,-0.13898822274931688,-0.28170155400733266
ocs_uniform,n72,Vpp,LawGP,frequency,25,-107.5667146690673,-658.9858391123701
ocs_uniform,n72,Vmax,GP,loo,pooled,0.7602883502637693,0.6970335560749872
ocs_uniform,n72,Vmax,GP,force,pooled,-0.033182464547231394,-0.16586612790089084
ocs_uniform,n72,Vmax,GP,force,1,-7.44669703631935,-3.766735238778522
ocs_uniform,n72,Vmax,GP,force,2,-0.19549969959932034,-0.05191041414790609
ocs_uniform,n72,Vmax,GP,force,3,0.42603305813573344,-0.30757510471854155
ocs_uniform,n72,Vmax,GP,frequency,pooled,-0.31845260152350297,-1.18616974499774
ocs_uniform,n72,Vmax,GP,frequency,5,-0.18917406220690913,-1.9311404468701698
ocs_uniform,n72,Vmax,GP,frequency,10,0.542973940649383,0.4886002517862932
ocs_uniform,n72,Vmax,GP,frequency,15,0.6335270078778075,-0.1438156268575972
ocs_uniform,n72,Vmax,GP,frequency,20,0.0822897857600775,-0.11222224984910589
ocs_uniform,n72,Vmax,GP,frequency,25,-80.82303210272144,-70.36357061120665
ocs_uniform,n72,Vmax,LawGP,loo,pooled,0.7123629006595051,0.7261986481767337
ocs_uniform,n72,Vmax,LawGP,force,pooled,0.29601579669622746,0.731717095062862
ocs_uniform,n72,Vmax,LawGP,force,1,-2.5119768623755068,-0.534540275358174
ocs_uniform,n72,Vmax,LawGP,force,2,0.3582633530619017,0.7254434509261751
ocs_uniform,n72,Vmax,LawGP,force,3,0.09250682678426247,0.7562580260167389
ocs_uniform,n72,Vmax,LawGP,frequency,pooled,-0.6318306021082782,-5.640310611694306
ocs_uniform,n72,Vmax,LawGP,frequency,5,-2.6037500074185926,-0.11637934521287008
ocs_uniform,n72,Vmax,LawGP,frequency,10,-1.208999892220326,0.33798064130134287
ocs_uniform,n72,Vmax,LawGP,frequency,15,0.5536039614231036,-7.024788692193294
ocs_uniform,n72,Vmax,LawGP,frequency,20,-0.030905630867934963,-0.14283061433630828
ocs_uniform,n72,Vmax,LawGP,frequency,25,-48.46210459527351,-245.15964276542007
ocw_uniform,all,rms_Voc,GP,loo,pooled,0.7281748881616321,0.9141997156901656
ocw_uniform,all,rms_Voc,GP,force,pooled,0.13760472151888348,0.519345899337734
ocw_uniform,all,rms_Voc,GP,force,1,-2.28408320864498,-0.9826638175790698
ocw_uniform,all,rms_Voc,GP,force,2,0.7108166016633759,0.8718098248622375
ocw_uniform,all,rms_Voc,GP,force,3,-0.23025567645083234,0.2854042845906193
ocw_uniform,all,rms_Voc,GP,frequency,pooled,-0.7826921295425961,-1.0994419167157736
ocw_uniform,all,rms_Voc,GP,frequency,5,-3.510596039963441,-3.3143699334139214
ocw_uniform,all,rms_Voc,GP,frequency,10,0.5408940411946142,0.3574480935900044
ocw_uniform,all,rms_Voc,GP,frequency,15,0.2023323623725226,-0.570950023403479
ocw_uniform,all,rms_Voc,GP,frequency,20,-0.1846970642707506,-0.11459195729804361
ocw_uniform,all,rms_Voc,GP,frequency,25,-58.278711705458505,-53.98858959849408
ocw_uniform,all,rms_Voc,LawGP,loo,pooled,0.6965002430782692,0.887216482083028
ocw_uniform,all,rms_Voc,LawGP,force,pooled,0.6843883811410054,0.7283181101044708
ocw_uniform,all,rms_Voc,LawGP,force,1,-0.008971872280040927,-0.47588289866426825
ocw_uniform,all,rms_Voc,LawGP,force,2,0.7040504188504269,0.8552628615393472
ocw_uniform,all,rms_Voc,LawGP,force,3,0.6061740163010185,0.6890947069446335
ocw_uniform,all,rms_Voc,LawGP,frequency,pooled,-1.5355220804483198,-2.840648947104766
ocw_uniform,all,rms_Voc,LawGP,frequency,5,0.08549601428243181,0.6427962325774983
ocw_uniform,all,rms_Voc,LawGP,frequency,10,0.37297072283807475,0.3818157832075021
ocw_uniform,all,rms_Voc,LawGP,frequency,15,-4.86539827192665,-5.607189363074974
ocw_uniform,all,rms_Voc,LawGP,frequency,20,-0.11190129942873939,-0.14601088364650905
ocw_uniform,all,rms_Voc,LawGP,frequency,25,-73.17771957009957,-106.21521410612438
ocw_uniform,all,Vpp,GP,loo,pooled,0.8500872014577905,0.7772547974491723
ocw_uniform,all,Vpp,GP,force,pooled,0.1369817418848326,-0.07661291754075195
ocw_uniform,all,Vpp,GP,force,1,-1.0119592268463387,-2.000317933635666
ocw_uniform,all,Vpp,GP,force,2,-0.021717838202890194,-0.02491607158877862
ocw_uniform,all,Vpp,GP,force,3,0.026460113705489507,-0.2923939110661935
ocw_uniform,all,Vpp,GP,frequency,pooled,-0.6694484029005952,-1.322931689889733
ocw_uniform,all,Vpp,GP,frequency,5,-7.1401947113283235,-5.605741624257293
ocw_uniform,all,Vpp,GP,frequency,10,0.3280233699330586,0.4232716231388768
ocw_uniform,all,Vpp,GP,frequency,15,-0.4644455508275682,0.4081212658708784
ocw_uniform,all,Vpp,GP,frequency,20,-0.4239239133548178,-0.2644464368228143
ocw_uniform,all,Vpp,GP,frequency,25,-54.436781864329575,-137.22985102596317
ocw_uniform,all,Vpp,LawGP,loo,pooled,0.8376934261468849,0.7370100492955111
ocw_uniform,all,Vpp,LawGP,force,pooled,0.6801272409180652,0.72978412427434
ocw_uniform,all,Vpp,LawGP,force,1,0.06787856548818227,-0.38924043038522194
ocw_uniform,all,Vpp,LawGP,force,2,0.8276055434238587,0.7307255821195862
ocw_uniform,all,Vpp,LawGP,force,3,0.6006500443367202,0.720882376230787
ocw_uniform,all,Vpp,LawGP,frequency,pooled,-4.936093534189953,-8.334700579969374
ocw_uniform,all,Vpp,LawGP,frequency,5,-0.07593826984058105,-1.090310398314685
ocw_uniform,all,Vpp,LawGP,frequency,10,0.0941060475622213,-0.019885733640698344
ocw_uniform,all,Vpp,LawGP,frequency,15,-14.063819650394965,-17.888754668014222
ocw_uniform,all,Vpp,LawGP,frequency,20,-0.3190300575946752,-0.25383861288499254
ocw_uniform,all,Vpp,LawGP,frequency,25,-267.28436585826745,-628.7056330204846
ocw_uniform,all,Vmax,GP,loo,pooled,0.8649411298652138,0.7781141178764932
ocw_uniform,all,Vmax,GP,force,pooled,0.32636980283872064,-0.12566830022099706
ocw_uniform,all,Vmax,GP,force,1,-0.9176885875741596,-3.406027950191133
ocw_uniform,all,Vmax,GP,force,2,0.7468553919035692,-0.030890887178958826
ocw_uniform,all,Vmax,GP,force,3,0.14723873859246905,-0.33097586900653964
ocw_uniform,all,Vmax,GP,frequency,pooled,-0.6636129857696078,-1.1873264179734186
ocw_uniform,all,Vmax,GP,frequency,5,-7.416032304483526,-2.0999748805082623
ocw_uniform,all,Vmax,GP,frequency,10,0.3329878270203801,0.5457862435820064
ocw_uniform,all,Vmax,GP,frequency,15,-0.2804058815895514,0.5025650493929404
ocw_uniform,all,Vmax,GP,frequency,20,-0.41069913383650225,-0.09816219607417342
ocw_uniform,all,Vmax,GP,frequency,25,-50.62523346179854,-89.28525568278776
ocw_uniform,all,Vmax,LawGP,loo,pooled,0.848448627948763,0.7885590261903445
ocw_uniform,all,Vmax,LawGP,force,pooled,0.6827755315538665,0.7735789806854463
ocw_uniform,all,Vmax,LawGP,force,1,0.1907017217717195,-0.5478237679119098
ocw_uniform,all,Vmax,LawGP,force,2,0.8188631235978012,0.7357391353695935
ocw_uniform,all,Vmax,LawGP,force,3,0.603150475072314,0.8055771688596359
ocw_uniform,all,Vmax,LawGP,frequency,pooled,-3.8904948227551017,-2.9014340792427453
ocw_uniform,all,Vmax,LawGP,frequency,5,-0.1494861670859906,-0.5728543612067287
ocw_uniform,all,Vmax,LawGP,frequency,10,0.13479872365034296,0.33246597484926277
ocw_uniform,all,Vmax,LawGP,frequency,15,-12.326144176318765,-6.536471035485445
ocw_uniform,all,Vmax,LawGP,frequency,20,-0.27298977085660847,-0.05615761423344101
ocw_uniform,all,Vmax,LawGP,frequency,25,-190.01888976649448,-148.0995574344728
ocw_uniform,n72,rms_Voc,GP,loo,pooled,0.7325781073549913,0.9049228123551976
ocw_uniform,n72,rms_Voc,GP,force,pooled,0.19617036630748896,0.5758803983023236
ocw_uniform,n72,rms_Voc,GP,force,1,-1.5488038777887887,-1.2098041289633197
ocw_uniform,n72,rms_Voc,GP,force,2,0.7196031569255256,0.8847964394947307
ocw_uniform,n72,rms_Voc,GP,force,3,-0.15065764902081602,0.4599365544963864
ocw_uniform,n72,rms_Voc,GP,frequency,pooled,-1.1363324370919616,-1.268329281459991
ocw_uniform,n72,rms_Voc,GP,frequency,5,-3.4339297217765745,-3.1455254107455817
ocw_uniform,n72,rms_Voc,GP,frequency,10,0.40296921624226767,0.26732769646895294
ocw_uniform,n72,rms_Voc,GP,frequency,15,-0.3456235615331158,-0.5748376941666697
ocw_uniform,n72,rms_Voc,GP,frequency,20,-0.21453678363111295,-0.030568353570188167
ocw_uniform,n72,rms_Voc,GP,frequency,25,-73.57082640478343,-55.777236021527465
ocw_uniform,n72,rms_Voc,LawGP,loo,pooled,0.7236011167406334,0.8588137510232334
ocw_uniform,n72,rms_Voc,LawGP,force,pooled,0.6906051979468039,0.700387212079901
ocw_uniform,n72,rms_Voc,LawGP,force,1,0.044029810899481436,-0.3861338781948054
ocw_uniform,n72,rms_Voc,LawGP,force,2,0.7370297223959559,0.8415007552123671
ocw_uniform,n72,rms_Voc,LawGP,force,3,0.6121275740767815,0.6371341271038602
ocw_uniform,n72,rms_Voc,LawGP,frequency,pooled,-3.8584313340307332,-3.348047011375389
ocw_uniform,n72,rms_Voc,LawGP,frequency,5,0.08418391130222247,0.7738000158559301
ocw_uniform,n72,rms_Voc,LawGP,frequency,10,0.3068988417647047,0.43156692643172523
ocw_uniform,n72,rms_Voc,LawGP,frequency,15,-7.868598661294712,-5.918467131322568
ocw_uniform,n72,rms_Voc,LawGP,frequency,20,-0.1878869800427001,-0.14088328212411572
ocw_uniform,n72,rms_Voc,LawGP,frequency,25,-180.40736342541697,-113.04107473803893
ocw_uniform,n72,Vpp,GP,loo,pooled,0.7882254947748274,0.6932568279419229
ocw_uniform,n72,Vpp,GP,force,pooled,0.1081972838436619,-0.07994092887480586
ocw_uniform,n72,Vpp,GP,force,1,-0.9295904416947169,-1.9958337658013177
ocw_uniform,n72,Vpp,GP,force,2,-0.03389172380163319,-0.06020977197053923
ocw_uniform,n72,Vpp,GP,force,3,0.007351909787431166,-0.2532574252601394
ocw_uniform,n72,Vpp,GP,frequency,pooled,-0.8342619163515841,-1.604404199636059
ocw_uniform,n72,Vpp,GP,frequency,5,-6.622760127603009,-4.878787673445496
ocw_uniform,n72,Vpp,GP,frequency,10,0.2931803050756032,0.3901362042728851
ocw_uniform,n72,Vpp,GP,frequency,15,-0.5696084622431155,-0.12580960283641396
ocw_uniform,n72,Vpp,GP,frequency,20,-0.38220106126233344,-0.24110953422227865
ocw_uniform,n72,Vpp,GP,frequency,25,-62.575569389828416,-130.62567540975326
ocw_uniform,n72,Vpp,LawGP,loo,pooled,0.8163997983640747,0.6692643614995673
ocw_uniform,n72,Vpp,LawGP,force,pooled,0.6304244406981124,0.6751530690870611
ocw_uniform,n72,Vpp,LawGP,force,1,0.12623133942355524,-0.404607027978678
ocw_uniform,n72,Vpp,LawGP,force,2,0.7118632104046785,0.7167995806142
ocw_uniform,n72,Vpp,LawGP,force,3,0.5561064640677698,0.6529945914787382
ocw_uniform,n72,Vpp,LawGP,frequency,pooled,-6.246643214533311,-10.441727653304067
ocw_uniform,n72,Vpp,LawGP,frequency,5,-0.1629297029385477,-1.1162400424874552
ocw_uniform,n72,Vpp,LawGP,frequency,10,0.023718958304053683,-0.0502954934167088
ocw_uniform,n72,Vpp,LawGP,frequency,15,-17.591223776136285,-17.57091668746655
ocw_uniform,n72,Vpp,LawGP,frequency,20,-0.34088372264499034,-0.28170155400733266
ocw_uniform,n72,Vpp,LawGP,frequency,25,-327.4652854338159,-658.9858391123701
ocw_uniform,n72,Vmax,GP,loo,pooled,0.820354054266265,0.6970335560749872
ocw_uniform,n72,Vmax,GP,force,pooled,0.3202111263950812,-0.16586612790089084
ocw_uniform,n72,Vmax,GP,force,1,-0.8198149674914568,-3.766735238778522
ocw_uniform,n72,Vmax,GP,force,2,0.6519559249584187,-0.05191041414790609
ocw_uniform,n72,Vmax,GP,force,3,0.1751037014143929,-0.30757510471854155
ocw_uniform,n72,Vmax,GP,frequency,pooled,-0.9085049083011856,-1.18616974499774
ocw_uniform,n72,Vmax,GP,frequency,5,-6.893743545350177,-1.9311404468701698
ocw_uniform,n72,Vmax,GP,frequency,10,-0.597936211143725,0.4886002517862932
ocw_uniform,n72,Vmax,GP,frequency,15,-0.28652537732462835,-0.1438156268575972
ocw_uniform,n72,Vmax,GP,frequency,20,-0.3767742904479927,-0.11222224984910589
ocw_uniform,n72,Vmax,GP,frequency,25,-60.026231904734296,-70.36357061120665
ocw_uniform,n72,Vmax,LawGP,loo,pooled,0.8355097899489005,0.7261986481767337
ocw_uniform,n72,Vmax,LawGP,force,pooled,0.638075353346218,0.731717095062862
ocw_uniform,n72,Vmax,LawGP,force,1,0.19056912186978026,-0.534540275358174
ocw_uniform,n72,Vmax,LawGP,force,2,0.7359180570621754,0.7254434509261751
ocw_uniform,n72,Vmax,LawGP,force,3,0.5613397737687997,0.7562580260167389
ocw_uniform,n72,Vmax,LawGP,frequency,pooled,-5.839753774029719,-5.640310611694306
ocw_uniform,n72,Vmax,LawGP,frequency,5,-0.209974373734364,-0.11637934521287008
ocw_uniform,n72,Vmax,LawGP,frequency,10,0.0740175159533426,0.33798064130134287
ocw_uniform,n72,Vmax,LawGP,frequency,15,-14.845352451130129,-7.024788692193294
ocw_uniform,n72,Vmax,LawGP,frequency,20,-0.31098262562935974,-0.14283061433630828
ocw_uniform,n72,Vmax,LawGP,frequency,25,-280.2277012115397,-245.15964276542007
ocs_mat,all,rms_Voc,GP,loo,pooled,0.821656815640186,0.9141997156901656
ocs_mat,all,rms_Voc,GP,force,pooled,0.5207669356296437,0.519345899337734
ocs_mat,all,rms_Voc,GP,force,1,-0.23063280233216155,-0.9826638175790698
ocs_mat,all,rms_Voc,GP,force,2,0.7857308847901042,0.8718098248622375
ocs_mat,all,rms_Voc,GP,force,3,0.2313427271722489,0.2854042845906193
ocs_mat,all,rms_Voc,GP,frequency,pooled,-0.083013849251101,-1.0994419167157736
ocs_mat,all,rms_Voc,GP,frequency,5,0.6438399141905613,-3.3143699334139214
ocs_mat,all,rms_Voc,GP,frequency,10,0.8753653595785457,0.3574480935900044
ocs_mat,all,rms_Voc,GP,frequency,15,0.6064302957385503,-0.570950023403479
ocs_mat,all,rms_Voc,GP,frequency,20,-0.05406377763268444,-0.11459195729804361
ocs_mat,all,rms_Voc,GP,frequency,25,-71.50632455909863,-53.98858959849408
ocs_mat,all,rms_Voc,LawGP,loo,pooled,0.7747086052168033,0.887216482083028
ocs_mat,all,rms_Voc,LawGP,force,pooled,0.7019965730811502,0.7283181101044708
ocs_mat,all,rms_Voc,LawGP,force,1,-0.027613878422031224,-0.47588289866426825
ocs_mat,all,rms_Voc,LawGP,force,2,0.7697566432861853,0.8552628615393472
ocs_mat,all,rms_Voc,LawGP,force,3,0.6705262146342913,0.6890947069446335
ocs_mat,all,rms_Voc,LawGP,frequency,pooled,-0.09362624441378142,-2.840648947104766
ocs_mat,all,rms_Voc,LawGP,frequency,5,-0.540740722300318,0.6427962325774983
ocs_mat,all,rms_Voc,LawGP,frequency,10,0.24923116221687758,0.3818157832075021
ocs_mat,all,rms_Voc,LawGP,frequency,15,0.4755311659275566,-5.607189363074974
ocs_mat,all,rms_Voc,LawGP,frequency,20,0.07961709846378939,-0.14601088364650905
ocs_mat,all,rms_Voc,LawGP,frequency,25,-38.40502002082466,-106.21521410612438
ocs_mat,all,Vpp,GP,loo,pooled,0.7569213220382802,0.7772547974491723
ocs_mat,all,Vpp,GP,force,pooled,0.15895805096481153,-0.07661291754075195
ocs_mat,all,Vpp,GP,force,1,-2.365049961490989,-2.000317933635666
ocs_mat,all,Vpp,GP,force,2,0.5625488663282645,-0.02491607158877862
ocs_mat,all,Vpp,GP,force,3,-0.06679465036142895,-0.2923939110661935
ocs_mat,all,Vpp,GP,frequency,pooled,-0.5197971553473044,-1.322931689889733
ocs_mat,all,Vpp,GP,frequency,5,0.23689498639349316,-5.605741624257293
ocs_mat,all,Vpp,GP,frequency,10,0.6489315463088612,0.4232716231388768
ocs_mat,all,Vpp,GP,frequency,15,0.3963777377956911,0.4081212658708784
ocs_mat,all,Vpp,GP,frequency,20,-0.015867177656743836,-0.2644464368228143
ocs_mat,all,Vpp,GP,frequency,25,-198.641297680999,-137.22985102596317
ocs_mat,all,Vpp,LawGP,loo,pooled,0.703520092913239,0.7370100492955111
ocs_mat,all,Vpp,LawGP,force,pooled,0.42245555939604595,0.72978412427434
ocs_mat,all,Vpp,LawGP,force,1,-0.3722478229728341,-0.38924043038522194
ocs_mat,all,Vpp,LawGP,force,2,0.5814162456660308,0.7307255821195862
ocs_mat,all,Vpp,LawGP,force,3,0.15403625196420212,0.720882376230787
ocs_mat,all,Vpp,LawGP,frequency,pooled,-0.723746666634618,-8.334700579969374
ocs_mat,all,Vpp,LawGP,frequency,5,-2.0752448845626588,-1.090310398314685
ocs_mat,all,Vpp,LawGP,frequency,10,-0.22612763717039064,-0.019885733640698344
ocs_mat,all,Vpp,LawGP,frequency,15,0.19593091024623532,-17.888754668014222
ocs_mat,all,Vpp,LawGP,frequency,20,-0.07435810270287346,-0.25383861288499254
ocs_mat,all,Vpp,LawGP,frequency,25,-125.51639628048643,-628.7056330204846
ocs_mat,all,Vmax,GP,loo,pooled,0.7639826263283591,0.7781141178764932
ocs_mat,all,Vmax,GP,force,pooled,0.16320762768844055,-0.12566830022099706
ocs_mat,all,Vmax,GP,force,1,-4.389094998664333,-3.406027950191133
ocs_mat,all,Vmax,GP,force,2,0.5009120782343828,-0.030890887178958826
ocs_mat,all,Vmax,GP,force,3,0.24981374895285646,-0.33097586900653964
ocs_mat,all,Vmax,GP,frequency,pooled,-0.17559442103380318,-1.1873264179734186
ocs_mat,all,Vmax,GP,frequency,5,0.04555827950284197,-2.0999748805082623
ocs_mat,all,Vmax,GP,frequency,10,0.7338416072611826,0.5457862435820064
ocs_mat,all,Vmax,GP,frequency,15,0.7077736882367707,0.5025650493929404
ocs_mat,all,Vmax,GP,frequency,20,0.06912814624316876,-0.09816219607417342
ocs_mat,all,Vmax,GP,frequency,25,-132.68881808872445,-89.28525568278776
ocs_mat,all,Vmax,LawGP,loo,pooled,0.7603421185602035,0.7885590261903445
ocs_mat,all,Vmax,LawGP,force,pooled,0.3740649855303154,0.7735789806854463
ocs_mat,all,Vmax,LawGP,force,1,-1.451016900995592,-0.5478237679119098
ocs_mat,all,Vmax,LawGP,force,2,0.5016531258439283,0.7357391353695935
ocs_mat,all,Vmax,LawGP,force,3,0.2314651330221753,0.8055771688596359
ocs_mat,all,Vmax,LawGP,frequency,pooled,-0.4160012138436966,-2.9014340792427453
ocs_mat,all,Vmax,LawGP,frequency,5,-1.316797385334489,-0.5728543612067287
ocs_mat,all,Vmax,LawGP,frequency,10,-0.47825601852972555,0.33246597484926277
ocs_mat,all,Vmax,LawGP,frequency,15,0.5739703433488212,-6.536471035485445
ocs_mat,all,Vmax,LawGP,frequency,20,0.01025363430723436,-0.05615761423344101
ocs_mat,all,Vmax,LawGP,frequency,25,-77.2156422783333,-148.0995574344728
ocs_mat,n72,rms_Voc,GP,loo,pooled,0.8115458946398062,0.9049228123551976
ocs_mat,n72,rms_Voc,GP,force,pooled,0.6155486712930051,0.5758803983023236
ocs_mat,n72,rms_Voc,GP,force,1,-0.28601691992159606,-1.2098041289633197
ocs_mat,n72,rms_Voc,GP,force,2,0.7763786239924327,0.8847964394947307
ocs_mat,n72,rms_Voc,GP,force,3,0.5173858174664802,0.4599365544963864
ocs_mat,n72,rms_Voc,GP,frequency,pooled,0.012843106676825644,-1.268329281459991
ocs_mat,n72,rms_Voc,GP,frequency,5,0.668519142082966,-3.1455254107455817
ocs_mat,n72,rms_Voc,GP,frequency,10,0.8700294882176136,0.26732769646895294
ocs_mat,n72,rms_Voc,GP,frequency,15,0.6139848620212549,-0.5748376941666697
ocs_mat,n72,rms_Voc,GP,frequency,20,-0.0047588440160128975,-0.030568353570188167
ocs_mat,n72,rms_Voc,GP,frequency,25,-63.334184476998445,-55.777236021527465
ocs_mat,n72,rms_Voc,LawGP,loo,pooled,0.7411866609243536,0.8588137510232334
ocs_mat,n72,rms_Voc,LawGP,force,pooled,0.6985946216823335,0.700387212079901
ocs_mat,n72,rms_Voc,LawGP,force,1,-0.04848015776803982,-0.3861338781948054
ocs_mat,n72,rms_Voc,LawGP,force,2,0.754437904446101,0.8415007552123671
ocs_mat,n72,rms_Voc,LawGP,force,3,0.6762869338735388,0.6371341271038602
ocs_mat,n72,rms_Voc,LawGP,frequency,pooled,-0.007995371185551603,-3.348047011375389
ocs_mat,n72,rms_Voc,LawGP,frequency,5,-0.46397367299832326,0.7738000158559301
ocs_mat,n72,rms_Voc,LawGP,frequency,10,0.21535125445110936,0.43156692643172523
ocs_mat,n72,rms_Voc,LawGP,frequency,15,0.4966810211862631,-5.918467131322568
ocs_mat,n72,rms_Voc,LawGP,frequency,20,0.12384730174882141,-0.14088328212411572
ocs_mat,n72,rms_Voc,LawGP,frequency,25,-31.503181972042377,-113.04107473803893
ocs_mat,n72,Vpp,GP,loo,pooled,0.7587934787068192,0.6932568279419229
ocs_mat,n72,Vpp,GP,force,pooled,0.18622710996975256,-0.07994092887480586
ocs_mat,n72,Vpp,GP,force,1,-2.278474323996383,-1.9958337658013177
ocs_mat,n72,Vpp,GP,force,2,0.5155500263055721,-0.06020977197053923
ocs_mat,n72,Vpp,GP,force,3,0.02359734904436772,-0.2532574252601394
ocs_mat,n72,Vpp,GP,frequency,pooled,-0.6550736568198208,-1.604404199636059
ocs_mat,n72,Vpp,GP,frequency,5,-0.0920337583909594,-4.878787673445496
ocs_mat,n72,Vpp,GP,frequency,10,0.45980585661418627,0.3901362042728851
ocs_mat,n72,Vpp,GP,frequency,15,0.28708147828760555,-0.12580960283641396
ocs_mat,n72,Vpp,GP,frequency,20,0.027565349418581686,-0.24110953422227865
ocs_mat,n72,Vpp,GP,frequency,25,-203.2851507472877,-130.62567540975326
ocs_mat,n72,Vpp,LawGP,loo,pooled,0.6882804348789706,0.6692643614995673
ocs_mat,n72,Vpp,LawGP,force,pooled,0.4008125983187999,0.6751530690870611
ocs_mat,n72,Vpp,LawGP,force,1,-0.5380244639239466,-0.404607027978678
ocs_mat,n72,Vpp,LawGP,force,2,0.5219597493004062,0.7167995806142
ocs_mat,n72,Vpp,LawGP,force,3,0.17562078341616505,0.6529945914787382
ocs_mat,n72,Vpp,LawGP,frequency,pooled,-0.7345517027878381,-10.441727653304067
ocs_mat,n72,Vpp,LawGP,frequency,5,-1.8948691720519473,-1.1162400424874552
ocs_mat,n72,Vpp,LawGP,frequency,10,-0.2293149849762306,-0.0502954934167088
ocs_mat,n72,Vpp,LawGP,frequency,15,0.1674478648832629,-17.57091668746655
ocs_mat,n72,Vpp,LawGP,frequency,20,-0.026341132669265965,-0.28170155400733266
ocs_mat,n72,Vpp,LawGP,frequency,25,-129.54820079779472,-658.9858391123701
ocs_mat,n72,Vmax,GP,loo,pooled,0.7309449661530785,0.6970335560749872
ocs_mat,n72,Vmax,GP,force,pooled,0.17093024787501931,-0.16586612790089084
ocs_mat,n72,Vmax,GP,force,1,-4.2184996039807015,-3.766735238778522
ocs_mat,n72,Vmax,GP,force,2,0.4658571094743794,-0.05191041414790609
ocs_mat,n72,Vmax,GP,force,3,0.28955754807862566,-0.30757510471854155
ocs_mat,n72,Vmax,GP,frequency,pooled,-0.20466367200375446,-1.18616974499774
ocs_mat,n72,Vmax,GP,frequency,5,0.027846425372779926,-1.9311404468701698
ocs_mat,n72,Vmax,GP,frequency,10,0.7255957734934642,0.4886002517862932
ocs_mat,n72,Vmax,GP,frequency,15,0.6404331331249075,-0.1438156268575972
ocs_mat,n72,Vmax,GP,frequency,20,0.07702464061245673,-0.11222224984910589
ocs_mat,n72,Vmax,GP,frequency,25,-131.80027084987498,-70.36357061120665
ocs_mat,n72,Vmax,LawGP,loo,pooled,0.7454015349392176,0.7261986481767337
ocs_mat,n72,Vmax,LawGP,force,pooled,0.37305004928780383,0.731717095062862
ocs_mat,n72,Vmax,LawGP,force,1,-1.1591145196073969,-0.534540275358174
ocs_mat,n72,Vmax,LawGP,force,2,0.45856122977048097,0.7254434509261751
ocs_mat,n72,Vmax,LawGP,force,3,0.21680893307101978,0.7562580260167389
ocs_mat,n72,Vmax,LawGP,frequency,pooled,-0.36030870194602493,-5.640310611694306
ocs_mat,n72,Vmax,LawGP,frequency,5,-1.2302252890190855,-0.11637934521287008
ocs_mat,n72,Vmax,LawGP,frequency,10,-0.44267105586635025,0.33798064130134287
ocs_mat,n72,Vmax,LawGP,frequency,15,0.5448162593317061,-7.024788692193294
ocs_mat,n72,Vmax,LawGP,frequency,20,0.02608000682352929,-0.14283061433630828
ocs_mat,n72,Vmax,LawGP,frequency,25,-65.38459354452422,-245.15964276542007
ocw_mat,all,rms_Voc,GP,loo,pooled,0.733496395945717,0.9141997156901656
ocw_mat,all,rms_Voc,GP,force,pooled,0.30470813121704887,0.519345899337734
ocw_mat,all,rms_Voc,GP,force,1,-1.1274315764743776,-0.9826638175790698
ocw_mat,all,rms_Voc,GP,force,2,0.5988168872879767,0.8718098248622375
ocw_mat,all,rms_Voc,GP,force,3,0.11507816310789754,0.2854042845906193
ocw_mat,all,rms_Voc,GP,frequency,pooled,-0.6842571191021303,-1.0994419167157736
ocw_mat,all,rms_Voc,GP,frequency,5,-2.7031447446382804,-3.3143699334139214
ocw_mat,all,rms_Voc,GP,frequency,10,0.409042546266956,0.3574480935900044
ocw_mat,all,rms_Voc,GP,frequency,15,0.09919141565017864,-0.570950023403479
ocw_mat,all,rms_Voc,GP,frequency,20,-0.02912630307327224,-0.11459195729804361
ocw_mat,all,rms_Voc,GP,frequency,25,-58.56553702521919,-53.98858959849408
ocw_mat,all,rms_Voc,LawGP,loo,pooled,0.7387174561016421,0.887216482083028
ocw_mat,all,rms_Voc,LawGP,force,pooled,0.6431645536584354,0.7283181101044708
ocw_mat,all,rms_Voc,LawGP,force,1,0.09337028170298656,-0.47588289866426825
ocw_mat,all,rms_Voc,LawGP,force,2,0.6263922998756398,0.8552628615393472
ocw_mat,all,rms_Voc,LawGP,force,3,0.5930299405377566,0.6890947069446335
ocw_mat,all,rms_Voc,LawGP,frequency,pooled,-1.6626316876867366,-2.840648947104766
ocw_mat,all,rms_Voc,LawGP,frequency,5,0.4871460222407633,0.6427962325774983
ocw_mat,all,rms_Voc,LawGP,frequency,10,0.4228144635749299,0.3818157832075021
ocw_mat,all,rms_Voc,LawGP,frequency,15,-4.942866543005087,-5.607189363074974
ocw_mat,all,rms_Voc,LawGP,frequency,20,0.024534720475427485,-0.14601088364650905
ocw_mat,all,rms_Voc,LawGP,frequency,25,-82.49196866180786,-106.21521410612438
ocw_mat,all,Vpp,GP,loo,pooled,0.8565029485061973,0.7772547974491723
ocw_mat,all,Vpp,GP,force,pooled,0.28696496267656135,-0.07661291754075195
ocw_mat,all,Vpp,GP,force,1,-0.5830503054176934,-2.000317933635666
ocw_mat,all,Vpp,GP,force,2,0.7098535370532201,-0.02491607158877862
ocw_mat,all,Vpp,GP,force,3,0.07385270864980487,-0.2923939110661935
ocw_mat,all,Vpp,GP,frequency,pooled,-0.8331859023871375,-1.322931689889733
ocw_mat,all,Vpp,GP,frequency,5,-5.411881434938077,-5.605741624257293
ocw_mat,all,Vpp,GP,frequency,10,0.2202996207973995,0.4232716231388768
ocw_mat,all,Vpp,GP,frequency,15,-0.6566847023183464,0.4081212658708784
ocw_mat,all,Vpp,GP,frequency,20,-0.3383440830141957,-0.2644464368228143
ocw_mat,all,Vpp,GP,frequency,25,-68.00337417790493,-137.22985102596317
ocw_mat,all,Vpp,LawGP,loo,pooled,0.8506199201851186,0.7370100492955111
ocw_mat,all,Vpp,LawGP,force,pooled,0.6469293849502077,0.72978412427434
ocw_mat,all,Vpp,LawGP,force,1,0.15847048239428396,-0.38924043038522194
ocw_mat,all,Vpp,LawGP,force,2,0.7945052510555806,0.7307255821195862
ocw_mat,all,Vpp,LawGP,force,3,0.5696696044192221,0.720882376230787
ocw_mat,all,Vpp,LawGP,frequency,pooled,-4.641661679598449,-8.334700579969374
ocw_mat,all,Vpp,LawGP,frequency,5,0.5982293804783416,-1.090310398314685
ocw_mat,all,Vpp,LawGP,frequency,10,0.2370596251860032,-0.019885733640698344
ocw_mat,all,Vpp,LawGP,frequency,15,-12.813742721968012,-17.888754668014222
ocw_mat,all,Vpp,LawGP,frequency,20,-0.23822170273827847,-0.25383861288499254
ocw_mat,all,Vpp,LawGP,frequency,25,-257.41504249677905,-628.7056330204846
ocw_mat,all,Vmax,GP,loo,pooled,0.830284520601989,0.7781141178764932
ocw_mat,all,Vmax,GP,force,pooled,0.3438468653087877,-0.12566830022099706
ocw_mat,all,Vmax,GP,force,1,-0.4254141212478273,-3.406027950191133
ocw_mat,all,Vmax,GP,force,2,0.7015987845918961,-0.030890887178958826
ocw_mat,all,Vmax,GP,force,3,0.1807067851086267,-0.33097586900653964
ocw_mat,all,Vmax,GP,frequency,pooled,-0.48855029740116307,-1.1873264179734186
ocw_mat,all,Vmax,GP,frequency,5,-6.195083289580901,-2.0999748805082623
ocw_mat,all,Vmax,GP,frequency,10,0.31588290675500486,0.5457862435820064
ocw_mat,all,Vmax,GP,frequency,15,0.3763540072587094,0.5025650493929404
ocw_mat,all,Vmax,GP,frequency,20,-0.3318215358174619,-0.09816219607417342
ocw_mat,all,Vmax,GP,frequency,25,-51.71196896975225,-89.28525568278776
ocw_mat,all,Vmax,LawGP,loo,pooled,0.798554170342743,0.7885590261903445
ocw_mat,all,Vmax,LawGP,force,pooled,0.6280411690382459,0.7735789806854463
ocw_mat,all,Vmax,LawGP,force,1,0.25793602690396866,-0.5478237679119098
ocw_mat,all,Vmax,LawGP,force,2,0.663867182205458,0.7357391353695935
ocw_mat,all,Vmax,LawGP,force,3,0.570788638249699,0.8055771688596359
ocw_mat,all,Vmax,LawGP,frequency,pooled,-4.48872188189296,-2.9014340792427453
ocw_mat,all,Vmax,LawGP,frequency,5,0.31155631670337747,-0.5728543612067287
ocw_mat,all,Vmax,LawGP,frequency,10,0.2260961662318166,0.33246597484926277
ocw_mat,all,Vmax,LawGP,frequency,15,-13.693427653513764,-6.536471035485445
ocw_mat,all,Vmax,LawGP,frequency,20,-0.2324094800085823,-0.05615761423344101
ocw_mat,all,Vmax,LawGP,frequency,25,-253.39446539979488,-148.0995574344728
ocw_mat,n72,rms_Voc,GP,loo,pooled,0.7652112440218628,0.9049228123551976
ocw_mat,n72,rms_Voc,GP,force,pooled,0.3412201751391305,0.5758803983023236
ocw_mat,n72,rms_Voc,GP,force,1,-0.7185503039247807,-1.2098041289633197
ocw_mat,n72,rms_Voc,GP,force,2,0.5828906196653569,0.8847964394947307
ocw_mat,n72,rms_Voc,GP,force,3,0.14373854423876176,0.4599365544963864
ocw_mat,n72,rms_Voc,GP,frequency,pooled,-0.833899655259583,-1.268329281459991
ocw_mat,n72,rms_Voc,GP,frequency,5,-2.859141963656129,-3.1455254107455817
ocw_mat,n72,rms_Voc,GP,frequency,10,0.24968970538138013,0.26732769646895294
ocw_mat,n72,rms_Voc,GP,frequency,15,-0.03942520207807809,-0.5748376941666697
ocw_mat,n72,rms_Voc,GP,frequency,20,-0.06593757837651881,-0.030568353570188167
ocw_mat,n72,rms_Voc,GP,frequency,25,-66.3314673679583,-55.777236021527465
ocw_mat,n72,rms_Voc,LawGP,loo,pooled,0.7544599655554919,0.8588137510232334
ocw_mat,n72,rms_Voc,LawGP,force,pooled,0.6433154553605851,0.700387212079901
ocw_mat,n72,rms_Voc,LawGP,force,1,0.0997547865587547,-0.3861338781948054
ocw_mat,n72,rms_Voc,LawGP,force,2,0.6277766394958779,0.8415007552123671
ocw_mat,n72,rms_Voc,LawGP,force,3,0.5925218657966971,0.6371341271038602
ocw_mat,n72,rms_Voc,LawGP,frequency,pooled,-2.28420613535258,-3.348047011375389
ocw_mat,n72,rms_Voc,LawGP,frequency,5,0.5192956935475241,0.7738000158559301
ocw_mat,n72,rms_Voc,LawGP,frequency,10,0.4127817823884745,0.43156692643172523
ocw_mat,n72,rms_Voc,LawGP,frequency,15,-5.504139676616014,-5.918467131322568
ocw_mat,n72,rms_Voc,LawGP,frequency,20,-0.030541255631879594,-0.14088328212411572
ocw_mat,n72,rms_Voc,LawGP,frequency,25,-116.464123616497,-113.04107473803893
ocw_mat,n72,Vpp,GP,loo,pooled,0.8481667040205123,0.6932568279419229
ocw_mat,n72,Vpp,GP,force,pooled,0.3307991403141034,-0.07994092887480586
ocw_mat,n72,Vpp,GP,force,1,-0.6442558661285842,-1.9958337658013177
ocw_mat,n72,Vpp,GP,force,2,0.6916722045819604,-0.06020977197053923
ocw_mat,n72,Vpp,GP,force,3,0.17925777713443591,-0.2532574252601394
ocw_mat,n72,Vpp,GP,frequency,pooled,-0.9563801659954887,-1.604404199636059
ocw_mat,n72,Vpp,GP,frequency,5,-5.307125886616228,-4.878787673445496
ocw_mat,n72,Vpp,GP,frequency,10,0.21745070186225923,0.3901362042728851
ocw_mat,n72,Vpp,GP,frequency,15,-0.6589068798788045,-0.12580960283641396
ocw_mat,n72,Vpp,GP,frequency,20,-0.3071329385959245,-0.24110953422227865
ocw_mat,n72,Vpp,GP,frequency,25,-78.67974140374601,-130.62567540975326
ocw_mat,n72,Vpp,LawGP,loo,pooled,0.8384111982543113,0.6692643614995673
ocw_mat,n72,Vpp,LawGP,force,pooled,0.6394370169955959,0.6751530690870611
ocw_mat,n72,Vpp,LawGP,force,1,0.1414763402927145,-0.404607027978678
ocw_mat,n72,Vpp,LawGP,force,2,0.7849520247258807,0.7167995806142
ocw_mat,n72,Vpp,LawGP,force,3,0.569205852424372,0.6529945914787382
ocw_mat,n72,Vpp,LawGP,frequency,pooled,-4.543438507915916,-10.441727653304067
ocw_mat,n72,Vpp,LawGP,frequency,5,0.5794671204251926,-1.1162400424874552
ocw_mat,n72,Vpp,LawGP,frequency,10,0.24619786118850973,-0.0502954934167088
ocw_mat,n72,Vpp,LawGP,frequency,15,-13.096666003169037,-17.57091668746655
ocw_mat,n72,Vpp,LawGP,frequency,20,-0.22801433697877616,-0.28170155400733266
ocw_mat,n72,Vpp,LawGP,frequency,25,-257.8823776984724,-658.9858391123701
ocw_mat,n72,Vmax,GP,loo,pooled,0.8223268331109927,0.6970335560749872
ocw_mat,n72,Vmax,GP,force,pooled,0.39008979828064216,-0.16586612790089084
ocw_mat,n72,Vmax,GP,force,1,-0.5570589207118466,-3.766735238778522
ocw_mat,n72,Vmax,GP,force,2,0.7327966928475793,-0.05191041414790609
ocw_mat,n72,Vmax,GP,force,3,0.2810636867120856,-0.30757510471854155
ocw_mat,n72,Vmax,GP,frequency,pooled,-0.5771513638902099,-1.18616974499774
ocw_mat,n72,Vmax,GP,frequency,5,-6.149354808725199,-1.9311404468701698
ocw_mat,n72,Vmax,GP,frequency,10,0.30498761081019043,0.4886002517862932
ocw_mat,n72,Vmax,GP,frequency,15,0.41570798179361634,-0.1438156268575972
ocw_mat,n72,Vmax,GP,frequency,20,-0.3011992168886377,-0.11222224984910589
ocw_mat,n72,Vmax,GP,frequency,25,-59.81222313730869,-70.36357061120665
ocw_mat,n72,Vmax,LawGP,loo,pooled,0.7904120687270457,0.7261986481767337
ocw_mat,n72,Vmax,LawGP,force,pooled,0.6358122518129006,0.731717095062862
ocw_mat,n72,Vmax,LawGP,force,1,0.23297848465979198,-0.534540275358174
ocw_mat,n72,Vmax,LawGP,force,2,0.7515575152239795,0.7254434509261751
ocw_mat,n72,Vmax,LawGP,force,3,0.5699732448297159,0.7562580260167389
ocw_mat,n72,Vmax,LawGP,frequency,pooled,-4.36520969961585,-5.640310611694306
ocw_mat,n72,Vmax,LawGP,frequency,5,0.28392368483561037,-0.11637934521287008
ocw_mat,n72,Vmax,LawGP,frequency,10,0.22150987848700054,0.33798064130134287
ocw_mat,n72,Vmax,LawGP,frequency,15,-13.65419300697133,-7.024788692193294
ocw_mat,n72,Vmax,LawGP,frequency,20,-0.22192415747046224,-0.14283061433630828
ocw_mat,n72,Vmax,LawGP,frequency,25,-252.77896467309935,-245.15964276542007
ocs_dense,all,rms_Voc,GP,loo,pooled,0.8212486760800627,0.9141997156901656
ocs_dense,all,rms_Voc,GP,force,pooled,0.5238520509547191,0.519345899337734
ocs_dense,all,rms_Voc,GP,force,1,-0.20527425532521248,-0.9826638175790698
ocs_dense,all,rms_Voc,GP,force,2,0.7857067910560077,0.8718098248622375
ocs_dense,all,rms_Voc,GP,force,3,0.23117652414095446,0.2854042845906193
ocs_dense,all,rms_Voc,GP,frequency,pooled,-0.08326337596568245,-1.0994419167157736
ocs_dense,all,rms_Voc,GP,frequency,5,0.6438517437671446,-3.3143699334139214
ocs_dense,all,rms_Voc,GP,frequency,10,0.8753463993451369,0.3574480935900044
ocs_dense,all,rms_Voc,GP,frequency,15,0.6063025371163278,-0.570950023403479
ocs_dense,all,rms_Voc,GP,frequency,20,-0.05424422722196143,-0.11459195729804361
ocs_dense,all,rms_Voc,GP,frequency,25,-71.52093470469313,-53.98858959849408
ocs_dense,all,rms_Voc,LawGP,loo,pooled,0.775901939112543,0.887216482083028
ocs_dense,all,rms_Voc,LawGP,force,pooled,0.7019610916372384,0.7283181101044708
ocs_dense,all,rms_Voc,LawGP,force,1,-0.027739443392970964,-0.47588289866426825
ocs_dense,all,rms_Voc,LawGP,force,2,0.7697297580958222,0.8552628615393472
ocs_dense,all,rms_Voc,LawGP,force,3,0.6704502653521693,0.6890947069446335
ocs_dense,all,rms_Voc,LawGP,frequency,pooled,-0.09377855471033936,-2.840648947104766
ocs_dense,all,rms_Voc,LawGP,frequency,5,-0.5408361856216612,0.6427962325774983
ocs_dense,all,rms_Voc,LawGP,frequency,10,0.249255778928677,0.3818157832075021
ocs_dense,all,rms_Voc,LawGP,frequency,15,0.4755195069038538,-5.607189363074974
ocs_dense,all,rms_Voc,LawGP,frequency,20,0.07945680712468217,-0.14601088364650905
ocs_dense,all,rms_Voc,LawGP,frequency,25,-38.41252355589585,-106.21521410612438
ocs_dense,all,Vpp,GP,loo,pooled,0.7569602251582062,0.7772547974491723
ocs_dense,all,Vpp,GP,force,pooled,0.15886555640738564,-0.07661291754075195
ocs_dense,all,Vpp,GP,force,1,-2.3652961209673093,-2.000317933635666
ocs_dense,all,Vpp,GP,force,2,0.5625064630778254,-0.02491607158877862
ocs_dense,all,Vpp,GP,force,3,-0.06698558492164963,-0.2923939110661935
ocs_dense,all,Vpp,GP,frequency,pooled,-0.5609129651240552,-1.322931689889733
ocs_dense,all,Vpp,GP,frequency,5,0.019159906999476894,-5.605741624257293
ocs_dense,all,Vpp,GP,frequency,10,0.6487925227627489,0.4232716231388768
ocs_dense,all,Vpp,GP,frequency,15,0.3963563561983413,0.4081212658708784
ocs_dense,all,Vpp,GP,frequency,20,-0.015979820333493988,-0.2644464368228143
ocs_dense,all,Vpp,GP,frequency,25,-198.66747317583173,-137.22985102596317
ocs_dense,all,Vpp,LawGP,loo,pooled,0.7035635576224468,0.7370100492955111
ocs_dense,all,Vpp,LawGP,force,pooled,0.4223990472173961,0.72978412427434
ocs_dense,all,Vpp,LawGP,force,1,-0.37241548964470783,-0.38924043038522194
ocs_dense,all,Vpp,LawGP,force,2,0.5813708072796295,0.7307255821195862
ocs_dense,all,Vpp,LawGP,force,3,0.15393928510722654,0.720882376230787
ocs_dense,all,Vpp,LawGP,frequency,pooled,-0.7239932281191308,-8.334700579969374
ocs_dense,all,Vpp,LawGP,frequency,5,-2.0757418435576294,-1.090310398314685
ocs_dense,all,Vpp,LawGP,frequency,10,-0.22621096616850744,-0.019885733640698344
ocs_dense,all,Vpp,LawGP,frequency,15,0.19578763973947744,-17.888754668014222
ocs_dense,all,Vpp,LawGP,frequency,20,-0.07447449058317668,-0.25383861288499254
ocs_dense,all,Vpp,LawGP,frequency,25,-125.5402415084122,-628.7056330204846
ocs_dense,all,Vmax,GP,loo,pooled,0.7639832043463213,0.7781141178764932
ocs_dense,all,Vmax,GP,force,pooled,0.16313926655607658,-0.12566830022099706
ocs_dense,all,Vmax,GP,force,1,-4.389534388200442,-3.406027950191133
ocs_dense,all,Vmax,GP,force,2,0.5008719159863553,-0.030890887178958826
ocs_dense,all,Vmax,GP,force,3,0.2496611749972827,-0.33097586900653964
ocs_dense,all,Vmax,GP,frequency,pooled,-0.17574787781199608,-1.1873264179734186
ocs_dense,all,Vmax,GP,frequency,5,0.045591977244921256,-2.0999748805082623
ocs_dense,all,Vmax,GP,frequency,10,0.733821575460629,0.5457862435820064
ocs_dense,all,Vmax,GP,frequency,15,0.707772261844946,0.5025650493929404
ocs_dense,all,Vmax,GP,frequency,20,0.06902325622765237,-0.09816219607417342
ocs_dense,all,Vmax,GP,frequency,25,-132.6927963179564,-89.28525568278776
ocs_dense,all,Vmax,LawGP,loo,pooled,0.7603398136787387,0.7885590261903445
ocs_dense,all,Vmax,LawGP,force,pooled,0.3740208887663077,0.7735789806854463
ocs_dense,all,Vmax,LawGP,force,1,-1.4513140278855388,-0.5478237679119098
ocs_dense,all,Vmax,LawGP,force,2,0.5016165852845399,0.7357391353695935
ocs_dense,all,Vmax,LawGP,force,3,0.23138339917390138,0.8055771688596359
ocs_dense,all,Vmax,LawGP,frequency,pooled,-0.41617410070359306,-2.9014340792427453
ocs_dense,all,Vmax,LawGP,frequency,5,-1.3170441352781337,-0.5728543612067287
ocs_dense,all,Vmax,LawGP,frequency,10,-0.4782901412434091,0.33246597484926277
ocs_dense,all,Vmax,LawGP,frequency,15,0.5738225139187045,-6.536471035485445
ocs_dense,all,Vmax,LawGP,frequency,20,0.010149418486044892,-0.05615761423344101
ocs_dense,all,Vmax,LawGP,frequency,25,-77.2204451534582,-148.0995574344728
ocs_dense,n72,rms_Voc,GP,loo,pooled,0.8117341892876501,0.9049228123551976
ocs_dense,n72,rms_Voc,GP,force,pooled,0.61550560326667,0.5758803983023236
ocs_dense,n72,rms_Voc,GP,force,1,-0.2861745419876498,-1.2098041289633197
ocs_dense,n72,rms_Voc,GP,force,2,0.776349653201013,0.8847964394947307
ocs_dense,n72,rms_Voc,GP,force,3,0.51730088548534,0.4599365544963864
ocs_dense,n72,rms_Voc,GP,frequency,pooled,0.012633650729711787,-1.268329281459991
ocs_dense,n72,rms_Voc,GP,frequency,5,0.668530378636558,-3.1455254107455817
ocs_dense,n72,rms_Voc,GP,frequency,10,0.8700103406056752,0.26732769646895294
ocs_dense,n72,rms_Voc,GP,frequency,15,0.6138602566563192,-0.5748376941666697
ocs_dense,n72,rms_Voc,GP,frequency,20,-0.004898077764712072,-0.030568353570188167
ocs_dense,n72,rms_Voc,GP,frequency,25,-63.34631922549106,-55.777236021527465
ocs_dense,n72,rms_Voc,LawGP,loo,pooled,0.7423433553476801,0.8588137510232334
ocs_dense,n72,rms_Voc,LawGP,force,pooled,0.698564207747314,0.700387212079901
ocs_dense,n72,rms_Voc,LawGP,force,1,-0.04861127177216362,-0.3861338781948054
ocs_dense,n72,rms_Voc,LawGP,force,2,0.7544053131258359,0.8415007552123671
ocs_dense,n72,rms_Voc,LawGP,force,3,0.6762367598815184,0.6371341271038602
ocs_dense,n72,rms_Voc,LawGP,frequency,pooled,-0.008116281171522521,-3.348047011375389
ocs_dense,n72,rms_Voc,LawGP,frequency,5,-0.464000477744984,0.7738000158559301
ocs_dense,n72,rms_Voc,LawGP,frequency,10,0.21538196749724947,0.43156692643172523
ocs_dense,n72,rms_Voc,LawGP,frequency,15,0.4966779529628116,-5.918467131322568
ocs_dense,n72,rms_Voc,LawGP,frequency,20,0.12372487911820107,-0.14088328212411572
ocs_dense,n72,rms_Voc,LawGP,frequency,25,-31.510327974325683,-113.04107473803893
ocs_dense,n72,Vpp,GP,loo,pooled,0.7621596894902459,0.6932568279419229
ocs_dense,n72,Vpp,GP,force,pooled,0.18617128996520893,-0.07994092887480586
ocs_dense,n72,Vpp,GP,force,1,-2.2786310651328887,-1.9958337658013177
ocs_dense,n72,Vpp,GP,force,2,0.5155147426143205,-0.06020977197053923
ocs_dense,n72,Vpp,GP,force,3,0.023482442437298467,-0.2532574252601394
ocs_dense,n72,Vpp,GP,frequency,pooled,-0.6563074563426623,-1.604404199636059
ocs_dense,n72,Vpp,GP,frequency,5,-0.09201171740697744,-4.878787673445496
ocs_dense,n72,Vpp,GP,frequency,10,0.45965914288948717,0.3901362042728851
ocs_dense,n72,Vpp,GP,frequency,15,0.28705694882548294,-0.12580960283641396
ocs_dense,n72,Vpp,GP,frequency,20,0.027480050260650035,-0.24110953422227865
ocs_dense,n72,Vpp,GP,frequency,25,-203.51520335846374,-130.62567540975326
ocs_dense,n72,Vpp,LawGP,loo,pooled,0.6886770547958996,0.6692643614995673
ocs_dense,n72,Vpp,LawGP,force,pooled,0.4007700685466511,0.6751530690870611
ocs_dense,n72,Vpp,LawGP,force,1,-0.5382038066886898,-0.404607027978678
ocs_dense,n72,Vpp,LawGP,force,2,0.5219273466784617,0.7167995806142
ocs_dense,n72,Vpp,LawGP,force,3,0.17555560937927805,0.6529945914787382
ocs_dense,n72,Vpp,LawGP,frequency,pooled,-0.7347307876778566,-10.441727653304067
ocs_dense,n72,Vpp,LawGP,frequency,5,-1.895271289801523,-1.1162400424874552
ocs_dense,n72,Vpp,LawGP,frequency,10,-0.22937796726907012,-0.0502954934167088
ocs_dense,n72,Vpp,LawGP,frequency,15,0.16730300554468325,-17.57091668746655
ocs_dense,n72,Vpp,LawGP,frequency,20,-0.026426130605821996,-0.28170155400733266
ocs_dense,n72,Vpp,LawGP,frequency,25,-129.55887237543425,-658.9858391123701
ocs_dense,n72,Vmax,GP,loo,pooled,0.7305330780121053,0.6970335560749872
ocs_dense,n72,Vmax,GP,force,pooled,0.17088469573054044,-0.16586612790089084
ocs_dense,n72,Vmax,GP,force,1,-4.218933223878165,-3.766735238778522
ocs_dense,n72,Vmax,GP,force,2,0.46580805646463674,-0.05191041414790609
ocs_dense,n72,Vmax,GP,force,3,0.2894907207869021,-0.30757510471854155
ocs_dense,n72,Vmax,GP,frequency,pooled,-0.20477370823882612,-1.18616974499774
ocs_dense,n72,Vmax,GP,frequency,5,0.027874631932602534,-1.9311404468701698
ocs_dense,n72,Vmax,GP,frequency,10,0.7255587169187545,0.4886002517862932
ocs_dense,n72,Vmax,GP,frequency,15,0.6404403158263013,-0.1438156268575972
ocs_dense,n72,Vmax,GP,frequency,20,0.07694712159990857,-0.11222224984910589
ocs_dense,n72,Vmax,GP,frequency,25,-131.79397774343312,-70.36357061120665
ocs_dense,n72,Vmax,LawGP,loo,pooled,0.745383940498934,0.7261986481767337
ocs_dense,n72,Vmax,LawGP,force,pooled,0.373011746824888,0.731717095062862
ocs_dense,n72,Vmax,LawGP,force,1,-1.159414893895073,-0.534540275358174
ocs_dense,n72,Vmax,LawGP,force,2,0.4585220227868926,0.7254434509261751
ocs_dense,n72,Vmax,LawGP,force,3,0.21675994709894442,0.7562580260167389
ocs_dense,n72,Vmax,LawGP,frequency,pooled,-0.3604239849753026,-5.640310611694306
ocs_dense,n72,Vmax,LawGP,frequency,5,-1.230413126116849,-0.11637934521287008
ocs_dense,n72,Vmax,LawGP,frequency,10,-0.44269162328934986,0.33798064130134287
ocs_dense,n72,Vmax,LawGP,frequency,15,0.5447852090267697,-7.024788692193294
ocs_dense,n72,Vmax,LawGP,frequency,20,0.025998800994003646,-0.14283061433630828
ocs_dense,n72,Vmax,LawGP,frequency,25,-65.38334848079573,-245.15964276542007
ocw_dense,all,rms_Voc,GP,loo,pooled,0.7362343281916565,0.9141997156901656
ocw_dense,all,rms_Voc,GP,force,pooled,0.3045056756590757,0.519345899337734
ocw_dense,all,rms_Voc,GP,force,1,-1.127788208604977,-0.9826638175790698
ocw_dense,all,rms_Voc,GP,force,2,0.5989589068070067,0.8718098248622375
ocw_dense,all,rms_Voc,GP,force,3,0.11448582712687194,0.2854042845906193
ocw_dense,all,rms_Voc,GP,frequency,pooled,-0.6851121186913725,-1.0994419167157736
ocw_dense,all,rms_Voc,GP,frequency,5,-2.7057362531407336,-3.3143699334139214
ocw_dense,all,rms_Voc,GP,frequency,10,0.4088787676845379,0.3574480935900044
ocw_dense,all,rms_Voc,GP,frequency,15,0.09870545566906841,-0.570950023403479
ocw_dense,all,rms_Voc,GP,frequency,20,-0.029742243191924977,-0.11459195729804361
ocw_dense,all,rms_Voc,GP,frequency,25,-58.636412438828884,-53.98858959849408
ocw_dense,all,rms_Voc,LawGP,loo,pooled,0.743218285563479,0.887216482083028
ocw_dense,all,rms_Voc,LawGP,force,pooled,0.6437953918664475,0.7283181101044708
ocw_dense,all,rms_Voc,LawGP,force,1,0.10056626417893055,-0.47588289866426825
ocw_dense,all,rms_Voc,LawGP,force,2,0.6265082811942555,0.8552628615393472
ocw_dense,all,rms_Voc,LawGP,force,3,0.5931122666725694,0.6890947069446335
ocw_dense,all,rms_Voc,LawGP,frequency,pooled,-1.6644251130694117,-2.840648947104766
ocw_dense,all,rms_Voc,LawGP,frequency,5,0.4869097675466625,0.6427962325774983
ocw_dense,all,rms_Voc,LawGP,frequency,10,0.42274434677370554,0.3818157832075021
ocw_dense,all,rms_Voc,LawGP,frequency,15,-4.945568992136299,-5.607189363074974
ocw_dense,all,rms_Voc,LawGP,frequency,20,0.023940116306573223,-0.14601088364650905
ocw_dense,all,rms_Voc,LawGP,frequency,25,-82.629285391877,-106.21521410612438
ocw_dense,all,Vpp,GP,loo,pooled,0.8505693378537706,0.7772547974491723
ocw_dense,all,Vpp,GP,force,pooled,0.2754511284965565,-0.07661291754075195
ocw_dense,all,Vpp,GP,force,1,-0.6178998578142014,-2.000317933635666
ocw_dense,all,Vpp,GP,force,2,0.706485303203646,-0.02491607158877862
ocw_dense,all,Vpp,GP,force,3,0.06191278241514919,-0.2923939110661935
ocw_dense,all,Vpp,GP,frequency,pooled,-0.8505970262904392,-1.322931689889733
ocw_dense,all,Vpp,GP,frequency,5,-5.554329287241645,-5.605741624257293
ocw_dense,all,Vpp,GP,frequency,10,0.21583828405637873,0.4232716231388768
ocw_dense,all,Vpp,GP,frequency,15,-0.6825127786766809,0.4081212658708784
ocw_dense,all,Vpp,GP,frequency,20,-0.3351471381702915,-0.2644464368228143
ocw_dense,all,Vpp,GP,frequency,25,-70.6551843978031,-137.22985102596317
ocw_dense,all,Vpp,LawGP,loo,pooled,0.8484451918843995,0.7370100492955111
ocw_dense,all,Vpp,LawGP,force,pooled,0.6455050093063924,0.72978412427434
ocw_dense,all,Vpp,LawGP,force,1,0.13635455987468825,-0.38924043038522194
ocw_dense,all,Vpp,LawGP,force,2,0.7909613027429677,0.7307255821195862
ocw_dense,all,Vpp,LawGP,force,3,0.5720317436861031,0.720882376230787
ocw_dense,all,Vpp,LawGP,frequency,pooled,-4.755890340821724,-8.334700579969374
ocw_dense,all,Vpp,LawGP,frequency,5,0.591397232182904,-1.090310398314685
ocw_dense,all,Vpp,LawGP,frequency,10,0.23752663438581967,-0.019885733640698344
ocw_dense,all,Vpp,LawGP,frequency,15,-13.158385822905942,-17.888754668014222
ocw_dense,all,Vpp,LawGP,frequency,20,-0.23913619663449315,-0.25383861288499254
ocw_dense,all,Vpp,LawGP,frequency,25,-270.33308160072636,-628.7056330204846
ocw_dense,all,Vmax,GP,loo,pooled,0.8332236300838866,0.7781141178764932
ocw_dense,all,Vmax,GP,force,pooled,0.32346991982460926,-0.12566830022099706
ocw_dense,all,Vmax,GP,force,1,-0.4308923320886566,-3.406027950191133
ocw_dense,all,Vmax,GP,force,2,0.6916013169454184,-0.030890887178958826
ocw_dense,all,Vmax,GP,force,3,0.152972509749995,-0.33097586900653964
ocw_dense,all,Vmax,GP,frequency,pooled,-0.5071352394527482,-1.1873264179734186
ocw_dense,all,Vmax,GP,frequency,5,-6.243345201277461,-2.0999748805082623
ocw_dense,all,Vmax,GP,frequency,10,0.3070212318680626,0.5457862435820064
ocw_dense,all,Vmax,GP,frequency,15,0.25597716057391107,0.5025650493929404
ocw_dense,all,Vmax,GP,frequency,20,-0.3234376557658769,-0.09816219607417342
ocw_dense,all,Vmax,GP,frequency,25,-53.90582605432006,-89.28525568278776
ocw_dense,all,Vmax,LawGP,loo,pooled,0.8118443421043899,0.7885590261903445
ocw_dense,all,Vmax,LawGP,force,pooled,0.6243105739429378,0.7735789806854463
ocw_dense,all,Vmax,LawGP,force,1,0.2427685449018243,-0.5478237679119098
ocw_dense,all,Vmax,LawGP,force,2,0.6460941713688126,0.7357391353695935
ocw_dense,all,Vmax,LawGP,force,3,0.5717210147178042,0.8055771688596359
ocw_dense,all,Vmax,LawGP,frequency,pooled,-4.6738625410746835,-2.9014340792427453
ocw_dense,all,Vmax,LawGP,frequency,5,0.37066837128228936,-0.5728543612067287
ocw_dense,all,Vmax,LawGP,frequency,10,0.22453893765477195,0.33246597484926277
ocw_dense,all,Vmax,LawGP,frequency,15,-14.354293005194043,-6.536471035485445
ocw_dense,all,Vmax,LawGP,frequency,20,-0.228577489091069,-0.05615761423344101
ocw_dense,all,Vmax,LawGP,frequency,25,-272.2545706325263,-148.0995574344728
ocw_dense,n72,rms_Voc,GP,loo,pooled,0.7646491937480305,0.9049228123551976
ocw_dense,n72,rms_Voc,GP,force,pooled,0.3411255140430489,0.5758803983023236
ocw_dense,n72,rms_Voc,GP,force,1,-0.7191423093378149,-1.2098041289633197
ocw_dense,n72,rms_Voc,GP,force,2,0.5831134070273613,0.8847964394947307
ocw_dense,n72,rms_Voc,GP,force,3,0.14343253583991256,0.4599365544963864
ocw_dense,n72,rms_Voc,GP,frequency,pooled,-0.835442041072098,-1.268329281459991
ocw_dense,n72,rms_Voc,GP,frequency,5,-2.861265485295825,-3.1455254107455817
ocw_dense,n72,rms_Voc,GP,frequency,10,0.24960282573748738,0.26732769646895294
ocw_dense,n72,rms_Voc,GP,frequency,15,-0.03967644033381923,-0.5748376941666697
ocw_dense,n72,rms_Voc,GP,frequency,20,-0.0690270946251097,-0.030568353570188167
ocw_dense,n72,rms_Voc,GP,frequency,25,-66.39225566027136,-55.777236021527465
ocw_dense,n72,rms_Voc,LawGP,loo,pooled,0.7544796611419129,0.8588137510232334
ocw_dense,n72,rms_Voc,LawGP,force,pooled,0.643294542184351,0.700387212079901
ocw_dense,n72,rms_Voc,LawGP,force,1,0.09801190153427153,-0.3861338781948054
ocw_dense,n72,rms_Voc,LawGP,force,2,0.627921935474409,0.8415007552123671
ocw_dense,n72,rms_Voc,LawGP,force,3,0.5926003788732794,0.6371341271038602
ocw_dense,n72,rms_Voc,LawGP,frequency,pooled,-2.2864095470316244,-3.348047011375389
ocw_dense,n72,rms_Voc,LawGP,frequency,5,0.5189552607717316,0.7738000158559301
ocw_dense,n72,rms_Voc,LawGP,frequency,10,0.4127012576071536,0.43156692643172523
ocw_dense,n72,rms_Voc,LawGP,frequency,15,-5.506903627948125,-5.918467131322568
ocw_dense,n72,rms_Voc,LawGP,frequency,20,-0.030719644620877062,-0.14088328212411572
ocw_dense,n72,rms_Voc,LawGP,frequency,25,-116.64885746536534,-113.04107473803893
ocw_dense,n72,Vpp,GP,loo,pooled,0.8450023911424193,0.6932568279419229
ocw_dense,n72,Vpp,GP,force,pooled,0.32439028489703714,-0.07994092887480586
ocw_dense,n72,Vpp,GP,force,1,-0.6500294569389444,-1.9958337658013177
ocw_dense,n72,Vpp,GP,force,2,0.6766938565106196,-0.06020977197053923
ocw_dense,n72,Vpp,GP,force,3,0.17460187287271833,-0.2532574252601394
ocw_dense,n72,Vpp,GP,frequency,pooled,-0.998867099476592,-1.604404199636059
ocw_dense,n72,Vpp,GP,frequency,5,-5.429211265811778,-4.878787673445496
ocw_dense,n72,Vpp,GP,frequency,10,0.20388816045407498,0.3901362042728851
ocw_dense,n72,Vpp,GP,frequency,15,-0.6934180480684187,-0.12580960283641396
ocw_dense,n72,Vpp,GP,frequency,20,-0.3062159107153606,-0.24110953422227865
ocw_dense,n72,Vpp,GP,frequency,25,-83.52489675822665,-130.62567540975326
ocw_dense,n72,Vpp,LawGP,loo,pooled,0.8387243452269009,0.6692643614995673
ocw_dense,n72,Vpp,LawGP,force,pooled,0.6377203191136697,0.6751530690870611
ocw_dense,n72,Vpp,LawGP,force,1,0.11747182854491811,-0.404607027978678
ocw_dense,n72,Vpp,LawGP,force,2,0.7817157332756126,0.7167995806142
ocw_dense,n72,Vpp,LawGP,force,3,0.5709954909603256,0.6529945914787382
ocw_dense,n72,Vpp,LawGP,frequency,pooled,-4.680917814295812,-10.441727653304067
ocw_dense,n72,Vpp,LawGP,frequency,5,0.5773295642993055,-1.1162400424874552
ocw_dense,n72,Vpp,LawGP,frequency,10,0.24123365643586525,-0.0502954934167088
ocw_dense,n72,Vpp,LawGP,frequency,15,-13.478958636120971,-17.57091668746655
ocw_dense,n72,Vpp,LawGP,frequency,20,-0.23153469073787214,-0.28170155400733266
ocw_dense,n72,Vpp,LawGP,frequency,25,-273.22421470659907,-658.9858391123701
ocw_dense,n72,Vmax,GP,loo,pooled,0.8305206996077926,0.6970335560749872
ocw_dense,n72,Vmax,GP,force,pooled,0.379397301545487,-0.16586612790089084
ocw_dense,n72,Vmax,GP,force,1,-0.5418385474601157,-3.766735238778522
ocw_dense,n72,Vmax,GP,force,2,0.7229531047541979,-0.05191041414790609
ocw_dense,n72,Vmax,GP,force,3,0.2649450709643184,-0.30757510471854155
ocw_dense,n72,Vmax,GP,frequency,pooled,-0.631492223226922,-1.18616974499774
ocw_dense,n72,Vmax,GP,frequency,5,-6.2105665268419115,-1.9311404468701698
ocw_dense,n72,Vmax,GP,frequency,10,0.29382317564461835,0.4886002517862932
ocw_dense,n72,Vmax,GP,frequency,15,0.35198706934361945,-0.1438156268575972
ocw_dense,n72,Vmax,GP,frequency,20,-0.29675764558585116,-0.11222224984910589
ocw_dense,n72,Vmax,GP,frequency,25,-65.36732181705086,-70.36357061120665
ocw_dense,n72,Vmax,LawGP,loo,pooled,0.8048537371254021,0.7261986481767337
ocw_dense,n72,Vmax,LawGP,force,pooled,0.6155925554935204,0.731717095062862
ocw_dense,n72,Vmax,LawGP,force,1,0.22203996306547957,-0.534540275358174
ocw_dense,n72,Vmax,LawGP,force,2,0.6216111375752608,0.7254434509261751
ocw_dense,n72,Vmax,LawGP,force,3,0.5715283766773982,0.7562580260167389
ocw_dense,n72,Vmax,LawGP,frequency,pooled,-4.571386667206638,-5.640310611694306
ocw_dense,n72,Vmax,LawGP,frequency,5,0.32983349801674244,-0.11637934521287008
ocw_dense,n72,Vmax,LawGP,frequency,10,0.22060159883889008,0.33798064130134287
ocw_dense,n72,Vmax,LawGP,frequency,15,-14.361444686573604,-7.024788692193294
ocw_dense,n72,Vmax,LawGP,frequency,20,-0.2213489080900728,-0.14283061433630828
ocw_dense,n72,Vmax,LawGP,frequency,25,-274.45599732193693,-245.15964276542007
ocs_lit,all,rms_Voc,GP,loo,pooled,0.9192643526132109,0.9141997156901656
ocs_lit,all,rms_Voc,GP,force,pooled,0.8681519526967729,0.519345899337734
ocs_lit,all,rms_Voc,GP,force,1,0.7945147332922122,-0.9826638175790698
ocs_lit,all,rms_Voc,GP,force,2,0.9281323413160323,0.8718098248622375
ocs_lit,all,rms_Voc,GP,force,3,0.8567409147441825,0.2854042845906193
ocs_lit,all,rms_Voc,GP,frequency,pooled,0.5370585727937891,-1.0994419167157736
ocs_lit,all,rms_Voc,GP,frequency,5,0.7940105537275958,-3.3143699334139214
ocs_lit,all,rms_Voc,GP,frequency,10,0.9354612086710832,0.3574480935900044
ocs_lit,all,rms_Voc,GP,frequency,15,0.8283570655799232,-0.570950023403479
ocs_lit,all,rms_Voc,GP,frequency,20,0.7147459706402944,-0.11459195729804361
ocs_lit,all,rms_Voc,GP,frequency,25,-14.340162179771948,-53.98858959849408
ocs_lit,all,rms_Voc,LawGP,loo,pooled,0.9473776647423379,0.887216482083028
ocs_lit,all,rms_Voc,LawGP,force,pooled,0.8577462343511493,0.7283181101044708
ocs_lit,all,rms_Voc,LawGP,force,1,0.7320706438055593,-0.47588289866426825
ocs_lit,all,rms_Voc,LawGP,force,2,0.9474616432921518,0.8552628615393472
ocs_lit,all,rms_Voc,LawGP,force,3,0.8532345682007071,0.6890947069446335
ocs_lit,all,rms_Voc,LawGP,frequency,pooled,0.5386510525983916,-2.840648947104766
ocs_lit,all,rms_Voc,LawGP,frequency,5,0.5030721751347627,0.6427962325774983
ocs_lit,all,rms_Voc,LawGP,frequency,10,0.706578315319911,0.3818157832075021
ocs_lit,all,rms_Voc,LawGP,frequency,15,0.8030505075646861,-5.607189363074974
ocs_lit,all,rms_Voc,LawGP,frequency,20,0.6691936026403038,-0.14601088364650905
ocs_lit,all,rms_Voc,LawGP,frequency,25,-6.5189723951377,-106.21521410612438
ocs_lit,all,Vpp,GP,loo,pooled,0.8130713939490656,0.7772547974491723
ocs_lit,all,Vpp,GP,force,pooled,0.6792157835374826,-0.07661291754075195
ocs_lit,all,Vpp,GP,force,1,0.4727387529757162,-2.000317933635666
ocs_lit,all,Vpp,GP,force,2,0.8000153594988252,-0.02491607158877862
ocs_lit,all,Vpp,GP,force,3,0.6397696391154823,-0.2923939110661935
ocs_lit,all,Vpp,GP,frequency,pooled,0.057461042132172624,-1.322931689889733
ocs_lit,all,Vpp,GP,frequency,5,0.4858750897996984,-5.605741624257293
ocs_lit,all,Vpp,GP,frequency,10,0.9173233708064482,0.4232716231388768
ocs_lit,all,Vpp,GP,frequency,15,0.47539335579262165,0.4081212658708784
ocs_lit,all,Vpp,GP,frequency,20,0.34799002014595315,-0.2644464368228143
ocs_lit,all,Vpp,GP,frequency,25,-33.81372428154648,-137.22985102596317
ocs_lit,all,Vpp,LawGP,loo,pooled,0.7943857254852583,0.7370100492955111
ocs_lit,all,Vpp,LawGP,force,pooled,0.6164095878455452,0.72978412427434
ocs_lit,all,Vpp,LawGP,force,1,0.6666937228262999,-0.38924043038522194
ocs_lit,all,Vpp,LawGP,force,2,0.8019647437523021,0.7307255821195862
ocs_lit,all,Vpp,LawGP,force,3,0.38508112814541673,0.720882376230787
ocs_lit,all,Vpp,LawGP,frequency,pooled,0.22915245688402242,-8.334700579969374
ocs_lit,all,Vpp,LawGP,frequency,5,0.08078054505295607,-1.090310398314685
ocs_lit,all,Vpp,LawGP,frequency,10,0.6401293014518077,-0.019885733640698344
ocs_lit,all,Vpp,LawGP,frequency,15,0.43077081466854794,-17.888754668014222
ocs_lit,all,Vpp,LawGP,frequency,20,0.33306379468695946,-0.25383861288499254
ocs_lit,all,Vpp,LawGP,frequency,25,-10.863279273208429,-628.7056330204846
ocs_lit,all,Vmax,GP,loo,pooled,0.8724903071350145,0.7781141178764932
ocs_lit,all,Vmax,GP,force,pooled,0.5143320020235098,-0.12566830022099706
ocs_lit,all,Vmax,GP,force,1,0.0012978248688785277,-3.406027950191133
ocs_lit,all,Vmax,GP,force,2,0.7565534596464466,-0.030890887178958826
ocs_lit,all,Vmax,GP,force,3,0.43370659472510553,-0.33097586900653964
ocs_lit,all,Vmax,GP,frequency,pooled,0.2937367330355084,-1.1873264179734186
ocs_lit,all,Vmax,GP,frequency,5,0.5872112563448226,-2.0999748805082623
ocs_lit,all,Vmax,GP,frequency,10,0.9105144089752766,0.5457862435820064
ocs_lit,all,Vmax,GP,frequency,15,0.693563465148726,0.5025650493929404
ocs_lit,all,Vmax,GP,frequency,20,0.46355739494366177,-0.09816219607417342
ocs_lit,all,Vmax,GP,frequency,25,-21.783970711605264,-89.28525568278776
ocs_lit,all,Vmax,LawGP,loo,pooled,0.8346249444012269,0.7885590261903445
ocs_lit,all,Vmax,LawGP,force,pooled,0.5754911618441012,0.7735789806854463
ocs_lit,all,Vmax,LawGP,force,1,0.5944899190689705,-0.5478237679119098
ocs_lit,all,Vmax,LawGP,force,2,0.7376201174024974,0.7357391353695935
ocs_lit,all,Vmax,LawGP,force,3,0.34230866386864245,0.8055771688596359
ocs_lit,all,Vmax,LawGP,frequency,pooled,0.3713954817620957,-2.9014340792427453
ocs_lit,all,Vmax,LawGP,frequency,5,0.18300047987828305,-0.5728543612067287
ocs_lit,all,Vmax,LawGP,frequency,10,0.6930510868847846,0.33246597484926277
ocs_lit,all,Vmax,LawGP,frequency,15,0.6464375382887539,-6.536471035485445
ocs_lit,all,Vmax,LawGP,frequency,20,0.44211839814207665,-0.05615761423344101
ocs_lit,all,Vmax,LawGP,frequency,25,-6.670602829831878,-148.0995574344728
ocs_lit,n72,rms_Voc,GP,loo,pooled,0.9143782484440279,0.9049228123551976
ocs_lit,n72,rms_Voc,GP,force,pooled,0.8628747833083175,0.5758803983023236
ocs_lit,n72,rms_Voc,GP,force,1,0.7938855191349187,-1.2098041289633197
ocs_lit,n72,rms_Voc,GP,force,2,0.9224591463824583,0.8847964394947307
ocs_lit,n72,rms_Voc,GP,force,3,0.8493615110603566,0.4599365544963864
ocs_lit,n72,rms_Voc,GP,frequency,pooled,0.5303660305249148,-1.268329281459991
ocs_lit,n72,rms_Voc,GP,frequency,5,0.7890708541233724,-3.1455254107455817
ocs_lit,n72,rms_Voc,GP,frequency,10,0.9328347404964652,0.26732769646895294
ocs_lit,n72,rms_Voc,GP,frequency,15,0.8185844872106455,-0.5748376941666697
ocs_lit,n72,rms_Voc,GP,frequency,20,0.7005982082730002,-0.030568353570188167
ocs_lit,n72,rms_Voc,GP,frequency,25,-14.86945181340671,-55.777236021527465
ocs_lit,n72,rms_Voc,LawGP,loo,pooled,0.9458288291304429,0.8588137510232334
ocs_lit,n72,rms_Voc,LawGP,force,pooled,0.8489287968548478,0.700387212079901
ocs_lit,n72,rms_Voc,LawGP,force,1,0.7299638407778994,-0.3861338781948054
ocs_lit,n72,rms_Voc,LawGP,force,2,0.9434776188780021,0.8415007552123671
ocs_lit,n72,rms_Voc,LawGP,force,3,0.839529742983981,0.6371341271038602
ocs_lit,n72,rms_Voc,LawGP,frequency,pooled,0.5204937832375248,-3.348047011375389
ocs_lit,n72,rms_Voc,LawGP,frequency,5,0.4881453204281634,0.7738000158559301
ocs_lit,n72,rms_Voc,LawGP,frequency,10,0.6864828229516693,0.43156692643172523
ocs_lit,n72,rms_Voc,LawGP,frequency,15,0.7886939793618263,-5.918467131322568
ocs_lit,n72,rms_Voc,LawGP,frequency,20,0.6501601325799672,-0.14088328212411572
ocs_lit,n72,rms_Voc,LawGP,frequency,25,-6.781378636553816,-113.04107473803893
ocs_lit,n72,Vpp,GP,loo,pooled,0.8003554520611921,0.6932568279419229
ocs_lit,n72,Vpp,GP,force,pooled,0.6795814415862251,-0.07994092887480586
ocs_lit,n72,Vpp,GP,force,1,0.5009411116619473,-1.9958337658013177
ocs_lit,n72,Vpp,GP,force,2,0.787026162262227,-0.06020977197053923
ocs_lit,n72,Vpp,GP,force,3,0.6374269090445652,-0.2532574252601394
ocs_lit,n72,Vpp,GP,frequency,pooled,0.045864669913675216,-1.604404199636059
ocs_lit,n72,Vpp,GP,frequency,5,0.4887347420039404,-4.878787673445496
ocs_lit,n72,Vpp,GP,frequency,10,0.9165347482788543,0.3901362042728851
ocs_lit,n72,Vpp,GP,frequency,15,0.45001843213960735,-0.12580960283641396
ocs_lit,n72,Vpp,GP,frequency,20,0.3222601958159207,-0.24110953422227865
ocs_lit,n72,Vpp,GP,frequency,25,-35.28566998175117,-130.62567540975326
ocs_lit,n72,Vpp,LawGP,loo,pooled,0.7926954339383896,0.6692643614995673
ocs_lit,n72,Vpp,LawGP,force,pooled,0.6057363052904039,0.6751530690870611
ocs_lit,n72,Vpp,LawGP,force,1,0.6603570459681851,-0.404607027978678
ocs_lit,n72,Vpp,LawGP,force,2,0.7888883041052323,0.7167995806142
ocs_lit,n72,Vpp,LawGP,force,3,0.3712110082253951,0.6529945914787382
ocs_lit,n72,Vpp,LawGP,frequency,pooled,0.2166147610115463,-10.441727653304067
ocs_lit,n72,Vpp,LawGP,frequency,5,0.0857079514997775,-1.1162400424874552
ocs_lit,n72,Vpp,LawGP,frequency,10,0.6385904895391452,-0.0502954934167088
ocs_lit,n72,Vpp,LawGP,frequency,15,0.39441015007415337,-17.57091668746655
ocs_lit,n72,Vpp,LawGP,frequency,20,0.308863269451521,-0.28170155400733266
ocs_lit,n72,Vpp,LawGP,frequency,25,-11.32236067301835,-658.9858391123701
ocs_lit,n72,Vmax,GP,loo,pooled,0.8697557490669132,0.6970335560749872
ocs_lit,n72,Vmax,GP,force,pooled,0.5155676573102247,-0.16586612790089084
ocs_lit,n72,Vmax,GP,force,1,0.028298449571345197,-3.766735238778522
ocs_lit,n72,Vmax,GP,force,2,0.7421675060689114,-0.05191041414790609
ocs_lit,n72,Vmax,GP,force,3,0.43964650753697254,-0.30757510471854155
ocs_lit,n72,Vmax,GP,frequency,pooled,0.2806965645858984,-1.18616974499774
ocs_lit,n72,Vmax,GP,frequency,5,0.5862739288248119,-1.9311404468701698
ocs_lit,n72,Vmax,GP,frequency,10,0.9115911033817556,0.4886002517862932
ocs_lit,n72,Vmax,GP,frequency,15,0.6816298478322382,-0.1438156268575972
ocs_lit,n72,Vmax,GP,frequency,20,0.43427761302868106,-0.11222224984910589
ocs_lit,n72,Vmax,GP,frequency,25,-22.742186458181493,-70.36357061120665
ocs_lit,n72,Vmax,LawGP,loo,pooled,0.8359952370750564,0.7261986481767337
ocs_lit,n72,Vmax,LawGP,force,pooled,0.5641358218794417,0.731717095062862
ocs_lit,n72,Vmax,LawGP,force,1,0.5956304317633319,-0.534540275358174
ocs_lit,n72,Vmax,LawGP,force,2,0.7222079664695752,0.7254434509261751
ocs_lit,n72,Vmax,LawGP,force,3,0.3213170576713327,0.7562580260167389
ocs_lit,n72,Vmax,LawGP,frequency,pooled,0.36187163631657593,-5.640310611694306
ocs_lit,n72,Vmax,LawGP,frequency,5,0.18698863937996957,-0.11637934521287008
ocs_lit,n72,Vmax,LawGP,frequency,10,0.6918211261866674,0.33798064130134287
ocs_lit,n72,Vmax,LawGP,frequency,15,0.6268169114789783,-7.024788692193294
ocs_lit,n72,Vmax,LawGP,frequency,20,0.41847200418771724,-0.14283061433630828
ocs_lit,n72,Vmax,LawGP,frequency,25,-6.858584868593492,-245.15964276542007
ocw_lit,all,rms_Voc,GP,loo,pooled,0.8365105186093205,0.9141997156901656
ocw_lit,all,rms_Voc,GP,force,pooled,0.8274415138419088,0.519345899337734
ocw_lit,all,rms_Voc,GP,force,1,0.7455148430388359,-0.9826638175790698
ocw_lit,all,rms_Voc,GP,force,2,0.8959780248826914,0.8718098248622375
ocw_lit,all,rms_Voc,GP,force,3,0.8026979462098776,0.2854042845906193
ocw_lit,all,rms_Voc,GP,frequency,pooled,-0.31350580255806326,-1.0994419167157736
ocw_lit,all,rms_Voc,GP,frequency,5,-0.5796389594038418,-3.3143699334139214
ocw_lit,all,rms_Voc,GP,frequency,10,0.7734105721934498,0.3574480935900044
ocw_lit,all,rms_Voc,GP,frequency,15,0.43833856244758496,-0.570950023403479
ocw_lit,all,rms_Voc,GP,frequency,20,0.4745641736958667,-0.11459195729804361
ocw_lit,all,rms_Voc,GP,frequency,25,-16.06124000620515,-53.98858959849408
ocw_lit,all,rms_Voc,LawGP,loo,pooled,0.8249980040524487,0.887216482083028
ocw_lit,all,rms_Voc,LawGP,force,pooled,0.7626129671461134,0.7283181101044708
ocw_lit,all,rms_Voc,LawGP,force,1,0.8048331739962864,-0.47588289866426825
ocw_lit,all,rms_Voc,LawGP,force,2,0.809085916880641,0.8552628615393472
ocw_lit,all,rms_Voc,LawGP,force,3,0.7054937398679311,0.6890947069446335
ocw_lit,all,rms_Voc,LawGP,frequency,pooled,-2.3276152847919165,-2.840648947104766
ocw_lit,all,rms_Voc,LawGP,frequency,5,0.8272025305725599,0.6427962325774983
ocw_lit,all,rms_Voc,LawGP,frequency,10,0.7575664416243373,0.3818157832075021
ocw_lit,all,rms_Voc,LawGP,frequency,15,-1.458987360754,-5.607189363074974
ocw_lit,all,rms_Voc,LawGP,frequency,20,0.47936813548054946,-0.14601088364650905
ocw_lit,all,rms_Voc,LawGP,frequency,25,-49.62543529861625,-106.21521410612438
ocw_lit,all,Vpp,GP,loo,pooled,0.8646150340062899,0.7772547974491723
ocw_lit,all,Vpp,GP,force,pooled,0.7757747744599829,-0.07661291754075195
ocw_lit,all,Vpp,GP,force,1,0.720364189034026,-2.000317933635666
ocw_lit,all,Vpp,GP,force,2,0.8863735421337795,-0.02491607158877862
ocw_lit,all,Vpp,GP,force,3,0.734082369592149,-0.2923939110661935
ocw_lit,all,Vpp,GP,frequency,pooled,-0.42114450517358537,-1.322931689889733
ocw_lit,all,Vpp,GP,frequency,5,-1.358007923106313,-5.605741624257293
ocw_lit,all,Vpp,GP,frequency,10,0.4868535688606953,0.4232716231388768
ocw_lit,all,Vpp,GP,frequency,15,-0.1756050356688763,0.4081212658708784
ocw_lit,all,Vpp,GP,frequency,20,0.23288495909215978,-0.2644464368228143
ocw_lit,all,Vpp,GP,frequency,25,-14.625461299856322,-137.22985102596317
ocw_lit,all,Vpp,LawGP,loo,pooled,0.7768678357333187,0.7370100492955111
ocw_lit,all,Vpp,LawGP,force,pooled,0.6063583225723397,0.72978412427434
ocw_lit,all,Vpp,LawGP,force,1,0.7691057861645496,-0.38924043038522194
ocw_lit,all,Vpp,LawGP,force,2,0.7148163314894573,0.7307255821195862
ocw_lit,all,Vpp,LawGP,force,3,0.4674920318460989,0.720882376230787
ocw_lit,all,Vpp,LawGP,frequency,pooled,-4.478411108151678,-8.334700579969374
ocw_lit,all,Vpp,LawGP,frequency,5,0.7147128942370103,-1.090310398314685
ocw_lit,all,Vpp,LawGP,frequency,10,0.7093684362524355,-0.019885733640698344
ocw_lit,all,Vpp,LawGP,frequency,15,-3.1823756523382762,-17.888754668014222
ocw_lit,all,Vpp,LawGP,frequency,20,0.2593604958851419,-0.25383861288499254
ocw_lit,all,Vpp,LawGP,frequency,25,-87.51958242509387,-628.7056330204846
ocw_lit,all,Vmax,GP,loo,pooled,0.8771124237102057,0.7781141178764932
ocw_lit,all,Vmax,GP,force,pooled,0.7704914310777584,-0.12566830022099706
ocw_lit,all,Vmax,GP,force,1,0.6686620077804799,-3.406027950191133
ocw_lit,all,Vmax,GP,force,2,0.8618731627335291,-0.030890887178958826
ocw_lit,all,Vmax,GP,force,3,0.7573160029121585,-0.33097586900653964
ocw_lit,all,Vmax,GP,frequency,pooled,-0.5069644918402232,-1.1873264179734186
ocw_lit,all,Vmax,GP,frequency,5,-1.021200336268549,-2.0999748805082623
ocw_lit,all,Vmax,GP,frequency,10,0.7786807821078262,0.5457862435820064
ocw_lit,all,Vmax,GP,frequency,15,-0.14053291523222033,0.5025650493929404
ocw_lit,all,Vmax,GP,frequency,20,0.2733221971444355,-0.09816219607417342
ocw_lit,all,Vmax,GP,frequency,25,-17.95310078461415,-89.28525568278776
ocw_lit,all,Vmax,LawGP,loo,pooled,0.875146134744925,0.7885590261903445
ocw_lit,all,Vmax,LawGP,force,pooled,0.6474167656751786,0.7735789806854463
ocw_lit,all,Vmax,LawGP,force,1,0.7292621550459997,-0.5478237679119098
ocw_lit,all,Vmax,LawGP,force,2,0.7447632561283476,0.7357391353695935
ocw_lit,all,Vmax,LawGP,force,3,0.5407693211416837,0.8055771688596359
ocw_lit,all,Vmax,LawGP,frequency,pooled,-3.662222094699633,-2.9014340792427453
ocw_lit,all,Vmax,LawGP,frequency,5,0.7125714180116234,-0.5728543612067287
ocw_lit,all,Vmax,LawGP,frequency,10,0.7196006842803881,0.33246597484926277
ocw_lit,all,Vmax,LawGP,frequency,15,-2.1542833140487194,-6.536471035485445
ocw_lit,all,Vmax,LawGP,frequency,20,0.3202615697256571,-0.05615761423344101
ocw_lit,all,Vmax,LawGP,frequency,25,-76.89414565334997,-148.0995574344728
ocw_lit,n72,rms_Voc,GP,loo,pooled,0.8366784142856085,0.9049228123551976
ocw_lit,n72,rms_Voc,GP,force,pooled,0.8226660806463487,0.5758803983023236
ocw_lit,n72,rms_Voc,GP,force,1,0.747125912101724,-1.2098041289633197
ocw_lit,n72,rms_Voc,GP,force,2,0.8911078378384822,0.8847964394947307
ocw_lit,n72,rms_Voc,GP,force,3,0.7951028967706987,0.4599365544963864
ocw_lit,n72,rms_Voc,GP,frequency,pooled,-0.32998049719184164,-1.268329281459991
ocw_lit,n72,rms_Voc,GP,frequency,5,-0.6769850910632536,-3.1455254107455817
ocw_lit,n72,rms_Voc,GP,frequency,10,0.778000051940235,0.26732769646895294
ocw_lit,n72,rms_Voc,GP,frequency,15,0.4286170554655985,-0.5748376941666697
ocw_lit,n72,rms_Voc,GP,frequency,20,0.44958563326100887,-0.030568353570188167
ocw_lit,n72,rms_Voc,GP,frequency,25,-16.880901122713187,-55.777236021527465
ocw_lit,n72,rms_Voc,LawGP,loo,pooled,0.8240003603951872,0.8588137510232334
ocw_lit,n72,rms_Voc,LawGP,force,pooled,0.7679326431547494,0.700387212079901
ocw_lit,n72,rms_Voc,LawGP,force,1,0.8032371923770051,-0.3861338781948054
ocw_lit,n72,rms_Voc,LawGP,force,2,0.7948709868532787,0.8415007552123671
ocw_lit,n72,rms_Voc,LawGP,force,3,0.721839048561612,0.6371341271038602
ocw_lit,n72,rms_Voc,LawGP,frequency,pooled,-2.4142969846278652,-3.348047011375389
ocw_lit,n72,rms_Voc,LawGP,frequency,5,0.8241199270948215,0.7738000158559301
ocw_lit,n72,rms_Voc,LawGP,frequency,10,0.7662110727726597,0.43156692643172523
ocw_lit,n72,rms_Voc,LawGP,frequency,15,-1.626970206796651,-5.918467131322568
ocw_lit,n72,rms_Voc,LawGP,frequency,20,0.4556076694613247,-0.14088328212411572
ocw_lit,n72,rms_Voc,LawGP,frequency,25,-52.87612108586667,-113.04107473803893
ocw_lit,n72,Vpp,GP,loo,pooled,0.864668868147626,0.6932568279419229
ocw_lit,n72,Vpp,GP,force,pooled,0.7721753535133361,-0.07994092887480586
ocw_lit,n72,Vpp,GP,force,1,0.7194522220255006,-1.9958337658013177
ocw_lit,n72,Vpp,GP,force,2,0.8814001435685291,-0.06020977197053923
ocw_lit,n72,Vpp,GP,force,3,0.7314624583292242,-0.2532574252601394
ocw_lit,n72,Vpp,GP,frequency,pooled,-0.4058266991440811,-1.604404199636059
ocw_lit,n72,Vpp,GP,frequency,5,-1.5101839868276845,-4.878787673445496
ocw_lit,n72,Vpp,GP,frequency,10,0.43034856409691424,0.3901362042728851
ocw_lit,n72,Vpp,GP,frequency,15,-0.22333374110757442,-0.12580960283641396
ocw_lit,n72,Vpp,GP,frequency,20,0.22620237869558912,-0.24110953422227865
ocw_lit,n72,Vpp,GP,frequency,25,-14.779727690897904,-130.62567540975326
ocw_lit,n72,Vpp,LawGP,loo,pooled,0.7792181078714621,0.6692643614995673
ocw_lit,n72,Vpp,LawGP,force,pooled,0.5994194189899518,0.6751530690870611
ocw_lit,n72,Vpp,LawGP,force,1,0.7700760714054169,-0.404607027978678
ocw_lit,n72,Vpp,LawGP,force,2,0.6947152811085204,0.7167995806142
ocw_lit,n72,Vpp,LawGP,force,3,0.4636804120328316,0.6529945914787382
ocw_lit,n72,Vpp,LawGP,frequency,pooled,-4.654330567678918,-10.441727653304067
ocw_lit,n72,Vpp,LawGP,frequency,5,0.7016117276248806,-1.1162400424874552
ocw_lit,n72,Vpp,LawGP,frequency,10,0.711180041759105,-0.0502954934167088
ocw_lit,n72,Vpp,LawGP,frequency,15,-3.4495811351286525,-17.57091668746655
ocw_lit,n72,Vpp,LawGP,frequency,20,0.2512942236389726,-0.28170155400733266
ocw_lit,n72,Vpp,LawGP,frequency,25,-94.16468324505297,-658.9858391123701
ocw_lit,n72,Vmax,GP,loo,pooled,0.8739862872230859,0.6970335560749872
ocw_lit,n72,Vmax,GP,force,pooled,0.7655247643252334,-0.16586612790089084
ocw_lit,n72,Vmax,GP,force,1,0.6698668666857255,-3.766735238778522
ocw_lit,n72,Vmax,GP,force,2,0.8566299824971342,-0.05191041414790609
ocw_lit,n72,Vmax,GP,force,3,0.7506546227080221,-0.30757510471854155
ocw_lit,n72,Vmax,GP,frequency,pooled,-0.44534472726219265,-1.18616974499774
ocw_lit,n72,Vmax,GP,frequency,5,-1.034156572354322,-1.9311404468701698
ocw_lit,n72,Vmax,GP,frequency,10,0.7648111842066085,0.4886002517862932
ocw_lit,n72,Vmax,GP,frequency,15,-0.15808003541366222,-0.1438156268575972
ocw_lit,n72,Vmax,GP,frequency,20,0.267700187473942,-0.11222224984910589
ocw_lit,n72,Vmax,GP,frequency,25,-17.484562448947955,-70.36357061120665
ocw_lit,n72,Vmax,LawGP,loo,pooled,0.8700546032264549,0.7261986481767337
ocw_lit,n72,Vmax,LawGP,force,pooled,0.6445860107838208,0.731717095062862
ocw_lit,n72,Vmax,LawGP,force,1,0.7416911556746886,-0.534540275358174
ocw_lit,n72,Vmax,LawGP,force,2,0.7294840382810284,0.7254434509261751
ocw_lit,n72,Vmax,LawGP,force,3,0.5374253630863712,0.7562580260167389
ocw_lit,n72,Vmax,LawGP,frequency,pooled,-3.8052167328812407,-5.640310611694306
ocw_lit,n72,Vmax,LawGP,frequency,5,0.7016786724601083,-0.11637934521287008
ocw_lit,n72,Vmax,LawGP,frequency,10,0.7271192608206454,0.33798064130134287
ocw_lit,n72,Vmax,LawGP,frequency,15,-2.288914554491472,-7.024788692193294
ocw_lit,n72,Vmax,LawGP,frequency,20,0.31337511187646183,-0.14283061433630828
ocw_lit,n72,Vmax,LawGP,frequency,25,-82.9514251638259,-245.15964276542007
