dataset,curve,c,F,f,y,law_full,lorentz_per_curve
SalamaFreq,0.5 wt% GO,0.5,0.3,1.0,518.0,788.2998154354872,
SalamaFreq,0.5 wt% GO,0.5,0.3,2.0,672.8,901.9590683823698,
SalamaFreq,0.5 wt% GO,0.5,0.3,3.0,879.9,1011.2390636692971,
SalamaFreq,0.5 wt% GO,0.5,0.3,4.0,1001.2,1099.9682600372207,
SalamaFreq,0.5 wt% GO,0.5,0.3,5.0,1068.4,1150.2296044027673,
SalamaFreq,1 wt% GO,1.0,0.3,1.0,1216.6,1314.7084062636332,
SalamaFreq,1 wt% GO,1.0,0.3,2.0,1327.5,1504.266709301369,
SalamaFreq,1 wt% GO,1.0,0.3,3.0,1450.2,1686.5213865535818,
SalamaFreq,1 wt% GO,1.0,0.3,4.0,1482.2,1834.5019113003523,
SalamaFreq,1 wt% GO,1.0,0.3,5.0,1652.5,1918.3266321154786,
SalamaFreq,1.5 wt% GO,1.5,0.3,1.0,1979.4,1579.2257724844378,
SalamaFreq,1.5 wt% GO,1.5,0.3,2.0,2225.4,1806.922922756997,
SalamaFreq,1.5 wt% GO,1.5,0.3,3.0,2390.3,2025.8469686528533,
SalamaFreq,1.5 wt% GO,1.5,0.3,4.0,2445.1,2203.600953789394,
SalamaFreq,1.5 wt% GO,1.5,0.3,5.0,2594.3,2304.2910831381337,
SalamaFreq,2 wt% GO,2.0,0.3,1.0,1293.7,1581.8519140979013,
SalamaFreq,2 wt% GO,2.0,0.3,2.0,1788.0,1809.9277087492544,
SalamaFreq,2 wt% GO,2.0,0.3,3.0,2050.4,2029.2158099671124,
SalamaFreq,2 wt% GO,2.0,0.3,4.0,2329.9,2207.265387504347,
SalamaFreq,2 wt% GO,2.0,0.3,5.0,2338.5,2308.1229574707327,
SalamaFreq,2.5 wt% GO,2.5,0.3,1.0,1429.3,1322.5868311040235,
SalamaFreq,2.5 wt% GO,2.5,0.3,2.0,1487.8,1513.281067278141,
SalamaFreq,2.5 wt% GO,2.5,0.3,3.0,1575.8,1696.6279104963583,
SalamaFreq,2.5 wt% GO,2.5,0.3,4.0,1701.6,1845.49521244521,
SalamaFreq,2.5 wt% GO,2.5,0.3,5.0,1882.0,1929.8222551132753,
SalamaFreq,3 wt% GO,3.0,0.3,1.0,687.9,801.4305235028046,
SalamaFreq,3 wt% GO,3.0,0.3,2.0,916.5,916.9829983436571,
SalamaFreq,3 wt% GO,3.0,0.3,3.0,977.8,1028.083270240592,
SalamaFreq,3 wt% GO,3.0,0.3,4.0,1170.1,1118.290428611984,
SalamaFreq,3 wt% GO,3.0,0.3,5.0,1199.6,1169.388976065762,
SalamaFreq,0.5 wt% GO,,,1.0,,,521.3112850451273
SalamaFreq,0.5 wt% GO,,,1.0333333333333334,,,525.9744468183704
SalamaFreq,0.5 wt% GO,,,1.0666666666666667,,,530.6798608753234
SalamaFreq,0.5 wt% GO,,,1.1,,,535.427546227052
SalamaFreq,0.5 wt% GO,,,1.1333333333333333,,,540.2175021782585
SalamaFreq,0.5 wt% GO,,,1.1666666666666667,,,545.0497074304981
SalamaFreq,0.5 wt% GO,,,1.2,,,549.9241191614716
SalamaFreq,0.5 wt% GO,,,1.2333333333333334,,,554.8406720804545
SalamaFreq,0.5 wt% GO,,,1.2666666666666666,,,559.7992774599825
SalamaFreq,0.5 wt% GO,,,1.3,,,564.7998221439711
SalamaFreq,0.5 wt% GO,,,1.3333333333333333,,,569.842167532528
SalamaFreq,0.5 wt% GO,,,1.3666666666666667,,,574.9261485437809
SalamaFreq,0.5 wt% GO,,,1.4,,,580.0515725531275
SalamaFreq,0.5 wt% GO,,,1.4333333333333333,,,585.2182183104029
SalamaFreq,0.5 wt% GO,,,1.4666666666666668,,,590.4258348355415
SalamaFreq,0.5 wt% GO,,,1.5,,,595.6741402934151
SalamaFreq,0.5 wt% GO,,,1.5333333333333332,,,600.9628208486273
SalamaFreq,0.5 wt% GO,,,1.5666666666666667,,,606.2915295011511
SalamaFreq,0.5 wt% GO,,,1.6,,,611.6598849038136
SalamaFreq,0.5 wt% GO,,,1.6333333333333333,,,617.0674701627485
SalamaFreq,0.5 wt% GO,,,1.6666666666666665,,,622.5138316220693
SalamaFreq,0.5 wt% GO,,,1.7,,,627.9984776341399
SalamaFreq,0.5 wt% GO,,,1.7333333333333334,,,633.5208773169653
SalamaFreq,0.5 wt% GO,,,1.7666666666666666,,,639.0804593003692
SalamaFreq,0.5 wt% GO,,,1.8,,,644.6766104627729
SalamaFreq,0.5 wt% GO,,,1.8333333333333335,,,650.3086746605519
SalamaFreq,0.5 wt% GO,,,1.8666666666666667,,,655.9759514521048
SalamaFreq,0.5 wt% GO,,,1.9,,,661.6776948189452
SalamaFreq,0.5 wt% GO,,,1.9333333333333333,,,667.4131118862936
SalamaFreq,0.5 wt% GO,,,1.9666666666666668,,,673.181361645834
SalamaFreq,0.5 wt% GO,,,2.0,,,678.9815536834793
SalamaFreq,0.5 wt% GO,,,2.033333333333333,,,684.8127469151806
SalamaFreq,0.5 wt% GO,,,2.0666666666666664,,,690.6739483340117
SalamaFreq,0.5 wt% GO,,,2.1,,,696.5641117719517
SalamaFreq,0.5 wt% GO,,,2.1333333333333333,,,702.4821366799918
SalamaFreq,0.5 wt% GO,,,2.166666666666667,,,708.426866930397
SalamaFreq,0.5 wt% GO,,,2.2,,,714.3970896451488
SalamaFreq,0.5 wt% GO,,,2.2333333333333334,,,720.3915340548084
SalamaFreq,0.5 wt% GO,,,2.2666666666666666,,,726.4088703922375
SalamaFreq,0.5 wt% GO,,,2.3,,,732.4477088258174
SalamaFreq,0.5 wt% GO,,,2.333333333333333,,,738.5065984370092
SalamaFreq,0.5 wt% GO,,,2.3666666666666667,,,744.5840262472909
SalamaFreq,0.5 wt% GO,,,2.4,,,750.6784162997016
SalamaFreq,0.5 wt% GO,,,2.4333333333333336,,,756.7881288004024
SalamaFreq,0.5 wt% GO,,,2.466666666666667,,,762.9114593258493
SalamaFreq,0.5 wt% GO,,,2.5,,,769.0466381013288
SalamaFreq,0.5 wt% GO,,,2.533333333333333,,,775.1918293567741
SalamaFreq,0.5 wt% GO,,,2.5666666666666664,,,781.3451307659163
SalamaFreq,0.5 wt% GO,,,2.6,,,787.5045729749545
SalamaFreq,0.5 wt% GO,,,2.6333333333333333,,,793.6681192270413
SalamaFreq,0.5 wt% GO,,,2.666666666666667,,,799.8336650889736
SalamaFreq,0.5 wt% GO,,,2.7,,,805.9990382865469
SalamaFreq,0.5 wt% GO,,,2.7333333333333334,,,812.1619986550862
SalamaFreq,0.5 wt% GO,,,2.7666666666666666,,,818.3202382116868
SalamaFreq,0.5 wt% GO,,,2.8,,,824.4713813556946
SalamaFreq,0.5 wt% GO,,,2.833333333333333,,,830.6129852039288
SalamaFreq,0.5 wt% GO,,,2.8666666666666667,,,836.7425400670817
SalamaFreq,0.5 wt% GO,,,2.9,,,842.8574700736305
SalamaFreq,0.5 wt% GO,,,2.9333333333333336,,,848.9551339474755
SalamaFreq,0.5 wt% GO,,,2.966666666666667,,,855.0328259453322
SalamaFreq,0.5 wt% GO,,,3.0,,,861.0877769597071
SalamaFreq,0.5 wt% GO,,,3.033333333333333,,,867.1171557930342
SalamaFreq,0.5 wt% GO,,,3.0666666666666664,,,873.1180706082476
SalamaFreq,0.5 wt% GO,,,3.1,,,879.0875705607403
SalamaFreq,0.5 wt% GO,,,3.1333333333333333,,,885.0226476162603
SalamaFreq,0.5 wt% GO,,,3.1666666666666665,,,890.9202385588789
SalamaFreq,0.5 wt% GO,,,3.2,,,896.7772271926791
SalamaFreq,0.5 wt% GO,,,3.2333333333333334,,,902.5904467402876
SalamaFreq,0.5 wt% GO,,,3.2666666666666666,,,908.3566824408034
SalamaFreq,0.5 wt% GO,,,3.3,,,914.0726743490521
SalamaFreq,0.5 wt% GO,,,3.3333333333333335,,,919.735120337426
SalamaFreq,0.5 wt% GO,,,3.3666666666666667,,,925.3406793008553
SalamaFreq,0.5 wt% GO,,,3.4,,,930.8859745646992
SalamaFreq,0.5 wt% GO,,,3.433333333333333,,,936.3675974945353
SalamaFreq,0.5 wt% GO,,,3.466666666666667,,,941.78211130599
SalamaFreq,0.5 wt% GO,,,3.5,,,947.1260550718674
SalamaFreq,0.5 wt% GO,,,3.533333333333333,,,952.3959479229163
SalamaFreq,0.5 wt% GO,,,3.5666666666666664,,,957.5882934376333
SalamaFreq,0.5 wt% GO,,,3.6,,,962.6995842155198
SalamaFreq,0.5 wt% GO,,,3.6333333333333333,,,967.7263066272207
SalamaFreq,0.5 wt% GO,,,3.6666666666666665,,,972.6649457339569
SalamaFreq,0.5 wt% GO,,,3.7,,,977.5119903676436
SalamaFreq,0.5 wt% GO,,,3.7333333333333334,,,982.2639383620535
SalamaFreq,0.5 wt% GO,,,3.7666666666666666,,,986.9173019243639
SalamaFreq,0.5 wt% GO,,,3.8,,,991.4686131354055
SalamaFreq,0.5 wt% GO,,,3.8333333333333335,,,995.9144295659282
SalamaFreq,0.5 wt% GO,,,3.8666666666666667,,,1000.2513399952238
SalamaFreq,0.5 wt% GO,,,3.9,,,1004.4759702174952
SalamaFreq,0.5 wt% GO,,,3.933333333333333,,,1008.5849889204561
SalamaFreq,0.5 wt% GO,,,3.966666666666667,,,1012.5751136197799
SalamaFreq,0.5 wt% GO,,,4.0,,,1016.4431166322142
SalamaFreq,0.5 wt% GO,,,4.033333333333333,,,1020.1858310694323
SalamaFreq,0.5 wt% GO,,,4.066666666666666,,,1023.8001568340155
SalamaFreq,0.5 wt% GO,,,4.1,,,1027.283066598375
SalamaFreq,0.5 wt% GO,,,4.133333333333333,,,1030.631611746899
SalamaFreq,0.5 wt% GO,,,4.166666666666666,,,1033.8429282612055
SalamaFreq,0.5 wt% GO,,,4.2,,,1036.914242528056
SalamaFreq,0.5 wt% GO,,,4.233333333333333,,,1039.8428770492646
SalamaFreq,0.5 wt% GO,,,4.266666666666667,,,1042.6262560328466
SalamaFreq,0.5 wt% GO,,,4.3,,,1045.261910844638
SalamaFreq,0.5 wt% GO,,,4.333333333333334,,,1047.7474852997566
SalamaFreq,0.5 wt% GO,,,4.366666666666667,,,1050.0807407735103
SalamaFreq,0.5 wt% GO,,,4.4,,,1052.2595611117258
SalamaFreq,0.5 wt% GO,,,4.433333333333334,,,1054.2819573209522
SalamaFreq,0.5 wt% GO,,,4.466666666666667,,,1056.1460720196062
SalamaFreq,0.5 wt% GO,,,4.5,,,1057.850183631849
SalamaFreq,0.5 wt% GO,,,4.533333333333333,,,1059.3927103068238
SalamaFreq,0.5 wt% GO,,,4.566666666666666,,,1060.77221354685
SalamaFreq,0.5 wt% GO,,,4.6,,,1061.9874015292223
SalamaFreq,0.5 wt% GO,,,4.633333333333333,,,1063.0371321074435
SalamaFreq,0.5 wt% GO,,,4.666666666666666,,,1063.9204154789752
SalamaFreq,0.5 wt% GO,,,4.699999999999999,,,1064.6364165079488
SalamaFreq,0.5 wt% GO,,,4.733333333333333,,,1065.184456692707
SalamaFreq,0.5 wt% GO,,,4.766666666666667,,,1065.564015769561
SalamaFreq,0.5 wt% GO,,,4.8,,,1065.7747329456918
SalamaFreq,0.5 wt% GO,,,4.833333333333334,,,1065.8164077557658
SalamaFreq,0.5 wt% GO,,,4.866666666666667,,,1065.6890005384582
SalamaFreq,0.5 wt% GO,,,4.9,,,1065.3926325307816
SalamaFreq,0.5 wt% GO,,,4.933333333333334,,,1064.9275855797957
SalamaFreq,0.5 wt% GO,,,4.966666666666667,,,1064.294301472978
SalamaFreq,0.5 wt% GO,,,5.0,,,1063.493380890226
SalamaFreq,1 wt% GO,,,1.0,,,1211.2229587257818
SalamaFreq,1 wt% GO,,,1.0333333333333334,,,1215.0284312466522
SalamaFreq,1 wt% GO,,,1.0666666666666667,,,1218.836490624363
SalamaFreq,1 wt% GO,,,1.1,,,1222.6469600429364
SalamaFreq,1 wt% GO,,,1.1333333333333333,,,1226.4596602066358
SalamaFreq,1 wt% GO,,,1.1666666666666667,,,1230.2744093327397
SalamaFreq,1 wt% GO,,,1.2,,,1234.09102314484
SalamaFreq,1 wt% GO,,,1.2333333333333334,,,1237.9093148666807
SalamaFreq,1 wt% GO,,,1.2666666666666666,,,1241.7290952165538
SalamaFreq,1 wt% GO,,,1.3,,,1245.5501724022631
SalamaFreq,1 wt% GO,,,1.3333333333333333,,,1249.372352116672
SalamaFreq,1 wt% GO,,,1.3666666666666667,,,1253.1954375338482
SalamaFreq,1 wt% GO,,,1.4,,,1257.0192293058242
SalamaFreq,1 wt% GO,,,1.4333333333333333,,,1260.8435255599811
SalamaFreq,1 wt% GO,,,1.4666666666666668,,,1264.6681218970757
SalamaFreq,1 wt% GO,,,1.5,,,1268.4928113899257
SalamaFreq,1 wt% GO,,,1.5333333333333332,,,1272.3173845827605
SalamaFreq,1 wt% GO,,,1.5666666666666667,,,1276.1416294912644
SalamaFreq,1 wt% GO,,,1.6,,,1279.965331603314
SalamaFreq,1 wt% GO,,,1.6333333333333333,,,1283.7882738804328
SalamaFreq,1 wt% GO,,,1.6666666666666665,,,1287.6102367599751
SalamaFreq,1 wt% GO,,,1.7,,,1291.4309981580536
SalamaFreq,1 wt% GO,,,1.7333333333333334,,,1295.250333473226
SalamaFreq,1 wt% GO,,,1.7666666666666666,,,1299.0680155909517
SalamaFreq,1 wt% GO,,,1.8,,,1302.8838148888406
SalamaFreq,1 wt% GO,,,1.8333333333333335,,,1306.6974992426997
SalamaFreq,1 wt% GO,,,1.8666666666666667,,,1310.5088340333964
SalamaFreq,1 wt% GO,,,1.9,,,1314.3175821545547
SalamaFreq,1 wt% GO,,,1.9333333333333333,,,1318.1235040210915
SalamaFreq,1 wt% GO,,,1.9666666666666668,,,1321.9263575786151
SalamaFreq,1 wt% GO,,,2.0,,,1325.725898313693
SalamaFreq,1 wt% GO,,,2.033333333333333,,,1329.5218792650076
SalamaFreq,1 wt% GO,,,2.0666666666666664,,,1333.3140510354083
SalamaFreq,1 wt% GO,,,2.1,,,1337.1021618048812
SalamaFreq,1 wt% GO,,,2.1333333333333333,,,1340.88595734444
SalamaFreq,1 wt% GO,,,2.166666666666667,,,1344.6651810309577
SalamaFreq,1 wt% GO,,,2.2,,,1348.4395738629505
SalamaFreq,1 wt% GO,,,2.2333333333333334,,,1352.2088744773262
SalamaFreq,1 wt% GO,,,2.2666666666666666,,,1355.9728191671065
SalamaFreq,1 wt% GO,,,2.3,,,1359.7311419001423
SalamaFreq,1 wt% GO,,,2.333333333333333,,,1363.483574338825
SalamaFreq,1 wt% GO,,,2.3666666666666667,,,1367.229845860813
SalamaFreq,1 wt% GO,,,2.4,,,1370.9696835807788
SalamaFreq,1 wt% GO,,,2.4333333333333336,,,1374.7028123731932
SalamaFreq,1 wt% GO,,,2.466666666666667,,,1378.4289548961513
SalamaFreq,1 wt% GO,,,2.5,,,1382.1478316162534
SalamaFreq,1 wt% GO,,,2.533333333333333,,,1385.859160834553
SalamaFreq,1 wt% GO,,,2.5666666666666664,,,1389.5626587135753
SalamaFreq,1 wt% GO,,,2.6,,,1393.2580393054225
SalamaFreq,1 wt% GO,,,2.6333333333333333,,,1396.9450145809678
SalamaFreq,1 wt% GO,,,2.666666666666667,,,1400.6232944601506
SalamaFreq,1 wt% GO,,,2.7,,,1404.2925868433808
SalamaFreq,1 wt% GO,,,2.7333333333333334,,,1407.9525976440548
SalamaFreq,1 wt% GO,,,2.7666666666666666,,,1411.6030308221964
SalamaFreq,1 wt% GO,,,2.8,,,1415.243588419225
SalamaFreq,1 wt% GO,,,2.833333333333333,,,1418.8739705938574
SalamaFreq,1 wt% GO,,,2.8666666666666667,,,1422.4938756591494
SalamaFreq,1 wt% GO,,,2.9,,,1426.1030001206805
SalamaFreq,1 wt% GO,,,2.9333333333333336,,,1429.701038715889
SalamaFreq,1 wt% GO,,,2.966666666666667,,,1433.287684454555
SalamaFreq,1 wt% GO,,,3.0,,,1436.862628660444
SalamaFreq,1 wt% GO,,,3.033333333333333,,,1440.4255610141026
SalamaFreq,1 wt% GO,,,3.0666666666666664,,,1443.9761695968157
SalamaFreq,1 wt% GO,,,3.1,,,1447.5141409357223
SalamaFreq,1 wt% GO,,,3.1333333333333333,,,1451.0391600500952
SalamaFreq,1 wt% GO,,,3.1666666666666665,,,1454.5509104987773
SalamaFreq,1 wt% GO,,,3.2,,,1458.0490744287795
SalamaFreq,1 wt% GO,,,3.2333333333333334,,,1461.5333326250372
SalamaFreq,1 wt% GO,,,3.2666666666666666,,,1465.0033645613207
SalamaFreq,1 wt% GO,,,3.3,,,1468.4588484522992
SalamaFreq,1 wt% GO,,,3.3333333333333335,,,1471.8994613067548
SalamaFreq,1 wt% GO,,,3.3666666666666667,,,1475.3248789819395
SalamaFreq,1 wt% GO,,,3.4,,,1478.7347762390705
SalamaFreq,1 wt% GO,,,3.433333333333333,,,1482.1288267999623
SalamaFreq,1 wt% GO,,,3.466666666666667,,,1485.5067034047802
SalamaFreq,1 wt% GO,,,3.5,,,1488.868077870916
SalamaFreq,1 wt% GO,,,3.533333333333333,,,1492.2126211529728
SalamaFreq,1 wt% GO,,,3.5666666666666664,,,1495.5400034038478
SalamaFreq,1 wt% GO,,,3.6,,,1498.8498940369109
SalamaFreq,1 wt% GO,,,3.6333333333333333,,,1502.1419617892582
SalamaFreq,1 wt% GO,,,3.6666666666666665,,,1505.4158747860363
SalamaFreq,1 wt% GO,,,3.7,,,1508.671300605819
SalamaFreq,1 wt% GO,,,3.7333333333333334,,,1511.907906347028
SalamaFreq,1 wt% GO,,,3.7666666666666666,,,1515.12535869538
SalamaFreq,1 wt% GO,,,3.8,,,1518.3233239923436
SalamaFreq,1 wt% GO,,,3.8333333333333335,,,1521.5014683045936
SalamaFreq,1 wt% GO,,,3.8666666666666667,,,1524.6594574944443
SalamaFreq,1 wt% GO,,,3.9,,,1527.79695729124
SalamaFreq,1 wt% GO,,,3.933333333333333,,,1530.913633363691
SalamaFreq,1 wt% GO,,,3.966666666666667,,,1534.0091513931272
SalamaFreq,1 wt% GO,,,4.0,,,1537.083177147656
SalamaFreq,1 wt% GO,,,4.033333333333333,,,1540.1353765571978
SalamaFreq,1 wt% GO,,,4.066666666666666,,,1543.1654157893786
SalamaFreq,1 wt% GO,,,4.1,,,1546.1729613262553
SalamaFreq,1 wt% GO,,,4.133333333333333,,,1549.1576800418516
SalamaFreq,1 wt% GO,,,4.166666666666666,,,1552.1192392804774
SalamaFreq,1 wt% GO,,,4.2,,,1555.0573069358043
SalamaFreq,1 wt% GO,,,4.233333333333333,,,1557.9715515306746
SalamaFreq,1 wt% GO,,,4.266666666666667,,,1560.8616422976115
SalamaFreq,1 wt% GO,,,4.3,,,1563.727249260003
SalamaFreq,1 wt% GO,,,4.333333333333334,,,1566.5680433139332
SalamaFreq,1 wt% GO,,,4.366666666666667,,,1569.3836963106255
SalamaFreq,1 wt% GO,,,4.4,,,1572.1738811394687
SalamaFreq,1 wt% GO,,,4.433333333333334,,,1574.9382718115955
SalamaFreq,1 wt% GO,,,4.466666666666667,,,1577.6765435439781
SalamaFreq,1 wt% GO,,,4.5,,,1580.388372844008
SalamaFreq,1 wt% GO,,,4.533333333333333,,,1583.0734375945256
SalamaFreq,1 wt% GO,,,4.566666666666666,,,1585.731417139264
SalamaFreq,1 wt% GO,,,4.6,,,1588.3619923686717
SalamaFreq,1 wt% GO,,,4.633333333333333,,,1590.964845806076
SalamaFreq,1 wt% GO,,,4.666666666666666,,,1593.539661694153
SalamaFreq,1 wt% GO,,,4.699999999999999,,,1596.0861260816587
SalamaFreq,1 wt% GO,,,4.733333333333333,,,1598.6039269103917
SalamaFreq,1 wt% GO,,,4.766666666666667,,,1601.0927541023416
SalamaFreq,1 wt% GO,,,4.8,,,1603.552299646985
SalamaFreq,1 wt% GO,,,4.833333333333334,,,1605.9822576886866
SalamaFreq,1 wt% GO,,,4.866666666666667,,,1608.3823246141676
SalamaFreq,1 wt% GO,,,4.9,,,1610.752199139996
SalamaFreq,1 wt% GO,,,4.933333333333334,,,1613.091582400058
SalamaFreq,1 wt% GO,,,4.966666666666667,,,1615.4001780329684
SalamaFreq,1 wt% GO,,,5.0,,,1617.677692269372
SalamaFreq,1.5 wt% GO,,,1.0,,,2003.365716757414
SalamaFreq,1.5 wt% GO,,,1.0333333333333334,,,2009.9013924820708
SalamaFreq,1.5 wt% GO,,,1.0666666666666667,,,2016.4318537521337
SalamaFreq,1.5 wt% GO,,,1.1,,,2022.9565817421578
SalamaFreq,1.5 wt% GO,,,1.1333333333333333,,,2029.4750516890783
SalamaFreq,1.5 wt% GO,,,1.1666666666666667,,,2035.986732921648
SalamaFreq,1.5 wt% GO,,,1.2,,,2042.4910888925808
SalamaFreq,1.5 wt% GO,,,1.2333333333333334,,,2048.9875772134606
SalamaFreq,1.5 wt% GO,,,1.2666666666666666,,,2055.4756496924424
SalamaFreq,1.5 wt% GO,,,1.3,,,2061.9547523748056
SalamaFreq,1.5 wt% GO,,,1.3333333333333333,,,2068.4243255863953
SalamaFreq,1.5 wt% GO,,,1.3666666666666667,,,2074.8838039799903
SalamaFreq,1.5 wt% GO,,,1.4,,,2081.33261658465
SalamaFreq,1.5 wt% GO,,,1.4333333333333333,,,2087.7701868580707
SalamaFreq,1.5 wt% GO,,,1.4666666666666668,,,2094.195932741993
SalamaFreq,1.5 wt% GO,,,1.5,,,2100.6092667207035
SalamaFreq,1.5 wt% GO,,,1.5333333333333332,,,2107.0095958826587
SalamaFreq,1.5 wt% GO,,,1.5666666666666667,,,2113.3963219852762
SalamaFreq,1.5 wt% GO,,,1.6,,,2119.7688415229222
SalamaFreq,1.5 wt% GO,,,1.6333333333333333,,,2126.1265457981276
SalamaFreq,1.5 wt% GO,,,1.6666666666666665,,,2132.4688209960677
SalamaFreq,1.5 wt% GO,,,1.7,,,2138.7950482623346
SalamaFreq,1.5 wt% GO,,,1.7333333333333334,,,2145.104603784027
SalamaFreq,1.5 wt% GO,,,1.7666666666666666,,,2151.3968588741895
SalamaFreq,1.5 wt% GO,,,1.8,,,2157.6711800596227
SalamaFreq,1.5 wt% GO,,,1.8333333333333335,,,2163.9269291720893
SalamaFreq,1.5 wt% GO,,,1.8666666666666667,,,2170.163463442934
SalamaFreq,1.5 wt% GO,,,1.9,,,2176.380135601142
SalamaFreq,1.5 wt% GO,,,1.9333333333333333,,,2182.57629397485
SalamaFreq,1.5 wt% GO,,,1.9666666666666668,,,2188.751282596323
SalamaFreq,1.5 wt% GO,,,2.0,,,2194.9044413104134
SalamaFreq,1.5 wt% GO,,,2.033333333333333,,,2201.035105886513
SalamaFreq,1.5 wt% GO,,,2.0666666666666664,,,2207.142608134005
SalamaFreq,1.5 wt% GO,,,2.1,,,2213.22627602122
SalamaFreq,1.5 wt% GO,,,2.1333333333333333,,,2219.2854337979056
SalamaFreq,1.5 wt% GO,,,2.166666666666667,,,2225.319402121206
SalamaFreq,1.5 wt% GO,,,2.2,,,2231.32749818515
SalamaFreq,1.5 wt% GO,,,2.2333333333333334,,,2237.3090358536465
SalamaFreq,1.5 wt% GO,,,2.2666666666666666,,,2243.263325796981
SalamaFreq,1.5 wt% GO,,,2.3,,,2249.1896756317974
SalamaFreq,1.5 wt% GO,,,2.333333333333333,,,2255.08739006456
SalamaFreq,1.5 wt% GO,,,2.3666666666666667,,,2260.955771038482
SalamaFreq,1.5 wt% GO,,,2.4,,,2266.7941178838864
SalamaFreq,1.5 wt% GO,,,2.4333333333333336,,,2272.6017274720066
SalamaFreq,1.5 wt% GO,,,2.466666666666667,,,2278.3778943721722
SalamaFreq,1.5 wt% GO,,,2.5,,,2284.1219110123748
SalamaFreq,1.5 wt% GO,,,2.533333333333333,,,2289.833067843176
SalamaFreq,1.5 wt% GO,,,2.5666666666666664,,,2295.510653504918
SalamaFreq,1.5 wt% GO,,,2.6,,,2301.1539549982135
SalamaFreq,1.5 wt% GO,,,2.6333333333333333,,,2306.762257857666
SalamaFreq,1.5 wt% GO,,,2.666666666666667,,,2312.334846328775
SalamaFreq,1.5 wt% GO,,,2.7,,,2317.87100354799
SalamaFreq,1.5 wt% GO,,,2.7333333333333334,,,2323.370011725856
SalamaFreq,1.5 wt% GO,,,2.7666666666666666,,,2328.831152333198
SalamaFreq,1.5 wt% GO,,,2.8,,,2334.25370629029
SalamaFreq,1.5 wt% GO,,,2.833333333333333,,,2339.636954158947
SalamaFreq,1.5 wt% GO,,,2.8666666666666667,,,2344.9801763374817
SalamaFreq,1.5 wt% GO,,,2.9,,,2350.28265325845
SalamaFreq,1.5 wt% GO,,,2.9333333333333336,,,2355.5436655891235
SalamaFreq,1.5 wt% GO,,,2.966666666666667,,,2360.762494434614
SalamaFreq,1.5 wt% GO,,,3.0,,,2365.938421543567
SalamaFreq,1.5 wt% GO,,,3.033333333333333,,,2371.070729516355
SalamaFreq,1.5 wt% GO,,,3.0666666666666664,,,2376.158702015675
SalamaFreq,1.5 wt% GO,,,3.1,,,2381.2016239794693
SalamaFreq,1.5 wt% GO,,,3.1333333333333333,,,2386.1987818360844
SalamaFreq,1.5 wt% GO,,,3.1666666666666665,,,2391.14946372156
SalamaFreq,1.5 wt% GO,,,3.2,,,2396.0529596989636
SalamaFreq,1.5 wt% GO,,,3.2333333333333334,,,2400.9085619796674
SalamaFreq,1.5 wt% GO,,,3.2666666666666666,,,2405.715565146458
SalamaFreq,1.5 wt% GO,,,3.3,,,2410.473266378382
SalamaFreq,1.5 wt% GO,,,3.3333333333333335,,,2415.1809656772066
SalamaFreq,1.5 wt% GO,,,3.3666666666666667,,,2419.8379660953933
SalamaFreq,1.5 wt% GO,,,3.4,,,2424.4435739654587
SalamaFreq,1.5 wt% GO,,,3.433333333333333,,,2428.9970991306104
SalamaFreq,1.5 wt% GO,,,3.466666666666667,,,2433.4978551765344
SalamaFreq,1.5 wt% GO,,,3.5,,,2437.9451596642043
SalamaFreq,1.5 wt% GO,,,3.533333333333333,,,2442.338334363596
SalamaFreq,1.5 wt% GO,,,3.5666666666666664,,,2446.6767054881625
SalamaFreq,1.5 wt% GO,,,3.6,,,2450.959603929956
SalamaFreq,1.5 wt% GO,,,3.6333333333333333,,,2455.1863654952385
SalamaFreq,1.5 wt% GO,,,3.6666666666666665,,,2459.3563311404664
SalamaFreq,1.5 wt% GO,,,3.7,,,2463.4688472084945
SalamaFreq,1.5 wt% GO,,,3.7333333333333334,,,2467.52326566486
SalamaFreq,1.5 wt% GO,,,3.7666666666666666,,,2471.5189443340123
SalamaFreq,1.5 wt% GO,,,3.8,,,2475.4552471353295
SalamaFreq,1.5 wt% GO,,,3.8333333333333335,,,2479.331544318781
SalamaFreq,1.5 wt% GO,,,3.8666666666666667,,,2483.1472127000893
SalamaFreq,1.5 wt% GO,,,3.9,,,2486.901635895235
SalamaFreq,1.5 wt% GO,,,3.933333333333333,,,2490.594204554157
SalamaFreq,1.5 wt% GO,,,3.966666666666667,,,2494.224316593491
SalamaFreq,1.5 wt% GO,,,4.0,,,2497.7913774281988
SalamaFreq,1.5 wt% GO,,,4.033333333333333,,,2501.2948002019207
SalamaFreq,1.5 wt% GO,,,4.066666666666666,,,2504.7340060159117
SalamaFreq,1.5 wt% GO,,,4.1,,,2508.108424156391
SalamaFreq,1.5 wt% GO,,,4.133333333333333,,,2511.4174923201504
SalamaFreq,1.5 wt% GO,,,4.166666666666666,,,2514.660656838273
SalamaFreq,1.5 wt% GO,,,4.2,,,2517.837372897793
SalamaFreq,1.5 wt% GO,,,4.233333333333333,,,2520.947104761145
SalamaFreq,1.5 wt% GO,,,4.266666666666667,,,2523.989325983245
SalamaFreq,1.5 wt% GO,,,4.3,,,2526.9635196260474
SalamaFreq,1.5 wt% GO,,,4.333333333333334,,,2529.8691784704124
SalamaFreq,1.5 wt% GO,,,4.366666666666667,,,2532.7058052251477
SalamaFreq,1.5 wt% GO,,,4.4,,,2535.4729127330443
SalamaFreq,1.5 wt% GO,,,4.433333333333334,,,2538.170024173776
SalamaFreq,1.5 wt% GO,,,4.466666666666667,,,2540.7966732634895
SalamaFreq,1.5 wt% GO,,,4.5,,,2543.3524044509572
SalamaFreq,1.5 wt% GO,,,4.533333333333333,,,2545.836773110115
SalamaFreq,1.5 wt% GO,,,4.566666666666666,,,2548.2493457288633
SalamaFreq,1.5 wt% GO,,,4.6,,,2550.5897000939717
SalamaFreq,1.5 wt% GO,,,4.633333333333333,,,2552.857425471942
SalamaFreq,1.5 wt% GO,,,4.666666666666666,,,2555.052122785699
SalamaFreq,1.5 wt% GO,,,4.699999999999999,,,2557.173404786958
SalamaFreq,1.5 wt% GO,,,4.733333333333333,,,2559.2208962241434
SalamaFreq,1.5 wt% GO,,,4.766666666666667,,,2561.194234005714
SalamaFreq,1.5 wt% GO,,,4.8,,,2563.093067358776
SalamaFreq,1.5 wt% GO,,,4.833333333333334,,,2564.9170579828474
SalamaFreq,1.5 wt% GO,,,4.866666666666667,,,2566.665880198654
SalamaFreq,1.5 wt% GO,,,4.9,,,2568.3392210918355
SalamaFreq,1.5 wt% GO,,,4.933333333333334,,,2569.936780651443
SalamaFreq,1.5 wt% GO,,,4.966666666666667,,,2571.4582719031214
SalamaFreq,1.5 wt% GO,,,5.0,,,2572.9034210368563
SalamaFreq,2 wt% GO,,,1.0,,,1344.440584394925
SalamaFreq,2 wt% GO,,,1.0333333333333334,,,1355.6377203283146
SalamaFreq,2 wt% GO,,,1.0666666666666667,,,1366.91235430119
SalamaFreq,2 wt% GO,,,1.1,,,1378.2636772548158
SalamaFreq,2 wt% GO,,,1.1333333333333333,,,1389.6908150592783
SalamaFreq,2 wt% GO,,,1.1666666666666667,,,1401.1928264914825
SalamaFreq,2 wt% GO,,,1.2,,,1412.768701194523
SalamaFreq,2 wt% GO,,,1.2333333333333334,,,1424.4173576209344
SalamaFreq,2 wt% GO,,,1.2666666666666666,,,1436.1376409625357
SalamaFreq,2 wt% GO,,,1.3,,,1447.928321069795
SalamaFreq,2 wt% GO,,,1.3333333333333333,,,1459.7880903638732
SalamaFreq,2 wt% GO,,,1.3666666666666667,,,1471.7155617447318
SalamaFreq,2 wt% GO,,,1.4,,,1483.7092664989295
SalamaFreq,2 wt% GO,,,1.4333333333333333,,,1495.7676522109798
SalamaFreq,2 wt% GO,,,1.4666666666666668,,,1507.8890806823908
SalamaFreq,2 wt% GO,,,1.5,,,1520.0718258627671
SalamaFreq,2 wt% GO,,,1.5333333333333332,,,1532.3140717976185
SalamaFreq,2 wt% GO,,,1.5666666666666667,,,1544.6139105977825
SalamaFreq,2 wt% GO,,,1.6,,,1556.9693404356447
SalamaFreq,2 wt% GO,,,1.6333333333333333,,,1569.3782635736095
SalamaFreq,2 wt% GO,,,1.6666666666666665,,,1581.8384844305538
SalamaFreq,2 wt% GO,,,1.7,,,1594.347707692275
SalamaFreq,2 wt% GO,,,1.7333333333333334,,,1606.903536472211
SalamaFreq,2 wt% GO,,,1.7666666666666666,,,1619.50347052901
SalamaFreq,2 wt% GO,,,1.8,,,1632.1449045477693
SalamaFreq,2 wt% GO,,,1.8333333333333335,,,1644.8251264920618
SalamaFreq,2 wt% GO,,,1.8666666666666667,,,1657.5413160341138
SalamaFreq,2 wt% GO,,,1.9,,,1670.2905430707704
SalamaFreq,2 wt% GO,,,1.9333333333333333,,,1683.069766333118
SalamaFreq,2 wt% GO,,,1.9666666666666668,,,1695.875832097884
SalamaFreq,2 wt% GO,,,2.0,,,1708.7054730089567
SalamaFreq,2 wt% GO,,,2.033333333333333,,,1721.5553070175777
SalamaFreq,2 wt% GO,,,2.0666666666666664,,,1734.4218364499548
SalamaFreq,2 wt% GO,,,2.1,,,1747.3014472112197
SalamaFreq,2 wt% GO,,,2.1333333333333333,,,1760.1904081348155
SalamaFreq,2 wt% GO,,,2.166666666666667,,,1773.0848704865182
SalamaFreq,2 wt% GO,,,2.2,,,1785.9808676324114
SalamaFreq,2 wt% GO,,,2.2333333333333334,,,1798.874314880213
SalamaFreq,2 wt% GO,,,2.2666666666666666,,,1811.761009503389
SalamaFreq,2 wt% GO,,,2.3,,,1824.636630957506
SalamaFreq,2 wt% GO,,,2.333333333333333,,,1837.4967412982594
SalamaFreq,2 wt% GO,,,2.3666666666666667,,,1850.3367858105373
SalamaFreq,2 wt% GO,,,2.4,,,1863.1520938577844
SalamaFreq,2 wt% GO,,,2.4333333333333336,,,1875.9378799607898
SalamaFreq,2 wt% GO,,,2.466666666666667,,,1888.6892451148065
SalamaFreq,2 wt% GO,,,2.5,,,1901.4011783536998
SalamaFreq,2 wt% GO,,,2.533333333333333,,,1914.0685585694962
SalamaFreq,2 wt% GO,,,2.5666666666666664,,,1926.6861565953852
SalamaFreq,2 wt% GO,,,2.6,,,1939.2486375598032
SalamaFreq,2 wt% GO,,,2.6333333333333333,,,1951.75056351879
SalamaFreq,2 wt% GO,,,2.666666666666667,,,1964.1863963732756
SalamaFreq,2 wt% GO,,,2.7,,,1976.5505010773884
SalamaFreq,2 wt% GO,,,2.7333333333333334,,,1988.8371491432438
SalamaFreq,2 wt% GO,,,2.7666666666666666,,,2001.0405224469575
SalamaFreq,2 wt% GO,,,2.8,,,2013.1547173398935
SalamaFreq,2 wt% GO,,,2.833333333333333,,,2025.173749068313
SalamaFreq,2 wt% GO,,,2.8666666666666667,,,2037.091556503729
SalamaFreq,2 wt% GO,,,2.9,,,2048.902007185319
SalamaFreq,2 wt% GO,,,2.9333333333333336,,,2060.598902674753
SalamaFreq,2 wt% GO,,,2.966666666666667,,,2072.17598422274
SalamaFreq,2 wt% GO,,,3.0,,,2083.6269387454863
SalamaFreq,2 wt% GO,,,3.033333333333333,,,2094.9454051080893
SalamaFreq,2 wt% GO,,,3.0666666666666664,,,2106.124980710707
SalamaFreq,2 wt% GO,,,3.1,,,2117.159228372057
SalamaFreq,2 wt% GO,,,3.1333333333333333,,,2128.0416835035353
SalamaFreq,2 wt% GO,,,3.1666666666666665,,,2138.765861565914
SalamaFreq,2 wt% GO,,,3.2,,,2149.32526579921
SalamaFreq,2 wt% GO,,,3.2333333333333334,,,2159.713395214967
SalamaFreq,2 wt% GO,,,3.2666666666666666,,,2169.9237528387844
SalamaFreq,2 wt% GO,,,3.3,,,2179.9498541895296
SalamaFreq,2 wt% GO,,,3.3333333333333335,,,2189.78523598029
SalamaFreq,2 wt% GO,,,3.3666666666666667,,,2199.423465024713
SalamaFreq,2 wt% GO,,,3.4,,,2208.858147331019
SalamaFreq,2 wt% GO,,,3.433333333333333,,,2218.082937364625
SalamaFreq,2 wt% GO,,,3.466666666666667,,,2227.091547458997
SalamaFreq,2 wt% GO,,,3.5,,,2235.8777573530997
SalamaFreq,2 wt% GO,,,3.533333333333333,,,2244.435423832579
SalamaFreq,2 wt% GO,,,3.5666666666666664,,,2252.758490450665
SalamaFreq,2 wt% GO,,,3.6,,,2260.8409973037224
SalamaFreq,2 wt% GO,,,3.6333333333333333,,,2268.6770908353537
SalamaFreq,2 wt% GO,,,3.6666666666666665,,,2276.261033642084
SalamaFreq,2 wt% GO,,,3.7,,,2283.5872142528283
SalamaFreq,2 wt% GO,,,3.7333333333333334,,,2290.65015685367
SalamaFreq,2 wt% GO,,,3.7666666666666666,,,2297.4445309288903
SalamaFreq,2 wt% GO,,,3.8,,,2303.965160788735
SalamaFreq,2 wt% GO,,,3.8333333333333335,,,2310.2070349541063
SalamaFreq,2 wt% GO,,,3.8666666666666667,,,2316.165315368154
SalamaFreq,2 wt% GO,,,3.9,,,2321.83534640474
SalamaFreq,2 wt% GO,,,3.933333333333333,,,2327.212663643825
SalamaFreq,2 wt% GO,,,3.966666666666667,,,2332.293002384122
SalamaFreq,2 wt% GO,,,4.0,,,2337.0723058637454
SalamaFreq,2 wt% GO,,,4.033333333333333,,,2341.546733160185
SalamaFreq,2 wt% GO,,,4.066666666666666,,,2345.7126667416405
SalamaFreq,2 wt% GO,,,4.1,,,2349.5667196426416
SalamaFreq,2 wt% GO,,,4.133333333333333,,,2353.105742237906
SalamaFreq,2 wt% GO,,,4.166666666666666,,,2356.326828589585
SalamaFreq,2 wt% GO,,,4.2,,,2359.227322344347
SalamaFreq,2 wt% GO,,,4.233333333333333,,,2361.8048221582358
SalamaFreq,2 wt% GO,,,4.266666666666667,,,2364.057186628824
SalamaFreq,2 wt% GO,,,4.3,,,2365.9825387159
SalamaFreq,2 wt% GO,,,4.333333333333334,,,2367.5792696337653
SalamaFreq,2 wt% GO,,,4.366666666666667,,,2368.8460422001444
SalamaFreq,2 wt% GO,,,4.4,,,2369.7817936287447
SalamaFreq,2 wt% GO,,,4.433333333333334,,,2370.3857377546115
SalamaFreq,2 wt% GO,,,4.466666666666667,,,2370.657366683589
SalamaFreq,2 wt% GO,,,4.5,,,2370.5964518594415
SalamaFreq,2 wt% GO,,,4.533333333333333,,,2370.203044544452
SalamaFreq,2 wt% GO,,,4.566666666666666,,,2369.477475711607
SalamaFreq,2 wt% GO,,,4.6,,,2368.4203553488
SalamaFreq,2 wt% GO,,,4.633333333333333,,,2367.032571177774
SalamaFreq,2 wt% GO,,,4.666666666666666,,,2365.315286792824
SalamaFreq,2 wt% GO,,,4.699999999999999,,,2363.269939226536
SalamaFreq,2 wt% GO,,,4.733333333333333,,,2360.898235952044
SalamaFreq,2 wt% GO,,,4.766666666666667,,,2358.2021513334503
SalamaFreq,2 wt% GO,,,4.8,,,2355.183922538115
SalamaFreq,2 wt% GO,,,4.833333333333334,,,2351.8460449265413
SalamaFreq,2 wt% GO,,,4.866666666666667,,,2348.191266937458
SalamaFreq,2 wt% GO,,,4.9,,,2344.2225844875084
SalamaFreq,2 wt% GO,,,4.933333333333334,,,2339.943234906615
SalamaFreq,2 wt% GO,,,4.966666666666667,,,2335.356690431651
SalamaFreq,2 wt% GO,,,5.0,,,2330.466651282449
SalamaFreq,2.5 wt% GO,,,1.0,,,1379.3753796020144
SalamaFreq,2.5 wt% GO,,,1.0333333333333334,,,1383.5852965950849
SalamaFreq,2.5 wt% GO,,,1.0666666666666667,,,1387.7973209647103
SalamaFreq,2.5 wt% GO,,,1.1,,,1392.0112558555718
SalamaFreq,2.5 wt% GO,,,1.1333333333333333,,,1396.226901810722
SalamaFreq,2.5 wt% GO,,,1.1666666666666667,,,1400.444056766177
SalamaFreq,2.5 wt% GO,,,1.2,,,1404.662516046083
SalamaFreq,2.5 wt% GO,,,1.2333333333333334,,,1408.8820723584677
SalamaFreq,2.5 wt% GO,,,1.2666666666666666,,,1413.1025157916029
SalamaFreq,2.5 wt% GO,,,1.3,,,1417.3236338109818
SalamaFreq,2.5 wt% GO,,,1.3333333333333333,,,1421.5452112569278
SalamaFreq,2.5 wt% GO,,,1.3666666666666667,,,1425.7670303428524
SalamaFreq,2.5 wt% GO,,,1.4,,,1429.9888706541726
SalamaFreq,2.5 wt% GO,,,1.4333333333333333,,,1434.2105091479052
SalamaFreq,2.5 wt% GO,,,1.4666666666666668,,,1438.4317201529475
SalamaFreq,2.5 wt% GO,,,1.5,,,1442.6522753710665
SalamaFreq,2.5 wt% GO,,,1.5333333333333332,,,1446.8719438786025
SalamaFreq,2.5 wt% GO,,,1.5666666666666667,,,1451.0904921289073
SalamaFreq,2.5 wt% GO,,,1.6,,,1455.3076839555288
SalamaFreq,2.5 wt% GO,,,1.6333333333333333,,,1459.5232805761557
SalamaFreq,2.5 wt% GO,,,1.6666666666666665,,,1463.7370405973395
SalamaFreq,2.5 wt% GO,,,1.7,,,1467.9487200200035
SalamaFreq,2.5 wt% GO,,,1.7333333333333334,,,1472.158072245757
SalamaFreq,2.5 wt% GO,,,1.7666666666666666,,,1476.3648480840254
SalamaFreq,2.5 wt% GO,,,1.8,,,1480.5687957600137
SalamaFreq,2.5 wt% GO,,,1.8333333333333335,,,1484.7696609235113
SalamaFreq,2.5 wt% GO,,,1.8666666666666667,,,1488.9671866585602
SalamaFreq,2.5 wt% GO,,,1.9,,,1493.161113493992
SalamaFreq,2.5 wt% GO,,,1.9333333333333333,,,1497.3511794148499
SalamaFreq,2.5 wt% GO,,,1.9666666666666668,,,1501.537119874715
SalamaFreq,2.5 wt% GO,,,2.0,,,1505.7186678089367
SalamaFreq,2.5 wt% GO,,,2.033333333333333,,,1509.8955536487956
SalamaFreq,2.5 wt% GO,,,2.0666666666666664,,,1514.067505336597
SalamaFreq,2.5 wt% GO,,,2.1,,,1518.23424834172
SalamaFreq,2.5 wt% GO,,,2.1333333333333333,,,1522.3955056776267
SalamaFreq,2.5 wt% GO,,,2.166666666666667,,,1526.550997919845
SalamaFreq,2.5 wt% GO,,,2.2,,,1530.7004432249398
SalamaFreq,2.5 wt% GO,,,2.2333333333333334,,,1534.84355735048
SalamaFreq,2.5 wt% GO,,,2.2666666666666666,,,1538.980053676016
SalamaFreq,2.5 wt% GO,,,2.3,,,1543.109643225077
SalamaFreq,2.5 wt% GO,,,2.333333333333333,,,1547.2320346881982
SalamaFreq,2.5 wt% GO,,,2.3666666666666667,,,1551.3469344469913
SalamaFreq,2.5 wt% GO,,,2.4,,,1555.4540465992634
SalamaFreq,2.5 wt% GO,,,2.4333333333333336,,,1559.5530729851996
SalamaFreq,2.5 wt% GO,,,2.466666666666667,,,1563.6437132146145
SalamaFreq,2.5 wt% GO,,,2.5,,,1567.725664695283
SalamaFreq,2.5 wt% GO,,,2.533333333333333,,,1571.798622662359
SalamaFreq,2.5 wt% GO,,,2.5666666666666664,,,1575.8622802088912
SalamaFreq,2.5 wt% GO,,,2.6,,,1579.9163283174407
SalamaFreq,2.5 wt% GO,,,2.6333333333333333,,,1583.9604558928106
SalamaFreq,2.5 wt% GO,,,2.666666666666667,,,1587.9943497958952
SalamaFreq,2.5 wt% GO,,,2.7,,,1592.0176948786502
SalamaFreq,2.5 wt% GO,,,2.7333333333333334,,,1596.0301740201965
SalamaFreq,2.5 wt% GO,,,2.7666666666666666,,,1600.0314681640555
SalamaFreq,2.5 wt% GO,,,2.8,,,1604.0212563565296
SalamaFreq,2.5 wt% GO,,,2.833333333333333,,,1607.9992157862239
SalamaFreq,2.5 wt% GO,,,2.8666666666666667,,,1611.9650218247184
SalamaFreq,2.5 wt% GO,,,2.9,,,1615.9183480683907
SalamaFreq,2.5 wt% GO,,,2.9333333333333336,,,1619.8588663813946
SalamaFreq,2.5 wt% GO,,,2.966666666666667,,,1623.7862469397937
SalamaFreq,2.5 wt% GO,,,3.0,,,1627.7001582768542
SalamaFreq,2.5 wt% GO,,,3.033333333333333,,,1631.600267329498
SalamaFreq,2.5 wt% GO,,,3.0666666666666664,,,1635.4862394859092
SalamaFreq,2.5 wt% GO,,,3.1,,,1639.3577386343072
SalamaFreq,2.5 wt% GO,,,3.1333333333333333,,,1643.2144272128708
SalamaFreq,2.5 wt% GO,,,3.1666666666666665,,,1647.055966260821
SalamaFreq,2.5 wt% GO,,,3.2,,,1650.8820154706575
SalamaFreq,2.5 wt% GO,,,3.2333333333333334,,,1654.6922332415425
SalamaFreq,2.5 wt% GO,,,3.2666666666666666,,,1658.4862767338336
SalamaFreq,2.5 wt% GO,,,3.3,,,1662.2638019247572
SalamaFreq,2.5 wt% GO,,,3.3333333333333335,,,1666.0244636652176
SalamaFreq,2.5 wt% GO,,,3.3666666666666667,,,1669.7679157377363
SalamaFreq,2.5 wt% GO,,,3.4,,,1673.4938109155148
SalamaFreq,2.5 wt% GO,,,3.433333333333333,,,1677.2018010226134
SalamaFreq,2.5 wt% GO,,,3.466666666666667,,,1680.8915369952356
SalamaFreq,2.5 wt% GO,,,3.5,,,1684.562668944111
SalamaFreq,2.5 wt% GO,,,3.533333333333333,,,1688.214846217968
SalamaFreq,2.5 wt% GO,,,3.5666666666666664,,,1691.847717468079
SalamaFreq,2.5 wt% GO,,,3.6,,,1695.460930713876
SalamaFreq,2.5 wt% GO,,,3.6333333333333333,,,1699.0541334096133
SalamaFreq,2.5 wt% GO,,,3.6666666666666665,,,1702.6269725120774
SalamaFreq,2.5 wt% GO,,,3.7,,,1706.1790945493124
SalamaFreq,2.5 wt% GO,,,3.7333333333333334,,,1709.710145690364
SalamaFreq,2.5 wt% GO,,,3.7666666666666666,,,1713.2197718160144
SalamaFreq,2.5 wt% GO,,,3.8,,,1716.707618590494
SalamaFreq,2.5 wt% GO,,,3.8333333333333335,,,1720.1733315341546
SalamaFreq,2.5 wt% GO,,,3.8666666666666667,,,1723.6165560970842
SalamaFreq,2.5 wt% GO,,,3.9,,,1727.036937733644
SalamaFreq,2.5 wt% GO,,,3.933333333333333,,,1730.4341219779055
SalamaFreq,2.5 wt% GO,,,3.966666666666667,,,1733.8077545199728
SalamaFreq,2.5 wt% GO,,,4.0,,,1737.1574812831607
SalamaFreq,2.5 wt% GO,,,4.033333333333333,,,1740.4829485020093
SalamaFreq,2.5 wt% GO,,,4.066666666666666,,,1743.783802801114
SalamaFreq,2.5 wt% GO,,,4.1,,,1747.059691274741
SalamaFreq,2.5 wt% GO,,,4.133333333333333,,,1750.3102615672071
SalamaFreq,2.5 wt% GO,,,4.166666666666666,,,1753.5351619539963
SalamaFreq,2.5 wt% GO,,,4.2,,,1756.7340414235855
SalamaFreq,2.5 wt% GO,,,4.233333333333333,,,1759.9065497599522
SalamaFreq,2.5 wt% GO,,,4.266666666666667,,,1763.052337625737
SalamaFreq,2.5 wt% GO,,,4.3,,,1766.1710566460263
SalamaFreq,2.5 wt% GO,,,4.333333333333334,,,1769.262359492732
SalamaFreq,2.5 wt% GO,,,4.366666666666667,,,1772.3258999695308
SalamaFreq,2.5 wt% GO,,,4.4,,,1775.3613330973353
SalamaFreq,2.5 wt% GO,,,4.433333333333334,,,1778.3683152002613
SalamaFreq,2.5 wt% GO,,,4.466666666666667,,,1781.3465039920616
SalamaFreq,2.5 wt% GO,,,4.5,,,1784.2955586629855
SalamaFreq,2.5 wt% GO,,,4.533333333333333,,,1787.2151399670386
SalamaFreq,2.5 wt% GO,,,4.566666666666666,,,1790.1049103095972
SalamaFreq,2.5 wt% GO,,,4.6,,,1792.964533835349
SalamaFreq,2.5 wt% GO,,,4.633333333333333,,,1795.7936765165161
SalamaFreq,2.5 wt% GO,,,4.666666666666666,,,1798.592006241332
SalamaFreq,2.5 wt% GO,,,4.699999999999999,,,1801.3591929027216
SalamaFreq,2.5 wt% GO,,,4.733333333333333,,,1804.0949084871565
SalamaFreq,2.5 wt% GO,,,4.766666666666667,,,1806.7988271636414
SalamaFreq,2.5 wt% GO,,,4.8,,,1809.47062537279
SalamaFreq,2.5 wt% GO,,,4.833333333333334,,,1812.109981915952
SalamaFreq,2.5 wt% GO,,,4.866666666666667,,,1814.7165780443502
SalamaFreq,2.5 wt% GO,,,4.9,,,1817.2900975481855
SalamaFreq,2.5 wt% GO,,,4.933333333333334,,,1819.8302268456648
SalamaFreq,2.5 wt% GO,,,4.966666666666667,,,1822.3366550719152
SalamaFreq,2.5 wt% GO,,,5.0,,,1824.809074167735
SalamaFreq,3 wt% GO,,,1.0,,,710.5299288634644
SalamaFreq,3 wt% GO,,,1.0333333333333334,,,715.3617585024389
SalamaFreq,3 wt% GO,,,1.0666666666666667,,,720.2187213457449
SalamaFreq,3 wt% GO,,,1.1,,,725.1004970704499
SalamaFreq,3 wt% GO,,,1.1333333333333333,,,730.0067479763281
SalamaFreq,3 wt% GO,,,1.1666666666666667,,,734.9371185852576
SalamaFreq,3 wt% GO,,,1.2,,,739.8912352396665
SalamaFreq,3 wt% GO,,,1.2333333333333334,,,744.8687057004854
SalamaFreq,3 wt% GO,,,1.2666666666666666,,,749.8691187450792
SalamaFreq,3 wt% GO,,,1.3,,,754.8920437656633
SalamaFreq,3 wt% GO,,,1.3333333333333333,,,759.9370303687327
SalamaFreq,3 wt% GO,,,1.3666666666666667,,,765.0036079760649
SalamaFreq,3 wt% GO,,,1.4,,,770.091285427876
SalamaFreq,3 wt% GO,,,1.4333333333333333,,,775.1995505887536
SalamaFreq,3 wt% GO,,,1.4666666666666668,,,780.3278699569979
SalamaFreq,3 wt% GO,,,1.5,,,785.4756882780523
SalamaFreq,3 wt% GO,,,1.5333333333333332,,,790.6424281627192
SalamaFreq,3 wt% GO,,,1.5666666666666667,,,795.8274897108932
SalamaFreq,3 wt% GO,,,1.6,,,801.0302501415737
SalamaFreq,3 wt% GO,,,1.6333333333333333,,,806.2500634299444
SalamaFreq,3 wt% GO,,,1.6666666666666665,,,811.486259952342
SalamaFreq,3 wt% GO,,,1.7,,,816.738146139964
SalamaFreq,3 wt% GO,,,1.7333333333333334,,,822.0050041421921
SalamaFreq,3 wt% GO,,,1.7666666666666666,,,827.2860915004425
SalamaFreq,3 wt% GO,,,1.8,,,832.5806408334789
SalamaFreq,3 wt% GO,,,1.8333333333333335,,,837.8878595351551
SalamaFreq,3 wt% GO,,,1.8666666666666667,,,843.206929485577
SalamaFreq,3 wt% GO,,,1.9,,,848.5370067767072
SalamaFreq,3 wt% GO,,,1.9333333333333333,,,853.8772214534577
SalamaFreq,3 wt% GO,,,1.9666666666666668,,,859.2266772713377
SalamaFreq,3 wt% GO,,,2.0,,,864.5844514717594
SalamaFreq,3 wt% GO,,,2.033333333333333,,,869.9495945761067
SalamaFreq,3 wt% GO,,,2.0666666666666664,,,875.3211301997178
SalamaFreq,3 wt% GO,,,2.1,,,880.6980548869285
SalamaFreq,3 wt% GO,,,2.1333333333333333,,,886.0793379683574
SalamaFreq,3 wt% GO,,,2.166666666666667,,,891.4639214416205
SalamaFreq,3 wt% GO,,,2.2,,,896.8507198766792
SalamaFreq,3 wt% GO,,,2.2333333333333334,,,902.2386203470371
SalamaFreq,3 wt% GO,,,2.2666666666666666,,,907.6264823880084
SalamaFreq,3 wt% GO,,,2.3,,,913.0131379832869
SalamaFreq,3 wt% GO,,,2.333333333333333,,,918.397391581047
SalamaFreq,3 wt% GO,,,2.3666666666666667,,,923.7780201408095
SalamaFreq,3 wt% GO,,,2.4,,,929.1537732123003
SalamaFreq,3 wt% GO,,,2.4333333333333336,,,934.5233730475228
SalamaFreq,3 wt% GO,,,2.466666666666667,,,939.885514747255
SalamaFreq,3 wt% GO,,,2.5,,,945.2388664431693
SalamaFreq,3 wt% GO,,,2.533333333333333,,,950.5820695167506
SalamaFreq,3 wt% GO,,,2.5666666666666664,,,955.9137388561711
SalamaFreq,3 wt% GO,,,2.6,,,961.232463152249
SalamaFreq,3 wt% GO,,,2.6333333333333333,,,966.5368052345875
SalamaFreq,3 wt% GO,,,2.666666666666667,,,971.825302448959
SalamaFreq,3 wt% GO,,,2.7,,,977.0964670769497
SalamaFreq,3 wt% GO,,,2.7333333333333334,,,982.348786798843
SalamaFreq,3 wt% GO,,,2.7666666666666666,,,987.5807252006654
SalamaFreq,3 wt% GO,,,2.8,,,992.790722326257
SalamaFreq,3 wt% GO,,,2.833333333333333,,,997.9771952751817
SalamaFreq,3 wt% GO,,,2.8666666666666667,,,1003.1385388472069
SalamaFreq,3 wt% GO,,,2.9,,,1008.2731262340271
SalamaFreq,3 wt% GO,,,2.9333333333333336,,,1013.3793097588192
SalamaFreq,3 wt% GO,,,2.966666666666667,,,1018.4554216641328
SalamaFreq,3 wt% GO,,,3.0,,,1023.4997749485411
SalamaFreq,3 wt% GO,,,3.033333333333333,,,1028.5106642523708
SalamaFreq,3 wt% GO,,,3.0666666666666664,,,1033.48636679274
SalamaFreq,3 wt% GO,,,3.1,,,1038.425143348025
SalamaFreq,3 wt% GO,,,3.1333333333333333,,,1043.3252392917684
SalamaFreq,3 wt% GO,,,3.1666666666666665,,,1048.184885675927
SalamaFreq,3 wt% GO,,,3.2,,,1053.002300363236
SalamaFreq,3 wt% GO,,,3.2333333333333334,,,1057.7756892083473
SalamaFreq,3 wt% GO,,,3.2666666666666666,,,1062.5032472872695
SalamaFreq,3 wt% GO,,,3.3,,,1067.1831601745018
SalamaFreq,3 wt% GO,,,3.3333333333333335,,,1071.8136052671248
SalamaFreq,3 wt% GO,,,3.3666666666666667,,,1076.392753154968
SalamaFreq,3 wt% GO,,,3.4,,,1080.918769035832
SalamaFreq,3 wt% GO,,,3.433333333333333,,,1085.389814174601
SalamaFreq,3 wt% GO,,,3.466666666666667,,,1089.8040474049317
SalamaFreq,3 wt% GO,,,3.5,,,1094.1596266720574
SalamaFreq,3 wt% GO,,,3.533333333333333,,,1098.4547106151012
SalamaFreq,3 wt% GO,,,3.5666666666666664,,,1102.6874601871323
SalamaFreq,3 wt% GO,,,3.6,,,1106.8560403110578
SalamaFreq,3 wt% GO,,,3.6333333333333333,,,1110.9586215692905
SalamaFreq,3 wt% GO,,,3.6666666666666665,,,1114.9933819249857
SalamaFreq,3 wt% GO,,,3.7,,,1118.9585084724863
SalamaFreq,3 wt% GO,,,3.7333333333333334,,,1122.852199214485
SalamaFreq,3 wt% GO,,,3.7666666666666666,,,1126.6726648632587
SalamaFreq,3 wt% GO,,,3.8,,,1130.4181306632004
SalamaFreq,3 wt% GO,,,3.8333333333333335,,,1134.086838231739
SalamaFreq,3 wt% GO,,,3.8666666666666667,,,1137.6770474156083
SalamaFreq,3 wt% GO,,,3.9,,,1141.1870381593112
SalamaFreq,3 wt% GO,,,3.933333333333333,,,1144.6151123825018
SalamaFreq,3 wt% GO,,,3.966666666666667,,,1147.9595958629072
SalamaFreq,3 wt% GO,,,4.0,,,1151.218840121308
SalamaFreq,3 wt% GO,,,4.033333333333333,,,1154.3912243050088
SalamaFreq,3 wt% GO,,,4.066666666666666,,,1157.4751570661424
SalamaFreq,3 wt% GO,,,4.1,,,1160.4690784310872
SalamaFreq,3 wt% GO,,,4.133333333333333,,,1163.371461657209
SalamaFreq,3 wt% GO,,,4.166666666666666,,,1166.1808150730965
SalamaFreq,3 wt% GO,,,4.2,,,1168.8956838984095
SalamaFreq,3 wt% GO,,,4.233333333333333,,,1171.5146520394474
SalamaFreq,3 wt% GO,,,4.266666666666667,,,1174.0363438565128
SalamaFreq,3 wt% GO,,,4.3,,,1176.4594258991642
SalamaFreq,3 wt% GO,,,4.333333333333334,,,1178.7826086054476
SalamaFreq,3 wt% GO,,,4.366666666666667,,,1181.0046479612256
SalamaFreq,3 wt% GO,,,4.4,,,1183.1243471157698
SalamaFreq,3 wt% GO,,,4.433333333333334,,,1185.1405579498228
SalamaFreq,3 wt% GO,,,4.466666666666667,,,1187.0521825924086
SalamaFreq,3 wt% GO,,,4.5,,,1188.8581748827503
SalamaFreq,3 wt% GO,,,4.533333333333333,,,1190.5575417737452
SalamaFreq,3 wt% GO,,,4.566666666666666,,,1192.1493446735556
SalamaFreq,3 wt% GO,,,4.6,,,1193.6327007219925
SalamaFreq,3 wt% GO,,,4.633333333333333,,,1195.0067839985054
SalamaFreq,3 wt% GO,,,4.666666666666666,,,1196.2708266587354
SalamaFreq,3 wt% GO,,,4.699999999999999,,,1197.4241199967425
SalamaFreq,3 wt% GO,,,4.733333333333333,,,1198.4660154302012
SalamaFreq,3 wt% GO,,,4.766666666666667,,,1199.3959254060176
SalamaFreq,3 wt% GO,,,4.8,,,1200.2133242240336
SalamaFreq,3 wt% GO,,,4.833333333333334,,,1200.917748776673
SalamaFreq,3 wt% GO,,,4.866666666666667,,,1201.508799202591
SalamaFreq,3 wt% GO,,,4.9,,,1201.9861394526183
SalamaFreq,3 wt% GO,,,4.933333333333334,,,1202.3494977665043
SalamaFreq,3 wt% GO,,,4.966666666666667,,,1202.5986670592
SalamaFreq,3 wt% GO,,,5.0,,,1202.7335052156582
ParkG,70 g,0.07,1.0,105.0,0.1312,0.0027291058776381027,
ParkG,70 g,0.07,1.0,110.0,0.2212,0.0028916089294578323,
ParkG,70 g,0.07,1.0,115.0,0.2032,0.0030690478335716033,
ParkG,70 g,0.07,1.0,120.0,0.1792,0.00326330759998502,
ParkG,70 g,0.07,1.0,125.0,0.1792,0.0034765797458245827,
ParkG,70 g,0.07,1.0,130.0,0.2753,0.0037114239912052907,
ParkG,70 g,0.07,1.0,135.0,0.9059,0.003970844914624328,
ParkG,70 g,0.07,1.0,140.0,0.6837,0.004258387852198796,
ParkG,70 g,0.07,1.0,145.0,0.8639,0.00457825975309721,
ParkG,70 g,0.07,1.0,150.0,0.8339,0.004935482679242391,
ParkG,70 g,0.07,1.0,155.0,1.3504,0.005336090400333867,
ParkG,70 g,0.07,1.0,160.0,0.8819,0.005787382443619178,
ParkG,70 g,0.07,1.0,165.0,0.4915,0.006298255554547239,
ParkG,70 g,0.07,1.0,170.0,0.7137,0.006879640644528107,
ParkG,70 g,0.07,1.0,175.0,0.7257,0.007545085250190875,
ParkG,70 g,0.07,1.0,180.0,0.3834,0.00831153937768176,
ParkG,70 g,0.07,1.0,185.0,0.3534,0.00920042970904352,
ParkG,70 g,0.07,1.0,190.0,0.2393,0.010239149036618666,
ParkG,70 g,0.07,1.0,195.0,0.2753,0.011463153781530443,
ParkG,70 g,0.07,1.0,200.0,0.4074,0.012918968592522711,
ParkG,70 g,0.07,1.0,205.0,0.3053,0.014668571643946372,
ParkG,70 g,0.07,1.0,210.0,0.2032,0.01679592871236498,
ParkG,70 g,0.07,1.0,215.0,0.2393,0.01941695419672164,
ParkG,70 g,0.07,1.0,220.0,0.2633,0.022695087197468728,
ParkG,70 g,0.07,1.0,225.0,0.1792,0.02686634682156272,
ParkG,70 g,0.07,1.0,230.0,0.1191,0.03228092672971811,
ParkG,70 g,0.07,1.0,235.0,0.1312,0.03947471142452023,
ParkG,70 g,0.07,1.0,240.0,0.2393,0.049297087150792146,
ParkG,70 g,0.07,1.0,245.0,0.1312,0.06314907290690379,
ParkG,70 g,0.07,1.0,250.0,0.1552,0.08344607447183403,
ParkG,70 g,0.07,1.0,255.0,0.2933,0.11454884746293165,
ParkG,70 g,0.07,1.0,260.0,0.4615,0.16463929757869322,
ParkG,70 g,0.07,1.0,265.0,0.8098,0.24902017643660784,
ParkG,70 g,0.07,1.0,270.0,1.2062,0.39131826830065614,
ParkG,70 g,0.07,1.0,275.0,0.7678,0.5906460403284205,
ParkG,70 g,0.07,1.0,280.0,0.5215,0.7000207595474036,
ParkG,70 g,0.07,1.0,285.0,0.3774,0.5675795076667415,
ParkG,70 g,0.07,1.0,290.0,0.3233,0.3713224300279758,
ParkG,70 g,0.07,1.0,295.0,0.2933,0.23684571826112275,
ParkG,170 g,0.17,1.0,105.0,0.1605,0.0027038871586772912,
ParkG,170 g,0.17,1.0,110.0,0.2987,0.002864888576270333,
ParkG,170 g,0.17,1.0,115.0,0.4128,0.0030406878291370696,
ParkG,170 g,0.17,1.0,120.0,0.3828,0.003233152508560745,
ParkG,170 g,0.17,1.0,125.0,0.3467,0.0034444538806197205,
ParkG,170 g,0.17,1.0,130.0,0.4128,0.003677128011944998,
ParkG,170 g,0.17,1.0,135.0,0.3527,0.00393415171676806,
ParkG,170 g,0.17,1.0,140.0,0.5389,0.0042190375699870716,
ParkG,170 g,0.17,1.0,145.0,0.9954,0.004535953645815335,
ParkG,170 g,0.17,1.0,150.0,0.9053,0.004889875599046776,
ParkG,170 g,0.17,1.0,155.0,1.1936,0.005286781443412061,
ParkG,170 g,0.17,1.0,160.0,0.5749,0.005733903253764265,
ParkG,170 g,0.17,1.0,165.0,0.665,0.006240055563819521,
ParkG,170 g,0.17,1.0,170.0,0.3888,0.006816068276234401,
ParkG,170 g,0.17,1.0,175.0,0.4308,0.00747536373956022,
ParkG,170 g,0.17,1.0,180.0,0.9653,0.00823473533082709,
ParkG,170 g,0.17,1.0,185.0,1.7701,0.009115411735555487,
ParkG,170 g,0.17,1.0,190.0,1.1395,0.01014453261881379,
ParkG,170 g,0.17,1.0,195.0,0.8032,0.011357226761259918,
ParkG,170 g,0.17,1.0,200.0,0.5689,0.012799588893527543,
ParkG,170 g,0.17,1.0,205.0,0.5629,0.014533024471197852,
ParkG,170 g,0.17,1.0,210.0,0.3948,0.01664072337227406,
ParkG,170 g,0.17,1.0,215.0,0.3227,0.019237528871022713,
ParkG,170 g,0.17,1.0,220.0,0.2927,0.0224853697839694,
ParkG,170 g,0.17,1.0,225.0,0.3007,0.026618084247527648,
ParkG,170 g,0.17,1.0,230.0,0.2326,0.03198262990449715,
ParkG,170 g,0.17,1.0,235.0,0.1665,0.03910993933501241,
ParkG,170 g,0.17,1.0,240.0,0.1005,0.04884154990079788,
ParkG,170 g,0.17,1.0,245.0,0.1005,0.06256553427055991,
ParkG,170 g,0.17,1.0,250.0,0.1305,0.08267497829790714,
ParkG,170 g,0.17,1.0,255.0,0.3467,0.11349034137303506,
ParkG,170 g,0.17,1.0,260.0,0.3828,0.16311792304736292,
ParkG,170 g,0.17,1.0,265.0,0.3767,0.24671906752889428,
ParkG,170 g,0.17,1.0,270.0,0.4668,0.3877022321793143,
ParkG,170 g,0.17,1.0,275.0,0.589,0.5851880855387552,
ParkG,170 g,0.17,1.0,280.0,0.5389,0.6935521109887636,
ParkG,170 g,0.17,1.0,285.0,0.7371,0.5623347026890206,
ParkG,170 g,0.17,1.0,290.0,0.5509,0.3678911684988975,
ParkG,170 g,0.17,1.0,295.0,0.2867,0.23465710929038247,
ParkG,370 g,0.37,1.0,105.0,0.1365,0.004210420729264248,
ParkG,370 g,0.37,1.0,110.0,0.2927,0.004461127828448923,
ParkG,370 g,0.37,1.0,115.0,0.7371,0.00473487772074153,
ParkG,370 g,0.37,1.0,120.0,0.7011,0.005034578569312837,
ParkG,370 g,0.37,1.0,125.0,0.4428,0.005363611411598423,
ParkG,370 g,0.37,1.0,130.0,0.1966,0.005725925342692625,
ParkG,370 g,0.37,1.0,135.0,0.3888,0.00612615577805913,
ParkG,370 g,0.37,1.0,140.0,1.3857,0.006569772405335186,
ParkG,370 g,0.37,1.0,145.0,0.659,0.007063265638150844,
ParkG,370 g,0.37,1.0,150.0,0.3888,0.007614383433005981,
ParkG,370 g,0.37,1.0,155.0,0.7551,0.008232434592914306,
ParkG,370 g,0.37,1.0,160.0,0.7912,0.008928680711311499,
ParkG,370 g,0.37,1.0,165.0,0.9713,0.009716847544229242,
ParkG,370 g,0.37,1.0,170.0,0.8092,0.010613799126283331,
ParkG,370 g,0.37,1.0,175.0,1.8362,0.011640436379464731,
ParkG,370 g,0.37,1.0,180.0,2.3887,0.012822909501105083,
ParkG,370 g,0.37,1.0,185.0,1.0854,0.014194275232231332,
ParkG,370 g,0.37,1.0,190.0,0.8212,0.015796794733048503,
ParkG,370 g,0.37,1.0,195.0,0.5629,0.017685169600774226,
ParkG,370 g,0.37,1.0,200.0,0.629,0.019931177316486817,
ParkG,370 g,0.37,1.0,205.0,0.5329,0.022630436812448012,
ParkG,370 g,0.37,1.0,210.0,0.1665,0.025912489140578424,
ParkG,370 g,0.37,1.0,215.0,0.1425,0.029956165174436042,
ParkG,370 g,0.37,1.0,220.0,0.1725,0.035013616134006706,
ParkG,370 g,0.37,1.0,225.0,0.1485,0.04144896850796003,
ParkG,370 g,0.37,1.0,230.0,0.2867,0.04980249545330717,
ParkG,370 g,0.37,1.0,235.0,1.0014,0.060900950976429696,
ParkG,370 g,0.37,1.0,240.0,0.3287,0.0760547545380229,
ParkG,370 g,0.37,1.0,245.0,1.0494,0.09742537575389189,
ParkG,370 g,0.37,1.0,250.0,1.2476,0.12873926387788484,
ParkG,370 g,0.37,1.0,255.0,0.629,0.17672412265978485,
ParkG,370 g,0.37,1.0,260.0,0.617,0.25400286484185947,
ParkG,370 g,0.37,1.0,265.0,0.5749,0.3841843299172908,
ParkG,370 g,0.37,1.0,270.0,0.3828,0.6037195412948929,
ParkG,370 g,0.37,1.0,275.0,0.1906,0.9112392275556868,
ParkG,370 g,0.37,1.0,280.0,0.4428,1.0799807882369503,
ParkG,370 g,0.37,1.0,285.0,0.3587,0.8756525513234562,
ParkG,370 g,0.37,1.0,290.0,0.4608,0.5728702830626797,
ParkG,370 g,0.37,1.0,295.0,0.3107,0.3654017713182871,
ParkG,570 g,0.57,1.0,105.0,0.5594,0.007792915644529313,
ParkG,570 g,0.57,1.0,110.0,0.3008,0.008256940358698962,
ParkG,570 g,0.57,1.0,115.0,0.3368,0.008763614146310696,
ParkG,570 g,0.57,1.0,120.0,0.3008,0.009318319621532449,
ParkG,570 g,0.57,1.0,125.0,0.1624,0.009927314624428361,
ParkG,570 g,0.57,1.0,130.0,0.2105,0.010597908392464534,
ParkG,570 g,0.57,1.0,135.0,0.6436,0.01133868044868834,
ParkG,570 g,0.57,1.0,140.0,0.4511,0.012159754440378718,
ParkG,570 g,0.57,1.0,145.0,0.3248,0.013073143239685364,
ParkG,570 g,0.57,1.0,150.0,0.3248,0.014093187259432434,
ParkG,570 g,0.57,1.0,155.0,0.3248,0.015237115826877696,
ParkG,570 g,0.57,1.0,160.0,0.2887,0.016525772618534815,
ParkG,570 g,0.57,1.0,165.0,0.5293,0.01798456214045917,
ParkG,570 g,0.57,1.0,170.0,0.5173,0.019644697425180723,
ParkG,570 g,0.57,1.0,175.0,0.4331,0.021544863234257,
ParkG,570 g,0.57,1.0,180.0,0.3729,0.023733460023366196,
ParkG,570 g,0.57,1.0,185.0,0.391,0.026271671320443057,
ParkG,570 g,0.57,1.0,190.0,0.4571,0.029237716780409168,
ParkG,570 g,0.57,1.0,195.0,0.5894,0.032732841613695676,
ParkG,570 g,0.57,1.0,200.0,1.3172,0.0368898961673789,
ParkG,570 g,0.57,1.0,205.0,0.9323,0.041885858069361105,
ParkG,570 g,0.57,1.0,210.0,2.0209,0.04796049017353108,
ParkG,570 g,0.57,1.0,215.0,1.5938,0.05544478408426428,
ParkG,570 g,0.57,1.0,220.0,1.0405,0.06480543738675862,
ParkG,570 g,0.57,1.0,225.0,0.8481,0.07671639864639578,
ParkG,570 g,0.57,1.0,230.0,0.5293,0.09217763993445313,
ParkG,570 g,0.57,1.0,235.0,0.5173,0.1127193703784242,
ParkG,570 g,0.57,1.0,240.0,0.8601,0.14076699802486606,
ParkG,570 g,0.57,1.0,245.0,0.9263,0.18032110891191686,
ParkG,570 g,0.57,1.0,250.0,1.5517,0.2382788533616379,
ParkG,570 g,0.57,1.0,255.0,1.0706,0.3270922952352587,
ParkG,570 g,0.57,1.0,260.0,0.397,0.4701247277792322,
ParkG,570 g,0.57,1.0,265.0,0.3489,0.7110728992441189,
ParkG,570 g,0.57,1.0,270.0,0.403,1.117402692221488,
ParkG,570 g,0.57,1.0,275.0,0.403,1.6865797717009676,
ParkG,570 g,0.57,1.0,280.0,0.8721,1.9988974313057597,
ParkG,570 g,0.57,1.0,285.0,0.806,1.6207136780777278,
ParkG,570 g,0.57,1.0,290.0,0.4812,1.0603049144557137,
ParkG,570 g,0.57,1.0,295.0,0.1925,0.6763089399720387,
ParkG,870 g,0.87,1.0,105.0,0.242,0.017059085538698362,
ParkG,870 g,0.87,1.0,110.0,0.2901,0.018074859050457994,
ParkG,870 g,0.87,1.0,115.0,0.3262,0.01918399353584827,
ParkG,870 g,0.87,1.0,120.0,0.4645,0.020398271808863472,
ParkG,870 g,0.87,1.0,125.0,0.5186,0.02173139259714434,
ParkG,870 g,0.87,1.0,130.0,0.4224,0.02319935619029293,
ParkG,870 g,0.87,1.0,135.0,0.2901,0.02482094359714117,
ParkG,870 g,0.87,1.0,140.0,0.1337,0.026618315992372927,
ParkG,870 g,0.87,1.0,145.0,0.5306,0.028617770159235296,
ParkG,870 g,0.87,1.0,150.0,0.7171,0.03085069798494821,
ParkG,870 g,0.87,1.0,155.0,0.6148,0.03335481533618742,
ParkG,870 g,0.87,1.0,160.0,0.2961,0.03617575007251243,
ParkG,870 g,0.87,1.0,165.0,0.1758,0.03936911393946696,
ParkG,870 g,0.87,1.0,170.0,0.1397,0.043003233840117686,
ParkG,870 g,0.87,1.0,175.0,0.1337,0.04716279266935996,
ParkG,870 g,0.87,1.0,180.0,0.1397,0.051953741466726204,
ParkG,870 g,0.87,1.0,185.0,0.1577,0.05751001406189042,
ParkG,870 g,0.87,1.0,190.0,0.1337,0.06400283722606134,
ParkG,870 g,0.87,1.0,195.0,0.1337,0.07165384183321624,
ParkG,870 g,0.87,1.0,200.0,0.2841,0.08075384399609106,
ParkG,870 g,0.87,1.0,205.0,0.1638,0.09169025667159875,
ParkG,870 g,0.87,1.0,210.0,0.1217,0.1049879328441756,
ParkG,870 g,0.87,1.0,215.0,0.26,0.1213714298360346,
ParkG,870 g,0.87,1.0,220.0,0.3803,0.1418623722084764,
ParkG,870 g,0.87,1.0,225.0,0.3302,0.16793606737530575,
ParkG,870 g,0.87,1.0,230.0,0.4645,0.20178150465430195,
ParkG,870 g,0.87,1.0,235.0,1.1802,0.24674838903249824,
ParkG,870 g,0.87,1.0,240.0,1.3306,0.3081460610981647,
ParkG,870 g,0.87,1.0,245.0,0.663,0.39473200553900367,
ParkG,870 g,0.87,1.0,250.0,0.5367,0.5216044324068463,
ParkG,870 g,0.87,1.0,255.0,0.3382,0.716021537764827,
ParkG,870 g,0.87,1.0,260.0,0.5908,1.0291267493281844,
ParkG,870 g,0.87,1.0,265.0,2.6417,1.5565744537439203,
ParkG,870 g,0.87,1.0,270.0,3.207,2.4460508720070364,
ParkG,870 g,0.87,1.0,275.0,4.7126,3.6920082169095445,
ParkG,870 g,0.87,1.0,280.0,7.357,4.3756873318226415,
ParkG,870 g,0.87,1.0,285.0,4.5001,3.547824014683828,
ParkG,870 g,0.87,1.0,290.0,2.9003,2.321060955600112,
ParkG,870 g,0.87,1.0,295.0,2.7981,1.4804743928761293,
ParkG,1070 g,1.07,1.0,105.0,0.5131,0.025831483815658696,
ParkG,1070 g,1.07,1.0,110.0,0.3447,0.02736960477588666,
ParkG,1070 g,1.07,1.0,115.0,0.477,0.0290490962963292,
ParkG,1070 g,1.07,1.0,120.0,0.6574,0.03088780033975189,
ParkG,1070 g,1.07,1.0,125.0,0.6694,0.03290646001460237,
ParkG,1070 g,1.07,1.0,130.0,0.9099,0.03512930353762555,
ParkG,1070 g,1.07,1.0,135.0,1.2465,0.03758476979111573,
ParkG,1070 g,1.07,1.0,140.0,0.3628,0.040306416026655,
ParkG,1070 g,1.07,1.0,145.0,0.1824,0.04333406178376734,
ParkG,1070 g,1.07,1.0,150.0,0.2065,0.046715241792542786,
ParkG,1070 g,1.07,1.0,155.0,0.1283,0.05050706678130367,
ParkG,1070 g,1.07,1.0,160.0,0.2185,0.05477862810392595,
ParkG,1070 g,1.07,1.0,165.0,0.2125,0.05961413507524741,
ParkG,1070 g,1.07,1.0,170.0,0.2606,0.06511705076113623,
ParkG,1070 g,1.07,1.0,175.0,0.3207,0.07141560506137162,
ParkG,1070 g,1.07,1.0,180.0,0.1884,0.0786702328689451,
ParkG,1070 g,1.07,1.0,185.0,0.1343,0.08708374162894185,
ParkG,1070 g,1.07,1.0,190.0,0.1524,0.09691540910623689,
ParkG,1070 g,1.07,1.0,195.0,0.1524,0.10850083677965555,
ParkG,1070 g,1.07,1.0,200.0,0.2425,0.12228038891681518,
ParkG,1070 g,1.07,1.0,205.0,0.1824,0.13884070021766917,
ParkG,1070 g,1.07,1.0,210.0,0.1223,0.15897652203874896,
ParkG,1070 g,1.07,1.0,215.0,0.2185,0.18378500526190011,
ParkG,1070 g,1.07,1.0,220.0,0.3628,0.21481313071801483,
ParkG,1070 g,1.07,1.0,225.0,0.6153,0.2542948622087499,
ParkG,1070 g,1.07,1.0,230.0,0.459,0.3055448464662877,
ParkG,1070 g,1.07,1.0,235.0,0.1704,0.3736353278359358,
ParkG,1070 g,1.07,1.0,240.0,0.2666,0.4666059017090531,
ParkG,1070 g,1.07,1.0,245.0,0.2065,0.5977174678837611,
ParkG,1070 g,1.07,1.0,250.0,0.2726,0.7898322816500376,
ParkG,1070 g,1.07,1.0,255.0,0.5612,1.0842256885621109,
ParkG,1070 g,1.07,1.0,260.0,0.7536,1.5583409151227476,
ParkG,1070 g,1.07,1.0,265.0,1.7996,2.357021290416827,
ParkG,1070 g,1.07,1.0,270.0,3.982,3.703898627461172,
ParkG,1070 g,1.07,1.0,275.0,4.499,5.590572266375699,
ParkG,1070 g,1.07,1.0,280.0,5.6773,6.625823889443007,
ParkG,1070 g,1.07,1.0,285.0,5.3767,5.372243336737689,
ParkG,1070 g,1.07,1.0,290.0,2.4369,3.5146343790662757,
ParkG,1070 g,1.07,1.0,295.0,1.4089,2.2417878280944983,
ParkG,70 g,,,105.0,,,0.45602827035919513
ParkG,70 g,,,106.58333333333333,,,0.4572114721139853
ParkG,70 g,,,108.16666666666667,,,0.45836424002672677
ParkG,70 g,,,109.75,,,0.45948606661732727
ParkG,70 g,,,111.33333333333333,,,0.4605764542343279
ParkG,70 g,,,112.91666666666667,,,0.46163491557580133
ParkG,70 g,,,114.5,,,0.46266097420531976
ParkG,70 g,,,116.08333333333333,,,0.4636541650620337
ParkG,70 g,,,117.66666666666667,,,0.4646140349638994
ParkG,70 g,,,119.25,,,0.4655401431030924
ParkG,70 g,,,120.83333333333333,,,0.4664320615326427
ParkG,70 g,,,122.41666666666666,,,0.4672893756433322
ParkG,70 g,,,124.0,,,0.46811168462990216
ParkG,70 g,,,125.58333333333333,,,0.46889860194562594
ParkG,70 g,,,127.16666666666666,,,0.46964975574431767
ParkG,70 g,,,128.75,,,0.47036478930885833
ParkG,70 g,,,130.33333333333334,,,0.4710433614653448
ParkG,70 g,,,131.91666666666666,,,0.47168514698198255
ParkG,70 g,,,133.5,,,0.4722898369518726
ParkG,70 g,,,135.08333333333334,,,0.4728571391588652
ParkG,70 g,,,136.66666666666666,,,0.47338677842568616
ParkG,70 g,,,138.25,,,0.473878496943573
ParkG,70 g,,,139.83333333333331,,,0.4743320545826913
ParkG,70 g,,,141.41666666666666,,,0.47474722918264456
ParkG,70 g,,,143.0,,,0.4751238168224244
ParkG,70 g,,,144.58333333333331,,,0.47546163206919484
ParkG,70 g,,,146.16666666666666,,,0.4757605082053496
ParkG,70 g,,,147.75,,,0.4760202974333226
ParkG,70 g,,,149.33333333333331,,,0.4762408710576878
ParkG,70 g,,,150.91666666666666,,,0.47642211964412867
ParkG,70 g,,,152.5,,,0.4765639531549125
ParkG,70 g,,,154.08333333333331,,,0.4766663010605571
ParkG,70 g,,,155.66666666666666,,,0.47672911242743177
ParkG,70 g,,,157.25,,,0.47675235598109006
ParkG,70 g,,,158.83333333333331,,,0.4767360201451859
ParkG,70 g,,,160.41666666666666,,,0.47668011305588476
ParkG,70 g,,,162.0,,,0.47658466255173493
ParkG,70 g,,,163.58333333333331,,,0.4764497161390229
ParkG,70 g,,,165.16666666666666,,,0.47627534093269386
ParkG,70 g,,,166.75,,,0.47606162357297294
ParkG,70 g,,,168.33333333333331,,,0.47580867011788175
ParkG,70 g,,,169.91666666666666,,,0.4755166059118986
ParkG,70 g,,,171.5,,,0.47518557543106454
ParkG,70 g,,,173.08333333333331,,,0.47481574210489264
ParkG,70 g,,,174.66666666666666,,,0.47440728811548794
ParkG,70 g,,,176.25,,,0.47396041417433826
ParkG,70 g,,,177.83333333333331,,,0.47347533927728214
ParkG,70 g,,,179.41666666666666,,,0.4729523004382104
ParkG,70 g,,,181.0,,,0.47239155240209924
ParkG,70 g,,,182.58333333333331,,,0.4717933673380196
ParkG,70 g,,,184.16666666666666,,,0.4711580345128037
ParkG,70 g,,,185.75,,,0.4704858599460927
ParkG,70 g,,,187.33333333333331,,,0.4697771660475199
ParkG,70 g,,,188.91666666666666,,,0.4690322912368211
ParkG,70 g,,,190.5,,,0.468251589547692
ParkG,70 g,,,192.08333333333331,,,0.4674354302162397
ParkG,70 g,,,193.66666666666666,,,0.4665841972549013
ParkG,70 g,,,195.25,,,0.46569828901272337
ParkG,70 g,,,196.83333333333331,,,0.46477811772291544
ParkG,70 g,,,198.41666666666666,,,0.46382410903860527
ParkG,70 g,,,200.0,,,0.462836701557739
ParkG,70 g,,,201.58333333333331,,,0.4618163463380762
ParkG,70 g,,,203.16666666666666,,,0.4607635064032397
ParkG,70 g,,,204.75,,,0.4596786562407822
ParkG,70 g,,,206.33333333333331,,,0.4585622812932337
ParkG,70 g,,,207.91666666666666,,,0.45741487744309256
ParkG,70 g,,,209.5,,,0.4562369504927193
ParkG,70 g,,,211.08333333333331,,,0.455029015640082
ParkG,70 g,,,212.66666666666666,,,0.45379159695129917
ParkG,70 g,,,214.25,,,0.45252522683090646
ParkG,70 g,,,215.83333333333331,,,0.45123044549076613
ParkG,70 g,,,217.41666666666666,,,0.44990780041851686
ParkG,70 g,,,219.0,,,0.44855784584644537
ParkG,70 g,,,220.58333333333331,,,0.44718114222164085
ParkG,70 g,,,222.16666666666666,,,0.44577825567826734
ParkG,70 g,,,223.75,,,0.44434975751277134
ParkG,70 g,,,225.33333333333331,,,0.44289622366280834
ParkG,70 g,,,226.91666666666666,,,0.44141823419065135
ParkG,70 g,,,228.5,,,0.43991637277181156
ParkG,70 g,,,230.08333333333331,,,0.43839122618957316
ParkG,70 g,,,231.66666666666666,,,0.43684338383611304
ParkG,70 g,,,233.25,,,0.43527343722084477
ParkG,70 g,,,234.83333333333331,,,0.4336819794865924
ParkG,70 g,,,236.41666666666666,,,0.4320696049341671
ParkG,70 g,,,238.0,,,0.4304369085558879
ParkG,70 g,,,239.58333333333331,,,0.4287844855785487
ParkG,70 g,,,241.16666666666666,,,0.42711293101630426
ParkG,70 g,,,242.75,,,0.425422839233911
ParkG,70 g,,,244.33333333333331,,,0.4237148035207253
ParkG,70 g,,,245.91666666666666,,,0.4219894156758244
ParkG,70 g,,,247.5,,,0.4202472656045853
ParkG,70 g,,,249.08333333333331,,,0.418488940927021
ParkG,70 g,,,250.66666666666666,,,0.4167150265981377
ParkG,70 g,,,252.25,,,0.41492610454054896
ParkG,70 g,,,253.83333333333331,,,0.41312275328954573
ParkG,70 g,,,255.41666666666666,,,0.4113055476507911
ParkG,70 g,,,257.0,,,0.40947505837077985
ParkG,70 g,,,258.5833333333333,,,0.4076318518201681
ParkG,70 g,,,260.16666666666663,,,0.40577648969005475
ParkG,70 g,,,261.75,,,0.40390952870126334
ParkG,70 g,,,263.3333333333333,,,0.40203152032664896
ParkG,70 g,,,264.91666666666663,,,0.400143010526426
ParkG,70 g,,,266.5,,,0.3982445394964906
ParkG,70 g,,,268.0833333333333,,,0.39633664142968417
ParkG,70 g,,,269.66666666666663,,,0.3944198442899228
ParkG,70 g,,,271.25,,,0.39249466959909735
ParkG,70 g,,,272.8333333333333,,,0.3905616322366237
ParkG,70 g,,,274.41666666666663,,,0.3886212402515098
ParkG,70 g,,,276.0,,,0.38667399468677915
ParkG,70 g,,,277.5833333333333,,,0.38472038941608433
ParkG,70 g,,,279.16666666666663,,,0.38276091099231474
ParkG,70 g,,,280.75,,,0.3807960385080008
ParkG,70 g,,,282.3333333333333,,,0.37882624346729465
ParkG,70 g,,,283.91666666666663,,,0.37685198966929656
ParkG,70 g,,,285.5,,,0.37487373310248845
ParkG,70 g,,,287.0833333333333,,,0.3728919218500198
ParkG,70 g,,,288.66666666666663,,,0.37090699600558635
ParkG,70 g,,,290.25,,,0.36891938759963155
ParkG,70 g,,,291.8333333333333,,,0.3669295205355941
ParkG,70 g,,,293.41666666666663,,,0.36493781053591773
ParkG,70 g,,,295.0,,,0.3629446650975352
ParkG,170 g,,,105.0,,,0.307966070457734
ParkG,170 g,,,106.58333333333333,,,0.31718646624277397
ParkG,170 g,,,108.16666666666667,,,0.3267445647401422
ParkG,170 g,,,109.75,,,0.33665090822220706
ParkG,170 g,,,111.33333333333333,,,0.3469158019594851
ParkG,170 g,,,112.91666666666667,,,0.3575491962404696
ParkG,170 g,,,114.5,,,0.3685605494294749
ParkG,170 g,,,116.08333333333333,,,0.3799586699969287
ParkG,170 g,,,117.66666666666667,,,0.3917515353942468
ParkG,170 g,,,119.25,,,0.40394608563077544
ParkG,170 g,,,120.83333333333333,,,0.416547989460618
ParkG,170 g,,,122.41666666666666,,,0.429561381223447
ParkG,170 g,,,124.0,,,0.44298856663029473
ParkG,170 g,,,125.58333333333333,,,0.4568296961713208
ParkG,170 g,,,127.16666666666666,,,0.4710824053797415
ParkG,170 g,,,128.75,,,0.4857414219494436
ParkG,170 g,,,130.33333333333334,,,0.5007981407100207
ParkG,170 g,,,131.91666666666666,,,0.5162401687485139
ParkG,170 g,,,133.5,,,0.5320508445653834
ParkG,170 g,,,135.08333333333334,,,0.5482087370894397
ParkG,170 g,,,136.66666666666666,,,0.5646871326665296
ParkG,170 g,,,138.25,,,0.5814535207746656
ParkG,170 g,,,139.83333333333331,,,0.5984690921721768
ParkG,170 g,,,141.41666666666666,,,0.6156882663879613
ParkG,170 g,,,143.0,,,0.633058268801838
ParkG,170 g,,,144.58333333333331,,,0.6505187808729075
ParkG,170 g,,,146.16666666666666,,,0.6680016901294631
ParkG,170 g,,,147.75,,,0.6854309690478664
ParkG,170 g,,,149.33333333333331,,,0.7027227135739085
ParkG,170 g,,,150.91666666666666,,,0.7197853723865415
ParkG,170 g,,,152.5,,,0.7365201966562244
ParkG,170 g,,,154.08333333333331,,,0.7528219366081186
ParkG,170 g,,,155.66666666666666,,,0.7685798053265392
ParkG,170 g,,,157.25,,,0.7836787217166992
ParkG,170 g,,,158.83333333333331,,,0.7980008333461174
ParkG,170 g,,,160.41666666666666,,,0.8114273062453011
ParkG,170 g,,,162.0,,,0.8238403531798096
ParkG,170 g,,,163.58333333333331,,,0.8351254552606014
ParkG,170 g,,,165.16666666666666,,,0.8451737151896217
ParkG,170 g,,,166.75,,,0.8538842653362555
ParkG,170 g,,,168.33333333333331,,,0.8611666417238679
ParkG,170 g,,,169.91666666666666,,,0.8669430273506838
ParkG,170 g,,,171.5,,,0.8711502663212161
ParkG,170 g,,,173.08333333333331,,,0.8737415548451325
ParkG,170 g,,,174.66666666666666,,,0.8746877265066605
ParkG,170 g,,,176.25,,,0.8739780668741821
ParkG,170 g,,,177.83333333333331,,,0.8716206153720287
ParkG,170 g,,,179.41666666666666,,,0.8676419386435918
ParkG,170 g,,,181.0,,,0.8620863872550103
ParkG,170 g,,,182.58333333333331,,,0.8550148742214024
ParkG,170 g,,,184.16666666666666,,,0.8465032373019056
ParkG,170 g,,,185.75,,,0.8366402655026625
ParkG,170 g,,,187.33333333333331,,,0.8255254825204495
ParkG,170 g,,,188.91666666666666,,,0.81326678540831
ParkG,170 g,,,190.5,,,0.7999780356917067
ParkG,170 g,,,192.08333333333331,,,0.7857766932562121
ParkG,170 g,,,193.66666666666666,,,0.7707815717619884
ParkG,170 g,,,195.25,,,0.7551107795718095
ParkG,170 g,,,196.83333333333331,,,0.7388798937296663
ParkG,170 g,,,198.41666666666666,,,0.7222003978153431
ParkG,170 g,,,200.0,,,0.7051783987193557
ParkG,170 g,,,201.58333333333331,,,0.6879136234251255
ParkG,170 g,,,203.16666666666666,,,0.6704986853211647
ParkG,170 g,,,204.75,,,0.6530186006598979
ParkG,170 g,,,206.33333333333331,,,0.6355505295370341
ParkG,170 g,,,207.91666666666666,,,0.6181637119942218
ParkG,170 g,,,209.5,,,0.600919568224291
ParkG,170 g,,,211.08333333333331,,,0.5838719319880747
ParkG,170 g,,,212.66666666666666,,,0.5670673878197892
ParkG,170 g,,,214.25,,,0.5505456850073619
ParkG,170 g,,,215.83333333333331,,,0.5343402043313203
ParkG,170 g,,,217.41666666666666,,,0.5184784568346658
ParkG,170 g,,,219.0,,,0.5029825972424091
ParkG,170 g,,,220.58333333333331,,,0.48786993787946514
ParkG,170 g,,,222.16666666666666,,,0.47315345193012115
ParkG,170 g,,,223.75,,,0.45884225756805
ParkG,170 g,,,225.33333333333331,,,0.44494207682646486
ParkG,170 g,,,226.91666666666666,,,0.4314556650651845
ParkG,170 g,,,228.5,,,0.41838320853669925
ParkG,170 g,,,230.08333333333331,,,0.40572268888164853
ParkG,170 g,,,231.66666666666666,,,0.39347021442806995
ParkG,170 g,,,233.25,,,0.38162031896458526
ParkG,170 g,,,234.83333333333331,,,0.3701662292421339
ParkG,170 g,,,236.41666666666666,,,0.3591001028673106
ParkG,170 g,,,238.0,,,0.3484132385153147
ParkG,170 g,,,239.58333333333331,,,0.33809626054099867
ParkG,170 g,,,241.16666666666666,,,0.3281392801277768
ParkG,170 g,,,242.75,,,0.3185320351076349
ParkG,170 g,,,244.33333333333331,,,0.3092640105290641
ParkG,170 g,,,245.91666666666666,,,0.30032454195803826
ParkG,170 g,,,247.5,,,0.29170290338189797
ParkG,170 g,,,249.08333333333331,,,0.283388381456435
ParkG,170 g,,,250.66666666666666,,,0.27537033769974745
ParkG,170 g,,,252.25,,,0.26763826009793257
ParkG,170 g,,,253.83333333333331,,,0.26018180545137304
ParkG,170 g,,,255.41666666666666,,,0.25299083365906094
ParkG,170 g,,,257.0,,,0.24605543501399532
ParkG,170 g,,,258.5833333333333,,,0.23936595146635814
ParkG,170 g,,,260.16666666666663,,,0.23291299270358842
ParkG,170 g,,,261.75,,,0.22668744779784622
ParkG,170 g,,,263.3333333333333,,,0.22068049308164575
ParkG,170 g,,,264.91666666666663,,,0.21488359683134647
ParkG,170 g,,,266.5,,,0.2092885212653335
ParkG,170 g,,,268.0833333333333,,,0.20388732229854953
ParkG,170 g,,,269.66666666666663,,,0.19867234743702958
ParkG,170 g,,,271.25,,,0.1936362321446446
ParkG,170 g,,,272.8333333333333,,,0.18877189496879213
ParkG,170 g,,,274.41666666666663,,,0.18407253167172427
ParkG,170 g,,,276.0,,,0.17953160857903833
ParkG,170 g,,,277.5833333333333,,,0.17514285532604687
ParkG,170 g,,,279.16666666666663,,,0.17090025715584037
ParkG,170 g,,,280.75,,,0.16679804689941294
ParkG,170 g,,,282.3333333333333,,,0.16283069674784
ParkG,170 g,,,283.91666666666663,,,0.15899290990882353
ParkG,170 g,,,285.5,,,0.15527961222463457
ParkG,170 g,,,287.0833333333333,,,0.15168594381528133
ParkG,170 g,,,288.66666666666663,,,0.14820725079936808
ParkG,170 g,,,290.25,,,0.1448390771353528
ParkG,170 g,,,291.8333333333333,,,0.14157715661754616
ParkG,170 g,,,293.41666666666663,,,0.13841740505405314
ParkG,170 g,,,295.0,,,0.1353559126477763
ParkG,370 g,,,105.0,,,0.36170867872631496
ParkG,370 g,,,106.58333333333333,,,0.3728220239346413
ParkG,370 g,,,108.16666666666667,,,0.3843626865391432
ParkG,370 g,,,109.75,,,0.3963458540590998
ParkG,370 g,,,111.33333333333333,,,0.4087866554805242
ParkG,370 g,,,112.91666666666667,,,0.4217000319108633
ParkG,370 g,,,114.5,,,0.43510058328848145
ParkG,370 g,,,116.08333333333333,,,0.4490023880784829
ParkG,370 g,,,117.66666666666667,,,0.46341879268089714
ParkG,370 g,,,119.25,,,0.4783621671111804
ParkG,370 g,,,120.83333333333333,,,0.4938436234076886
ParkG,370 g,,,122.41666666666666,,,0.5098726932031156
ParkG,370 g,,,124.0,,,0.5264569610000843
ParkG,370 g,,,125.58333333333333,,,0.5436016499552452
ParkG,370 g,,,127.16666666666666,,,0.5613091574489725
ParkG,370 g,,,128.75,,,0.5795785384539837
ParkG,370 g,,,130.33333333333334,,,0.598404935777678
ParkG,370 g,,,131.91666666666666,,,0.617778957706622
ParkG,370 g,,,133.5,,,0.6376860054966234
ParkG,370 g,,,135.08333333333334,,,0.6581055555952763
ParkG,370 g,,,136.66666666666666,,,0.6790104045138482
ParkG,370 g,,,138.25,,,0.7003658879219617
ParkG,370 g,,,139.83333333333331,,,0.7221290898317934
ParkG,370 g,,,141.41666666666666,,,0.7442480626338486
ParkG,370 g,,,143.0,,,0.766661084147285
ParkG,370 g,,,144.58333333333331,,,0.7892959835775393
ParkG,370 g,,,146.16666666666666,,,0.8120695740573716
ParkG,370 g,,,147.75,,,0.8348872348958019
ParkG,370 g,,,149.33333333333331,,,0.8576426912629123
ParkG,370 g,,,150.91666666666666,,,0.8802180421700159
ParkG,370 g,,,152.5,,,0.9024840885413463
ParkG,370 g,,,154.08333333333331,,,0.9243010111403562
ParkG,370 g,,,155.66666666666666,,,0.9455194423544198
ParkG,370 g,,,157.25,,,0.9659819657155693
ParkG,370 g,,,158.83333333333331,,,0.985525062137343
ParkG,370 g,,,160.41666666666666,,,1.003981502143164
ParkG,370 g,,,162.0,,,1.0211831593101217
ParkG,370 g,,,163.58333333333331,,,1.0369641928060283
ParkG,370 g,,,165.16666666666666,,,1.0511645179394573
ParkG,370 g,,,166.75,,,1.0636334553353695
ParkG,370 g,,,168.33333333333331,,,1.0742334243827811
ParkG,370 g,,,169.91666666666666,,,1.0828435278301212
ParkG,370 g,,,171.5,,,1.0893628644964515
ParkG,370 g,,,173.08333333333331,,,1.0937134081090312
ParkG,370 g,,,174.66666666666666,,,1.0958423033990417
ParkG,370 g,,,176.25,,,1.0957234556782083
ParkG,370 g,,,177.83333333333331,,,1.0933583257105808
ParkG,370 g,,,179.41666666666666,,,1.0887758850404934
ParkG,370 g,,,181.0,,,1.0820317343095767
ParkG,370 g,,,182.58333333333331,,,1.0732064342387542
ParkG,370 g,,,184.16666666666666,,,1.0624031416415165
ParkG,370 g,,,185.75,,,1.049744677426921
ParkG,370 g,,,187.33333333333331,,,1.0353701774237367
ParkG,370 g,,,188.91666666666666,,,1.0194314886853655
ParkG,370 g,,,190.5,,,1.0020894737488006
ParkG,370 g,,,192.08333333333331,,,0.9835103743658699
ParkG,370 g,,,193.66666666666666,,,0.9638623666677898
ParkG,370 g,,,195.25,,,0.9433124142706889
ParkG,370 g,,,196.83333333333331,,,0.9220234973325453
ParkG,370 g,,,198.41666666666666,,,0.9001522666863997
ParkG,370 g,,,200.0,,,0.87784714510795
ParkG,370 g,,,201.58333333333331,,,0.8552468741441305
ParkG,370 g,,,203.16666666666666,,,0.8324794857199516
ParkG,370 g,,,204.75,,,0.8096616633562158
ParkG,370 g,,,206.33333333333331,,,0.7868984481898064
ParkG,370 g,,,207.91666666666666,,,0.7642832396555274
ParkG,370 g,,,209.5,,,0.7418980390056362
ParkG,370 g,,,211.08333333333331,,,0.7198138850477138
ParkG,370 g,,,212.66666666666666,,,0.6980914348011923
ParkG,370 g,,,214.25,,,0.6767816464932109
ParkG,370 g,,,215.83333333333331,,,0.6559265278201262
ParkG,370 g,,,217.41666666666666,,,0.6355599181950075
ParkG,370 g,,,219.0,,,0.6157082794076343
ParkG,370 g,,,220.58333333333331,,,0.5963914744778598
ParkG,370 g,,,222.16666666666666,,,0.5776235193183071
ParkG,370 g,,,223.75,,,0.5594132960491477
ParkG,370 g,,,225.33333333333331,,,0.5417652203970356
ParkG,370 g,,,226.91666666666666,,,0.5246798585760517
ParkG,370 g,,,228.5,,,0.5081544914331984
ParkG,370 g,,,230.08333333333331,,,0.49218362550404765
ParkG,370 g,,,231.66666666666666,,,0.4767594520331171
ParkG,370 g,,,233.25,,,0.46187225603760235
ParkG,370 g,,,234.83333333333331,,,0.44751077819870194
ParkG,370 g,,,236.41666666666666,,,0.4336625328130212
ParkG,370 g,,,238.0,,,0.4203140852816125
ParkG,370 g,,,239.58333333333331,,,0.4074512927028527
ParkG,370 g,,,241.16666666666666,,,0.3950595111070157
ParkG,370 g,,,242.75,,,0.38312377275751264
ParkG,370 g,,,244.33333333333331,,,0.37162893677260733
ParkG,370 g,,,245.91666666666666,,,0.3605598161127813
ParkG,370 g,,,247.5,,,0.3499012837489295
ParkG,370 g,,,249.08333333333331,,,0.33963836058746205
ParkG,370 g,,,250.66666666666666,,,0.32975628748923563
ParkG,370 g,,,252.25,,,0.32024058348650275
ParkG,370 g,,,253.83333333333331,,,0.3110770920801802
ParkG,370 g,,,255.41666666666666,,,0.30225201729158957
ParkG,370 g,,,257.0,,,0.29375195095001405
ParkG,370 g,,,258.5833333333333,,,0.2855638925207055
ParkG,370 g,,,260.16666666666663,,,0.2776752626174391
ParkG,370 g,,,261.75,,,0.2700739111989314
ParkG,370 g,,,263.3333333333333,,,0.26274812131871683
ParkG,370 g,,,264.91666666666663,,,0.2556866091824736
ParkG,370 g,,,266.5,,,0.2488785211642961
ParkG,370 g,,,268.0833333333333,,,0.24231342834289646
ParkG,370 g,,,269.66666666666663,,,0.23598131903912456
ParkG,370 g,,,271.25,,,0.2298725897664419
ParkG,370 g,,,272.8333333333333,,,0.22397803494504093
ParkG,370 g,,,274.41666666666663,,,0.21828883567722918
ParkG,370 g,,,276.0,,,0.21279654783560997
ParkG,370 g,,,277.5833333333333,,,0.2074930896756635
ParkG,370 g,,,279.16666666666663,,,0.20237072914984244
ParkG,370 g,,,280.75,,,0.19742207107058388
ParkG,370 g,,,282.3333333333333,,,0.19264004424408906
ParkG,370 g,,,283.91666666666663,,,0.18801788867482605
ParkG,370 g,,,285.5,,,0.18354914292198973
ParkG,370 g,,,287.0833333333333,,,0.1792276316731837
ParkG,370 g,,,288.66666666666663,,,0.17504745358701412
ParkG,370 g,,,290.25,,,0.171002969444785
ParkG,370 g,,,291.8333333333333,,,0.16708879064176183
ParkG,370 g,,,293.41666666666663,,,0.16329976804029345
ParkG,370 g,,,295.0,,,0.1596309812002321
ParkG,570 g,,,105.0,,,0.1760966236399347
ParkG,570 g,,,106.58333333333333,,,0.18017713905013483
ParkG,570 g,,,108.16666666666667,,,0.1843914868792715
ParkG,570 g,,,109.75,,,0.18874508689718436
ParkG,570 g,,,111.33333333333333,,,0.19324360291349688
ParkG,570 g,,,112.91666666666667,,,0.19789295328953052
ParkG,570 g,,,114.5,,,0.202699321678312
ParkG,570 g,,,116.08333333333333,,,0.2076691679512714
ParkG,570 g,,,117.66666666666667,,,0.21280923925963957
ParkG,570 g,,,119.25,,,0.21812658116615985
ParkG,570 g,,,120.83333333333333,,,0.2236285487682549
ParkG,570 g,,,122.41666666666666,,,0.22932281771692933
ParkG,570 g,,,124.0,,,0.23521739501610822
ParkG,570 g,,,125.58333333333333,,,0.24132062946441216
ParkG,570 g,,,127.16666666666666,,,0.24764122157513346
ParkG,570 g,,,128.75,,,0.2541882327799091
ParkG,570 g,,,130.33333333333334,,,0.2609710936867671
ParkG,570 g,,,131.91666666666666,,,0.26799961112325804
ParkG,570 g,,,133.5,,,0.2752839736496339
ParkG,570 g,,,135.08333333333334,,,0.2828347551748122
ParkG,570 g,,,136.66666666666666,,,0.29066291624842844
ParkG,570 g,,,138.25,,,0.298779802534833
ParkG,570 g,,,139.83333333333331,,,0.30719713989865144
ParkG,570 g,,,141.41666666666666,,,0.3159270254456513
ParkG,570 g,,,143.0,,,0.3249819137663611
ParkG,570 g,,,144.58333333333331,,,0.3343745975224289
ParkG,570 g,,,146.16666666666666,,,0.34411818139643235
ParkG,570 g,,,147.75,,,0.35422604829433213
ParkG,570 g,,,149.33333333333331,,,0.3647118165457831
ParkG,570 g,,,150.91666666666666,,,0.37558928669129177
ParkG,570 g,,,152.5,,,0.3868723762774366
ParkG,570 g,,,154.08333333333331,,,0.398575040903517
ParkG,570 g,,,155.66666666666666,,,0.4107111795774069
ParkG,570 g,,,157.25,,,0.423294522248659
ParkG,570 g,,,158.83333333333331,,,0.4363384971981837
ParkG,570 g,,,160.41666666666666,,,0.449856075783127
ParkG,570 g,,,162.0,,,0.4638595918723505
ParkG,570 g,,,163.58333333333331,,,0.47836053317447447
ParkG,570 g,,,165.16666666666666,,,0.4933693015724546
ParkG,570 g,,,166.75,,,0.508894939555838
ParkG,570 g,,,168.33333333333331,,,0.5249448199083769
ParkG,570 g,,,169.91666666666666,,,0.5415242959937491
ParkG,570 g,,,171.5,,,0.558636310320286
ParkG,570 g,,,173.08333333333331,,,0.5762809595967595
ParkG,570 g,,,174.66666666666666,,,0.5944550152603705
ParkG,570 g,,,176.25,,,0.6131513995142337
ParkG,570 g,,,177.83333333333331,,,0.6323586183063258
ParkG,570 g,,,179.41666666666666,,,0.6520601544660418
ParkG,570 g,,,181.0,,,0.6722338264346099
ParkG,570 g,,,182.58333333333331,,,0.692851120717572
ParkG,570 g,,,184.16666666666666,,,0.7138765093692211
ParkG,570 g,,,185.75,,,0.7352667674805452
ParkG,570 g,,,187.33333333333331,,,0.7569703097351067
ParkG,570 g,,,188.91666666666666,,,0.7789265695209197
ParkG,570 g,,,190.5,,,0.801065448675571
ParkG,570 g,,,192.08333333333331,,,0.8233068704545523
ParkG,570 g,,,193.66666666666666,,,0.8455604724215124
ParkG,570 g,,,195.25,,,0.867725479248406
ParkG,570 g,,,196.83333333333331,,,0.8896907973868531
ParkG,570 g,,,198.41666666666666,,,0.9113353736722013
ParkG,570 g,,,200.0,,,0.9325288575677507
ParkG,570 g,,,201.58333333333331,,,0.9531326013985492
ParkG,570 g,,,203.16666666666666,,,0.9730010241169651
ParkG,570 g,,,204.75,,,0.991983351633309
ParkG,570 g,,,206.33333333333331,,,1.009925730567832
ParkG,570 g,,,207.91666666666666,,,1.0266736928426403
ParkG,570 g,,,209.5,,,1.0420749266772096
ParkG,570 g,,,211.08333333333331,,,1.055982286579672
ParkG,570 g,,,212.66666666666666,,,1.0682569525540397
ParkG,570 g,,,214.25,,,1.0787716289895077
ParkG,570 g,,,215.83333333333331,,,1.087413658695206
ParkG,570 g,,,217.41666666666666,,,1.094087919292791
ParkG,570 g,,,219.0,,,1.0987193692692394
ParkG,570 g,,,220.58333333333331,,,1.1012551203341188
ParkG,570 g,,,222.16666666666666,,,1.1016659313461166
ParkG,570 g,,,223.75,,,1.099947046015467
ParkG,570 g,,,225.33333333333331,,,1.09611832994863
ParkG,570 g,,,226.91666666666666,,,1.0902236997115464
ParkG,570 g,,,228.5,,,1.082329874321574
ParkG,570 g,,,230.08333333333331,,,1.0725245147321911
ParkG,570 g,,,231.66666666666666,,,1.0609138465627346
ParkG,570 g,,,233.25,,,1.0476198833206842
ParkG,570 g,,,234.83333333333331,,,1.0327773803319091
ParkG,570 g,,,236.41666666666666,,,1.01653065318704
ParkG,570 g,,,238.0,,,0.9990303893193466
ParkG,570 g,,,239.58333333333331,,,0.9804305687083302
ParkG,570 g,,,241.16666666666666,,,0.9608855915291149
ParkG,570 g,,,242.75,,,0.9405476889545348
ParkG,570 g,,,244.33333333333331,,,0.9195646703532644
ParkG,570 g,,,245.91666666666666,,,0.8980780376637044
ParkG,570 g,,,247.5,,,0.8762214772289363
ParkG,570 g,,,249.08333333333331,,,0.8541197218732188
ParkG,570 g,,,250.66666666666666,,,0.8318877620551738
ParkG,570 g,,,252.25,,,0.8096303747152018
ParkG,570 g,,,253.83333333333331,,,0.787441931791471
ParkG,570 g,,,255.41666666666666,,,0.7654064469281536
ParkG,570 g,,,257.0,,,0.7435978181224031
ParkG,570 g,,,258.5833333333333,,,0.7220802253762166
ParkG,570 g,,,260.16666666666663,,,0.7009086452641511
ParkG,570 g,,,261.75,,,0.6801294481746739
ParkG,570 g,,,263.3333333333333,,,0.6597810483835791
ParkG,570 g,,,264.91666666666663,,,0.6398945817107922
ParkG,570 g,,,266.5,,,0.6204945900228845
ParkG,570 g,,,268.0833333333333,,,0.6015996960791099
ParkG,570 g,,,269.66666666666663,,,0.5832232560549407
ParkG,570 g,,,271.25,,,0.5653739804468128
ParkG,570 g,,,272.8333333333333,,,0.5480565169416275
ParkG,570 g,,,274.41666666666663,,,0.5312719912330792
ParkG,570 g,,,276.0,,,0.5150185037140131
ParkG,570 g,,,277.5833333333333,,,0.4992915815129071
ParkG,570 g,,,279.16666666666663,,,0.4840845865230427
ParkG,570 g,,,280.75,,,0.46938908094669507
ParkG,570 g,,,282.3333333333333,,,0.4551951524939261
ParkG,570 g,,,283.91666666666663,,,0.44149170178309244
ParkG,570 g,,,285.5,,,0.4282666947298765
ParkG,570 g,,,287.0833333333333,,,0.41550738282011423
ParkG,570 g,,,288.66666666666663,,,0.4032004941701741
ParkG,570 g,,,290.25,,,0.3913323982132179
ParkG,570 g,,,291.8333333333333,,,0.37988924673167307
ParkG,570 g,,,293.41666666666663,,,0.36885709380286563
ParkG,570 g,,,295.0,,,0.35822199704955887
ParkG,870 g,,,105.0,,,0.02045452496541989
ParkG,870 g,,,106.58333333333333,,,0.020828844014409435
ParkG,870 g,,,108.16666666666667,,,0.021213521729903713
ParkG,870 g,,,109.75,,,0.021608943452600074
ParkG,870 g,,,111.33333333333333,,,0.02201551258903048
ParkG,870 g,,,112.91666666666667,,,0.022433651636353396
ParkG,870 g,,,114.5,,,0.022863803275531166
ParkG,870 g,,,116.08333333333333,,,0.02330643153815206
ParkG,870 g,,,117.66666666666667,,,0.023762023052614607
ParkG,870 g,,,119.25,,,0.024231088375895864
ParkG,870 g,,,120.83333333333333,,,0.024714163417678823
ParkG,870 g,,,122.41666666666666,,,0.025211810964222012
ParkG,870 g,,,124.0,,,0.025724622310024977
ParkG,870 g,,,125.58333333333333,,,0.026253219006080807
ParkG,870 g,,,127.16666666666666,,,0.026798254734320695
ParkG,870 g,,,128.75,,,0.027360417318753577
ParkG,870 g,,,130.33333333333334,,,0.027940430884796537
ParkG,870 g,,,131.91666666666666,,,0.028539058179388576
ParkG,870 g,,,133.5,,,0.029157103065695703
ParkG,870 g,,,135.08333333333334,,,0.02979541320756127
ParkG,870 g,,,136.66666666666666,,,0.030454882960349133
ParkG,870 g,,,138.25,,,0.03113645648648589
ParkG,870 g,,,139.83333333333331,,,0.03184113111585196
ParkG,870 g,,,141.41666666666666,,,0.03256996097322427
ParkG,870 g,,,143.0,,,0.03332406089725897
ParkG,870 g,,,144.58333333333331,,,0.03410461067805469
ParkG,870 g,,,146.16666666666666,,,0.0349128596431849
ParkG,870 g,,,147.75,,,0.035750131625274364
ParkG,870 g,,,149.33333333333331,,,0.03661783034776154
ParkG,870 g,,,150.91666666666666,,,0.03751744526948725
ParkG,870 g,,,152.5,,,0.0384505579332382
ParkG,870 g,,,154.08333333333331,,,0.039418848868419155
ParkG,870 g,,,155.66666666666666,,,0.04042410510370485
ParkG,870 g,,,157.25,,,0.04146822835192163
ParkG,870 g,,,158.83333333333331,,,0.04255324393663189
ParkG,870 g,,,160.41666666666666,,,0.04368131053805644
ParkG,870 g,,,162.0,,,0.04485473084521039
ParkG,870 g,,,163.58333333333331,,,0.04607596321160368
ParkG,870 g,,,165.16666666666666,,,0.04734763442375068
ParkG,870 g,,,166.75,,,0.04867255370525935
ParkG,870 g,,,168.33333333333331,,,0.05005372809467824
ParkG,870 g,,,169.91666666666666,,,0.051494379352858825
ParkG,870 g,,,171.5,,,0.052997962575683254
ParkG,870 g,,,173.08333333333331,,,0.05456818671101328
ParkG,870 g,,,174.66666666666666,,,0.05620903720510315
ParkG,870 g,,,176.25,,,0.05792480103404179
ParkG,870 g,,,177.83333333333331,,,0.059720094410701474
ParkG,870 g,,,179.41666666666666,,,0.06159989349794205
ParkG,870 g,,,181.0,,,0.0635695685053685
ParkG,870 g,,,182.58333333333331,,,0.0656349216008562
ParkG,870 g,,,184.16666666666666,,,0.06780222913063563
ParkG,870 g,,,185.75,,,0.07007828871451974
ParkG,870 g,,,187.33333333333331,,,0.07247047186771717
ParkG,870 g,,,188.91666666666666,,,0.07498678289982845
ParkG,870 g,,,190.5,,,0.07763592495775345
ParkG,870 g,,,192.08333333333331,,,0.0804273742155834
ParkG,870 g,,,193.66666666666666,,,0.08337146337502323
ParkG,870 g,,,195.25,,,0.0864794758292494
ParkG,870 g,,,196.83333333333331,,,0.08976375206714313
ParkG,870 g,,,198.41666666666666,,,0.09323781016061725
ParkG,870 g,,,200.0,,,0.09691648249394316
ParkG,870 g,,,201.58333333333331,,,0.10081607127122795
ParkG,870 g,,,203.16666666666666,,,0.10495452578961836
ParkG,870 g,,,204.75,,,0.10935164500766312
ParkG,870 g,,,206.33333333333331,,,0.11402930959072403
ParkG,870 g,,,207.91666666666666,,,0.11901174840351486
ParkG,870 g,,,209.5,,,0.12432584537521181
ParkG,870 g,,,211.08333333333331,,,0.1300014938245883
ParkG,870 g,,,212.66666666666666,,,0.1360720067510159
ParkG,870 g,,,214.25,,,0.1425745933348944
ParkG,870 g,,,215.83333333333331,,,0.14955091402809634
ParkG,870 g,,,217.41666666666666,,,0.15704772925334923
ParkG,870 g,,,219.0,,,0.16511766000185343
ParkG,870 g,,,220.58333333333331,,,0.17382008268903984
ParkG,870 g,,,222.16666666666666,,,0.1832221857165654
ParkG,870 g,,,223.75,,,0.19340022157660827
ParkG,870 g,,,225.33333333333331,,,0.20444099639018246
ParkG,870 g,,,226.91666666666666,,,0.2164436489764146
ParkG,870 g,,,228.5,,,0.22952178453845132
ParkG,870 g,,,230.08333333333331,,,0.2438060446614539
ParkG,870 g,,,231.66666666666666,,,0.2594472166601795
ParkG,870 g,,,233.25,,,0.27662001286795695
ParkG,870 g,,,234.83333333333331,,,0.2955276862035633
ParkG,870 g,,,236.41666666666666,,,0.3164076949390831
ParkG,870 g,,,238.0,,,0.3395386905817828
ParkG,870 g,,,239.58333333333331,,,0.3652491829637769
ParkG,870 g,,,241.16666666666666,,,0.3939283424333526
ParkG,870 g,,,242.75,,,0.4260395390605489
ParkG,870 g,,,244.33333333333331,,,0.46213740441708706
ParkG,870 g,,,245.91666666666666,,,0.5028894476814469
ParkG,870 g,,,247.5,,,0.549103583532524
ParkG,870 g,,,249.08333333333331,,,0.6017633575164726
ParkG,870 g,,,250.66666666666666,,,0.6620732104880367
ParkG,870 g,,,252.25,,,0.7315168286284639
ParkG,870 g,,,253.83333333333331,,,0.8119324808880718
ParkG,870 g,,,255.41666666666666,,,0.9056101955063791
ParkG,870 g,,,257.0,,,1.0154164737239142
ParkG,870 g,,,258.5833333333333,,,1.1449524590106783
ParkG,870 g,,,260.16666666666663,,,1.2987498375399633
ParkG,870 g,,,261.75,,,1.482502487253998
ParkG,870 g,,,263.3333333333333,,,1.7033151498210255
ParkG,870 g,,,264.91666666666663,,,1.9699111953635715
ParkG,870 g,,,266.5,,,2.2926568879585627
ParkG,870 g,,,268.0833333333333,,,2.6830898550827604
ParkG,870 g,,,269.66666666666663,,,3.1523319601234694
ParkG,870 g,,,271.25,,,3.7073051253584293
ParkG,870 g,,,272.8333333333333,,,4.343268712018027
ParkG,870 g,,,274.41666666666663,,,5.031792019009719
ParkG,870 g,,,276.0,,,5.707021193917669
ParkG,870 g,,,277.5833333333333,,,6.261719063385976
ParkG,870 g,,,279.16666666666663,,,6.571608913663863
ParkG,870 g,,,280.75,,,6.551778619345114
ParkG,870 g,,,282.3333333333333,,,6.208007805510335
ParkG,870 g,,,283.91666666666663,,,5.6329896715564685
ParkG,870 g,,,285.5,,,4.951466634274368
ParkG,870 g,,,287.0833333333333,,,4.266457456533763
ParkG,870 g,,,288.66666666666663,,,3.6389570666220914
ParkG,870 g,,,290.25,,,3.093935728741143
ParkG,870 g,,,291.8333333333333,,,2.6342602302982843
ParkG,870 g,,,293.41666666666663,,,2.2522273800648804
ParkG,870 g,,,295.0,,,1.9365284260612636
ParkG,1070 g,,,105.0,,,0.019297331691225012
ParkG,1070 g,,,106.58333333333333,,,0.019650648702045147
ParkG,1070 g,,,108.16666666666667,,,0.020013747567889314
ParkG,1070 g,,,109.75,,,0.020386992317995636
ParkG,1070 g,,,111.33333333333333,,,0.020770764054289202
ParkG,1070 g,,,112.91666666666667,,,0.021165461920127103
ParkG,1070 g,,,114.5,,,0.021571504133704796
ParkG,1070 g,,,116.08333333333333,,,0.021989329091097378
ParkG,1070 g,,,117.66666666666667,,,0.022419396544343235
ParkG,1070 g,,,119.25,,,0.022862188860453984
ParkG,1070 g,,,120.83333333333333,,,0.02331821236775835
ParkG,1070 g,,,122.41666666666666,,,0.023787998796562685
ParkG,1070 g,,,124.0,,,0.024272106821744847
ParkG,1070 g,,,125.58333333333333,,,0.024771123715595998
ParkG,1070 g,,,127.16666666666666,,,0.025285667119994464
ParkG,1070 g,,,128.75,,,0.025816386947845427
ParkG,1070 g,,,130.33333333333334,,,0.02636396742465883
ParkG,1070 g,,,131.91666666666666,,,0.02692912928217583
ParkG,1070 g,,,133.5,,,0.027512632117103322
ParkG,1070 g,,,135.08333333333334,,,0.028115276929289272
ParkG,1070 g,,,136.66666666666666,,,0.02873790885508463
ParkG,1070 g,,,138.25,,,0.029381420113206186
ParkG,1070 g,,,139.83333333333331,,,0.030046753182158496
ParkG,1070 g,,,141.41666666666666,,,0.030734904230214948
ParkG,1070 g,,,143.0,,,0.03144692682112
ParkG,1070 g,,,144.58333333333331,,,0.03218393592108811
ParkG,1070 g,,,146.16666666666666,,,0.03294711223536929
ParkG,1070 g,,,147.75,,,0.03373770690566433
ParkG,1070 g,,,149.33333333333331,,,0.034557046603046954
ParkG,1070 g,,,150.91666666666666,,,0.035406539054831494
ParkG,1070 g,,,152.5,,,0.0362876790480699
ParkG,1070 g,,,154.08333333333331,,,0.03720205495713326
ParkG,1070 g,,,155.66666666666666,,,0.038151355848202596
ParkG,1070 g,,,157.25,,,0.039137379219545194
ParkG,1070 g,,,158.83333333333331,,,0.04016203944328371
ParkG,1070 g,,,160.41666666666666,,,0.04122737698208404
ParkG,1070 g,,,162.0,,,0.04233556846292627
ParkG,1070 g,,,163.58333333333331,,,0.04348893770002906
ParkG,1070 g,,,165.16666666666666,,,0.04468996777024397
ParkG,1070 g,,,166.75,,,0.045941314257026036
ParkG,1070 g,,,168.33333333333331,,,0.047245819793655164
ParkG,1070 g,,,169.91666666666666,,,0.04860653005300394
ParkG,1070 g,,,171.5,,,0.050026711350143103
ParkG,1070 g,,,173.08333333333331,,,0.051509870045825835
ParkG,1070 g,,,174.66666666666666,,,0.05305977396383533
ParkG,1070 g,,,176.25,,,0.05468047606384371
ParkG,1070 g,,,177.83333333333331,,,0.05637634064442883
ParkG,1070 g,,,179.41666666666666,,,0.05815207238895702
ParkG,1070 g,,,181.0,,,0.06001274861103164
ParkG,1070 g,,,182.58333333333331,,,0.06196385510715563
ParkG,1070 g,,,184.16666666666666,,,0.06401132608338504
ParkG,1070 g,,,185.75,,,0.06616158869152139
ParkG,1070 g,,,187.33333333333331,,,0.06842161279055603
ParkG,1070 g,,,188.91666666666666,,,0.07079896664273562
ParkG,1070 g,,,190.5,,,0.0733018793632953
ParkG,1070 g,,,192.08333333333331,,,0.07593931107165604
ParkG,1070 g,,,193.66666666666666,,,0.07872103184339149
ParkG,1070 g,,,195.25,,,0.08165771074102185
ParkG,1070 g,,,196.83333333333331,,,0.08476101641313825
ParkG,1070 g,,,198.41666666666666,,,0.08804373100215507
ParkG,1070 g,,,200.0,,,0.09151987939928272
ParkG,1070 g,,,201.58333333333331,,,0.09520487624112693
ParkG,1070 g,,,203.16666666666666,,,0.09911569346798882
ParkG,1070 g,,,204.75,,,0.10327105177473618
ParkG,1070 g,,,206.33333333333331,,,0.10769163989998357
ParkG,1070 g,,,207.91666666666666,,,0.11240036644184866
ParkG,1070 g,,,209.5,,,0.11742264978823899
ParkG,1070 g,,,211.08333333333331,,,0.12278675284347057
ParkG,1070 g,,,212.66666666666666,,,0.128524170567616
ParkG,1070 g,,,214.25,,,0.1346700799792479
ParkG,1070 g,,,215.83333333333331,,,0.14126386428095858
ParkG,1070 g,,,217.41666666666666,,,0.14834972524550788
ParkG,1070 g,,,219.0,,,0.15597740107064634
ParkG,1070 g,,,220.58333333333331,,,0.1642030107293412
ParkG,1070 g,,,222.16666666666666,,,0.1730900506115804
ParkG,1070 g,,,223.75,,,0.18271057523636242
ParkG,1070 g,,,225.33333333333331,,,0.19314660134918404
ParkG,1070 g,,,226.91666666666666,,,0.204491784257424
ParkG,1070 g,,,228.5,,,0.2168534273790663
ParkG,1070 g,,,230.08333333333331,,,0.23035490146089468
ParkG,1070 g,,,231.66666666666666,,,0.245138569781402
ParkG,1070 g,,,233.25,,,0.26136934124615685
ParkG,1070 g,,,234.83333333333331,,,0.2792390064129622
ParkG,1070 g,,,236.41666666666666,,,0.2989715545571098
ParkG,1070 g,,,238.0,,,0.3208297261170634
ParkG,1070 g,,,239.58333333333331,,,0.3451231285378473
ParkG,1070 g,,,241.16666666666666,,,0.37221834036368834
ParkG,1070 g,,,242.75,,,0.4025515559767662
ParkG,1070 g,,,244.33333333333331,,,0.43664449151003415
ParkG,1070 g,,,245.91666666666666,,,0.47512449382058575
ParkG,1070 g,,,247.5,,,0.5187500845862296
ParkG,1070 g,,,249.08333333333331,,,0.5684435484881393
ParkG,1070 g,,,250.66666666666666,,,0.6253326556141511
ParkG,1070 g,,,252.25,,,0.6908042034752441
ParkG,1070 g,,,253.83333333333331,,,0.7665727577475316
ParkG,1070 g,,,255.41666666666666,,,0.8547686821525752
ParkG,1070 g,,,257.0,,,0.9580500443912247
ParkG,1070 g,,,258.5833333333333,,,1.0797427008306417
ParkG,1070 g,,,260.16666666666663,,,1.2240105226581877
ParkG,1070 g,,,261.75,,,1.3960505923966657
ParkG,1070 g,,,263.3333333333333,,,1.6022906208080694
ParkG,1070 g,,,264.91666666666663,,,1.850526665919732
ParkG,1070 g,,,266.5,,,2.1498579779226317
ParkG,1070 g,,,268.0833333333333,,,2.5101194326972154
ParkG,1070 g,,,269.66666666666663,,,2.940243031691976
ParkG,1070 g,,,271.25,,,3.4446106756177093
ParkG,1070 g,,,272.8333333333333,,,4.016236693304083
ParkG,1070 g,,,274.41666666666663,,,4.626413479291726
ParkG,1070 g,,,276.0,,,5.214005913343884
ParkG,1070 g,,,277.5833333333333,,,5.684654736730744
ParkG,1070 g,,,279.16666666666663,,,5.93424784681918
ParkG,1070 g,,,280.75,,,5.896412929183993
ParkG,1070 g,,,282.3333333333333,,,5.581726828332795
ParkG,1070 g,,,283.91666666666663,,,5.071057518696252
ParkG,1070 g,,,285.5,,,4.469890331009194
ParkG,1070 g,,,287.0833333333333,,,3.8651696959510877
ParkG,1070 g,,,288.66666666666663,,,3.309037508845089
ParkG,1070 g,,,290.25,,,2.823545777603998
ParkG,1070 g,,,291.8333333333333,,,2.4119246087624
ParkG,1070 g,,,293.41666666666663,,,2.068129095747875
ParkG,1070 g,,,295.0,,,1.782750238339544
ParkT,70 g,0.07,1.0,15.0,0.3001,0.13279196355825704,
ParkT,70 g,0.07,1.0,20.0,0.2647,0.1365440500535636,
ParkT,70 g,0.07,1.0,25.0,0.3492,0.14045251005495896,
ParkT,70 g,0.07,1.0,30.0,0.4731,0.1445258525085855,
ParkT,70 g,0.07,1.0,35.0,0.534,0.14877314932422359,
ParkT,70 g,0.07,1.0,40.0,0.2706,0.15320407837179187,
ParkT,70 g,0.07,1.0,50.0,0.1213,0.1626588580245233,
ParkT,70 g,0.07,1.0,55.0,0.1802,0.16770553362350563,
ParkT,70 g,0.07,1.0,65.0,0.2274,0.17850056474085296,
ParkT,70 g,0.07,1.0,85.0,0.3591,0.2033100269773602,
ParkT,70 g,0.07,1.0,90.0,0.4337,0.21028187651507907,
ParkT,70 g,0.07,1.0,95.0,0.4907,0.2176004256782987,
ParkT,70 g,0.07,1.0,100.0,0.5418,0.22528765717160207,
ParkT,70 g,0.07,1.0,105.0,0.6244,0.2333671864257595,
ParkT,70 g,0.07,1.0,110.0,0.6303,0.24186439228771006,
ParkT,70 g,0.07,1.0,115.0,0.6421,0.2508065574592992,
ParkT,70 g,0.07,1.0,120.0,0.6735,0.26022301900958833,
ParkT,70 g,0.07,1.0,125.0,0.7108,0.27014532915363115,
ParkT,70 g,0.07,1.0,130.0,0.8032,0.2806074263024298,
ParkT,70 g,0.07,1.0,135.0,0.7777,0.29164581612763185,
ParkT,70 g,0.07,1.0,140.0,0.7541,0.3032997620293053,
ParkT,70 g,0.07,1.0,145.0,0.7089,0.3156114839192449,
ParkT,70 g,0.07,1.0,150.0,0.648,0.3286263636024432,
ParkT,70 g,0.07,1.0,155.0,0.6362,0.3423931542140697,
ParkT,70 g,0.07,1.0,160.0,0.648,0.3569641900970525,
ParkT,70 g,0.07,1.0,165.0,0.3768,0.37239559212272155,
ParkT,70 g,0.07,1.0,170.0,0.3689,0.38874746168641605,
ParkT,70 g,0.07,1.0,175.0,0.2274,0.40608405435762773,
ParkT,70 g,0.07,1.0,180.0,0.1999,0.42447392131793443,
ParkT,70 g,0.07,1.0,185.0,0.2195,0.4439900031475267,
ParkT,70 g,0.07,1.0,190.0,0.2431,0.4647096560701618,
ParkT,70 g,0.07,1.0,195.0,0.2372,0.4867145852659981,
ParkT,70 g,0.07,1.0,205.0,0.2569,0.5349275221848889,
ParkT,70 g,0.07,1.0,215.0,0.3198,0.5893576033060075,
ParkT,70 g,0.07,1.0,220.0,0.2687,0.6191425306157734,
ParkT,70 g,0.07,1.0,230.0,0.2176,0.6843298865670342,
ParkT,70 g,0.07,1.0,235.0,0.1861,0.7199134753918276,
ParkT,70 g,0.07,1.0,240.0,0.1783,0.7575982817147882,
ParkT,70 g,0.07,1.0,245.0,0.1684,0.7974492096921397,
ParkT,70 g,0.07,1.0,250.0,0.1704,0.8395117012383084,
ParkT,170 g,0.17,1.0,10.0,0.0722,0.18578625051943531,
ParkT,170 g,0.17,1.0,15.0,0.1016,0.1909687464670625,
ParkT,170 g,0.17,1.0,20.0,0.1567,0.1963646396781026,
ParkT,170 g,0.17,1.0,25.0,0.1567,0.20198541436267664,
ParkT,170 g,0.17,1.0,30.0,0.1272,0.20784330727619518,
ParkT,170 g,0.17,1.0,35.0,0.2412,0.2139513647747208,
ParkT,170 g,0.17,1.0,40.0,0.3316,0.22032350464843678,
ParkT,170 g,0.17,1.0,45.0,0.4102,0.22697458315050445,
ParkT,170 g,0.17,1.0,50.0,0.1704,0.2339204676725756,
ParkT,170 g,0.17,1.0,65.0,0.0702,0.25670250050387045,
ParkT,170 g,0.17,1.0,70.0,0.2706,0.26500940787642663,
ParkT,170 g,0.17,1.0,75.0,0.2923,0.2737086286738606,
ParkT,170 g,0.17,1.0,80.0,0.0957,0.28282400554178805,
ParkT,170 g,0.17,1.0,85.0,0.0584,0.29238110466690914,
ParkT,170 g,0.17,1.0,90.0,0.0525,0.30240735423125903,
ParkT,170 g,0.17,1.0,95.0,0.0505,0.3129321941553594,
ParkT,170 g,0.17,1.0,100.0,0.0781,0.32398723786991546,
ParkT,170 g,0.17,1.0,105.0,0.1095,0.3356064468368309,
ParkT,170 g,0.17,1.0,110.0,0.0898,0.3478263184950836,
ParkT,170 g,0.17,1.0,115.0,0.1252,0.3606860882263342,
ParkT,170 g,0.17,1.0,125.0,0.1979,0.3884972666268937,
ParkT,170 g,0.17,1.0,130.0,0.3237,0.40354285767311837,
ParkT,170 g,0.17,1.0,135.0,0.2923,0.41941721792390885,
ParkT,170 g,0.17,1.0,140.0,0.192,0.4361768122593083,
ParkT,170 g,0.17,1.0,145.0,0.139,0.45388235733275983,
ParkT,170 g,0.17,1.0,150.0,0.1213,0.4725991169311646,
ParkT,170 g,0.17,1.0,155.0,0.1252,0.4923972031671849,
ParkT,170 g,0.17,1.0,160.0,0.1174,0.5133518783051804,
ParkT,170 g,0.17,1.0,165.0,0.3021,0.5355438500337893,
ParkT,170 g,0.17,1.0,170.0,0.418,0.5590595504519227,
ParkT,170 g,0.17,1.0,175.0,0.4318,0.5839913857958506,
ParkT,170 g,0.17,1.0,180.0,0.6578,0.6104379398417596,
ParkT,170 g,0.17,1.0,185.0,0.7325,0.638504108780596,
ParkT,170 g,0.17,1.0,190.0,0.813,0.6683011389610584,
ParkT,170 g,0.17,1.0,195.0,0.8897,0.6999465309864707,
ParkT,170 g,0.17,1.0,200.0,0.9113,0.7335637639674465,
ParkT,170 g,0.17,1.0,205.0,0.9486,0.7692817820075679,
ParkT,170 g,0.17,1.0,210.0,1.1078,0.8072341709932008,
ParkT,170 g,0.17,1.0,215.0,1.1137,0.847557937305478,
ParkT,170 g,0.17,1.0,220.0,1.2375,0.890391781158259,
ParkT,170 g,0.17,1.0,225.0,1.3259,0.9358737361426827,
ParkT,170 g,0.17,1.0,230.0,1.4301,0.9841380239122726,
ParkT,170 g,0.17,1.0,235.0,1.5205,1.035310950123948,
ParkT,170 g,0.17,1.0,240.0,1.4891,1.0895056470883662,
ParkT,170 g,0.17,1.0,245.0,1.5578,1.146815453777423,
ParkT,170 g,0.17,1.0,250.0,1.66,1.2073057204216788,
ParkT,170 g,0.17,1.0,255.0,1.7072,1.2710038407603381,
ParkT,170 g,0.17,1.0,260.0,1.7858,1.3378873606562427,
ParkT,170 g,0.17,1.0,265.0,1.7504,1.4078701006717862,
ParkT,170 g,0.17,1.0,270.0,1.7052,1.4807863780841422,
ParkT,170 g,0.17,1.0,275.0,2.4756,1.5563736372554946,
ParkT,170 g,0.17,1.0,280.0,2.9236,1.6342541103831618,
ParkT,170 g,0.17,1.0,285.0,2.9295,1.713916539607703,
ParkT,170 g,0.17,1.0,290.0,0.5065,1.7946994863451622,
ParkT,170 g,0.17,1.0,295.0,0.4475,1.8757782981598807,
ParkT,170 g,0.17,1.0,300.0,0.3807,1.9561583238491813,
ParkT,270 g,0.27,1.0,10.0,0.1331,0.09184696723942753,
ParkT,270 g,0.27,1.0,15.0,0.1665,0.09440903270008112,
ParkT,270 g,0.27,1.0,20.0,0.1095,0.09707659515745472,
ParkT,270 g,0.27,1.0,25.0,0.1822,0.0998553320492909,
ParkT,270 g,0.27,1.0,30.0,0.1763,0.1027512928484122,
ParkT,270 g,0.27,1.0,35.0,0.1704,0.10577092726912479,
ParkT,270 g,0.27,1.0,40.0,0.194,0.10892111583577019,
ParkT,270 g,0.27,1.0,45.0,0.1626,0.11220920301971583,
ParkT,270 g,0.27,1.0,50.0,0.2628,0.1156430331678773,
ParkT,270 g,0.27,1.0,55.0,0.1311,0.1192309894634554,
ParkT,270 g,0.27,1.0,60.0,0.1861,0.12298203617779178,
ParkT,270 g,0.27,1.0,65.0,0.0898,0.12690576449085325,
ParkT,270 g,0.27,1.0,70.0,0.1056,0.1310124421764999,
ParkT,270 g,0.27,1.0,75.0,0.194,0.1353130674668891,
ParkT,270 g,0.27,1.0,80.0,0.253,0.13981942742745027,
ParkT,270 g,0.27,1.0,85.0,0.1193,0.14454416118893565,
ParkT,270 g,0.27,1.0,90.0,0.0977,0.14950082839491297,
ParkT,270 g,0.27,1.0,95.0,0.1586,0.15470398323014087,
ParkT,270 g,0.27,1.0,100.0,0.4121,0.160169254395485,
ParkT,270 g,0.27,1.0,105.0,0.2097,0.16591343138570153,
ParkT,270 g,0.27,1.0,110.0,0.1449,0.17195455740405632,
ParkT,270 g,0.27,1.0,115.0,0.0957,0.1783120292078656,
ParkT,270 g,0.27,1.0,120.0,0.1193,0.1850067041158866,
ParkT,270 g,0.27,1.0,125.0,0.0997,0.19206101431469863,
ParkT,270 g,0.27,1.0,130.0,0.1115,0.19949908846742426,
ParkT,270 g,0.27,1.0,135.0,0.1783,0.20734688044247518,
ParkT,270 g,0.27,1.0,140.0,0.365,0.21563230472745745,
ParkT,270 g,0.27,1.0,145.0,0.6165,0.22438537775504078,
ParkT,270 g,0.27,1.0,150.0,0.4534,0.23363836391982207,
ParkT,270 g,0.27,1.0,155.0,0.2746,0.24342592447847003,
ParkT,270 g,0.27,1.0,160.0,0.1901,0.2537852667631187,
ParkT,270 g,0.27,1.0,165.0,0.1409,0.264756290154985,
ParkT,270 g,0.27,1.0,170.0,0.1272,0.276381724006402,
ParkT,270 g,0.27,1.0,175.0,0.1213,0.28870725109815526,
ParkT,270 g,0.27,1.0,180.0,0.1233,0.3017816081954058,
ParkT,270 g,0.27,1.0,185.0,0.1272,0.3156566527256353,
ParkT,270 g,0.27,1.0,190.0,0.1488,0.33038738143761215,
ParkT,270 g,0.27,1.0,195.0,0.1311,0.3460318829898561,
ParkT,270 g,0.27,1.0,200.0,0.2156,0.3626512016296974,
ParkT,270 g,0.27,1.0,205.0,0.3944,0.3803090833277035,
ParkT,270 g,0.27,1.0,210.0,0.3355,0.39907156880806355,
ParkT,270 g,0.27,1.0,215.0,0.3689,0.41900638978162436,
ParkT,270 g,0.27,1.0,220.0,0.3119,0.4401821153376636,
ParkT,270 g,0.27,1.0,225.0,0.2628,0.46266698500783593,
ParkT,270 g,0.27,1.0,230.0,0.2588,0.4865273538199192,
ParkT,270 g,0.27,1.0,235.0,0.2805,0.5118256633781806,
ParkT,270 g,0.27,1.0,240.0,0.2903,0.5386178427925604,
ParkT,270 g,0.27,1.0,245.0,0.306,0.5669500359594445,
ParkT,270 g,0.27,1.0,250.0,0.308,0.5968545500084966,
ParkT,270 g,0.27,1.0,255.0,0.3296,0.6283449275558164,
ParkT,270 g,0.27,1.0,260.0,0.3591,0.6614100679715444,
ParkT,270 g,0.27,1.0,265.0,0.3787,0.6960073668112698,
ParkT,270 g,0.27,1.0,270.0,0.418,0.7320549156691069,
ParkT,270 g,0.27,1.0,275.0,0.4475,0.7694229151707872,
ParkT,270 g,0.27,1.0,280.0,0.4868,0.8079246086166091,
ParkT,270 g,0.27,1.0,285.0,0.5418,0.8473072459578704,
ParkT,270 g,0.27,1.0,290.0,0.6381,0.8872438324477498,
ParkT,270 g,0.27,1.0,295.0,0.7344,0.9273266854669464,
ParkT,270 g,0.27,1.0,300.0,0.8229,0.967064080271721,
ParkT,270 g,0.27,1.0,305.0,0.9585,1.0058814522823578,
ParkT,270 g,0.27,1.0,310.0,1.1196,1.0431286607557655,
ParkT,270 g,0.27,1.0,315.0,1.2473,1.078094616158849,
ParkT,270 g,0.27,1.0,320.0,1.4104,1.1100300520662094,
ParkT,270 g,0.27,1.0,325.0,1.5598,1.1381783467693662,
ParkT,270 g,0.27,1.0,330.0,1.7386,1.161813116600579,
ParkT,270 g,0.27,1.0,335.0,1.8644,1.1802799682825436,
ParkT,270 g,0.27,1.0,340.0,1.8172,1.1930385749306214,
ParkT,270 g,0.27,1.0,345.0,1.4832,1.1997004534074283,
ParkT,270 g,0.27,1.0,350.0,1.9823,1.2000577617968968,
ParkT,270 g,0.27,1.0,355.0,2.4225,1.1940992550000373,
ParkT,270 g,0.27,1.0,360.0,0.3787,1.1820111587711726,
ParkT,270 g,0.27,1.0,365.0,0.2549,1.1641628375397015,
ParkT,270 g,0.27,1.0,370.0,0.2353,1.141079274342553,
ParkT,70 g,,,15.0,,,0.14859503781256364
ParkT,70 g,,,16.958333333333332,,,0.15281015016333577
ParkT,70 g,,,18.916666666666668,,,0.15718991960305606
ParkT,70 g,,,20.875,,,0.16174191140789668
ParkT,70 g,,,22.833333333333332,,,0.16647403427540114
ParkT,70 g,,,24.791666666666664,,,0.17139454835155926
ParkT,70 g,,,26.75,,,0.17651207169978325
ParkT,70 g,,,28.708333333333332,,,0.18183558478184442
ParkT,70 g,,,30.666666666666664,,,0.18737443244299348
ParkT,70 g,,,32.625,,,0.19313832280395699
ParkT,70 g,,,34.58333333333333,,,0.19913732235993423
ParkT,70 g,,,36.541666666666664,,,0.2053818464697582
ParkT,70 g,,,38.5,,,0.21188264428569584
ParkT,70 g,,,40.45833333333333,,,0.21865077702471505
ParkT,70 g,,,42.416666666666664,,,0.22569758831441142
ParkT,70 g,,,44.375,,,0.2330346651604955
ParkT,70 g,,,46.33333333333333,,,0.24067378787765184
ParkT,70 g,,,48.291666666666664,,,0.24862686710235352
ParkT,70 g,,,50.25,,,0.25690586576662433
ParkT,70 g,,,52.20833333333333,,,0.2655227036590819
ParkT,70 g,,,54.166666666666664,,,0.2744891419392108
ParkT,70 g,,,56.125,,,0.28381664471071133
ParkT,70 g,,,58.08333333333333,,,0.2935162145113786
ParkT,70 g,,,60.041666666666664,,,0.30359819835601126
ParkT,70 g,,,62.0,,,0.3140720607963792
ParkT,70 g,,,63.95833333333333,,,0.3249461203657072
ParkT,70 g,,,65.91666666666666,,,0.336227245789421
ParkT,70 g,,,67.875,,,0.3479205085125875
ParkT,70 g,,,69.83333333333333,,,0.36002878847052094
ParkT,70 g,,,71.79166666666666,,,0.37255233067525173
ParkT,70 g,,,73.75,,,0.3854882511792598
ParkT,70 g,,,75.70833333333333,,,0.3988299923894
ParkT,70 g,,,77.66666666666666,,,0.4125667296234208
ParkT,70 g,,,79.625,,,0.42668273331339585
ParkT,70 g,,,81.58333333333333,,,0.4411566944401625
ParkT,70 g,,,83.54166666666666,,,0.45596102468477756
ParkT,70 g,,,85.5,,,0.4710611474241001
ParkT,70 g,,,87.45833333333333,,,0.48641480103741147
ParkT,70 g,,,89.41666666666666,,,0.5019713819074827
ParkT,70 g,,,91.375,,,0.5176713607631834
ParkT,70 g,,,93.33333333333333,,,0.5334458122594219
ParkT,70 g,,,95.29166666666666,,,0.5492161034093457
ParkT,70 g,,,97.25,,,0.5648937909987881
ParkT,70 g,,,99.20833333333333,,,0.5803807806015848
ParkT,70 g,,,101.16666666666666,,,0.5955697993475902
ParkT,70 g,,,103.125,,,0.6103452302145238
ParkT,70 g,,,105.08333333333333,,,0.6245843464503266
ParkT,70 g,,,107.04166666666666,,,0.6381589701593361
ParkT,70 g,,,109.0,,,0.6509375589047575
ParkT,70 g,,,110.95833333333333,,,0.6627876988030481
ParkT,70 g,,,112.91666666666666,,,0.6735789531825689
ParkT,70 g,,,114.875,,,0.6831859844456352
ParkT,70 g,,,116.83333333333333,,,0.6914918360780096
ParkT,70 g,,,118.79166666666666,,,0.698391235121667
ParkT,70 g,,,120.75,,,0.7037937563832343
ParkT,70 g,,,122.70833333333333,,,0.7076266813989543
ParkT,70 g,,,124.66666666666666,,,0.7098373900588781
ParkT,70 g,,,126.625,,,0.7103951417806699
ParkT,70 g,,,128.58333333333331,,,0.7092921354844381
ParkT,70 g,,,130.54166666666666,,,0.706543780846936
ParkT,70 g,,,132.5,,,0.7021881633670181
ParkT,70 g,,,134.45833333333331,,,0.6962847376175139
ParkT,70 g,,,136.41666666666666,,,0.6889123313891243
ParkT,70 g,,,138.375,,,0.6801665834668708
ParkT,70 g,,,140.33333333333331,,,0.6701569659372025
ParkT,70 g,,,142.29166666666666,,,0.6590035562687621
ParkT,70 g,,,144.25,,,0.6468337247921364
ParkT,70 g,,,146.20833333333331,,,0.6337788910936413
ParkT,70 g,,,148.16666666666666,,,0.6199714809217466
ParkT,70 g,,,150.125,,,0.6055421868518537
ParkT,70 g,,,152.08333333333331,,,0.59061760467149
ParkT,70 g,,,154.04166666666666,,,0.5753182864115296
ParkT,70 g,,,156.0,,,0.5597572226894598
ParkT,70 g,,,157.95833333333331,,,0.5440387432719509
ParkT,70 g,,,159.91666666666666,,,0.5282578064140449
ParkT,70 g,,,161.875,,,0.5124996347832198
ParkT,70 g,,,163.83333333333331,,,0.49683964826882054
ParkT,70 g,,,165.79166666666666,,,0.4813436409861432
ParkT,70 g,,,167.75,,,0.46606815039531385
ParkT,70 g,,,169.70833333333331,,,0.45106096970822096
ParkT,70 g,,,171.66666666666666,,,0.43636175975157937
ParkT,70 g,,,173.625,,,0.4220027224140158
ParkT,70 g,,,175.58333333333331,,,0.40800930410769387
ParkT,70 g,,,177.54166666666666,,,0.39440090385758564
ParkT,70 g,,,179.5,,,0.3811915663779822
ParkT,70 g,,,181.45833333333331,,,0.3683906456149535
ParkT,70 g,,,183.41666666666666,,,0.3560034286328307
ParkT,70 g,,,185.375,,,0.34403171338328536
ParkT,70 g,,,187.33333333333331,,,0.3324743368485423
ParkT,70 g,,,189.29166666666666,,,0.32132765235850197
ParkT,70 g,,,191.25,,,0.31058595662458655
ParkT,70 g,,,193.20833333333331,,,0.3002418682964335
ParkT,70 g,,,195.16666666666666,,,0.29028666071519904
ParkT,70 g,,,197.125,,,0.28071055208712375
ParkT,70 g,,,199.08333333333331,,,0.271502956602456
ParkT,70 g,,,201.04166666666666,,,0.26265270013740444
ParkT,70 g,,,203.0,,,0.25414820415027917
ParkT,70 g,,,204.95833333333331,,,0.24597764125799998
ParkT,70 g,,,206.91666666666666,,,0.23812906578805174
ParkT,70 g,,,208.875,,,0.2305905223689595
ParkT,70 g,,,210.83333333333331,,,0.2233501353686047
ParkT,70 g,,,212.79166666666666,,,0.21639618172843303
ParkT,70 g,,,214.75,,,0.20971714948302334
ParkT,70 g,,,216.70833333333331,,,0.2033017840056392
ParkT,70 g,,,218.66666666666666,,,0.1971391237858963
ParkT,70 g,,,220.625,,,0.19121852732827846
ParkT,70 g,,,222.58333333333331,,,0.18552969256129137
ParkT,70 g,,,224.54166666666666,,,0.1800626699669342
ParkT,70 g,,,226.5,,,0.17480787047853835
ParkT,70 g,,,228.45833333333331,,,0.16975606905107435
ParkT,70 g,,,230.41666666666666,,,0.16489840468065195
ParkT,70 g,,,232.375,,,0.16022637753785843
ParkT,70 g,,,234.33333333333331,,,0.15573184378144503
ParkT,70 g,,,236.29166666666666,,,0.1514070085333296
ParkT,70 g,,,238.25,,,0.14724441742161237
ParkT,70 g,,,240.20833333333331,,,0.14323694703404707
ParkT,70 g,,,242.16666666666666,,,0.13937779456901772
ParkT,70 g,,,244.125,,,0.1356604669234595
ParkT,70 g,,,246.08333333333331,,,0.1320787694163685
ParkT,70 g,,,248.04166666666666,,,0.12862679431169358
ParkT,70 g,,,250.0,,,0.12529890927471532
ParkT,170 g,,,10.0,,,0.06845871630152858
ParkT,170 g,,,12.416666666666666,,,0.06974676661578001
ParkT,170 g,,,14.833333333333332,,,0.0710710565973573
ParkT,170 g,,,17.25,,,0.07243294051313984
ParkT,170 g,,,19.666666666666664,,,0.07383383558244391
ParkT,170 g,,,22.083333333333332,,,0.07527522546651905
ParkT,170 g,,,24.5,,,0.07675866398185119
ParkT,170 g,,,26.916666666666664,,,0.07828577905349902
ParkT,170 g,,,29.333333333333332,,,0.07985827692599264
ParkT,170 g,,,31.75,,,0.08147794665074298
ParkT,170 g,,,34.166666666666664,,,0.08314666487045212
ParkT,170 g,,,36.58333333333333,,,0.0848664009226937
ParkT,170 g,,,39.0,,,0.08663922228666156
ParkT,170 g,,,41.416666666666664,,,0.08846730039907498
ParkT,170 g,,,43.83333333333333,,,0.09035291686740049
ParkT,170 g,,,46.25,,,0.09229847011091456
ParkT,170 g,,,48.666666666666664,,,0.09430648246271255
ParkT,170 g,,,51.08333333333333,,,0.09637960776858356
ParkT,170 g,,,53.5,,,0.09852063952174221
ParkT,170 g,,,55.916666666666664,,,0.10073251957576074
ParkT,170 g,,,58.33333333333333,,,0.10301834748170713
ParkT,170 g,,,60.75,,,0.10538139049949143
ParkT,170 g,,,63.166666666666664,,,0.10782509433779075
ParkT,170 g,,,65.58333333333333,,,0.11035309468169614
ParkT,170 g,,,68.0,,,0.11296922957243587
ParkT,170 g,,,70.41666666666666,,,0.11567755270922958
ParkT,170 g,,,72.83333333333333,,,0.1184823477495518
ParkT,170 g,,,75.25,,,0.1213881436908858
ParkT,170 g,,,77.66666666666666,,,0.1243997314244804
ParkT,170 g,,,80.08333333333333,,,0.12752218155973932
ParkT,170 g,,,82.5,,,0.13076086362673392
ParkT,170 g,,,84.91666666666666,,,0.1341214667740022
ParkT,170 g,,,87.33333333333333,,,0.13761002208934633
ParkT,170 g,,,89.75,,,0.14123292668283513
ParkT,170 g,,,92.16666666666666,,,0.14499696968373813
ParkT,170 g,,,94.58333333333333,,,0.14890936031672952
ParkT,170 g,,,97.0,,,0.15297775823748527
ParkT,170 g,,,99.41666666666666,,,0.15721030632382518
ParkT,170 g,,,101.83333333333333,,,0.16161566613589448
ParkT,170 g,,,104.25,,,0.1662030562775911
ParkT,170 g,,,106.66666666666666,,,0.17098229391158215
ParkT,170 g,,,109.08333333333333,,,0.17596383970183485
ParkT,170 g,,,111.5,,,0.1811588464806186
ParkT,170 g,,,113.91666666666666,,,0.1865792119613743
ParkT,170 g,,,116.33333333333333,,,0.19223763584460768
ParkT,170 g,,,118.75,,,0.19814768169087524
ParkT,170 g,,,121.16666666666666,,,0.20432384396274533
ParkT,170 g,,,123.58333333333333,,,0.21078162066594733
ParkT,170 g,,,126.0,,,0.2175375920482273
ParkT,170 g,,,128.41666666666666,,,0.22460950584195366
ParkT,170 g,,,130.83333333333331,,,0.23201636956223867
ParkT,170 g,,,133.25,,,0.2397785503948745
ParkT,170 g,,,135.66666666666666,,,0.24791788322590722
ParkT,170 g,,,138.08333333333331,,,0.2564577873747833
ParkT,170 g,,,140.5,,,0.2654233925925491
ParkT,170 g,,,142.91666666666666,,,0.27484167487152056
ParkT,170 g,,,145.33333333333331,,,0.28474160257788855
ParkT,170 g,,,147.75,,,0.29515429335715043
ParkT,170 g,,,150.16666666666666,,,0.3061131821654302
ParkT,170 g,,,152.58333333333331,,,0.31765420063666333
ParkT,170 g,,,155.0,,,0.3298159677923085
ParkT,170 g,,,157.41666666666666,,,0.34263999181904703
ParkT,170 g,,,159.83333333333331,,,0.35617088225856486
ParkT,170 g,,,162.25,,,0.37045657144400485
ParkT,170 g,,,164.66666666666666,,,0.3855485433450912
ParkT,170 g,,,167.08333333333331,,,0.4015020671047264
ParkT,170 g,,,169.5,,,0.4183764314102087
ParkT,170 g,,,171.91666666666666,,,0.4362351743758961
ParkT,170 g,,,174.33333333333331,,,0.45514630174033194
ParkT,170 g,,,176.75,,,0.4751824838018213
ParkT,170 g,,,179.16666666666666,,,0.4964212185154595
ParkT,170 g,,,181.58333333333331,,,0.5189449444141436
ParkT,170 g,,,184.0,,,0.5428410823373727
ParkT,170 g,,,186.41666666666666,,,0.5682019791761312
ParkT,170 g,,,188.83333333333331,,,0.5951247197765248
ParkT,170 g,,,191.25,,,0.6237107645916105
ParkT,170 g,,,193.66666666666666,,,0.6540653604478007
ParkT,170 g,,,196.08333333333331,,,0.6862966597644216
ParkT,170 g,,,198.5,,,0.7205144696960569
ParkT,170 g,,,200.91666666666666,,,0.756828537096262
ParkT,170 g,,,203.33333333333331,,,0.7953462583547142
ParkT,170 g,,,205.75,,,0.8361696859093237
ParkT,170 g,,,208.16666666666666,,,0.879391687107897
ParkT,170 g,,,210.58333333333331,,,0.9250910985450328
ParkT,170 g,,,213.0,,,0.9733267137344671
ParkT,170 g,,,215.41666666666666,,,1.024129949303193
ParkT,170 g,,,217.83333333333331,,,1.0774960620375553
ParkT,170 g,,,220.25,,,1.1333738453772533
ParkT,170 g,,,222.66666666666666,,,1.191653830524397
ParkT,170 g,,,225.08333333333331,,,1.2521551664168846
ParkT,170 g,,,227.5,,,1.3146115657198363
ParkT,170 g,,,229.91666666666666,,,1.3786569877178616
ParkT,170 g,,,232.33333333333331,,,1.4438120809857002
ParkT,170 g,,,234.75,,,1.5094728098209993
ParkT,170 g,,,237.16666666666666,,,1.5749030949514045
ParkT,170 g,,,239.58333333333331,,,1.6392336361257573
ParkT,170 g,,,242.0,,,1.7014692444306492
ParkT,170 g,,,244.41666666666666,,,1.760506864608896
ParkT,170 g,,,246.83333333333331,,,1.8151658826424346
ParkT,170 g,,,249.24999999999997,,,1.8642312053971708
ParkT,170 g,,,251.66666666666666,,,1.9065079792346578
ParkT,170 g,,,254.08333333333331,,,1.940884843128259
ParkT,170 g,,,256.5,,,1.9664006161356038
ParkT,170 g,,,258.91666666666663,,,1.982307755155344
ParkT,170 g,,,261.3333333333333,,,1.9881252644646767
ParkT,170 g,,,263.75,,,1.983674336862293
ParkT,170 g,,,266.16666666666663,,,1.9690919162799574
ParkT,170 g,,,268.5833333333333,,,1.9448202953966272
ParkT,170 g,,,271.0,,,1.9115741978523673
ParkT,170 g,,,273.41666666666663,,,1.870289813121753
ParkT,170 g,,,275.8333333333333,,,1.8220623223897643
ParkT,170 g,,,278.25,,,1.7680792312518363
ParkT,170 g,,,280.66666666666663,,,1.7095563228037032
ParkT,170 g,,,283.0833333333333,,,1.6476815757231402
ParkT,170 g,,,285.5,,,1.583570425645239
ParkT,170 g,,,287.91666666666663,,,1.518233751101962
ParkT,170 g,,,290.3333333333333,,,1.452558285605954
ParkT,170 g,,,292.75,,,1.387297977267117
ParkT,170 g,,,295.16666666666663,,,1.3230741658860599
ParkT,170 g,,,297.5833333333333,,,1.2603822485843976
ParkT,170 g,,,300.0,,,1.1996026320672502
ParkT,270 g,,,10.0,,,0.01804133589672292
ParkT,270 g,,,13.0,,,0.018376240839019103
ParkT,270 g,,,16.0,,,0.01872052544970424
ParkT,270 g,,,19.0,,,0.019074542012498693
ParkT,270 g,,,22.0,,,0.0194386594444024
ParkT,270 g,,,25.0,,,0.019813264243402403
ParkT,270 g,,,28.0,,,0.020198761499522783
ParkT,270 g,,,31.0,,,0.020595575974081477
ParkT,270 g,,,34.0,,,0.021004153252440542
ParkT,270 g,,,37.0,,,0.021424960976
ParkT,270 g,,,40.0,,,0.02185849015969397
ParkT,270 g,,,43.0,,,0.022305256601806853
ParkT,270 g,,,46.0,,,0.022765802393541857
ParkT,270 g,,,49.0,,,0.02324069753645098
ParkT,270 g,,,52.0,,,0.023730541676580456
ParkT,270 g,,,55.0,,,0.02423596596500801
ParkT,270 g,,,58.0,,,0.024757635055354527
ParkT,270 g,,,61.0,,,0.02529624924985522
ParkT,270 g,,,64.0,,,0.025852546806682444
ParkT,270 g,,,67.0,,,0.026427306422438637
ParkT,270 g,,,70.0,,,0.027021349905095516
ParkT,270 g,,,73.0,,,0.027635545054161735
ParkT,270 g,,,76.0,,,0.02827080876653256
ParkT,270 g,,,79.0,,,0.02892811038833254
ParkT,270 g,,,82.0,,,0.029608475335127678
ParkT,270 g,,,85.0,,,0.03031298900518413
ParkT,270 g,,,88.0,,,0.031042801013014154
ParkT,270 g,,,91.0,,,0.03179912977331107
ParkT,270 g,,,94.0,,,0.032583267468571424
ParkT,270 g,,,97.0,,,0.033396585437276645
ParkT,270 g,,,100.0,,,0.03424054002350938
ParkT,270 g,,,103.0,,,0.03511667893336576
ParkT,270 g,,,106.0,,,0.0360266481485609
ParkT,270 g,,,109.0,,,0.036972199453282784
ParkT,270 g,,,112.0,,,0.037955198636716266
ParkT,270 g,,,115.0,,,0.03897763444083001
ParkT,270 g,,,118.0,,,0.04004162833110834
ParkT,270 g,,,121.0,,,0.04114944517704527
ParkT,270 g,,,124.0,,,0.04230350493954974
ParkT,270 g,,,127.0,,,0.04350639547410977
ParkT,270 g,,,130.0,,,0.04476088657183002
ParkT,270 g,,,133.0,,,0.04606994537552082
ParkT,270 g,,,136.0,,,0.04743675332514658
ParkT,270 g,,,139.0,,,0.048864724806446394
ParkT,270 g,,,142.0,,,0.050357527698783884
ParkT,270 g,,,145.0,,,0.05191910604368531
ParkT,270 g,,,148.0,,,0.05355370508457923
ParkT,270 g,,,151.0,,,0.05526589896152906
ParkT,270 g,,,154.0,,,0.057060621382926766
ParkT,270 g,,,157.0,,,0.05894319963997609
ParkT,270 g,,,160.0,,,0.06091939238026338
ParkT,270 g,,,163.0,,,0.06299543161487713
ParkT,270 g,,,166.0,,,0.06517806950067065
ParkT,270 g,,,169.0,,,0.0674746305168703
ParkT,270 g,,,172.0,,,0.06989306974508452
ParkT,270 g,,,175.0,,,0.07244203806596275
ParkT,270 g,,,178.0,,,0.07513095520675489
ParkT,270 g,,,181.0,,,0.07797009171475719
ParkT,270 g,,,184.0,,,0.08097066109555234
ParkT,270 g,,,187.0,,,0.08414492354615262
ParkT,270 g,,,190.0,,,0.08750630293647069
ParkT,270 g,,,193.0,,,0.09106951895370295
ParkT,270 g,,,196.0,,,0.09485073662997623
ParkT,270 g,,,199.0,,,0.09886773583197533
ParkT,270 g,,,202.0,,,0.1031401037116417
ParkT,270 g,,,205.0,,,0.10768945361047126
ParkT,270 g,,,208.0,,,0.11253967448936884
ParkT,270 g,,,211.0,,,0.11771721563647014
ParkT,270 g,,,214.0,,,0.12325141220415983
ParkT,270 g,,,217.0,,,0.12917485806345747
ParkT,270 g,,,220.0,,,0.13552383356119202
ParkT,270 g,,,223.0,,,0.14233879704722752
ParkT,270 g,,,226.0,,,0.1496649505311049
ParkT,270 g,,,229.0,,,0.15755289155535493
ParkT,270 g,,,232.0,,,0.16605936535909002
ParkT,270 g,,,235.0,,,0.1752481336654419
ParkT,270 g,,,238.0,,,0.18519097895987321
ParkT,270 g,,,241.0,,,0.19596886590550106
ParkT,270 g,,,244.0,,,0.2076732844908764
ParkT,270 g,,,247.0,,,0.22040780247084973
ParkT,270 g,,,250.0,,,0.23428985736044047
ParkT,270 g,,,253.0,,,0.24945282019056253
ParkT,270 g,,,256.0,,,0.26604836363059375
ParkT,270 g,,,259.0,,,0.2842491646298787
ParkT,270 g,,,262.0,,,0.30425196437253466
ParkT,270 g,,,265.0,,,0.3262809928640911
ParkT,270 g,,,268.0,,,0.3505917369151333
ParkT,270 g,,,271.0,,,0.3774749810953366
ParkT,270 g,,,274.0,,,0.407260970026232
ParkT,270 g,,,277.0,,,0.4403234103204092
ParkT,270 g,,,280.0,,,0.47708282713267747
ParkT,270 g,,,283.0,,,0.5180084792522253
ParkT,270 g,,,286.0,,,0.5636175715095109
ParkT,270 g,,,289.0,,,0.6144698256525287
ParkT,270 g,,,292.0,,,0.6711545166008943
ParkT,270 g,,,295.0,,,0.7342658000990887
ParkT,270 g,,,298.0,,,0.8043605625721322
ParkT,270 g,,,301.0,,,0.8818912884762364
ParkT,270 g,,,304.0,,,0.9671050805533512
ParkT,270 g,,,307.0,,,1.0599001213430845
ParkT,270 g,,,310.0,,,1.1596346195512681
ParkT,270 g,,,313.0,,,1.2648938305098787
ParkT,270 g,,,316.0,,,1.3732417148084834
ParkT,270 g,,,319.0,,,1.4810167929341966
ParkT,270 g,,,322.0,,,1.5832710410320976
ParkT,270 g,,,325.0,,,1.6739765360539536
ParkT,270 g,,,328.0,,,1.746602196577541
ParkT,270 g,,,331.0,,,1.7950593940023845
ParkT,270 g,,,334.0,,,1.814838617222545
ParkT,270 g,,,337.0,,,1.8039930269197892
ParkT,270 g,,,340.0,,,1.763597854664583
ParkT,270 g,,,343.0,,,1.697494154189745
ParkT,270 g,,,346.0,,,1.6114250204159508
ParkT,270 g,,,349.0,,,1.5119032732245077
ParkT,270 g,,,352.0,,,1.4051824855703874
ParkT,270 g,,,355.0,,,1.296564755847217
ParkT,270 g,,,358.0,,,1.1900929768887585
ParkT,270 g,,,361.0,,,1.0885464413878154
ParkT,270 g,,,364.0,,,0.9936148633998984
ParkT,270 g,,,367.0,,,0.9061416522433993
ParkT,270 g,,,370.0,,,0.8263654209169873
