dataset,scheme,model,row,curve,c,F,f,y,mu,sd
SalamaForce,loo,gp,0,"0 wt% GO, 10 Hz",0.0,0.1,10.0,423.5,451.2184724946999,432.6485857372649
SalamaForce,loo,gp,1,"0 wt% GO, 15 Hz",0.0,0.2,15.0,338.0,378.13898279849377,257.4794286756607
SalamaForce,loo,gp,2,"0 wt% GO, 10 Hz",0.0,0.3,10.0,631.9,664.5289341448279,236.29197220891604
SalamaForce,loo,gp,3,"0 wt% GO, 15 Hz",0.0,0.3,15.0,435.5,431.3893891715006,183.3955078973659
SalamaForce,loo,gp,4,"0 wt% GO, 10 Hz",0.0,0.4,10.0,713.1,597.0114158940576,187.51535647951587
SalamaForce,loo,gp,5,"0 wt% GO, 15 Hz",0.0,0.4,15.0,500.4,564.2301356524697,186.81502665267982
SalamaForce,loo,gp,6,"0 wt% GO, 10 Hz",0.0,0.5,10.0,567.0,807.7591892980613,256.5390795178153
SalamaForce,loo,gp,7,"0 wt% GO, 15 Hz",0.0,0.5,15.0,611.3,512.4097405393574,257.95447274531847
SalamaForce,loo,gp,8,"0.5 wt% GO, 10 Hz",0.5,0.1,10.0,313.5,501.03477710567176,252.02340763969423
SalamaForce,loo,gp,9,"0.5 wt% GO, 15 Hz",0.5,0.1,15.0,277.9,255.91858986608167,256.5260769695646
SalamaForce,loo,gp,10,"0.5 wt% GO, 10 Hz",0.5,0.2,10.0,822.2,671.4730090667829,184.33007498935865
SalamaForce,loo,gp,11,"0.5 wt% GO, 15 Hz",0.5,0.2,15.0,549.7,595.4429944432352,185.48858338788352
SalamaForce,loo,gp,12,"0.5 wt% GO, 10 Hz",0.5,0.3,10.0,1083.0,1114.8028997305769,179.98056193785973
SalamaForce,loo,gp,13,"0.5 wt% GO, 15 Hz",0.5,0.3,15.0,837.4,826.6625630908276,180.45096917731487
SalamaForce,loo,gp,14,"0.5 wt% GO, 10 Hz",0.5,0.4,10.0,1300.3,1325.5955702760448,185.89201123864802
SalamaForce,loo,gp,15,"0.5 wt% GO, 15 Hz",0.5,0.4,15.0,1043.0,1064.4270438252474,186.04256337326782
SalamaForce,loo,gp,16,"0.5 wt% GO, 10 Hz",0.5,0.5,10.0,1498.8,1320.301746918864,251.60866810416053
SalamaForce,loo,gp,17,"0.5 wt% GO, 15 Hz",0.5,0.5,15.0,1242.4,1244.7648703739344,252.64810643177952
SalamaForce,loo,gp,18,"1 wt% GO, 10 Hz",1.0,0.1,10.0,167.8,29.74316930720761,250.1508110413736
SalamaForce,loo,gp,19,"1 wt% GO, 15 Hz",1.0,0.1,15.0,337.9,487.7556819363672,250.96044470560793
SalamaForce,loo,gp,20,"1 wt% GO, 10 Hz",1.0,0.2,10.0,471.9,734.9017106638214,175.3668353261347
SalamaForce,loo,gp,21,"1 wt% GO, 15 Hz",1.0,0.2,15.0,826.3,649.5238656487248,180.93518856207294
SalamaForce,loo,gp,22,"1 wt% GO, 10 Hz",1.0,0.3,10.0,1298.3,1055.7171180992843,171.6890535659391
SalamaForce,loo,gp,23,"1 wt% GO, 15 Hz",1.0,0.3,15.0,1114.7,1221.8761557771118,177.31749032211678
SalamaForce,loo,gp,24,"1 wt% GO, 10 Hz",1.0,0.4,10.0,1593.3,1609.7867530735716,185.55440377404983
SalamaForce,loo,gp,25,"1 wt% GO, 15 Hz",1.0,0.4,15.0,1359.2,1410.3509785883873,186.3822744945311
SalamaForce,loo,gp,26,"1 wt% GO, 10 Hz",1.0,0.5,10.0,1696.5,1971.6733995587351,250.3615442137336
SalamaForce,loo,gp,27,"1 wt% GO, 15 Hz",1.0,0.5,15.0,1558.7,1464.87861208708,251.44960922588072
SalamaForce,loo,gp,28,"1.5 wt% GO, 10 Hz",1.5,0.1,10.0,117.5,-16.915017153309236,267.68308922513273
SalamaForce,loo,gp,29,"1.5 wt% GO, 15 Hz",1.5,0.1,15.0,476.6,784.5970461087799,248.04107931792015
SalamaForce,loo,gp,30,"1.5 wt% GO, 10 Hz",1.5,0.2,10.0,312.3,497.4093918085391,189.86108553482208
SalamaForce,loo,gp,31,"1.5 wt% GO, 15 Hz",1.5,0.2,15.0,1174.2,790.6157268192178,182.13863763729577
SalamaForce,loo,gp,32,"1.5 wt% GO, 10 Hz",1.5,0.3,10.0,1068.1,1469.5256645894528,182.75956476093992
SalamaForce,loo,gp,33,"1.5 wt% GO, 15 Hz",1.5,0.3,15.0,1542.6,1560.5740625217115,179.9919036111277
SalamaForce,loo,gp,34,"1.5 wt% GO, 10 Hz",1.5,0.4,10.0,2698.0,2447.4632145327114,183.82977045834218
SalamaForce,loo,gp,35,"1.5 wt% GO, 15 Hz",1.5,0.4,15.0,2232.8,2273.2034840496026,186.30310453487996
SalamaForce,loo,gp,36,"1.5 wt% GO, 10 Hz",1.5,0.5,10.0,3676.3,2835.7034655632096,249.35033755882054
SalamaForce,loo,gp,37,"1.5 wt% GO, 15 Hz",1.5,0.5,15.0,2716.1,2987.2363393191863,248.55947898665553
SalamaForce,loo,gp,38,"2 wt% GO, 10 Hz",2.0,0.1,10.0,328.3,296.8551391759843,252.33997081093116
SalamaForce,loo,gp,39,"2 wt% GO, 15 Hz",2.0,0.1,15.0,199.3,407.67023956186017,253.09410371352357
SalamaForce,loo,gp,40,"2 wt% GO, 10 Hz",2.0,0.2,10.0,745.1,664.2364720512139,186.3236864662914
SalamaForce,loo,gp,41,"2 wt% GO, 15 Hz",2.0,0.2,15.0,740.9,691.4937725940138,185.93992771262992
SalamaForce,loo,gp,42,"2 wt% GO, 10 Hz",2.0,0.3,10.0,1001.7,1012.8618036656004,180.58456498295791
SalamaForce,loo,gp,43,"2 wt% GO, 15 Hz",2.0,0.3,15.0,979.4,1019.5869188631355,179.95261481427187
SalamaForce,loo,gp,44,"2 wt% GO, 10 Hz",2.0,0.4,10.0,1296.5,1325.587933711239,185.95142914297705
SalamaForce,loo,gp,45,"2 wt% GO, 15 Hz",2.0,0.4,15.0,1130.9,1096.707932952016,185.6021352110266
SalamaForce,loo,gp,46,"2 wt% GO, 10 Hz",2.0,0.5,10.0,1603.6,1762.6994519763848,251.49232835071675
SalamaForce,loo,gp,47,"2 wt% GO, 15 Hz",2.0,0.5,15.0,1234.9,1333.682220520981,252.83669125343476
SalamaForce,loo,gp,48,"2.5 wt% GO, 10 Hz",2.5,0.1,10.0,237.3,254.63250099528022,252.87768590096218
SalamaForce,loo,gp,49,"2.5 wt% GO, 15 Hz",2.5,0.1,15.0,156.7,714.6829689774138,245.69776322731704
SalamaForce,loo,gp,50,"2.5 wt% GO, 10 Hz",2.5,0.2,10.0,843.5,692.0507136757119,182.02427004021598
SalamaForce,loo,gp,51,"2.5 wt% GO, 15 Hz",2.5,0.2,15.0,1210.9,777.415498114078,179.17622447002904
SalamaForce,loo,gp,52,"2.5 wt% GO, 10 Hz",2.5,0.3,10.0,1053.6,1469.3210497207865,169.71733482276605
SalamaForce,loo,gp,53,"2.5 wt% GO, 15 Hz",2.5,0.3,15.0,1406.8,1422.634823477407,180.10167197948599
SalamaForce,loo,gp,54,"2.5 wt% GO, 10 Hz",2.5,0.4,10.0,2037.7,1813.6557183304576,178.08226972852506
SalamaForce,loo,gp,55,"2.5 wt% GO, 15 Hz",2.5,0.4,15.0,1688.4,1732.499819321883,186.27740988907345
SalamaForce,loo,gp,56,"2.5 wt% GO, 10 Hz",2.5,0.5,10.0,2685.6,2212.4237694273643,253.3620479679519
SalamaForce,loo,gp,57,"2.5 wt% GO, 15 Hz",2.5,0.5,15.0,1973.1,2211.5940466770116,249.9445097160658
SalamaForce,loo,gp,58,"3 wt% GO, 10 Hz",3.0,0.1,10.0,84.2,97.80314216495128,258.77101225355455
SalamaForce,loo,gp,59,"3 wt% GO, 15 Hz",3.0,0.1,15.0,78.9,66.77421654055718,258.68672190765784
SalamaForce,loo,gp,60,"3 wt% GO, 10 Hz",3.0,0.2,10.0,423.2,600.0831099018558,175.6385161962291
SalamaForce,loo,gp,61,"3 wt% GO, 15 Hz",3.0,0.2,15.0,409.4,395.56144455760807,186.43916881189799
SalamaForce,loo,gp,62,"3 wt% GO, 10 Hz",3.0,0.3,10.0,1125.4,666.8971943081037,135.56018866301883
SalamaForce,loo,gp,63,"3 wt% GO, 15 Hz",3.0,0.3,15.0,878.7,1232.352719804282,149.39171505475434
SalamaForce,loo,gp,64,"3 wt% GO, 10 Hz",3.0,0.4,10.0,1346.1,1894.3209385278037,140.66781417497907
SalamaForce,loo,gp,65,"3 wt% GO, 15 Hz",3.0,0.4,15.0,1709.5,1286.2077000287284,153.65049166309322
SalamaForce,loo,gp,66,"3 wt% GO, 10 Hz",3.0,0.5,10.0,2219.0,1631.643113706502,238.75276081225857
SalamaForce,loo,gp,67,"3 wt% GO, 15 Hz",3.0,0.5,15.0,2109.4,2271.467780448868,254.11147533953263
SalamaForce,loo,lawgp,0,"0 wt% GO, 10 Hz",0.0,0.1,10.0,423.5,136.6425862691547,326.6716234706435
SalamaForce,loo,lawgp,1,"0 wt% GO, 15 Hz",0.0,0.2,15.0,338.0,285.0535625880649,328.63482596452815
SalamaForce,loo,lawgp,2,"0 wt% GO, 10 Hz",0.0,0.3,10.0,631.9,467.68934322909627,327.9176060761863
SalamaForce,loo,lawgp,3,"0 wt% GO, 15 Hz",0.0,0.3,15.0,435.5,435.4424846318394,328.7245361516918
SalamaForce,loo,lawgp,4,"0 wt% GO, 10 Hz",0.0,0.4,10.0,713.1,636.9271132030082,328.4780348416167
SalamaForce,loo,lawgp,5,"0 wt% GO, 15 Hz",0.0,0.4,15.0,500.4,593.3510049179063,328.63467932672455
SalamaForce,loo,lawgp,6,"0 wt% GO, 10 Hz",0.0,0.5,10.0,567.0,872.8716407708606,327.2525875527972
SalamaForce,loo,lawgp,7,"0 wt% GO, 15 Hz",0.0,0.5,15.0,611.3,751.4038136293303,328.5064899173863
SalamaForce,loo,lawgp,8,"0.5 wt% GO, 10 Hz",0.5,0.1,10.0,313.5,323.8981182963949,326.3203004337595
SalamaForce,loo,lawgp,9,"0.5 wt% GO, 15 Hz",0.5,0.1,15.0,277.9,293.28470943231264,326.31479810438884
SalamaForce,loo,lawgp,10,"0.5 wt% GO, 10 Hz",0.5,0.2,10.0,822.2,608.3419073170566,325.27526503335594
SalamaForce,loo,lawgp,11,"0.5 wt% GO, 15 Hz",0.5,0.2,15.0,549.7,564.4774959677507,326.3151111889454
SalamaForce,loo,lawgp,12,"0.5 wt% GO, 10 Hz",0.5,0.3,10.0,1083.0,911.9562900439039,325.65397671879066
SalamaForce,loo,lawgp,13,"0.5 wt% GO, 15 Hz",0.5,0.3,15.0,837.4,834.0819017112723,326.328066181087
SalamaForce,loo,lawgp,14,"0.5 wt% GO, 10 Hz",0.5,0.4,10.0,1300.3,1220.5879627106988,326.1809770312371
SalamaForce,loo,lawgp,15,"0.5 wt% GO, 15 Hz",0.5,0.4,15.0,1043.0,1112.4320796759407,326.17605036966813
SalamaForce,loo,lawgp,16,"0.5 wt% GO, 10 Hz",0.5,0.5,10.0,1498.8,1535.7513246619437,326.2813815665947
SalamaForce,loo,lawgp,17,"0.5 wt% GO, 15 Hz",0.5,0.5,15.0,1242.4,1395.0372362942928,325.7000689927626
SalamaForce,loo,lawgp,18,"1 wt% GO, 10 Hz",1.0,0.1,10.0,167.8,332.1939300006228,325.7238936864492
SalamaForce,loo,lawgp,19,"1 wt% GO, 15 Hz",1.0,0.1,15.0,337.9,273.4737878018259,326.1756019507083
SalamaForce,loo,lawgp,20,"1 wt% GO, 10 Hz",1.0,0.2,10.0,471.9,742.9866287696907,324.565572907627
SalamaForce,loo,lawgp,21,"1 wt% GO, 15 Hz",1.0,0.2,15.0,826.3,621.6776150399388,325.1923201880508
SalamaForce,loo,lawgp,22,"1 wt% GO, 10 Hz",1.0,0.3,10.0,1298.3,1104.197094837617,325.3147047307943
SalamaForce,loo,lawgp,23,"1 wt% GO, 15 Hz",1.0,0.3,15.0,1114.7,987.436660754695,325.86279844710197
SalamaForce,loo,lawgp,24,"1 wt% GO, 10 Hz",1.0,0.4,10.0,1593.3,1516.645650108611,326.11994781131
SalamaForce,loo,lawgp,25,"1 wt% GO, 15 Hz",1.0,0.4,15.0,1359.2,1361.027053937807,326.25384746983315
SalamaForce,loo,lawgp,26,"1 wt% GO, 10 Hz",1.0,0.5,10.0,1696.5,1968.586278715001,324.4876627990367
SalamaForce,loo,lawgp,27,"1 wt% GO, 15 Hz",1.0,0.5,15.0,1558.7,1749.3256701165278,325.32203617129585
SalamaForce,loo,lawgp,28,"1.5 wt% GO, 10 Hz",1.5,0.1,10.0,117.5,742.2025006064082,314.5440263223047
SalamaForce,loo,lawgp,29,"1.5 wt% GO, 15 Hz",1.5,0.1,15.0,476.6,645.9681413284818,325.1164955482591
SalamaForce,loo,lawgp,30,"1.5 wt% GO, 10 Hz",1.5,0.2,10.0,312.3,1240.3964395997796,301.2527162884443
SalamaForce,loo,lawgp,31,"1.5 wt% GO, 15 Hz",1.5,0.2,15.0,1174.2,1023.7293454687484,326.668422420095
SalamaForce,loo,lawgp,32,"1.5 wt% GO, 10 Hz",1.5,0.3,10.0,1068.1,1663.1100954234569,315.3084710890219
SalamaForce,loo,lawgp,33,"1.5 wt% GO, 15 Hz",1.5,0.3,15.0,1542.6,1434.050252480468,326.9493622497956
SalamaForce,loo,lawgp,34,"1.5 wt% GO, 10 Hz",1.5,0.4,10.0,2698.0,1936.7518346361737,317.29323934536535
SalamaForce,loo,lawgp,35,"1.5 wt% GO, 15 Hz",1.5,0.4,15.0,2232.8,1792.5052189162286,324.76734588231386
SalamaForce,loo,lawgp,36,"1.5 wt% GO, 10 Hz",1.5,0.5,10.0,3676.3,2971.988960248172,225.8036743717067
SalamaForce,loo,lawgp,37,"1.5 wt% GO, 15 Hz",1.5,0.5,15.0,2716.1,2163.546081374307,323.5063691608277
SalamaForce,loo,lawgp,38,"2 wt% GO, 10 Hz",2.0,0.1,10.0,328.3,123.94135850158102,324.4155076218709
SalamaForce,loo,lawgp,39,"2 wt% GO, 15 Hz",2.0,0.1,15.0,199.3,85.34173792541986,325.4089118504838
SalamaForce,loo,lawgp,40,"2 wt% GO, 10 Hz",2.0,0.2,10.0,745.1,607.2222490527964,325.04554688991556
SalamaForce,loo,lawgp,41,"2 wt% GO, 15 Hz",2.0,0.2,15.0,740.9,497.4384592534692,323.7838264915309
SalamaForce,loo,lawgp,42,"2 wt% GO, 10 Hz",2.0,0.3,10.0,1001.7,1117.1033983814668,325.65970527336594
SalamaForce,loo,lawgp,43,"2 wt% GO, 15 Hz",2.0,0.3,15.0,979.4,953.1240552534437,325.6052506723066
SalamaForce,loo,lawgp,44,"2 wt% GO, 10 Hz",2.0,0.4,10.0,1296.5,1634.5298222291674,323.54821307053254
SalamaForce,loo,lawgp,45,"2 wt% GO, 15 Hz",2.0,0.4,15.0,1130.9,1433.9280189814815,323.97797908761623
SalamaForce,loo,lawgp,46,"2 wt% GO, 10 Hz",2.0,0.5,10.0,1603.6,2170.3423656521873,318.96928363088904
SalamaForce,loo,lawgp,47,"2 wt% GO, 15 Hz",2.0,0.5,15.0,1234.9,1948.263107429596,314.7506978369778
SalamaForce,loo,lawgp,48,"2.5 wt% GO, 10 Hz",2.5,0.1,10.0,237.3,501.13641469707653,324.1935549886781
SalamaForce,loo,lawgp,49,"2.5 wt% GO, 15 Hz",2.5,0.1,15.0,156.7,458.0742221279342,323.6038946786344
SalamaForce,loo,lawgp,50,"2.5 wt% GO, 10 Hz",2.5,0.2,10.0,843.5,937.7051035666451,325.93639880494635
SalamaForce,loo,lawgp,51,"2.5 wt% GO, 15 Hz",2.5,0.2,15.0,1210.9,691.5236038429576,225.7683085609217
SalamaForce,loo,lawgp,52,"2.5 wt% GO, 10 Hz",2.5,0.3,10.0,1053.6,1415.4132109180084,321.99800221291423
SalamaForce,loo,lawgp,53,"2.5 wt% GO, 15 Hz",2.5,0.3,15.0,1406.8,1222.8843000950426,326.1765065775435
SalamaForce,loo,lawgp,54,"2.5 wt% GO, 10 Hz",2.5,0.4,10.0,2037.7,1799.5407072220405,326.06360232343627
SalamaForce,loo,lawgp,55,"2.5 wt% GO, 15 Hz",2.5,0.4,15.0,1688.4,1637.558343486411,326.5817099847622
SalamaForce,loo,lawgp,56,"2.5 wt% GO, 10 Hz",2.5,0.5,10.0,2685.6,2204.603311027441,323.4263259846828
SalamaForce,loo,lawgp,57,"2.5 wt% GO, 15 Hz",2.5,0.5,15.0,1973.1,2059.3386090096665,325.86419411161444
SalamaForce,loo,lawgp,58,"3 wt% GO, 10 Hz",3.0,0.1,10.0,84.2,355.1033799516274,324.26726728159
SalamaForce,loo,lawgp,59,"3 wt% GO, 15 Hz",3.0,0.1,15.0,78.9,313.18904870870426,324.76409078185077
SalamaForce,loo,lawgp,60,"3 wt% GO, 10 Hz",3.0,0.2,10.0,423.2,745.7007511087578,323.1451189393967
SalamaForce,loo,lawgp,61,"3 wt% GO, 15 Hz",3.0,0.2,15.0,409.4,660.8246659986812,324.2897008423979
SalamaForce,loo,lawgp,62,"3 wt% GO, 10 Hz",3.0,0.3,10.0,1125.4,1102.8534301996035,326.2272940385481
SalamaForce,loo,lawgp,63,"3 wt% GO, 15 Hz",3.0,0.3,15.0,878.7,998.7866165495012,325.5446691444314
SalamaForce,loo,lawgp,64,"3 wt% GO, 10 Hz",3.0,0.4,10.0,1346.1,1516.742785472628,324.84232435444494
SalamaForce,loo,lawgp,65,"3 wt% GO, 15 Hz",3.0,0.4,15.0,1709.5,1274.0174996890928,323.1488423114707
SalamaForce,loo,lawgp,66,"3 wt% GO, 10 Hz",3.0,0.5,10.0,2219.0,1787.815251565951,323.8720646639095
SalamaForce,loo,lawgp,67,"3 wt% GO, 15 Hz",3.0,0.5,15.0,2109.4,1581.0398076518743,322.0213656953303
SalamaForce,loo,law,0,"0 wt% GO, 10 Hz",0.0,0.1,10.0,423.5,160.34431872962696,
SalamaForce,loo,law,1,"0 wt% GO, 15 Hz",0.0,0.2,15.0,338.0,290.4091379127443,
SalamaForce,loo,law,2,"0 wt% GO, 10 Hz",0.0,0.3,10.0,631.9,476.0182347287745,
SalamaForce,loo,law,3,"0 wt% GO, 15 Hz",0.0,0.3,15.0,435.5,437.636638105191,
SalamaForce,loo,law,4,"0 wt% GO, 10 Hz",0.0,0.4,10.0,713.1,640.4837389737485,
SalamaForce,loo,law,5,"0 wt% GO, 15 Hz",0.0,0.4,15.0,500.4,593.2233831032306,
SalamaForce,loo,law,6,"0 wt% GO, 10 Hz",0.0,0.5,10.0,567.0,876.2645730159612,
SalamaForce,loo,law,7,"0 wt% GO, 15 Hz",0.0,0.5,15.0,611.3,752.7355736529158,
SalamaForce,loo,law,8,"0.5 wt% GO, 10 Hz",0.5,0.1,10.0,313.5,302.2113400625857,
SalamaForce,loo,law,9,"0.5 wt% GO, 15 Hz",0.5,0.1,15.0,277.9,271.23824258526605,
SalamaForce,loo,law,10,"0.5 wt% GO, 10 Hz",0.5,0.2,10.0,822.2,601.2520168848954,
SalamaForce,loo,law,11,"0.5 wt% GO, 15 Hz",0.5,0.2,15.0,549.7,542.4261964357553,
SalamaForce,loo,law,12,"0.5 wt% GO, 10 Hz",0.5,0.3,10.0,1083.0,900.7215380997137,
SalamaForce,loo,law,13,"0.5 wt% GO, 15 Hz",0.5,0.3,15.0,837.4,813.080774112714,
SalamaForce,loo,law,14,"0.5 wt% GO, 10 Hz",0.5,0.4,10.0,1300.3,1203.296289339103,
SalamaForce,loo,law,15,"0.5 wt% GO, 15 Hz",0.5,0.4,15.0,1043.0,1087.3000271515573,
SalamaForce,loo,law,16,"0.5 wt% GO, 10 Hz",0.5,0.5,10.0,1498.8,1512.5314335178261,
SalamaForce,loo,law,17,"0.5 wt% GO, 15 Hz",0.5,0.5,15.0,1242.4,1366.195478018057,
SalamaForce,loo,law,18,"1 wt% GO, 10 Hz",1.0,0.1,10.0,167.8,401.8323662740176,
SalamaForce,loo,law,19,"1 wt% GO, 15 Hz",1.0,0.1,15.0,337.9,359.8371925831368,
SalamaForce,loo,law,20,"1 wt% GO, 10 Hz",1.0,0.2,10.0,471.9,807.3067852566072,
SalamaForce,loo,law,21,"1 wt% GO, 15 Hz",1.0,0.2,15.0,826.3,717.8634593139788,
SalamaForce,loo,law,22,"1 wt% GO, 10 Hz",1.0,0.3,10.0,1298.3,1198.858141144071,
SalamaForce,loo,law,23,"1 wt% GO, 15 Hz",1.0,0.3,15.0,1114.7,1078.0094444110853,
SalamaForce,loo,law,24,"1 wt% GO, 10 Hz",1.0,0.4,10.0,1593.3,1604.1568274617557,
SalamaForce,loo,law,25,"1 wt% GO, 15 Hz",1.0,0.4,15.0,1359.2,1444.1810636647047,
SalamaForce,loo,law,26,"1 wt% GO, 10 Hz",1.0,0.5,10.0,1696.5,2040.2050689223022,
SalamaForce,loo,law,27,"1 wt% GO, 15 Hz",1.0,0.5,15.0,1558.7,1824.059851302758,
SalamaForce,loo,law,28,"1.5 wt% GO, 10 Hz",1.5,0.1,10.0,117.5,460.02967085244177,
SalamaForce,loo,law,29,"1.5 wt% GO, 15 Hz",1.5,0.1,15.0,476.6,411.0135928527567,
SalamaForce,loo,law,30,"1.5 wt% GO, 10 Hz",1.5,0.2,10.0,312.3,929.0041896789467,
SalamaForce,loo,law,31,"1.5 wt% GO, 15 Hz",1.5,0.2,15.0,1174.2,815.9659639904576,
SalamaForce,loo,law,32,"1.5 wt% GO, 10 Hz",1.5,0.3,10.0,1068.1,1389.442000861793,
SalamaForce,loo,law,33,"1.5 wt% GO, 15 Hz",1.5,0.3,15.0,1542.6,1220.4686157652504,
SalamaForce,loo,law,34,"1.5 wt% GO, 10 Hz",1.5,0.4,10.0,2698.0,1759.0150464298354,
SalamaForce,loo,law,35,"1.5 wt% GO, 15 Hz",1.5,0.4,15.0,2232.8,1598.2941482102065,
SalamaForce,loo,law,36,"1.5 wt% GO, 10 Hz",1.5,0.5,10.0,3676.3,2099.2046011706516,
SalamaForce,loo,law,37,"1.5 wt% GO, 15 Hz",1.5,0.5,15.0,2716.1,1970.7125738340642,
SalamaForce,loo,law,38,"2 wt% GO, 10 Hz",2.0,0.1,10.0,328.3,475.3025900863238,
SalamaForce,loo,law,39,"2 wt% GO, 15 Hz",2.0,0.1,15.0,199.3,426.97429707447805,
SalamaForce,loo,law,40,"2 wt% GO, 10 Hz",2.0,0.2,10.0,745.1,953.0842253008738,
SalamaForce,loo,law,41,"2 wt% GO, 15 Hz",2.0,0.2,15.0,740.9,853.9342338890632,
SalamaForce,loo,law,42,"2 wt% GO, 10 Hz",2.0,0.3,10.0,1001.7,1442.1704037584389,
SalamaForce,loo,law,43,"2 wt% GO, 15 Hz",2.0,0.3,15.0,979.4,1290.397252530466,
SalamaForce,loo,law,44,"2 wt% GO, 10 Hz",2.0,0.4,10.0,1296.5,1946.610031371722,
SalamaForce,loo,law,45,"2 wt% GO, 15 Hz",2.0,0.4,15.0,1130.9,1748.1643316235966,
SalamaForce,loo,law,46,"2 wt% GO, 10 Hz",2.0,0.5,10.0,1603.6,2474.077754200757,
SalamaForce,loo,law,47,"2 wt% GO, 15 Hz",2.0,0.5,15.0,1234.9,2243.558946183041,
SalamaForce,loo,law,48,"2.5 wt% GO, 10 Hz",2.5,0.1,10.0,237.3,450.7214602569135,
SalamaForce,loo,law,49,"2.5 wt% GO, 15 Hz",2.5,0.1,15.0,156.7,404.72942852381726,
SalamaForce,loo,law,50,"2.5 wt% GO, 10 Hz",2.5,0.2,10.0,843.5,900.5733616472568,
SalamaForce,loo,law,51,"2.5 wt% GO, 15 Hz",2.5,0.2,15.0,1210.9,800.3027110525462,
SalamaForce,loo,law,52,"2.5 wt% GO, 10 Hz",2.5,0.3,10.0,1053.6,1361.5138521364647,
SalamaForce,loo,law,53,"2.5 wt% GO, 15 Hz",2.5,0.3,15.0,1406.8,1203.1484803184974,
SalamaForce,loo,law,54,"2.5 wt% GO, 10 Hz",2.5,0.4,10.0,2037.7,1781.2313164859079,
SalamaForce,loo,law,55,"2.5 wt% GO, 15 Hz",2.5,0.4,15.0,1688.4,1609.2334670260805,
SalamaForce,loo,law,56,"2.5 wt% GO, 10 Hz",2.5,0.5,10.0,2685.6,2195.6258066915175,
SalamaForce,loo,law,57,"2.5 wt% GO, 15 Hz",2.5,0.5,15.0,1973.1,2023.7603322171233,
SalamaForce,loo,law,58,"3 wt% GO, 10 Hz",3.0,0.1,10.0,84.2,386.44010053763907,
SalamaForce,loo,law,59,"3 wt% GO, 15 Hz",3.0,0.1,15.0,78.9,346.50277039039594,
SalamaForce,loo,law,60,"3 wt% GO, 10 Hz",3.0,0.2,10.0,423.2,780.1009380079854,
SalamaForce,loo,law,61,"3 wt% GO, 15 Hz",3.0,0.2,15.0,409.4,697.7835100140949,
SalamaForce,loo,law,62,"3 wt% GO, 10 Hz",3.0,0.3,10.0,1125.4,1153.6159108083066,
SalamaForce,loo,law,63,"3 wt% GO, 15 Hz",3.0,0.3,15.0,878.7,1044.8567330684998,
SalamaForce,loo,law,64,"3 wt% GO, 10 Hz",3.0,0.4,10.0,1346.1,1566.046858510639,
SalamaForce,loo,law,65,"3 wt% GO, 15 Hz",3.0,0.4,15.0,1709.5,1332.008851816782,
SalamaForce,loo,law,66,"3 wt% GO, 10 Hz",3.0,0.5,10.0,2219.0,1836.6231003110734,
SalamaForce,loo,law,67,"3 wt% GO, 15 Hz",3.0,0.5,15.0,2109.4,1632.5278499336735,
SalamaForce,loo,gp_r4,0,"0 wt% GO, 10 Hz",0.0,0.1,10.0,423.5,451.2181555422493,432.6512330266567
SalamaForce,loo,gp_r4,1,"0 wt% GO, 15 Hz",0.0,0.2,15.0,338.0,378.13728330349875,257.4792245147357
SalamaForce,loo,gp_r4,2,"0 wt% GO, 10 Hz",0.0,0.3,10.0,631.9,664.528702458492,236.29415471507934
SalamaForce,loo,gp_r4,3,"0 wt% GO, 15 Hz",0.0,0.3,15.0,435.5,431.38512760048786,183.3919805724105
SalamaForce,loo,gp_r4,4,"0 wt% GO, 10 Hz",0.0,0.4,10.0,713.1,597.0094625170766,187.52187426311053
SalamaForce,loo,gp_r4,5,"0 wt% GO, 15 Hz",0.0,0.4,15.0,500.4,564.230886601599,186.81332616049542
SalamaForce,loo,gp_r4,6,"0 wt% GO, 10 Hz",0.0,0.5,10.0,567.0,807.7598307010142,256.5385001811565
SalamaForce,loo,gp_r4,7,"0 wt% GO, 15 Hz",0.0,0.5,15.0,611.3,512.4107291285884,257.9560947135639
SalamaForce,loo,gp_r4,8,"0.5 wt% GO, 10 Hz",0.5,0.1,10.0,313.5,501.0346058967025,252.02325606176072
SalamaForce,loo,gp_r4,9,"0.5 wt% GO, 15 Hz",0.5,0.1,15.0,277.9,255.92113811917534,256.5287441767599
SalamaForce,loo,gp_r4,10,"0.5 wt% GO, 10 Hz",0.5,0.2,10.0,822.2,671.4730090667829,184.33007498935865
SalamaForce,loo,gp_r4,11,"0.5 wt% GO, 15 Hz",0.5,0.2,15.0,549.7,595.4485080370798,185.48647021918745
SalamaForce,loo,gp_r4,12,"0.5 wt% GO, 10 Hz",0.5,0.3,10.0,1083.0,1114.8038506981432,179.97987386238663
SalamaForce,loo,gp_r4,13,"0.5 wt% GO, 15 Hz",0.5,0.3,15.0,837.4,826.6643880648696,180.45288029361555
SalamaForce,loo,gp_r4,14,"0.5 wt% GO, 10 Hz",0.5,0.4,10.0,1300.3,1325.5955702760448,185.89201123864802
SalamaForce,loo,gp_r4,15,"0.5 wt% GO, 15 Hz",0.5,0.4,15.0,1043.0,1064.4270438252474,186.04256337326782
SalamaForce,loo,gp_r4,16,"0.5 wt% GO, 10 Hz",0.5,0.5,10.0,1498.8,1320.30169367165,251.60750988869407
SalamaForce,loo,gp_r4,17,"0.5 wt% GO, 15 Hz",0.5,0.5,15.0,1242.4,1244.7648703739344,252.64810643177952
SalamaForce,loo,gp_r4,18,"1 wt% GO, 10 Hz",1.0,0.1,10.0,167.8,29.74316930720761,250.1508110413736
SalamaForce,loo,gp_r4,19,"1 wt% GO, 15 Hz",1.0,0.1,15.0,337.9,487.7564810289108,250.9615089812309
SalamaForce,loo,gp_r4,20,"1 wt% GO, 10 Hz",1.0,0.2,10.0,471.9,734.9004942659269,175.36684833096
SalamaForce,loo,gp_r4,21,"1 wt% GO, 15 Hz",1.0,0.2,15.0,826.3,649.5277570704257,180.93629691190918
SalamaForce,loo,gp_r4,22,"1 wt% GO, 10 Hz",1.0,0.3,10.0,1298.3,1055.7179196415634,171.6915869932542
SalamaForce,loo,gp_r4,23,"1 wt% GO, 15 Hz",1.0,0.3,15.0,1114.7,1221.8761557771118,177.31749032211678
SalamaForce,loo,gp_r4,24,"1 wt% GO, 10 Hz",1.0,0.4,10.0,1593.3,1609.789796824114,185.5541781382004
SalamaForce,loo,gp_r4,25,"1 wt% GO, 15 Hz",1.0,0.4,15.0,1359.2,1410.3245881713017,186.3679434248381
SalamaForce,loo,gp_r4,26,"1 wt% GO, 10 Hz",1.0,0.5,10.0,1696.5,1971.6525577783386,250.36425130507317
SalamaForce,loo,gp_r4,27,"1 wt% GO, 15 Hz",1.0,0.5,15.0,1558.7,1464.87861208708,251.44960922588072
SalamaForce,loo,gp_r4,28,"1.5 wt% GO, 10 Hz",1.5,0.1,10.0,117.5,-27.81947725282498,251.4980355931306
SalamaForce,loo,gp_r4,29,"1.5 wt% GO, 15 Hz",1.5,0.1,15.0,476.6,784.5970461087799,248.04107931792015
SalamaForce,loo,gp_r4,30,"1.5 wt% GO, 10 Hz",1.5,0.2,10.0,312.3,497.38451352485254,189.8559255884366
SalamaForce,loo,gp_r4,31,"1.5 wt% GO, 15 Hz",1.5,0.2,15.0,1174.2,790.6157268192178,182.13863763729577
SalamaForce,loo,gp_r4,32,"1.5 wt% GO, 10 Hz",1.5,0.3,10.0,1068.1,1469.5292726976286,182.76011704996338
SalamaForce,loo,gp_r4,33,"1.5 wt% GO, 15 Hz",1.5,0.3,15.0,1542.6,1560.5710585720922,179.99729469984237
SalamaForce,loo,gp_r4,34,"1.5 wt% GO, 10 Hz",1.5,0.4,10.0,2698.0,2447.4632145327114,183.82977045834218
SalamaForce,loo,gp_r4,35,"1.5 wt% GO, 15 Hz",1.5,0.4,15.0,2232.8,2273.215437527855,186.30478119475347
SalamaForce,loo,gp_r4,36,"1.5 wt% GO, 10 Hz",1.5,0.5,10.0,3676.3,2835.7215913538294,249.34748073329175
SalamaForce,loo,gp_r4,37,"1.5 wt% GO, 15 Hz",1.5,0.5,15.0,2716.1,2987.264872525803,248.57024271092186
SalamaForce,loo,gp_r4,38,"2 wt% GO, 10 Hz",2.0,0.1,10.0,328.3,296.8633651292853,252.33822407446584
SalamaForce,loo,gp_r4,39,"2 wt% GO, 15 Hz",2.0,0.1,15.0,199.3,407.6641648223849,253.0936847151066
SalamaForce,loo,gp_r4,40,"2 wt% GO, 10 Hz",2.0,0.2,10.0,745.1,664.237300421956,186.32292604926567
SalamaForce,loo,gp_r4,41,"2 wt% GO, 15 Hz",2.0,0.2,15.0,740.9,691.4910706074945,185.9364694852008
SalamaForce,loo,gp_r4,42,"2 wt% GO, 10 Hz",2.0,0.3,10.0,1001.7,1012.8628087191754,180.5830112238644
SalamaForce,loo,gp_r4,43,"2 wt% GO, 15 Hz",2.0,0.3,15.0,979.4,1019.5841666205556,179.9541497875015
SalamaForce,loo,gp_r4,44,"2 wt% GO, 10 Hz",2.0,0.4,10.0,1296.5,1325.587120484402,185.9504727294357
SalamaForce,loo,gp_r4,45,"2 wt% GO, 15 Hz",2.0,0.4,15.0,1130.9,1096.7076468929858,185.602370055785
SalamaForce,loo,gp_r4,46,"2 wt% GO, 10 Hz",2.0,0.5,10.0,1603.6,1762.6994519763848,251.49232835071675
SalamaForce,loo,gp_r4,47,"2 wt% GO, 15 Hz",2.0,0.5,15.0,1234.9,1333.6794173973194,252.83529008789517
SalamaForce,loo,gp_r4,48,"2.5 wt% GO, 10 Hz",2.5,0.1,10.0,237.3,254.62899688919026,252.87755466219676
SalamaForce,loo,gp_r4,49,"2.5 wt% GO, 15 Hz",2.5,0.1,15.0,156.7,714.6839975872222,245.69736595131565
SalamaForce,loo,gp_r4,50,"2.5 wt% GO, 10 Hz",2.5,0.2,10.0,843.5,692.0507136757119,182.02427004021598
SalamaForce,loo,gp_r4,51,"2.5 wt% GO, 15 Hz",2.5,0.2,15.0,1210.9,777.4143378305941,179.18043196131657
SalamaForce,loo,gp_r4,52,"2.5 wt% GO, 10 Hz",2.5,0.3,10.0,1053.6,1469.320669988418,169.7170723289352
SalamaForce,loo,gp_r4,53,"2.5 wt% GO, 15 Hz",2.5,0.3,15.0,1406.8,1422.634823477407,180.10167197948599
SalamaForce,loo,gp_r4,54,"2.5 wt% GO, 10 Hz",2.5,0.4,10.0,2037.7,1813.6557183304576,178.08226972852506
SalamaForce,loo,gp_r4,55,"2.5 wt% GO, 15 Hz",2.5,0.4,15.0,1688.4,1732.5004333522804,186.27808654784425
SalamaForce,loo,gp_r4,56,"2.5 wt% GO, 10 Hz",2.5,0.5,10.0,2685.6,2212.4144845588253,253.36330365746207
SalamaForce,loo,gp_r4,57,"2.5 wt% GO, 15 Hz",2.5,0.5,15.0,1973.1,2211.595103724242,249.9422754902471
SalamaForce,loo,gp_r4,58,"3 wt% GO, 10 Hz",3.0,0.1,10.0,84.2,97.80314216495128,258.77101225355455
SalamaForce,loo,gp_r4,59,"3 wt% GO, 15 Hz",3.0,0.1,15.0,78.9,66.77705509578175,258.6854496266824
SalamaForce,loo,gp_r4,60,"3 wt% GO, 10 Hz",3.0,0.2,10.0,423.2,600.0831099018558,175.6385161962291
SalamaForce,loo,gp_r4,61,"3 wt% GO, 15 Hz",3.0,0.2,15.0,409.4,395.5332323788732,186.42710458400515
SalamaForce,loo,gp_r4,62,"3 wt% GO, 10 Hz",3.0,0.3,10.0,1125.4,666.896480638695,135.55971779162482
SalamaForce,loo,gp_r4,63,"3 wt% GO, 15 Hz",3.0,0.3,15.0,878.7,1232.352719804282,149.39171505475434
SalamaForce,loo,gp_r4,64,"3 wt% GO, 10 Hz",3.0,0.4,10.0,1346.1,1894.3215137064246,140.667714207373
SalamaForce,loo,gp_r4,65,"3 wt% GO, 15 Hz",3.0,0.4,15.0,1709.5,1286.2077000287284,153.65049166309322
SalamaForce,loo,gp_r4,66,"3 wt% GO, 10 Hz",3.0,0.5,10.0,2219.0,1631.6546658214445,238.75442421974734
SalamaForce,loo,gp_r4,67,"3 wt% GO, 15 Hz",3.0,0.5,15.0,2109.4,2271.555929969937,254.10131380422362
SalamaForce,loo,lawgp_r4,0,"0 wt% GO, 10 Hz",0.0,0.1,10.0,423.5,190.39311752705265,316.76223574258626
SalamaForce,loo,lawgp_r4,1,"0 wt% GO, 15 Hz",0.0,0.2,15.0,338.0,368.71462444246873,231.32226650589246
SalamaForce,loo,lawgp_r4,2,"0 wt% GO, 10 Hz",0.0,0.3,10.0,631.9,646.0830454518448,219.85613583899828
SalamaForce,loo,lawgp_r4,3,"0 wt% GO, 15 Hz",0.0,0.3,15.0,435.5,427.2690234299368,182.20120019128453
SalamaForce,loo,lawgp_r4,4,"0 wt% GO, 10 Hz",0.0,0.4,10.0,713.1,582.308292678836,237.2023444640384
SalamaForce,loo,lawgp_r4,5,"0 wt% GO, 15 Hz",0.0,0.4,15.0,500.4,555.3641360242997,175.94454849683194
SalamaForce,loo,lawgp_r4,6,"0 wt% GO, 10 Hz",0.0,0.5,10.0,567.0,813.6017982075933,225.25039671604173
SalamaForce,loo,lawgp_r4,7,"0 wt% GO, 15 Hz",0.0,0.5,15.0,611.3,554.8070052248439,226.50497950104432
SalamaForce,loo,lawgp_r4,8,"0.5 wt% GO, 10 Hz",0.5,0.1,10.0,313.5,428.0064271554777,226.15624094610823
SalamaForce,loo,lawgp_r4,9,"0.5 wt% GO, 15 Hz",0.5,0.1,15.0,277.9,225.93553641318198,226.52433350305165
SalamaForce,loo,lawgp_r4,10,"0.5 wt% GO, 10 Hz",0.5,0.2,10.0,822.2,699.3182039127448,174.85710715977984
SalamaForce,loo,lawgp_r4,11,"0.5 wt% GO, 15 Hz",0.5,0.2,15.0,549.7,606.119723000556,175.5027918618138
SalamaForce,loo,lawgp_r4,12,"0.5 wt% GO, 10 Hz",0.5,0.3,10.0,1083.0,1099.7368136141642,170.84705215807998
SalamaForce,loo,lawgp_r4,13,"0.5 wt% GO, 15 Hz",0.5,0.3,15.0,837.4,822.2038525946698,170.9440760191157
SalamaForce,loo,lawgp_r4,14,"0.5 wt% GO, 10 Hz",0.5,0.4,10.0,1300.3,1273.1384141050535,181.83260008008253
SalamaForce,loo,lawgp_r4,15,"0.5 wt% GO, 15 Hz",0.5,0.4,15.0,1043.0,1127.690383020332,292.10945067643405
SalamaForce,loo,lawgp_r4,16,"0.5 wt% GO, 10 Hz",0.5,0.5,10.0,1498.8,1506.9597412419164,226.8070166504683
SalamaForce,loo,lawgp_r4,17,"0.5 wt% GO, 15 Hz",0.5,0.5,15.0,1242.4,1360.019252457663,254.32661113653765
SalamaForce,loo,lawgp_r4,18,"1 wt% GO, 10 Hz",1.0,0.1,10.0,167.8,62.828536673279416,225.5980023979234
SalamaForce,loo,lawgp_r4,19,"1 wt% GO, 15 Hz",1.0,0.1,15.0,337.9,409.2349246586724,226.17913972401914
SalamaForce,loo,lawgp_r4,20,"1 wt% GO, 10 Hz",1.0,0.2,10.0,471.9,764.8664429013079,167.87414825885966
SalamaForce,loo,lawgp_r4,21,"1 wt% GO, 15 Hz",1.0,0.2,15.0,826.3,646.3133046742555,172.2768237014094
SalamaForce,loo,lawgp_r4,22,"1 wt% GO, 10 Hz",1.0,0.3,10.0,1298.3,1092.6051095707617,165.37869270636932
SalamaForce,loo,lawgp_r4,23,"1 wt% GO, 15 Hz",1.0,0.3,15.0,1114.7,1199.3802457163986,168.63768882770802
SalamaForce,loo,lawgp_r4,24,"1 wt% GO, 10 Hz",1.0,0.4,10.0,1593.3,1583.7940753142993,176.09099624254216
SalamaForce,loo,lawgp_r4,25,"1 wt% GO, 15 Hz",1.0,0.4,15.0,1359.2,1340.9568813494857,175.79450068592246
SalamaForce,loo,lawgp_r4,26,"1 wt% GO, 10 Hz",1.0,0.5,10.0,1696.5,1880.3121378134304,226.56362158889627
SalamaForce,loo,lawgp_r4,27,"1 wt% GO, 15 Hz",1.0,0.5,15.0,1558.7,1618.6670266830438,227.41651366439964
SalamaForce,loo,lawgp_r4,28,"1.5 wt% GO, 10 Hz",1.5,0.1,10.0,117.5,74.61682580240478,226.5932836326941
SalamaForce,loo,lawgp_r4,29,"1.5 wt% GO, 15 Hz",1.5,0.1,15.0,476.6,624.5439756934283,225.39260219514568
SalamaForce,loo,lawgp_r4,30,"1.5 wt% GO, 10 Hz",1.5,0.2,10.0,312.3,528.01555229136,178.5552986347869
SalamaForce,loo,lawgp_r4,31,"1.5 wt% GO, 15 Hz",1.5,0.2,15.0,1174.2,538.4131293371266,219.9859721603019
SalamaForce,loo,lawgp_r4,32,"1.5 wt% GO, 10 Hz",1.5,0.3,10.0,1068.1,1427.0449125795099,173.2893986237149
SalamaForce,loo,lawgp_r4,33,"1.5 wt% GO, 15 Hz",1.5,0.3,15.0,1542.6,1587.2675265264165,169.59932389957663
SalamaForce,loo,lawgp_r4,34,"1.5 wt% GO, 10 Hz",1.5,0.4,10.0,2698.0,2431.026046025676,177.51987095077897
SalamaForce,loo,lawgp_r4,35,"1.5 wt% GO, 15 Hz",1.5,0.4,15.0,2232.8,2183.4800819173915,174.6256032533628
SalamaForce,loo,lawgp_r4,36,"1.5 wt% GO, 10 Hz",1.5,0.5,10.0,3676.3,2971.988960248172,225.8036743717067
SalamaForce,loo,lawgp_r4,37,"1.5 wt% GO, 15 Hz",1.5,0.5,15.0,2716.1,2812.1659250092953,224.5000759602645
SalamaForce,loo,lawgp_r4,38,"2 wt% GO, 10 Hz",2.0,0.1,10.0,328.3,322.0008793891842,226.7540018989384
SalamaForce,loo,lawgp_r4,39,"2 wt% GO, 15 Hz",2.0,0.1,15.0,199.3,362.7497808564847,225.95589313895735
SalamaForce,loo,lawgp_r4,40,"2 wt% GO, 10 Hz",2.0,0.2,10.0,745.1,877.4219162018401,292.1982550495419
SalamaForce,loo,lawgp_r4,41,"2 wt% GO, 15 Hz",2.0,0.2,15.0,740.9,635.3426587331701,174.79907874289268
SalamaForce,loo,lawgp_r4,42,"2 wt% GO, 10 Hz",2.0,0.3,10.0,1001.7,1080.4839170196892,170.83118317418337
SalamaForce,loo,lawgp_r4,43,"2 wt% GO, 15 Hz",2.0,0.3,15.0,979.4,1030.5086458410137,170.41115873527554
SalamaForce,loo,lawgp_r4,44,"2 wt% GO, 10 Hz",2.0,0.4,10.0,1296.5,1274.7387279428801,175.2445077709565
SalamaForce,loo,lawgp_r4,45,"2 wt% GO, 15 Hz",2.0,0.4,15.0,1130.9,1062.1984714944847,175.62488167862614
SalamaForce,loo,lawgp_r4,46,"2 wt% GO, 10 Hz",2.0,0.5,10.0,1603.6,1809.275613931151,226.20896678584802
SalamaForce,loo,lawgp_r4,47,"2 wt% GO, 15 Hz",2.0,0.5,15.0,1234.9,1753.6782325009478,245.02507807068966
SalamaForce,loo,lawgp_r4,48,"2.5 wt% GO, 10 Hz",2.5,0.1,10.0,237.3,342.4055984321966,227.06828465374338
SalamaForce,loo,lawgp_r4,49,"2.5 wt% GO, 15 Hz",2.5,0.1,15.0,156.7,271.5529913723638,292.54877340941096
SalamaForce,loo,lawgp_r4,50,"2.5 wt% GO, 10 Hz",2.5,0.2,10.0,843.5,660.8133052793678,170.68307177651184
SalamaForce,loo,lawgp_r4,51,"2.5 wt% GO, 15 Hz",2.5,0.2,15.0,1210.9,812.7616496278878,166.9128785901865
SalamaForce,loo,lawgp_r4,52,"2.5 wt% GO, 10 Hz",2.5,0.3,10.0,1053.6,1441.8277111905418,160.84445761704328
SalamaForce,loo,lawgp_r4,53,"2.5 wt% GO, 15 Hz",2.5,0.3,15.0,1406.8,1470.6384267582519,169.06775148839554
SalamaForce,loo,lawgp_r4,54,"2.5 wt% GO, 10 Hz",2.5,0.4,10.0,2037.7,1822.7402558243073,170.64405636755924
SalamaForce,loo,lawgp_r4,55,"2.5 wt% GO, 15 Hz",2.5,0.4,15.0,1688.4,1653.4060769169153,175.38144503762365
SalamaForce,loo,lawgp_r4,56,"2.5 wt% GO, 10 Hz",2.5,0.5,10.0,2685.6,2456.266520158226,227.8687577624889
SalamaForce,loo,lawgp_r4,57,"2.5 wt% GO, 15 Hz",2.5,0.5,15.0,1973.1,2179.2583385257053,224.74674697925371
SalamaForce,loo,lawgp_r4,58,"3 wt% GO, 10 Hz",3.0,0.1,10.0,84.2,20.47627863727945,225.88966529357157
SalamaForce,loo,lawgp_r4,59,"3 wt% GO, 15 Hz",3.0,0.1,15.0,78.9,162.7406256032573,292.8057713447995
SalamaForce,loo,lawgp_r4,60,"3 wt% GO, 10 Hz",3.0,0.2,10.0,423.2,664.48648569184,166.78617786268074
SalamaForce,loo,lawgp_r4,61,"3 wt% GO, 15 Hz",3.0,0.2,15.0,409.4,328.0571815799415,173.20037089824237
SalamaForce,loo,lawgp_r4,62,"3 wt% GO, 10 Hz",3.0,0.3,10.0,1125.4,755.7392726069345,148.94944336339793
SalamaForce,loo,lawgp_r4,63,"3 wt% GO, 15 Hz",3.0,0.3,15.0,878.7,1116.3672666432867,162.1833395959988
SalamaForce,loo,lawgp_r4,64,"3 wt% GO, 10 Hz",3.0,0.4,10.0,1346.1,1810.1745900265516,151.54717073566366
SalamaForce,loo,lawgp_r4,65,"3 wt% GO, 15 Hz",3.0,0.4,15.0,1709.5,1383.451528708935,165.04177980899428
SalamaForce,loo,lawgp_r4,66,"3 wt% GO, 10 Hz",3.0,0.5,10.0,2219.0,1749.8394938673866,218.28132941297312
SalamaForce,loo,lawgp_r4,67,"3 wt% GO, 15 Hz",3.0,0.5,15.0,2109.4,2163.9549917212,225.33478207048532
SalamaForce,composition,gp,0,"0 wt% GO, 10 Hz",0.0,0.1,10.0,423.5,939.9594781143672,831.3652117452707
SalamaForce,composition,gp,1,"0 wt% GO, 15 Hz",0.0,0.2,15.0,338.0,974.3045010293363,829.2748176460414
SalamaForce,composition,gp,2,"0 wt% GO, 10 Hz",0.0,0.3,10.0,631.9,1109.1400578846894,828.9573549314293
SalamaForce,composition,gp,3,"0 wt% GO, 15 Hz",0.0,0.3,15.0,435.5,1053.5688170513074,828.9573549314294
SalamaForce,composition,gp,4,"0 wt% GO, 10 Hz",0.0,0.4,10.0,713.1,1186.3383092697095,829.2748176460414
SalamaForce,composition,gp,5,"0 wt% GO, 15 Hz",0.0,0.4,15.0,500.4,1128.90122986342,829.2748176460414
SalamaForce,composition,gp,6,"0 wt% GO, 10 Hz",0.0,0.5,10.0,567.0,1238.9870238005917,831.3652117452707
SalamaForce,composition,gp,7,"0 wt% GO, 15 Hz",0.0,0.5,15.0,611.3,1186.813687680884,831.3652117452707
SalamaForce,composition,gp,8,"0.5 wt% GO, 10 Hz",0.5,0.1,10.0,313.5,455.2088483336729,646.1981289175071
SalamaForce,composition,gp,9,"0.5 wt% GO, 15 Hz",0.5,0.1,15.0,277.9,447.67890962420006,652.760360236804
SalamaForce,composition,gp,10,"0.5 wt% GO, 10 Hz",0.5,0.2,10.0,822.2,571.8075248931342,640.5034459604326
SalamaForce,composition,gp,11,"0.5 wt% GO, 15 Hz",0.5,0.2,15.0,549.7,531.4148111957115,640.956649217257
SalamaForce,composition,gp,12,"0.5 wt% GO, 10 Hz",0.5,0.3,10.0,1083.0,728.9451755484349,639.8753070357076
SalamaForce,composition,gp,13,"0.5 wt% GO, 15 Hz",0.5,0.3,15.0,837.4,646.1426289685386,639.5267851290745
SalamaForce,composition,gp,14,"0.5 wt% GO, 10 Hz",0.5,0.4,10.0,1300.3,803.8125897452771,639.8342604564897
SalamaForce,composition,gp,15,"0.5 wt% GO, 15 Hz",0.5,0.4,15.0,1043.0,722.2215410395221,639.8033151526657
SalamaForce,composition,gp,16,"0.5 wt% GO, 10 Hz",0.5,0.5,10.0,1498.8,809.9906052497552,645.6731461411788
SalamaForce,composition,gp,17,"0.5 wt% GO, 15 Hz",0.5,0.5,15.0,1242.4,774.8043936267129,645.673335755314
SalamaForce,composition,gp,18,"1 wt% GO, 10 Hz",1.0,0.1,10.0,167.8,394.11572999254895,567.2277031273319
SalamaForce,composition,gp,19,"1 wt% GO, 15 Hz",1.0,0.1,15.0,337.9,580.5720985832421,567.7235285417121
SalamaForce,composition,gp,20,"1 wt% GO, 10 Hz",1.0,0.2,10.0,471.9,810.7884105089529,558.5249598010224
SalamaForce,composition,gp,21,"1 wt% GO, 15 Hz",1.0,0.2,15.0,826.3,984.8326560023698,558.6908232350829
SalamaForce,composition,gp,22,"1 wt% GO, 10 Hz",1.0,0.3,10.0,1298.3,1468.9886698006403,558.106757083529
SalamaForce,composition,gp,23,"1 wt% GO, 15 Hz",1.0,0.3,15.0,1114.7,1486.3235553085801,558.08658242893
SalamaForce,composition,gp,24,"1 wt% GO, 10 Hz",1.0,0.4,10.0,1593.3,2238.268899525421,558.4582642469088
SalamaForce,composition,gp,25,"1 wt% GO, 15 Hz",1.0,0.4,15.0,1359.2,2008.6588059461901,558.445390419699
SalamaForce,composition,gp,26,"1 wt% GO, 10 Hz",1.0,0.5,10.0,1696.5,2774.0014213883164,567.0617567675599
SalamaForce,composition,gp,27,"1 wt% GO, 15 Hz",1.0,0.5,15.0,1558.7,2371.03162233081,567.060331208554
SalamaForce,composition,gp,28,"1.5 wt% GO, 10 Hz",1.5,0.1,10.0,117.5,174.67935851232028,213.95413777136392
SalamaForce,composition,gp,29,"1.5 wt% GO, 15 Hz",1.5,0.1,15.0,476.6,249.37576460178775,213.9473297693767
SalamaForce,composition,gp,30,"1.5 wt% GO, 10 Hz",1.5,0.2,10.0,312.3,560.86299460551,203.0491311319662
SalamaForce,composition,gp,31,"1.5 wt% GO, 15 Hz",1.5,0.2,15.0,1174.2,628.215648948101,203.03867405161034
SalamaForce,composition,gp,32,"1.5 wt% GO, 10 Hz",1.5,0.3,10.0,1068.1,942.5442861262878,202.5963362904156
SalamaForce,composition,gp,33,"1.5 wt% GO, 15 Hz",1.5,0.3,15.0,1542.6,916.8202239108203,202.5925878902122
SalamaForce,composition,gp,34,"1.5 wt% GO, 10 Hz",1.5,0.4,10.0,2698.0,1219.8285992867484,203.00743793410436
SalamaForce,composition,gp,35,"1.5 wt% GO, 15 Hz",1.5,0.4,15.0,2232.8,1078.9759539517156,203.00332798359406
SalamaForce,composition,gp,36,"1.5 wt% GO, 10 Hz",1.5,0.5,10.0,3676.3,1403.002279358452,213.90598506048332
SalamaForce,composition,gp,37,"1.5 wt% GO, 15 Hz",1.5,0.5,15.0,2716.1,1188.294351701174,213.90495236249936
SalamaForce,composition,gp,38,"2 wt% GO, 10 Hz",2.0,0.1,10.0,328.3,229.73529713568496,329.17192528915655
SalamaForce,composition,gp,39,"2 wt% GO, 15 Hz",2.0,0.1,15.0,199.3,548.3613736097025,329.1715189672878
SalamaForce,composition,gp,40,"2 wt% GO, 10 Hz",2.0,0.2,10.0,745.1,720.1575095568829,317.30754796573586
SalamaForce,composition,gp,41,"2 wt% GO, 15 Hz",2.0,0.2,15.0,740.9,1164.5254078079608,317.3073932826108
SalamaForce,composition,gp,42,"2 wt% GO, 10 Hz",2.0,0.3,10.0,1001.7,1498.3120651172821,316.93871155253004
SalamaForce,composition,gp,43,"2 wt% GO, 15 Hz",2.0,0.3,15.0,979.4,1712.5924793557447,316.9384692391522
SalamaForce,composition,gp,44,"2 wt% GO, 10 Hz",2.0,0.4,10.0,1296.5,2603.4157907832196,317.3002831228057
SalamaForce,composition,gp,45,"2 wt% GO, 15 Hz",2.0,0.4,15.0,1130.9,2286.816793111334,317.30004862614743
SalamaForce,composition,gp,46,"2 wt% GO, 10 Hz",2.0,0.5,10.0,1603.6,3468.918888668499,329.1631877298973
SalamaForce,composition,gp,47,"2 wt% GO, 15 Hz",2.0,0.5,15.0,1234.9,2750.5165529886226,329.1630936181378
SalamaForce,composition,gp,48,"2.5 wt% GO, 10 Hz",2.5,0.1,10.0,237.3,320.9920965642965,613.3502988083876
SalamaForce,composition,gp,49,"2.5 wt% GO, 15 Hz",2.5,0.1,15.0,156.7,246.4065060462949,613.3503187668285
SalamaForce,composition,gp,50,"2.5 wt% GO, 10 Hz",2.5,0.2,10.0,843.5,561.2317998958138,607.2673809616409
SalamaForce,composition,gp,51,"2.5 wt% GO, 15 Hz",2.5,0.2,15.0,1210.9,490.4756566567472,607.2674001288036
SalamaForce,composition,gp,52,"2.5 wt% GO, 10 Hz",2.5,0.3,10.0,1053.6,846.0630607619086,606.7362087057517
SalamaForce,composition,gp,53,"2.5 wt% GO, 15 Hz",2.5,0.3,15.0,1406.8,785.9948122450979,606.7362208660381
SalamaForce,composition,gp,54,"2.5 wt% GO, 10 Hz",2.5,0.4,10.0,2037.7,1130.2268705231877,607.2673202318681
SalamaForce,composition,gp,55,"2.5 wt% GO, 15 Hz",2.5,0.4,15.0,1688.4,1070.4815211240157,607.267325196817
SalamaForce,composition,gp,56,"2.5 wt% GO, 10 Hz",2.5,0.5,10.0,2685.6,1389.8095003079316,613.3502085073486
SalamaForce,composition,gp,57,"2.5 wt% GO, 15 Hz",2.5,0.5,15.0,1973.1,1308.6020828776977,613.3502095686621
SalamaForce,composition,gp,58,"3 wt% GO, 10 Hz",3.0,0.1,10.0,84.2,729.9152820958288,726.5646126656103
SalamaForce,composition,gp,59,"3 wt% GO, 15 Hz",3.0,0.1,15.0,78.9,748.0693510806666,726.5646145680369
SalamaForce,composition,gp,60,"3 wt% GO, 10 Hz",3.0,0.2,10.0,423.2,1002.5108921282306,723.254904185759
SalamaForce,composition,gp,61,"3 wt% GO, 15 Hz",3.0,0.2,15.0,409.4,1077.3683651403614,723.2549059194477
SalamaForce,composition,gp,62,"3 wt% GO, 10 Hz",3.0,0.3,10.0,1125.4,1293.4741480046278,722.9795641947211
SalamaForce,composition,gp,63,"3 wt% GO, 15 Hz",3.0,0.3,15.0,878.7,1334.3161234282584,722.9795651588614
SalamaForce,composition,gp,64,"3 wt% GO, 10 Hz",3.0,0.4,10.0,1346.1,1625.6901267198568,723.2549005609757
SalamaForce,composition,gp,65,"3 wt% GO, 15 Hz",3.0,0.4,15.0,1709.5,1539.469112148678,723.2549009166464
SalamaForce,composition,gp,66,"3 wt% GO, 10 Hz",3.0,0.5,10.0,2219.0,1849.963443119588,726.5646072755227
SalamaForce,composition,gp,67,"3 wt% GO, 15 Hz",3.0,0.5,15.0,2109.4,1664.5495478599873,726.5646073715787
SalamaForce,composition,lawgp,0,"0 wt% GO, 10 Hz",0.0,0.1,10.0,423.5,158.13852490942105,415.95086241413713
SalamaForce,composition,lawgp,1,"0 wt% GO, 15 Hz",0.0,0.2,15.0,338.0,314.16438781988563,415.95086241413713
SalamaForce,composition,lawgp,2,"0 wt% GO, 10 Hz",0.0,0.3,10.0,631.9,549.2044094252353,415.95086241413713
SalamaForce,composition,lawgp,3,"0 wt% GO, 15 Hz",0.0,0.3,15.0,435.5,489.94379040407136,415.95086241413713
SalamaForce,composition,lawgp,4,"0 wt% GO, 10 Hz",0.0,0.4,10.0,713.1,744.7373516831426,415.95086241413713
SalamaForce,composition,lawgp,5,"0 wt% GO, 15 Hz",0.0,0.4,15.0,500.4,665.7231929882573,415.95086241413713
SalamaForce,composition,lawgp,6,"0 wt% GO, 10 Hz",0.0,0.5,10.0,567.0,940.2702939410498,415.95086241413713
SalamaForce,composition,lawgp,7,"0 wt% GO, 15 Hz",0.0,0.5,15.0,611.3,841.5025955724432,415.95086241413713
SalamaForce,composition,lawgp,8,"0.5 wt% GO, 10 Hz",0.5,0.1,10.0,313.5,262.0895516572788,383.62718856994974
SalamaForce,composition,lawgp,9,"0.5 wt% GO, 15 Hz",0.5,0.1,15.0,277.9,234.6284040166256,383.62718856994974
SalamaForce,composition,lawgp,10,"0.5 wt% GO, 10 Hz",0.5,0.2,10.0,822.2,559.869684591749,383.62718856994974
SalamaForce,composition,lawgp,11,"0.5 wt% GO, 15 Hz",0.5,0.2,15.0,549.7,504.94738931044265,383.62718856994974
SalamaForce,composition,lawgp,12,"0.5 wt% GO, 10 Hz",0.5,0.3,10.0,1083.0,857.6498175262192,383.62718856994974
SalamaForce,composition,lawgp,13,"0.5 wt% GO, 15 Hz",0.5,0.3,15.0,837.4,775.2663746042598,383.62718856994974
SalamaForce,composition,lawgp,14,"0.5 wt% GO, 10 Hz",0.5,0.4,10.0,1300.3,1155.4299504606893,383.62718856994974
SalamaForce,composition,lawgp,15,"0.5 wt% GO, 15 Hz",0.5,0.4,15.0,1043.0,1045.5853598980766,383.62718856994974
SalamaForce,composition,lawgp,16,"0.5 wt% GO, 10 Hz",0.5,0.5,10.0,1498.8,1453.2100833951595,383.62718856994974
SalamaForce,composition,lawgp,17,"0.5 wt% GO, 15 Hz",0.5,0.5,15.0,1242.4,1315.9043451918938,383.62718856994974
SalamaForce,composition,lawgp,18,"1 wt% GO, 10 Hz",1.0,0.1,10.0,167.8,384.17856899058637,377.6075044122569
SalamaForce,composition,lawgp,19,"1 wt% GO, 15 Hz",1.0,0.1,15.0,337.9,338.81436036172323,377.6075044122569
SalamaForce,composition,lawgp,20,"1 wt% GO, 10 Hz",1.0,0.2,10.0,471.9,799.6856624087784,377.6075044122569
SalamaForce,composition,lawgp,21,"1 wt% GO, 15 Hz",1.0,0.2,15.0,826.3,708.9572451510521,377.6075044122569
SalamaForce,composition,lawgp,22,"1 wt% GO, 10 Hz",1.0,0.3,10.0,1298.3,1215.1927558269701,377.6075044122569
SalamaForce,composition,lawgp,23,"1 wt% GO, 15 Hz",1.0,0.3,15.0,1114.7,1079.1001299403808,377.6075044122569
SalamaForce,composition,lawgp,24,"1 wt% GO, 10 Hz",1.0,0.4,10.0,1593.3,1630.6998492451623,377.6075044122569
SalamaForce,composition,lawgp,25,"1 wt% GO, 15 Hz",1.0,0.4,15.0,1359.2,1449.2430147297098,377.6075044122569
SalamaForce,composition,lawgp,26,"1 wt% GO, 10 Hz",1.0,0.5,10.0,1696.5,2046.206942663354,377.6075044122569
SalamaForce,composition,lawgp,27,"1 wt% GO, 15 Hz",1.0,0.5,15.0,1558.7,1819.3858995190385,377.6075044122569
SalamaForce,composition,lawgp,28,"1.5 wt% GO, 10 Hz",1.5,0.1,10.0,117.5,373.8178386894217,245.87653613949914
SalamaForce,composition,lawgp,29,"1.5 wt% GO, 15 Hz",1.5,0.1,15.0,476.6,334.2556115309615,245.87653613949914
SalamaForce,composition,lawgp,30,"1.5 wt% GO, 10 Hz",1.5,0.2,10.0,312.3,758.9973509129355,245.87653613949914
SalamaForce,composition,lawgp,31,"1.5 wt% GO, 15 Hz",1.5,0.2,15.0,1174.2,679.8728965960152,245.87653613949914
SalamaForce,composition,lawgp,32,"1.5 wt% GO, 10 Hz",1.5,0.3,10.0,1068.1,1144.1768631364491,245.87653613949914
SalamaForce,composition,lawgp,33,"1.5 wt% GO, 15 Hz",1.5,0.3,15.0,1542.6,1025.4901816610686,245.87653613949914
SalamaForce,composition,lawgp,34,"1.5 wt% GO, 10 Hz",1.5,0.4,10.0,2698.0,1529.356375359963,245.87653613949914
SalamaForce,composition,lawgp,35,"1.5 wt% GO, 15 Hz",1.5,0.4,15.0,2232.8,1371.1074667261223,245.87653613949914
SalamaForce,composition,lawgp,36,"1.5 wt% GO, 10 Hz",1.5,0.5,10.0,3676.3,1914.5358875834768,245.87653613949914
SalamaForce,composition,lawgp,37,"1.5 wt% GO, 15 Hz",1.5,0.5,15.0,2716.1,1716.7247517911758,245.87653613949914
SalamaForce,composition,lawgp,38,"2 wt% GO, 10 Hz",2.0,0.1,10.0,328.3,498.33485209122733,307.48880964215897
SalamaForce,composition,lawgp,39,"2 wt% GO, 15 Hz",2.0,0.1,15.0,199.3,448.1692756479989,307.48880964215897
SalamaForce,composition,lawgp,40,"2 wt% GO, 10 Hz",2.0,0.2,10.0,745.1,1032.8261698487836,307.48880964215897
SalamaForce,composition,lawgp,41,"2 wt% GO, 15 Hz",2.0,0.2,15.0,740.9,932.4950169623269,307.48880964215897
SalamaForce,composition,lawgp,42,"2 wt% GO, 10 Hz",2.0,0.3,10.0,1001.7,1567.31748760634,307.48880964215897
SalamaForce,composition,lawgp,43,"2 wt% GO, 15 Hz",2.0,0.3,15.0,979.4,1416.8207582766547,307.48880964215897
SalamaForce,composition,lawgp,44,"2 wt% GO, 10 Hz",2.0,0.4,10.0,1296.5,2101.808805363896,307.48880964215897
SalamaForce,composition,lawgp,45,"2 wt% GO, 15 Hz",2.0,0.4,15.0,1130.9,1901.1464995909826,307.48880964215897
SalamaForce,composition,lawgp,46,"2 wt% GO, 10 Hz",2.0,0.5,10.0,1603.6,2636.3001231214525,307.48880964215897
SalamaForce,composition,lawgp,47,"2 wt% GO, 15 Hz",2.0,0.5,15.0,1234.9,2385.4722409053106,307.48880964215897
SalamaForce,composition,lawgp,48,"2.5 wt% GO, 10 Hz",2.5,0.1,10.0,237.3,410.6971723058796,370.4211612047089
SalamaForce,composition,lawgp,49,"2.5 wt% GO, 15 Hz",2.5,0.1,15.0,156.7,367.79632851163575,370.4211612047089
SalamaForce,composition,lawgp,50,"2.5 wt% GO, 10 Hz",2.5,0.2,10.0,843.5,847.4040686502697,370.4211612047089
SalamaForce,composition,lawgp,51,"2.5 wt% GO, 15 Hz",2.5,0.2,15.0,1210.9,761.602381061782,370.4211612047089
SalamaForce,composition,lawgp,52,"2.5 wt% GO, 10 Hz",2.5,0.3,10.0,1053.6,1284.1109649946595,370.4211612047089
SalamaForce,composition,lawgp,53,"2.5 wt% GO, 15 Hz",2.5,0.3,15.0,1406.8,1155.408433611928,370.4211612047089
SalamaForce,composition,lawgp,54,"2.5 wt% GO, 10 Hz",2.5,0.4,10.0,2037.7,1720.8178613390498,370.4211612047089
SalamaForce,composition,lawgp,55,"2.5 wt% GO, 15 Hz",2.5,0.4,15.0,1688.4,1549.2144861620745,370.4211612047089
SalamaForce,composition,lawgp,56,"2.5 wt% GO, 10 Hz",2.5,0.5,10.0,2685.6,2157.52475768344,370.4211612047089
SalamaForce,composition,lawgp,57,"2.5 wt% GO, 15 Hz",2.5,0.5,15.0,1973.1,1943.0205387122205,370.4211612047089
SalamaForce,composition,lawgp,58,"3 wt% GO, 10 Hz",3.0,0.1,10.0,84.2,324.29455187784714,403.7572172343376
SalamaForce,composition,lawgp,59,"3 wt% GO, 15 Hz",3.0,0.1,15.0,78.9,283.7078100377763,403.7572172343376
SalamaForce,composition,lawgp,60,"3 wt% GO, 10 Hz",3.0,0.2,10.0,423.2,664.1811496105657,403.7572172343376
SalamaForce,composition,lawgp,61,"3 wt% GO, 15 Hz",3.0,0.2,15.0,409.4,583.0076659304241,403.7572172343376
SalamaForce,composition,lawgp,62,"3 wt% GO, 10 Hz",3.0,0.3,10.0,1125.4,1004.0677473432844,403.7572172343376
SalamaForce,composition,lawgp,63,"3 wt% GO, 15 Hz",3.0,0.3,15.0,878.7,882.307521823072,403.7572172343376
SalamaForce,composition,lawgp,64,"3 wt% GO, 10 Hz",3.0,0.4,10.0,1346.1,1343.9543450760032,403.7572172343376
SalamaForce,composition,lawgp,65,"3 wt% GO, 15 Hz",3.0,0.4,15.0,1709.5,1181.6073777157198,403.7572172343376
SalamaForce,composition,lawgp,66,"3 wt% GO, 10 Hz",3.0,0.5,10.0,2219.0,1683.8409428087218,403.7572172343376
SalamaForce,composition,lawgp,67,"3 wt% GO, 15 Hz",3.0,0.5,15.0,2109.4,1480.9072336083677,403.7572172343376
SalamaForce,composition,law,0,"0 wt% GO, 10 Hz",0.0,0.1,10.0,423.5,195.5329422579072,
SalamaForce,composition,law,1,"0 wt% GO, 15 Hz",0.0,0.2,15.0,338.0,351.55880516837175,
SalamaForce,composition,law,2,"0 wt% GO, 10 Hz",0.0,0.3,10.0,631.9,586.5988267737215,
SalamaForce,composition,law,3,"0 wt% GO, 15 Hz",0.0,0.3,15.0,435.5,527.3382077525575,
SalamaForce,composition,law,4,"0 wt% GO, 10 Hz",0.0,0.4,10.0,713.1,782.1317690316288,
SalamaForce,composition,law,5,"0 wt% GO, 15 Hz",0.0,0.4,15.0,500.4,703.1176103367435,
SalamaForce,composition,law,6,"0 wt% GO, 10 Hz",0.0,0.5,10.0,567.0,977.664711289536,
SalamaForce,composition,law,7,"0 wt% GO, 15 Hz",0.0,0.5,15.0,611.3,878.8970129209293,
SalamaForce,composition,law,8,"0.5 wt% GO, 10 Hz",0.5,0.1,10.0,313.5,297.7801329344702,
SalamaForce,composition,law,9,"0.5 wt% GO, 15 Hz",0.5,0.1,15.0,277.9,270.31898529381704,
SalamaForce,composition,law,10,"0.5 wt% GO, 10 Hz",0.5,0.2,10.0,822.2,595.5602658689404,
SalamaForce,composition,law,11,"0.5 wt% GO, 15 Hz",0.5,0.2,15.0,549.7,540.6379705876341,
SalamaForce,composition,law,12,"0.5 wt% GO, 10 Hz",0.5,0.3,10.0,1083.0,893.3403988034106,
SalamaForce,composition,law,13,"0.5 wt% GO, 15 Hz",0.5,0.3,15.0,837.4,810.9569558814512,
SalamaForce,composition,law,14,"0.5 wt% GO, 10 Hz",0.5,0.4,10.0,1300.3,1191.1205317378808,
SalamaForce,composition,law,15,"0.5 wt% GO, 15 Hz",0.5,0.4,15.0,1043.0,1081.2759411752681,
SalamaForce,composition,law,16,"0.5 wt% GO, 10 Hz",0.5,0.5,10.0,1498.8,1488.900664672351,
SalamaForce,composition,law,17,"0.5 wt% GO, 15 Hz",0.5,0.5,15.0,1242.4,1351.5949264690853,
SalamaForce,composition,law,18,"1 wt% GO, 10 Hz",1.0,0.1,10.0,167.8,415.50709341819197,
SalamaForce,composition,law,19,"1 wt% GO, 15 Hz",1.0,0.1,15.0,337.9,370.14288478932883,
SalamaForce,composition,law,20,"1 wt% GO, 10 Hz",1.0,0.2,10.0,471.9,831.0141868363839,
SalamaForce,composition,law,21,"1 wt% GO, 15 Hz",1.0,0.2,15.0,826.3,740.2857695786577,
SalamaForce,composition,law,22,"1 wt% GO, 10 Hz",1.0,0.3,10.0,1298.3,1246.5212802545757,
SalamaForce,composition,law,23,"1 wt% GO, 15 Hz",1.0,0.3,15.0,1114.7,1110.4286543679864,
SalamaForce,composition,law,24,"1 wt% GO, 10 Hz",1.0,0.4,10.0,1593.3,1662.0283736727679,
SalamaForce,composition,law,25,"1 wt% GO, 15 Hz",1.0,0.4,15.0,1359.2,1480.5715391573153,
SalamaForce,composition,law,26,"1 wt% GO, 10 Hz",1.0,0.5,10.0,1696.5,2077.5354670909596,
SalamaForce,composition,law,27,"1 wt% GO, 15 Hz",1.0,0.5,15.0,1558.7,1850.714423946644,
SalamaForce,composition,law,28,"1.5 wt% GO, 10 Hz",1.5,0.1,10.0,117.5,385.17951222351377,
SalamaForce,composition,law,29,"1.5 wt% GO, 15 Hz",1.5,0.1,15.0,476.6,345.6172850650536,
SalamaForce,composition,law,30,"1.5 wt% GO, 10 Hz",1.5,0.2,10.0,312.3,770.3590244470275,
SalamaForce,composition,law,31,"1.5 wt% GO, 15 Hz",1.5,0.2,15.0,1174.2,691.2345701301072,
SalamaForce,composition,law,32,"1.5 wt% GO, 10 Hz",1.5,0.3,10.0,1068.1,1155.5385366705411,
SalamaForce,composition,law,33,"1.5 wt% GO, 15 Hz",1.5,0.3,15.0,1542.6,1036.8518551951606,
SalamaForce,composition,law,34,"1.5 wt% GO, 10 Hz",1.5,0.4,10.0,2698.0,1540.718048894055,
SalamaForce,composition,law,35,"1.5 wt% GO, 15 Hz",1.5,0.4,15.0,2232.8,1382.4691402602143,
SalamaForce,composition,law,36,"1.5 wt% GO, 10 Hz",1.5,0.5,10.0,3676.3,1925.8975611175688,
SalamaForce,composition,law,37,"1.5 wt% GO, 15 Hz",1.5,0.5,15.0,2716.1,1728.0864253252678,
SalamaForce,composition,law,38,"2 wt% GO, 10 Hz",2.0,0.1,10.0,328.3,534.4913177575563,
SalamaForce,composition,law,39,"2 wt% GO, 15 Hz",2.0,0.1,15.0,199.3,484.3257413143279,
SalamaForce,composition,law,40,"2 wt% GO, 10 Hz",2.0,0.2,10.0,745.1,1068.9826355151126,
SalamaForce,composition,law,41,"2 wt% GO, 15 Hz",2.0,0.2,15.0,740.9,968.6514826286558,
SalamaForce,composition,law,42,"2 wt% GO, 10 Hz",2.0,0.3,10.0,1001.7,1603.473953272669,
SalamaForce,composition,law,43,"2 wt% GO, 15 Hz",2.0,0.3,15.0,979.4,1452.9772239429838,
SalamaForce,composition,law,44,"2 wt% GO, 10 Hz",2.0,0.4,10.0,1296.5,2137.9652710302253,
SalamaForce,composition,law,45,"2 wt% GO, 15 Hz",2.0,0.4,15.0,1130.9,1937.3029652573116,
SalamaForce,composition,law,46,"2 wt% GO, 10 Hz",2.0,0.5,10.0,1603.6,2672.4565887877816,
SalamaForce,composition,law,47,"2 wt% GO, 15 Hz",2.0,0.5,15.0,1234.9,2421.6287065716397,
SalamaForce,composition,law,48,"2.5 wt% GO, 10 Hz",2.5,0.1,10.0,237.3,436.7068963443901,
SalamaForce,composition,law,49,"2.5 wt% GO, 15 Hz",2.5,0.1,15.0,156.7,393.80605255014626,
SalamaForce,composition,law,50,"2.5 wt% GO, 10 Hz",2.5,0.2,10.0,843.5,873.4137926887802,
SalamaForce,composition,law,51,"2.5 wt% GO, 15 Hz",2.5,0.2,15.0,1210.9,787.6121051002925,
SalamaForce,composition,law,52,"2.5 wt% GO, 10 Hz",2.5,0.3,10.0,1053.6,1310.12068903317,
SalamaForce,composition,law,53,"2.5 wt% GO, 15 Hz",2.5,0.3,15.0,1406.8,1181.4181576504386,
SalamaForce,composition,law,54,"2.5 wt% GO, 10 Hz",2.5,0.4,10.0,2037.7,1746.8275853775604,
SalamaForce,composition,law,55,"2.5 wt% GO, 15 Hz",2.5,0.4,15.0,1688.4,1575.224210200585,
SalamaForce,composition,law,56,"2.5 wt% GO, 10 Hz",2.5,0.5,10.0,2685.6,2183.53448172195,
SalamaForce,composition,law,57,"2.5 wt% GO, 15 Hz",2.5,0.5,15.0,1973.1,1969.030262750731,
SalamaForce,composition,law,58,"3 wt% GO, 10 Hz",3.0,0.1,10.0,84.2,339.88659773271866,
SalamaForce,composition,law,59,"3 wt% GO, 15 Hz",3.0,0.1,15.0,78.9,299.2998558926478,
SalamaForce,composition,law,60,"3 wt% GO, 10 Hz",3.0,0.2,10.0,423.2,679.7731954654373,
SalamaForce,composition,law,61,"3 wt% GO, 15 Hz",3.0,0.2,15.0,409.4,598.5997117852957,
SalamaForce,composition,law,62,"3 wt% GO, 10 Hz",3.0,0.3,10.0,1125.4,1019.659793198156,
SalamaForce,composition,law,63,"3 wt% GO, 15 Hz",3.0,0.3,15.0,878.7,897.8995676779435,
SalamaForce,composition,law,64,"3 wt% GO, 10 Hz",3.0,0.4,10.0,1346.1,1359.5463909308746,
SalamaForce,composition,law,65,"3 wt% GO, 15 Hz",3.0,0.4,15.0,1709.5,1197.1994235705913,
SalamaForce,composition,law,66,"3 wt% GO, 10 Hz",3.0,0.5,10.0,2219.0,1699.4329886635933,
SalamaForce,composition,law,67,"3 wt% GO, 15 Hz",3.0,0.5,15.0,2109.4,1496.4992794632392,
SalamaForce,composition,gp_r4,0,"0 wt% GO, 10 Hz",0.0,0.1,10.0,423.5,939.9594781143672,831.3652117452707
SalamaForce,composition,gp_r4,1,"0 wt% GO, 15 Hz",0.0,0.2,15.0,338.0,974.3045010293363,829.2748176460414
SalamaForce,composition,gp_r4,2,"0 wt% GO, 10 Hz",0.0,0.3,10.0,631.9,1109.1400578846894,828.9573549314293
SalamaForce,composition,gp_r4,3,"0 wt% GO, 15 Hz",0.0,0.3,15.0,435.5,1053.5688170513074,828.9573549314294
SalamaForce,composition,gp_r4,4,"0 wt% GO, 10 Hz",0.0,0.4,10.0,713.1,1186.3383092697095,829.2748176460414
SalamaForce,composition,gp_r4,5,"0 wt% GO, 15 Hz",0.0,0.4,15.0,500.4,1128.90122986342,829.2748176460414
SalamaForce,composition,gp_r4,6,"0 wt% GO, 10 Hz",0.0,0.5,10.0,567.0,1238.9870238005917,831.3652117452707
SalamaForce,composition,gp_r4,7,"0 wt% GO, 15 Hz",0.0,0.5,15.0,611.3,1186.813687680884,831.3652117452707
SalamaForce,composition,gp_r4,8,"0.5 wt% GO, 10 Hz",0.5,0.1,10.0,313.5,455.2088483336729,646.1981289175071
SalamaForce,composition,gp_r4,9,"0.5 wt% GO, 15 Hz",0.5,0.1,15.0,277.9,447.67890962420006,652.760360236804
SalamaForce,composition,gp_r4,10,"0.5 wt% GO, 10 Hz",0.5,0.2,10.0,822.2,571.8075248931342,640.5034459604326
SalamaForce,composition,gp_r4,11,"0.5 wt% GO, 15 Hz",0.5,0.2,15.0,549.7,531.4148111957115,640.956649217257
SalamaForce,composition,gp_r4,12,"0.5 wt% GO, 10 Hz",0.5,0.3,10.0,1083.0,728.9451755484349,639.8753070357076
SalamaForce,composition,gp_r4,13,"0.5 wt% GO, 15 Hz",0.5,0.3,15.0,837.4,646.1426289685386,639.5267851290745
SalamaForce,composition,gp_r4,14,"0.5 wt% GO, 10 Hz",0.5,0.4,10.0,1300.3,803.8125897452771,639.8342604564897
SalamaForce,composition,gp_r4,15,"0.5 wt% GO, 15 Hz",0.5,0.4,15.0,1043.0,722.2215410395221,639.8033151526657
SalamaForce,composition,gp_r4,16,"0.5 wt% GO, 10 Hz",0.5,0.5,10.0,1498.8,809.9906052497552,645.6731461411788
SalamaForce,composition,gp_r4,17,"0.5 wt% GO, 15 Hz",0.5,0.5,15.0,1242.4,774.8043936267129,645.673335755314
SalamaForce,composition,gp_r4,18,"1 wt% GO, 10 Hz",1.0,0.1,10.0,167.8,394.11572999254895,567.2277031273319
SalamaForce,composition,gp_r4,19,"1 wt% GO, 15 Hz",1.0,0.1,15.0,337.9,580.5720985832421,567.7235285417121
SalamaForce,composition,gp_r4,20,"1 wt% GO, 10 Hz",1.0,0.2,10.0,471.9,810.7884105089529,558.5249598010224
SalamaForce,composition,gp_r4,21,"1 wt% GO, 15 Hz",1.0,0.2,15.0,826.3,984.8326560023698,558.6908232350829
SalamaForce,composition,gp_r4,22,"1 wt% GO, 10 Hz",1.0,0.3,10.0,1298.3,1468.9886698006403,558.106757083529
SalamaForce,composition,gp_r4,23,"1 wt% GO, 15 Hz",1.0,0.3,15.0,1114.7,1486.3235553085801,558.08658242893
SalamaForce,composition,gp_r4,24,"1 wt% GO, 10 Hz",1.0,0.4,10.0,1593.3,2238.268899525421,558.4582642469088
SalamaForce,composition,gp_r4,25,"1 wt% GO, 15 Hz",1.0,0.4,15.0,1359.2,2008.6588059461901,558.445390419699
SalamaForce,composition,gp_r4,26,"1 wt% GO, 10 Hz",1.0,0.5,10.0,1696.5,2774.0014213883164,567.0617567675599
SalamaForce,composition,gp_r4,27,"1 wt% GO, 15 Hz",1.0,0.5,15.0,1558.7,2371.03162233081,567.060331208554
SalamaForce,composition,gp_r4,28,"1.5 wt% GO, 10 Hz",1.5,0.1,10.0,117.5,214.87966711022364,247.74606631659378
SalamaForce,composition,gp_r4,29,"1.5 wt% GO, 15 Hz",1.5,0.1,15.0,476.6,217.76121447669993,247.75511393050292
SalamaForce,composition,gp_r4,30,"1.5 wt% GO, 10 Hz",1.5,0.2,10.0,312.3,594.0698488387045,234.35990448140595
SalamaForce,composition,gp_r4,31,"1.5 wt% GO, 15 Hz",1.5,0.2,15.0,1174.2,565.196412090635,234.36541810202894
SalamaForce,composition,gp_r4,32,"1.5 wt% GO, 10 Hz",1.5,0.3,10.0,1068.1,942.3270354563076,233.24824258821326
SalamaForce,composition,gp_r4,33,"1.5 wt% GO, 15 Hz",1.5,0.3,15.0,1542.6,870.7575655017872,233.24929686338007
SalamaForce,composition,gp_r4,34,"1.5 wt% GO, 10 Hz",1.5,0.4,10.0,2698.0,1212.2622349344726,234.33996081985964
SalamaForce,composition,gp_r4,35,"1.5 wt% GO, 15 Hz",1.5,0.4,15.0,2232.8,1097.3899398410815,234.3411460934617
SalamaForce,composition,gp_r4,36,"1.5 wt% GO, 10 Hz",1.5,0.5,10.0,3676.3,1402.9451165704118,247.72694201864743
SalamaForce,composition,gp_r4,37,"1.5 wt% GO, 15 Hz",1.5,0.5,15.0,2716.1,1256.1173317804296,247.73351596737595
SalamaForce,composition,gp_r4,38,"2 wt% GO, 10 Hz",2.0,0.1,10.0,328.3,229.73592910591822,329.17304093632663
SalamaForce,composition,gp_r4,39,"2 wt% GO, 15 Hz",2.0,0.1,15.0,199.3,548.3615115403793,329.1726346220735
SalamaForce,composition,gp_r4,40,"2 wt% GO, 10 Hz",2.0,0.2,10.0,745.1,720.1583028925234,317.3086848163338
SalamaForce,composition,gp_r4,41,"2 wt% GO, 15 Hz",2.0,0.2,15.0,740.9,1164.524916927757,317.30853013365106
SalamaForce,composition,gp_r4,42,"2 wt% GO, 10 Hz",2.0,0.3,10.0,1001.7,1498.312460758133,316.9398515896174
SalamaForce,composition,gp_r4,43,"2 wt% GO, 15 Hz",2.0,0.3,15.0,979.4,1712.5919697298627,316.9396092731896
SalamaForce,composition,gp_r4,44,"2 wt% GO, 10 Hz",2.0,0.4,10.0,1296.5,2603.414837498197,317.30141999753664
SalamaForce,composition,gp_r4,45,"2 wt% GO, 15 Hz",2.0,0.4,15.0,1130.9,2286.8164484038853,317.3011854994845
SalamaForce,composition,gp_r4,46,"2 wt% GO, 10 Hz",2.0,0.5,10.0,1603.6,3468.916599743594,329.16430336962213
SalamaForce,composition,gp_r4,47,"2 wt% GO, 15 Hz",2.0,0.5,15.0,1234.9,2750.5160910708587,329.16420925935546
SalamaForce,composition,gp_r4,48,"2.5 wt% GO, 10 Hz",2.5,0.1,10.0,237.3,320.9920965642965,613.3502988083876
SalamaForce,composition,gp_r4,49,"2.5 wt% GO, 15 Hz",2.5,0.1,15.0,156.7,246.4065060462949,613.3503187668285
SalamaForce,composition,gp_r4,50,"2.5 wt% GO, 10 Hz",2.5,0.2,10.0,843.5,561.2317998958138,607.2673809616409
SalamaForce,composition,gp_r4,51,"2.5 wt% GO, 15 Hz",2.5,0.2,15.0,1210.9,490.4756566567472,607.2674001288036
SalamaForce,composition,gp_r4,52,"2.5 wt% GO, 10 Hz",2.5,0.3,10.0,1053.6,846.0630607619086,606.7362087057517
SalamaForce,composition,gp_r4,53,"2.5 wt% GO, 15 Hz",2.5,0.3,15.0,1406.8,785.9948122450979,606.7362208660381
SalamaForce,composition,gp_r4,54,"2.5 wt% GO, 10 Hz",2.5,0.4,10.0,2037.7,1130.2268705231877,607.2673202318681
SalamaForce,composition,gp_r4,55,"2.5 wt% GO, 15 Hz",2.5,0.4,15.0,1688.4,1070.4815211240157,607.267325196817
SalamaForce,composition,gp_r4,56,"2.5 wt% GO, 10 Hz",2.5,0.5,10.0,2685.6,1389.8095003079316,613.3502085073486
SalamaForce,composition,gp_r4,57,"2.5 wt% GO, 15 Hz",2.5,0.5,15.0,1973.1,1308.6020828776977,613.3502095686621
SalamaForce,composition,gp_r4,58,"3 wt% GO, 10 Hz",3.0,0.1,10.0,84.2,729.905908030938,726.5581439649332
SalamaForce,composition,gp_r4,59,"3 wt% GO, 15 Hz",3.0,0.1,15.0,78.9,748.0610797710317,726.558145867886
SalamaForce,composition,gp_r4,60,"3 wt% GO, 10 Hz",3.0,0.2,10.0,423.2,1002.510618760075,723.2482912377808
SalamaForce,composition,gp_r4,61,"3 wt% GO, 15 Hz",3.0,0.2,15.0,409.4,1077.3723725276357,723.2482929719239
SalamaForce,composition,gp_r4,62,"3 wt% GO, 10 Hz",3.0,0.3,10.0,1125.4,1293.4829250462567,722.972942512754
SalamaForce,composition,gp_r4,63,"3 wt% GO, 15 Hz",3.0,0.3,15.0,878.7,1334.3278951856987,722.9729434771208
SalamaForce,composition,gp_r4,64,"3 wt% GO, 10 Hz",3.0,0.4,10.0,1346.1,1625.7117664630587,723.248287612179
SalamaForce,composition,gp_r4,65,"3 wt% GO, 15 Hz",3.0,0.4,15.0,1709.5,1539.4876506290298,723.2482879679193
SalamaForce,composition,gp_r4,66,"3 wt% GO, 10 Hz",3.0,0.5,10.0,2219.0,1849.9938966429113,726.5581385735887
SalamaForce,composition,gp_r4,67,"3 wt% GO, 15 Hz",3.0,0.5,15.0,2109.4,1664.5725139426934,726.5581386696591
SalamaForce,composition,lawgp_r4,0,"0 wt% GO, 10 Hz",0.0,0.1,10.0,423.5,158.13852490942105,415.95086241413713
SalamaForce,composition,lawgp_r4,1,"0 wt% GO, 15 Hz",0.0,0.2,15.0,338.0,314.16438781988563,415.95086241413713
SalamaForce,composition,lawgp_r4,2,"0 wt% GO, 10 Hz",0.0,0.3,10.0,631.9,549.2044094252353,415.95086241413713
SalamaForce,composition,lawgp_r4,3,"0 wt% GO, 15 Hz",0.0,0.3,15.0,435.5,489.94379040407136,415.95086241413713
SalamaForce,composition,lawgp_r4,4,"0 wt% GO, 10 Hz",0.0,0.4,10.0,713.1,744.7373516831426,415.95086241413713
SalamaForce,composition,lawgp_r4,5,"0 wt% GO, 15 Hz",0.0,0.4,15.0,500.4,665.7231929882573,415.95086241413713
SalamaForce,composition,lawgp_r4,6,"0 wt% GO, 10 Hz",0.0,0.5,10.0,567.0,940.2702939410498,415.95086241413713
SalamaForce,composition,lawgp_r4,7,"0 wt% GO, 15 Hz",0.0,0.5,15.0,611.3,841.5025955724432,415.95086241413713
SalamaForce,composition,lawgp_r4,8,"0.5 wt% GO, 10 Hz",0.5,0.1,10.0,313.5,262.0895516572788,387.5655897472909
SalamaForce,composition,lawgp_r4,9,"0.5 wt% GO, 15 Hz",0.5,0.1,15.0,277.9,234.6284040166256,387.5655897472909
SalamaForce,composition,lawgp_r4,10,"0.5 wt% GO, 10 Hz",0.5,0.2,10.0,822.2,559.869684591749,387.5655897472909
SalamaForce,composition,lawgp_r4,11,"0.5 wt% GO, 15 Hz",0.5,0.2,15.0,549.7,504.94738931044265,387.5655897472909
SalamaForce,composition,lawgp_r4,12,"0.5 wt% GO, 10 Hz",0.5,0.3,10.0,1083.0,857.6498175262192,387.5655897472909
SalamaForce,composition,lawgp_r4,13,"0.5 wt% GO, 15 Hz",0.5,0.3,15.0,837.4,775.2663746042598,387.5655897472909
SalamaForce,composition,lawgp_r4,14,"0.5 wt% GO, 10 Hz",0.5,0.4,10.0,1300.3,1155.4299504606893,387.5655897472909
SalamaForce,composition,lawgp_r4,15,"0.5 wt% GO, 15 Hz",0.5,0.4,15.0,1043.0,1045.5853598980766,387.5655897472909
SalamaForce,composition,lawgp_r4,16,"0.5 wt% GO, 10 Hz",0.5,0.5,10.0,1498.8,1453.2100833951595,387.5655897472909
SalamaForce,composition,lawgp_r4,17,"0.5 wt% GO, 15 Hz",0.5,0.5,15.0,1242.4,1315.9043451918938,387.5655897472909
SalamaForce,composition,lawgp_r4,18,"1 wt% GO, 10 Hz",1.0,0.1,10.0,167.8,384.17856899058637,382.45857863038736
SalamaForce,composition,lawgp_r4,19,"1 wt% GO, 15 Hz",1.0,0.1,15.0,337.9,338.81436036172323,382.45857863038736
SalamaForce,composition,lawgp_r4,20,"1 wt% GO, 10 Hz",1.0,0.2,10.0,471.9,799.6856624087784,382.45857863038736
SalamaForce,composition,lawgp_r4,21,"1 wt% GO, 15 Hz",1.0,0.2,15.0,826.3,708.9572451510521,382.45857863038736
SalamaForce,composition,lawgp_r4,22,"1 wt% GO, 10 Hz",1.0,0.3,10.0,1298.3,1215.1927558269701,382.45857863038736
SalamaForce,composition,lawgp_r4,23,"1 wt% GO, 15 Hz",1.0,0.3,15.0,1114.7,1079.1001299403808,382.45857863038736
SalamaForce,composition,lawgp_r4,24,"1 wt% GO, 10 Hz",1.0,0.4,10.0,1593.3,1630.6998492451623,382.45857863038736
SalamaForce,composition,lawgp_r4,25,"1 wt% GO, 15 Hz",1.0,0.4,15.0,1359.2,1449.2430147297098,382.45857863038736
SalamaForce,composition,lawgp_r4,26,"1 wt% GO, 10 Hz",1.0,0.5,10.0,1696.5,2046.206942663354,382.45857863038736
SalamaForce,composition,lawgp_r4,27,"1 wt% GO, 15 Hz",1.0,0.5,15.0,1558.7,1819.3858995190385,382.45857863038736
SalamaForce,composition,lawgp_r4,28,"1.5 wt% GO, 10 Hz",1.5,0.1,10.0,117.5,373.8178386894217,245.87653613949914
SalamaForce,composition,lawgp_r4,29,"1.5 wt% GO, 15 Hz",1.5,0.1,15.0,476.6,334.2556115309615,245.87653613949914
SalamaForce,composition,lawgp_r4,30,"1.5 wt% GO, 10 Hz",1.5,0.2,10.0,312.3,758.9973509129355,245.87653613949914
SalamaForce,composition,lawgp_r4,31,"1.5 wt% GO, 15 Hz",1.5,0.2,15.0,1174.2,679.8728965960152,245.87653613949914
SalamaForce,composition,lawgp_r4,32,"1.5 wt% GO, 10 Hz",1.5,0.3,10.0,1068.1,1144.1768631364491,245.87653613949914
SalamaForce,composition,lawgp_r4,33,"1.5 wt% GO, 15 Hz",1.5,0.3,15.0,1542.6,1025.4901816610686,245.87653613949914
SalamaForce,composition,lawgp_r4,34,"1.5 wt% GO, 10 Hz",1.5,0.4,10.0,2698.0,1529.356375359963,245.87653613949914
SalamaForce,composition,lawgp_r4,35,"1.5 wt% GO, 15 Hz",1.5,0.4,15.0,2232.8,1371.1074667261223,245.87653613949914
SalamaForce,composition,lawgp_r4,36,"1.5 wt% GO, 10 Hz",1.5,0.5,10.0,3676.3,1914.5358875834768,245.87653613949914
SalamaForce,composition,lawgp_r4,37,"1.5 wt% GO, 15 Hz",1.5,0.5,15.0,2716.1,1716.7247517911758,245.87653613949914
SalamaForce,composition,lawgp_r4,38,"2 wt% GO, 10 Hz",2.0,0.1,10.0,328.3,498.33485209122733,307.48880964215897
SalamaForce,composition,lawgp_r4,39,"2 wt% GO, 15 Hz",2.0,0.1,15.0,199.3,448.1692756479989,307.48880964215897
SalamaForce,composition,lawgp_r4,40,"2 wt% GO, 10 Hz",2.0,0.2,10.0,745.1,1032.8261698487836,307.48880964215897
SalamaForce,composition,lawgp_r4,41,"2 wt% GO, 15 Hz",2.0,0.2,15.0,740.9,932.4950169623269,307.48880964215897
SalamaForce,composition,lawgp_r4,42,"2 wt% GO, 10 Hz",2.0,0.3,10.0,1001.7,1567.31748760634,307.48880964215897
SalamaForce,composition,lawgp_r4,43,"2 wt% GO, 15 Hz",2.0,0.3,15.0,979.4,1416.8207582766547,307.48880964215897
SalamaForce,composition,lawgp_r4,44,"2 wt% GO, 10 Hz",2.0,0.4,10.0,1296.5,2101.808805363896,307.48880964215897
SalamaForce,composition,lawgp_r4,45,"2 wt% GO, 15 Hz",2.0,0.4,15.0,1130.9,1901.1464995909826,307.48880964215897
SalamaForce,composition,lawgp_r4,46,"2 wt% GO, 10 Hz",2.0,0.5,10.0,1603.6,2636.3001231214525,307.48880964215897
SalamaForce,composition,lawgp_r4,47,"2 wt% GO, 15 Hz",2.0,0.5,15.0,1234.9,2385.4722409053106,307.48880964215897
SalamaForce,composition,lawgp_r4,48,"2.5 wt% GO, 10 Hz",2.5,0.1,10.0,237.3,410.6971723058796,382.0845259956029
SalamaForce,composition,lawgp_r4,49,"2.5 wt% GO, 15 Hz",2.5,0.1,15.0,156.7,367.79632851163575,382.0845259956029
SalamaForce,composition,lawgp_r4,50,"2.5 wt% GO, 10 Hz",2.5,0.2,10.0,843.5,847.4040686502697,382.0845259956029
SalamaForce,composition,lawgp_r4,51,"2.5 wt% GO, 15 Hz",2.5,0.2,15.0,1210.9,761.602381061782,382.0845259956029
SalamaForce,composition,lawgp_r4,52,"2.5 wt% GO, 10 Hz",2.5,0.3,10.0,1053.6,1284.1109649946595,382.0845259956029
SalamaForce,composition,lawgp_r4,53,"2.5 wt% GO, 15 Hz",2.5,0.3,15.0,1406.8,1155.408433611928,382.0845259956029
SalamaForce,composition,lawgp_r4,54,"2.5 wt% GO, 10 Hz",2.5,0.4,10.0,2037.7,1720.8178613390498,382.0845259956029
SalamaForce,composition,lawgp_r4,55,"2.5 wt% GO, 15 Hz",2.5,0.4,15.0,1688.4,1549.2144861620745,382.0845259956029
SalamaForce,composition,lawgp_r4,56,"2.5 wt% GO, 10 Hz",2.5,0.5,10.0,2685.6,2157.52475768344,382.0845259956029
SalamaForce,composition,lawgp_r4,57,"2.5 wt% GO, 15 Hz",2.5,0.5,15.0,1973.1,1943.0205387122205,382.0845259956029
SalamaForce,composition,lawgp_r4,58,"3 wt% GO, 10 Hz",3.0,0.1,10.0,84.2,324.29455187784714,381.74635005110014
SalamaForce,composition,lawgp_r4,59,"3 wt% GO, 15 Hz",3.0,0.1,15.0,78.9,283.7078100377763,381.74635005110014
SalamaForce,composition,lawgp_r4,60,"3 wt% GO, 10 Hz",3.0,0.2,10.0,423.2,664.1811496105657,381.74635005110014
SalamaForce,composition,lawgp_r4,61,"3 wt% GO, 15 Hz",3.0,0.2,15.0,409.4,583.0076659304241,381.74635005110014
SalamaForce,composition,lawgp_r4,62,"3 wt% GO, 10 Hz",3.0,0.3,10.0,1125.4,1004.0677473432844,381.74635005110014
SalamaForce,composition,lawgp_r4,63,"3 wt% GO, 15 Hz",3.0,0.3,15.0,878.7,882.307521823072,381.74635005110014
SalamaForce,composition,lawgp_r4,64,"3 wt% GO, 10 Hz",3.0,0.4,10.0,1346.1,1343.9543450760032,381.74635005110014
SalamaForce,composition,lawgp_r4,65,"3 wt% GO, 15 Hz",3.0,0.4,15.0,1709.5,1181.6073777157198,381.74635005110014
SalamaForce,composition,lawgp_r4,66,"3 wt% GO, 10 Hz",3.0,0.5,10.0,2219.0,1683.8409428087218,381.74635005110014
SalamaForce,composition,lawgp_r4,67,"3 wt% GO, 15 Hz",3.0,0.5,15.0,2109.4,1480.9072336083677,381.74635005110014
SalamaForce,force,gp,0,"0 wt% GO, 10 Hz",0.0,0.1,10.0,423.5,475.4029604370253,459.37214960080644
SalamaForce,force,gp,1,"0 wt% GO, 15 Hz",0.0,0.2,15.0,338.0,391.30995566379556,257.1293651279427
SalamaForce,force,gp,2,"0 wt% GO, 10 Hz",0.0,0.3,10.0,631.9,648.5263069731229,237.68181557095457
SalamaForce,force,gp,3,"0 wt% GO, 15 Hz",0.0,0.3,15.0,435.5,442.7768522491559,190.18765437156898
SalamaForce,force,gp,4,"0 wt% GO, 10 Hz",0.0,0.4,10.0,713.1,605.2636716183015,232.06161621140015
SalamaForce,force,gp,5,"0 wt% GO, 15 Hz",0.0,0.4,15.0,500.4,531.7758186515894,221.5068989986731
SalamaForce,force,gp,6,"0 wt% GO, 10 Hz",0.0,0.5,10.0,567.0,769.3386324514887,352.0529420546939
SalamaForce,force,gp,7,"0 wt% GO, 15 Hz",0.0,0.5,15.0,611.3,673.1341284432473,352.37012234078935
SalamaForce,force,gp,8,"0.5 wt% GO, 10 Hz",0.5,0.1,10.0,313.5,674.4010549704321,422.16343508632804
SalamaForce,force,gp,9,"0.5 wt% GO, 15 Hz",0.5,0.1,15.0,277.9,674.3787207041157,422.16343508632804
SalamaForce,force,gp,10,"0.5 wt% GO, 10 Hz",0.5,0.2,10.0,822.2,672.6734487386238,220.861415794409
SalamaForce,force,gp,11,"0.5 wt% GO, 15 Hz",0.5,0.2,15.0,549.7,544.2872760004452,220.6898063666778
SalamaForce,force,gp,12,"0.5 wt% GO, 10 Hz",0.5,0.3,10.0,1083.0,1094.0325899272723,185.67645417516914
SalamaForce,force,gp,13,"0.5 wt% GO, 15 Hz",0.5,0.3,15.0,837.4,839.7004486447335,185.62533458212903
SalamaForce,force,gp,14,"0.5 wt% GO, 10 Hz",0.5,0.4,10.0,1300.3,1320.160807987346,217.34353410538577
SalamaForce,force,gp,15,"0.5 wt% GO, 15 Hz",0.5,0.4,15.0,1043.0,1076.4260614438658,217.24669640359963
SalamaForce,force,gp,16,"0.5 wt% GO, 10 Hz",0.5,0.5,10.0,1498.8,1258.9950503828638,343.3746841475724
SalamaForce,force,gp,17,"0.5 wt% GO, 15 Hz",0.5,0.5,15.0,1242.4,1141.0133002170915,343.3916055600618
SalamaForce,force,gp,18,"1 wt% GO, 10 Hz",1.0,0.1,10.0,167.8,544.3364222123804,422.16343508632804
SalamaForce,force,gp,19,"1 wt% GO, 15 Hz",1.0,0.1,15.0,337.9,544.3397387425551,422.16343508632804
SalamaForce,force,gp,20,"1 wt% GO, 10 Hz",1.0,0.2,10.0,471.9,689.9667096481029,220.61155483495241
SalamaForce,force,gp,21,"1 wt% GO, 15 Hz",1.0,0.2,15.0,826.3,703.4401590519728,220.6135968769024
SalamaForce,force,gp,22,"1 wt% GO, 10 Hz",1.0,0.3,10.0,1298.3,1075.9025551714553,185.56965247725265
SalamaForce,force,gp,23,"1 wt% GO, 15 Hz",1.0,0.3,15.0,1114.7,1141.4295257017843,185.56505595285935
SalamaForce,force,gp,24,"1 wt% GO, 10 Hz",1.0,0.4,10.0,1593.3,1677.1324383047395,217.21168820180506
SalamaForce,force,gp,25,"1 wt% GO, 15 Hz",1.0,0.4,15.0,1359.2,1385.1551036326812,217.21149198400826
SalamaForce,force,gp,26,"1 wt% GO, 10 Hz",1.0,0.5,10.0,1696.5,1807.1033680144133,343.1851526193009
SalamaForce,force,gp,27,"1 wt% GO, 15 Hz",1.0,0.5,15.0,1558.7,1717.3739034355253,343.18508184343216
SalamaForce,force,gp,28,"1.5 wt% GO, 10 Hz",1.5,0.1,10.0,117.5,529.8733224866136,422.16343508632804
SalamaForce,force,gp,29,"1.5 wt% GO, 15 Hz",1.5,0.1,15.0,476.6,529.9000992860781,422.16343508632804
SalamaForce,force,gp,30,"1.5 wt% GO, 10 Hz",1.5,0.2,10.0,312.3,506.43355112263475,220.60930825048845
SalamaForce,force,gp,31,"1.5 wt% GO, 15 Hz",1.5,0.2,15.0,1174.2,748.5811540856572,220.60932128647707
SalamaForce,force,gp,32,"1.5 wt% GO, 10 Hz",1.5,0.3,10.0,1068.1,1454.7582075046507,185.56383059642212
SalamaForce,force,gp,33,"1.5 wt% GO, 15 Hz",1.5,0.3,15.0,1542.6,1642.0683762868275,185.56370338991522
SalamaForce,force,gp,34,"1.5 wt% GO, 10 Hz",1.5,0.4,10.0,2698.0,2529.632081016671,217.2105189980387
SalamaForce,force,gp,35,"1.5 wt% GO, 15 Hz",1.5,0.4,15.0,2232.8,2156.9018198583663,217.21051962977884
SalamaForce,force,gp,36,"1.5 wt% GO, 10 Hz",1.5,0.5,10.0,3676.3,2529.2339349764256,343.1750233096154
SalamaForce,force,gp,37,"1.5 wt% GO, 15 Hz",1.5,0.5,15.0,2716.1,2467.9360620381626,343.1753420048792
SalamaForce,force,gp,38,"2 wt% GO, 10 Hz",2.0,0.1,10.0,328.3,729.2679402588329,422.16343508632804
SalamaForce,force,gp,39,"2 wt% GO, 15 Hz",2.0,0.1,15.0,199.3,729.2612356138455,422.16343508632804
SalamaForce,force,gp,40,"2 wt% GO, 10 Hz",2.0,0.2,10.0,745.1,597.5096017393137,220.610793656146
SalamaForce,force,gp,41,"2 wt% GO, 15 Hz",2.0,0.2,15.0,740.9,582.9862632488682,220.61079372608359
SalamaForce,force,gp,42,"2 wt% GO, 10 Hz",2.0,0.3,10.0,1001.7,1060.668015316144,185.56501767886382
SalamaForce,force,gp,43,"2 wt% GO, 15 Hz",2.0,0.3,15.0,979.4,1010.604690389499,185.56501418942347
SalamaForce,force,gp,44,"2 wt% GO, 10 Hz",2.0,0.4,10.0,1296.5,1283.1371366582086,217.21131287385185
SalamaForce,force,gp,45,"2 wt% GO, 15 Hz",2.0,0.4,15.0,1130.9,1075.5405103683743,217.21131283436262
SalamaForce,force,gp,46,"2 wt% GO, 10 Hz",2.0,0.5,10.0,1603.6,1654.0235535808465,343.18158518733435
SalamaForce,force,gp,47,"2 wt% GO, 15 Hz",2.0,0.5,15.0,1234.9,1603.4409354194324,343.1815849863426
SalamaForce,force,gp,48,"2.5 wt% GO, 10 Hz",2.5,0.1,10.0,237.3,938.3400217267485,422.16343508632804
SalamaForce,force,gp,49,"2.5 wt% GO, 15 Hz",2.5,0.1,15.0,156.7,938.3500215561404,422.16343508632804
SalamaForce,force,gp,50,"2.5 wt% GO, 10 Hz",2.5,0.2,10.0,843.5,608.2661348664589,220.63108341888898
SalamaForce,force,gp,51,"2.5 wt% GO, 15 Hz",2.5,0.2,15.0,1210.9,650.5412260170214,220.6310834186598
SalamaForce,force,gp,52,"2.5 wt% GO, 10 Hz",2.5,0.3,10.0,1053.6,1495.2006528274615,185.58880710989175
SalamaForce,force,gp,53,"2.5 wt% GO, 15 Hz",2.5,0.3,15.0,1406.8,1512.6844511972447,185.58880701520326
SalamaForce,force,gp,54,"2.5 wt% GO, 10 Hz",2.5,0.4,10.0,2037.7,1820.2878280300442,217.2227204789119
SalamaForce,force,gp,55,"2.5 wt% GO, 15 Hz",2.5,0.4,15.0,1688.4,1598.0467763677723,217.2227204710681
SalamaForce,force,gp,56,"2.5 wt% GO, 10 Hz",2.5,0.5,10.0,2685.6,1923.6293668461317,343.34642820463404
SalamaForce,force,gp,57,"2.5 wt% GO, 15 Hz",2.5,0.5,15.0,1973.1,1898.9058505481062,343.34642826772165
SalamaForce,force,gp,58,"3 wt% GO, 10 Hz",3.0,0.1,10.0,84.2,326.9831026373836,422.16343508632804
SalamaForce,force,gp,59,"3 wt% GO, 15 Hz",3.0,0.1,15.0,78.9,326.98112347464473,422.16343508632804
SalamaForce,force,gp,60,"3 wt% GO, 10 Hz",3.0,0.2,10.0,423.2,472.8723758071219,221.33843944881468
SalamaForce,force,gp,61,"3 wt% GO, 15 Hz",3.0,0.2,15.0,409.4,439.368340598323,221.33843944896435
SalamaForce,force,gp,62,"3 wt% GO, 10 Hz",3.0,0.3,10.0,1125.4,835.4474432539188,185.9714994744814
SalamaForce,force,gp,63,"3 wt% GO, 15 Hz",3.0,0.3,15.0,878.7,1011.2672701828242,185.97149947207598
SalamaForce,force,gp,64,"3 wt% GO, 10 Hz",3.0,0.4,10.0,1346.1,1798.0629411977443,217.76359335968678
SalamaForce,force,gp,65,"3 wt% GO, 15 Hz",3.0,0.4,15.0,1709.5,1574.1017528645632,217.7635933593286
SalamaForce,force,gp,66,"3 wt% GO, 10 Hz",3.0,0.5,10.0,2219.0,1716.2146033559875,351.8679703752431
SalamaForce,force,gp,67,"3 wt% GO, 15 Hz",3.0,0.5,15.0,2109.4,1747.3426867497915,351.8679703753007
SalamaForce,force,lawgp,0,"0 wt% GO, 10 Hz",0.0,0.1,10.0,423.5,142.70559930581663,331.73492900378494
SalamaForce,force,lawgp,1,"0 wt% GO, 15 Hz",0.0,0.2,15.0,338.0,284.80650764330784,315.63975873879326
SalamaForce,force,lawgp,2,"0 wt% GO, 10 Hz",0.0,0.3,10.0,631.9,466.35575498260346,347.07595241160834
SalamaForce,force,lawgp,3,"0 wt% GO, 15 Hz",0.0,0.3,15.0,435.5,408.6498223098375,347.07595241143923
SalamaForce,force,lawgp,4,"0 wt% GO, 10 Hz",0.0,0.4,10.0,713.1,631.8998235889885,342.09358110507355
SalamaForce,force,lawgp,5,"0 wt% GO, 15 Hz",0.0,0.4,15.0,500.4,569.8693364459518,342.0935811049777
SalamaForce,force,lawgp,6,"0 wt% GO, 10 Hz",0.0,0.5,10.0,567.0,879.6692793858105,267.56608714276
SalamaForce,force,lawgp,7,"0 wt% GO, 15 Hz",0.0,0.5,15.0,611.3,861.6202571757324,267.56608714254406
SalamaForce,force,lawgp,8,"0.5 wt% GO, 10 Hz",0.5,0.1,10.0,313.5,335.18622407665373,330.08332906185234
SalamaForce,force,lawgp,9,"0.5 wt% GO, 15 Hz",0.5,0.1,15.0,277.9,303.51639645195775,330.08332906185234
SalamaForce,force,lawgp,10,"0.5 wt% GO, 10 Hz",0.5,0.2,10.0,822.2,622.7859991813184,314.01031723115915
SalamaForce,force,lawgp,11,"0.5 wt% GO, 15 Hz",0.5,0.2,15.0,549.7,543.0117897642357,314.01031723115915
SalamaForce,force,lawgp,12,"0.5 wt% GO, 10 Hz",0.5,0.3,10.0,1083.0,921.2151908708313,343.76694338850706
SalamaForce,force,lawgp,13,"0.5 wt% GO, 15 Hz",0.5,0.3,15.0,837.4,807.7615911198295,343.76694338850706
SalamaForce,force,lawgp,14,"0.5 wt% GO, 10 Hz",0.5,0.4,10.0,1300.3,1193.2023360473734,340.6090471083539
SalamaForce,force,lawgp,15,"0.5 wt% GO, 15 Hz",0.5,0.4,15.0,1043.0,1079.1415800347118,340.6090471083539
SalamaForce,force,lawgp,16,"0.5 wt% GO, 10 Hz",0.5,0.5,10.0,1498.8,1513.706128886852,266.5713587937057
SalamaForce,force,lawgp,17,"0.5 wt% GO, 15 Hz",0.5,0.5,15.0,1242.4,1483.1340197910292,266.5713587937057
SalamaForce,force,lawgp,18,"1 wt% GO, 10 Hz",1.0,0.1,10.0,167.8,323.52453797987505,330.08332906185234
SalamaForce,force,lawgp,19,"1 wt% GO, 15 Hz",1.0,0.1,15.0,337.9,281.32509871165934,330.08332906185234
SalamaForce,force,lawgp,20,"1 wt% GO, 10 Hz",1.0,0.2,10.0,471.9,730.7117521901561,314.01031723115915
SalamaForce,force,lawgp,21,"1 wt% GO, 15 Hz",1.0,0.2,15.0,826.3,624.5233445816898,314.01031723115915
SalamaForce,force,lawgp,22,"1 wt% GO, 10 Hz",1.0,0.3,10.0,1298.3,1106.6934023871395,343.76694338850706
SalamaForce,force,lawgp,23,"1 wt% GO, 15 Hz",1.0,0.3,15.0,1114.7,953.7215514632367,343.76694338850706
SalamaForce,force,lawgp,24,"1 wt% GO, 10 Hz",1.0,0.4,10.0,1593.3,1502.3378943781825,340.6090471083539
SalamaForce,force,lawgp,25,"1 wt% GO, 15 Hz",1.0,0.4,15.0,1359.2,1351.3228027055716,340.6090471083539
SalamaForce,force,lawgp,26,"1 wt% GO, 10 Hz",1.0,0.5,10.0,1696.5,1894.8685376219696,266.5713587937057
SalamaForce,force,lawgp,27,"1 wt% GO, 15 Hz",1.0,0.5,15.0,1558.7,1855.7263430014702,266.5713587937057
SalamaForce,force,lawgp,28,"1.5 wt% GO, 10 Hz",1.5,0.1,10.0,117.5,774.8274605141662,330.08332906185234
SalamaForce,force,lawgp,29,"1.5 wt% GO, 15 Hz",1.5,0.1,15.0,476.6,726.452527997184,330.08332906185234
SalamaForce,force,lawgp,30,"1.5 wt% GO, 10 Hz",1.5,0.2,10.0,312.3,1251.0038342692562,314.01031723115915
SalamaForce,force,lawgp,31,"1.5 wt% GO, 15 Hz",1.5,0.2,15.0,1174.2,1129.279752465652,314.01031723115915
SalamaForce,force,lawgp,32,"1.5 wt% GO, 10 Hz",1.5,0.3,10.0,1068.1,1663.5963141170978,343.76694338850706
SalamaForce,force,lawgp,33,"1.5 wt% GO, 15 Hz",1.5,0.3,15.0,1542.6,1487.3323874893654,343.76694338850706
SalamaForce,force,lawgp,34,"1.5 wt% GO, 10 Hz",1.5,0.4,10.0,2698.0,1883.3935019368557,340.6090471083539
SalamaForce,force,lawgp,35,"1.5 wt% GO, 15 Hz",1.5,0.4,15.0,2232.8,1710.4991899097079,340.6090471083539
SalamaForce,force,lawgp,36,"1.5 wt% GO, 10 Hz",1.5,0.5,10.0,3676.3,2215.168243503778,266.5713587937057
SalamaForce,force,lawgp,37,"1.5 wt% GO, 15 Hz",1.5,0.5,15.0,2716.1,2171.408648729891,266.5713587937057
SalamaForce,force,lawgp,38,"2 wt% GO, 10 Hz",2.0,0.1,10.0,328.3,79.79687700320943,330.08332906185234
SalamaForce,force,lawgp,39,"2 wt% GO, 15 Hz",2.0,0.1,15.0,199.3,29.60079031110098,330.08332906185234
SalamaForce,force,lawgp,40,"2 wt% GO, 10 Hz",2.0,0.2,10.0,745.1,557.3473281767468,314.0103172311592
SalamaForce,force,lawgp,41,"2 wt% GO, 15 Hz",2.0,0.2,15.0,740.9,430.96740602598373,314.01031723115915
SalamaForce,force,lawgp,42,"2 wt% GO, 10 Hz",2.0,0.3,10.0,1001.7,1112.5526967551516,343.76694338850706
SalamaForce,force,lawgp,43,"2 wt% GO, 15 Hz",2.0,0.3,15.0,979.4,929.2243400242937,343.76694338850706
SalamaForce,force,lawgp,44,"2 wt% GO, 10 Hz",2.0,0.4,10.0,1296.5,1659.7301965258862,340.6090471083539
SalamaForce,force,lawgp,45,"2 wt% GO, 15 Hz",2.0,0.4,15.0,1130.9,1480.0312124141028,340.6090471083539
SalamaForce,force,lawgp,46,"2 wt% GO, 10 Hz",2.0,0.5,10.0,1603.6,2051.3417543608984,266.5713587937057
SalamaForce,force,lawgp,47,"2 wt% GO, 15 Hz",2.0,0.5,15.0,1234.9,2006.9163687880157,266.5713587937057
SalamaForce,force,lawgp,48,"2.5 wt% GO, 10 Hz",2.5,0.1,10.0,237.3,534.8323613338089,330.08332906185234
SalamaForce,force,lawgp,49,"2.5 wt% GO, 15 Hz",2.5,0.1,15.0,156.7,487.1715501246678,330.08332906185234
SalamaForce,force,lawgp,50,"2.5 wt% GO, 10 Hz",2.5,0.2,10.0,843.5,920.0783867233896,314.0103172311592
SalamaForce,force,lawgp,51,"2.5 wt% GO, 15 Hz",2.5,0.2,15.0,1210.9,799.9222380354261,314.01031723115915
SalamaForce,force,lawgp,52,"2.5 wt% GO, 10 Hz",2.5,0.3,10.0,1053.6,1419.9916103328542,343.76694338850706
SalamaForce,force,lawgp,53,"2.5 wt% GO, 15 Hz",2.5,0.3,15.0,1406.8,1245.827023061253,343.76694338850706
SalamaForce,force,lawgp,54,"2.5 wt% GO, 10 Hz",2.5,0.4,10.0,2037.7,1776.7191674197804,340.6090471083539
SalamaForce,force,lawgp,55,"2.5 wt% GO, 15 Hz",2.5,0.4,15.0,1688.4,1605.2915749229785,340.6090471083539
SalamaForce,force,lawgp,56,"2.5 wt% GO, 10 Hz",2.5,0.5,10.0,2685.6,2057.2523788807885,266.5713587937057
SalamaForce,force,lawgp,57,"2.5 wt% GO, 15 Hz",2.5,0.5,15.0,1973.1,2016.1146190795348,266.5713587937057
SalamaForce,force,lawgp,58,"3 wt% GO, 10 Hz",3.0,0.1,10.0,84.2,376.0345663338808,330.08332906185234
SalamaForce,force,lawgp,59,"3 wt% GO, 15 Hz",3.0,0.1,15.0,78.9,335.26451516021916,330.08332906185234
SalamaForce,force,lawgp,60,"3 wt% GO, 10 Hz",3.0,0.2,10.0,423.2,779.4390870066011,314.01031723115915
SalamaForce,force,lawgp,61,"3 wt% GO, 15 Hz",3.0,0.2,15.0,409.4,676.387951728484,314.01031723115915
SalamaForce,force,lawgp,62,"3 wt% GO, 10 Hz",3.0,0.3,10.0,1125.4,1130.6368955353673,343.76694338850706
SalamaForce,force,lawgp,63,"3 wt% GO, 15 Hz",3.0,0.3,15.0,878.7,981.8651910620698,343.76694338850706
SalamaForce,force,lawgp,64,"3 wt% GO, 10 Hz",3.0,0.4,10.0,1346.1,1472.9139697453024,340.6090471083539
SalamaForce,force,lawgp,65,"3 wt% GO, 15 Hz",3.0,0.4,15.0,1709.5,1324.832765803768,340.6090471083539
SalamaForce,force,lawgp,66,"3 wt% GO, 10 Hz",3.0,0.5,10.0,2219.0,1629.87968927897,266.5713587937057
SalamaForce,force,lawgp,67,"3 wt% GO, 15 Hz",3.0,0.5,15.0,2109.4,1595.9818631223347,266.5713587937057
SalamaForce,force,law,0,"0 wt% GO, 10 Hz",0.0,0.1,10.0,423.5,160.24123334030722,
SalamaForce,force,law,1,"0 wt% GO, 15 Hz",0.0,0.2,15.0,338.0,283.81384007419734,
SalamaForce,force,law,2,"0 wt% GO, 10 Hz",0.0,0.3,10.0,631.9,461.07148931648527,
SalamaForce,force,law,3,"0 wt% GO, 15 Hz",0.0,0.3,15.0,435.5,403.3657918113128,
SalamaForce,force,law,4,"0 wt% GO, 10 Hz",0.0,0.4,10.0,713.1,642.4961641969401,
SalamaForce,force,law,5,"0 wt% GO, 15 Hz",0.0,0.4,15.0,500.4,580.4657822445184,
SalamaForce,force,law,6,"0 wt% GO, 10 Hz",0.0,0.5,10.0,567.0,894.7902588347303,
SalamaForce,force,law,7,"0 wt% GO, 15 Hz",0.0,0.5,15.0,611.3,876.7414760910013,
SalamaForce,force,law,8,"0.5 wt% GO, 10 Hz",0.5,0.1,10.0,313.5,302.3824047651146,
SalamaForce,force,law,9,"0.5 wt% GO, 15 Hz",0.5,0.1,15.0,277.9,270.7135416898682,
SalamaForce,force,law,10,"0.5 wt% GO, 10 Hz",0.5,0.2,10.0,822.2,612.7673770729648,
SalamaForce,force,law,11,"0.5 wt% GO, 15 Hz",0.5,0.2,15.0,549.7,532.9936645894365,
SalamaForce,force,law,12,"0.5 wt% GO, 10 Hz",0.5,0.3,10.0,1083.0,906.4965661210985,
SalamaForce,force,law,13,"0.5 wt% GO, 15 Hz",0.5,0.3,15.0,837.4,793.0434078882861,
SalamaForce,force,law,14,"0.5 wt% GO, 10 Hz",0.5,0.4,10.0,1300.3,1181.412364856985,
SalamaForce,force,law,15,"0.5 wt% GO, 15 Hz",0.5,0.4,15.0,1043.0,1067.3518236131476,
SalamaForce,force,law,16,"0.5 wt% GO, 10 Hz",0.5,0.5,10.0,1498.8,1515.6354400330558,
SalamaForce,force,law,17,"0.5 wt% GO, 15 Hz",0.5,0.5,15.0,1242.4,1485.0636110421178,
SalamaForce,force,law,18,"1 wt% GO, 10 Hz",1.0,0.1,10.0,167.8,402.9371390834725,
SalamaForce,force,law,19,"1 wt% GO, 15 Hz",1.0,0.1,15.0,337.9,360.73706102179364,
SalamaForce,force,law,20,"1 wt% GO, 10 Hz",1.0,0.2,10.0,471.9,815.6713012191348,
SalamaForce,force,law,21,"1 wt% GO, 15 Hz",1.0,0.2,15.0,826.3,709.4823455091565,
SalamaForce,force,law,22,"1 wt% GO, 10 Hz",1.0,0.3,10.0,1298.3,1222.2602809792768,
SalamaForce,force,law,23,"1 wt% GO, 15 Hz",1.0,0.3,15.0,1114.7,1069.2875128054382,
SalamaForce,force,law,24,"1 wt% GO, 10 Hz",1.0,0.4,10.0,1593.3,1564.1817117427593,
SalamaForce,force,law,25,"1 wt% GO, 15 Hz",1.0,0.4,15.0,1359.2,1413.1663525403112,
SalamaForce,force,law,26,"1 wt% GO, 10 Hz",1.0,0.5,10.0,1696.5,1940.5251208186614,
SalamaForce,force,law,27,"1 wt% GO, 15 Hz",1.0,0.5,15.0,1558.7,1901.3828570662424,
SalamaForce,force,law,28,"1.5 wt% GO, 10 Hz",1.5,0.1,10.0,117.5,461.9054362953808,
SalamaForce,force,law,29,"1.5 wt% GO, 15 Hz",1.5,0.1,15.0,476.6,413.529539466618,
SalamaForce,force,law,30,"1.5 wt% GO, 10 Hz",1.5,0.2,10.0,312.3,935.0043232012581,
SalamaForce,force,law,31,"1.5 wt% GO, 15 Hz",1.5,0.2,15.0,1174.2,813.2798828333574,
SalamaForce,force,law,32,"1.5 wt% GO, 10 Hz",1.5,0.3,10.0,1068.1,1408.3626338910199,
SalamaForce,force,law,33,"1.5 wt% GO, 15 Hz",1.5,0.3,15.0,1542.6,1232.0981065627686,
SalamaForce,force,law,34,"1.5 wt% GO, 10 Hz",1.5,0.4,10.0,2698.0,1790.804204854263,
SalamaForce,force,law,35,"1.5 wt% GO, 15 Hz",1.5,0.4,15.0,2232.8,1617.9093690260095,
SalamaForce,force,law,36,"1.5 wt% GO, 10 Hz",1.5,0.5,10.0,3676.3,2169.4593011915467,
SalamaForce,force,law,37,"1.5 wt% GO, 15 Hz",1.5,0.5,15.0,2716.1,2125.699214163375,
SalamaForce,force,law,38,"2 wt% GO, 10 Hz",2.0,0.1,10.0,328.3,479.2872964008396,
SalamaForce,force,law,39,"2 wt% GO, 15 Hz",2.0,0.1,15.0,199.3,429.0909770243414,
SalamaForce,force,law,40,"2 wt% GO, 10 Hz",2.0,0.2,10.0,745.1,970.7664430193341,
SalamaForce,force,law,41,"2 wt% GO, 15 Hz",2.0,0.2,15.0,740.9,844.3862765620385,
SalamaForce,force,law,42,"2 wt% GO, 10 Hz",2.0,0.3,10.0,1001.7,1464.803624856328,
SalamaForce,force,law,43,"2 wt% GO, 15 Hz",2.0,0.3,15.0,979.4,1281.4751891602778,
SalamaForce,force,law,44,"2 wt% GO, 10 Hz",2.0,0.4,10.0,1296.5,1861.2798441914956,
SalamaForce,force,law,45,"2 wt% GO, 15 Hz",2.0,0.4,15.0,1130.9,1681.580873070242,
SalamaForce,force,law,46,"2 wt% GO, 10 Hz",2.0,0.5,10.0,1603.6,2202.437981151713,
SalamaForce,force,law,47,"2 wt% GO, 15 Hz",2.0,0.5,15.0,1234.9,2158.0126823335168,
SalamaForce,force,law,48,"2.5 wt% GO, 10 Hz",2.5,0.1,10.0,237.3,455.0827193998488,
SalamaForce,force,law,49,"2.5 wt% GO, 15 Hz",2.5,0.1,15.0,156.7,407.4213736949638,
SalamaForce,force,law,50,"2.5 wt% GO, 10 Hz",2.5,0.2,10.0,843.5,922.9576606733635,
SalamaForce,force,law,51,"2.5 wt% GO, 15 Hz",2.5,0.2,15.0,1210.9,802.8015266952006,
SalamaForce,force,law,52,"2.5 wt% GO, 10 Hz",2.5,0.3,10.0,1053.6,1391.5832538752013,
SalamaForce,force,law,53,"2.5 wt% GO, 15 Hz",2.5,0.3,15.0,1406.8,1217.4187605979657,
SalamaForce,force,law,54,"2.5 wt% GO, 10 Hz",2.5,0.4,10.0,2037.7,1775.608629754458,
SalamaForce,force,law,55,"2.5 wt% GO, 15 Hz",2.5,0.4,15.0,1688.4,1604.1808646730092,
SalamaForce,force,law,56,"2.5 wt% GO, 10 Hz",2.5,0.5,10.0,2685.6,2039.4611606991598,
SalamaForce,force,law,57,"2.5 wt% GO, 15 Hz",2.5,0.5,15.0,1973.1,1998.3232615766672,
SalamaForce,force,law,58,"3 wt% GO, 10 Hz",3.0,0.1,10.0,84.2,389.29170529240855,
SalamaForce,force,law,59,"3 wt% GO, 15 Hz",3.0,0.1,15.0,78.9,348.5207294784852,
SalamaForce,force,law,60,"3 wt% GO, 10 Hz",3.0,0.2,10.0,423.2,791.5779761633463,
SalamaForce,force,law,61,"3 wt% GO, 15 Hz",3.0,0.2,15.0,409.4,688.5256332328435,
SalamaForce,force,law,62,"3 wt% GO, 10 Hz",3.0,0.3,10.0,1125.4,1188.7015209476394,
SalamaForce,force,law,63,"3 wt% GO, 15 Hz",3.0,0.3,15.0,878.7,1039.9288208758323,
SalamaForce,force,law,64,"3 wt% GO, 10 Hz",3.0,0.4,10.0,1346.1,1533.7905615431482,
SalamaForce,force,law,65,"3 wt% GO, 15 Hz",3.0,0.4,15.0,1709.5,1385.7093438343097,
SalamaForce,force,law,66,"3 wt% GO, 10 Hz",3.0,0.5,10.0,2219.0,1680.5288398338853,
SalamaForce,force,law,67,"3 wt% GO, 15 Hz",3.0,0.5,15.0,2109.4,1646.6309518928244,
SalamaForce,force,gp_r4,0,"0 wt% GO, 10 Hz",0.0,0.1,10.0,423.5,575.5750713638965,443.0733107587733
SalamaForce,force,gp_r4,1,"0 wt% GO, 15 Hz",0.0,0.2,15.0,338.0,391.3107030459903,257.1291653710682
SalamaForce,force,gp_r4,2,"0 wt% GO, 10 Hz",0.0,0.3,10.0,631.9,648.5263069731229,237.68181557095457
SalamaForce,force,gp_r4,3,"0 wt% GO, 15 Hz",0.0,0.3,15.0,435.5,442.7768522491559,190.18765437156898
SalamaForce,force,gp_r4,4,"0 wt% GO, 10 Hz",0.0,0.4,10.0,713.1,605.2636716183015,232.06161621140015
SalamaForce,force,gp_r4,5,"0 wt% GO, 15 Hz",0.0,0.4,15.0,500.4,531.7758186515894,221.5068989986731
SalamaForce,force,gp_r4,6,"0 wt% GO, 10 Hz",0.0,0.5,10.0,567.0,769.3386324514887,352.0529420546939
SalamaForce,force,gp_r4,7,"0 wt% GO, 15 Hz",0.0,0.5,15.0,611.3,673.1341284432473,352.37012234078935
SalamaForce,force,gp_r4,8,"0.5 wt% GO, 10 Hz",0.5,0.1,10.0,313.5,632.473542588451,304.4455915189129
SalamaForce,force,gp_r4,9,"0.5 wt% GO, 15 Hz",0.5,0.1,15.0,277.9,460.2907195939757,303.2714217849358
SalamaForce,force,gp_r4,10,"0.5 wt% GO, 10 Hz",0.5,0.2,10.0,822.2,672.6727450772895,220.86151312284505
SalamaForce,force,gp_r4,11,"0.5 wt% GO, 15 Hz",0.5,0.2,15.0,549.7,544.2870265893648,220.6899085032616
SalamaForce,force,gp_r4,12,"0.5 wt% GO, 10 Hz",0.5,0.3,10.0,1083.0,1094.0325899272723,185.67645417516914
SalamaForce,force,gp_r4,13,"0.5 wt% GO, 15 Hz",0.5,0.3,15.0,837.4,839.7004486447335,185.62533458212903
SalamaForce,force,gp_r4,14,"0.5 wt% GO, 10 Hz",0.5,0.4,10.0,1300.3,1320.160807987346,217.34353410538577
SalamaForce,force,gp_r4,15,"0.5 wt% GO, 15 Hz",0.5,0.4,15.0,1043.0,1076.4260614438658,217.24669640359963
SalamaForce,force,gp_r4,16,"0.5 wt% GO, 10 Hz",0.5,0.5,10.0,1498.8,1258.9950503828638,343.3746841475724
SalamaForce,force,gp_r4,17,"0.5 wt% GO, 15 Hz",0.5,0.5,15.0,1242.4,1141.0133002170915,343.3916055600618
SalamaForce,force,gp_r4,18,"1 wt% GO, 10 Hz",1.0,0.1,10.0,167.8,162.9982341288203,303.18286844633406
SalamaForce,force,gp_r4,19,"1 wt% GO, 15 Hz",1.0,0.1,15.0,337.9,585.3506937814217,303.1800343364988
SalamaForce,force,gp_r4,20,"1 wt% GO, 10 Hz",1.0,0.2,10.0,471.9,689.9665873224942,220.61165703967137
SalamaForce,force,gp_r4,21,"1 wt% GO, 15 Hz",1.0,0.2,15.0,826.3,703.4394343882961,220.6136990388368
SalamaForce,force,gp_r4,22,"1 wt% GO, 10 Hz",1.0,0.3,10.0,1298.3,1075.9025551714553,185.56965247725265
SalamaForce,force,gp_r4,23,"1 wt% GO, 15 Hz",1.0,0.3,15.0,1114.7,1141.4295257017843,185.56505595285935
SalamaForce,force,gp_r4,24,"1 wt% GO, 10 Hz",1.0,0.4,10.0,1593.3,1677.1324383047395,217.21168820180506
SalamaForce,force,gp_r4,25,"1 wt% GO, 15 Hz",1.0,0.4,15.0,1359.2,1385.1551036326812,217.21149198400826
SalamaForce,force,gp_r4,26,"1 wt% GO, 10 Hz",1.0,0.5,10.0,1696.5,1807.1033680144133,343.1851526193009
SalamaForce,force,gp_r4,27,"1 wt% GO, 15 Hz",1.0,0.5,15.0,1558.7,1717.3739034355253,343.18508184343216
SalamaForce,force,gp_r4,28,"1.5 wt% GO, 10 Hz",1.5,0.1,10.0,117.5,231.1594969580658,303.17777375045904
SalamaForce,force,gp_r4,29,"1.5 wt% GO, 15 Hz",1.5,0.1,15.0,476.6,967.2111817735401,303.1776717724849
SalamaForce,force,gp_r4,30,"1.5 wt% GO, 10 Hz",1.5,0.2,10.0,312.3,506.434790559901,220.60941055835576
SalamaForce,force,gp_r4,31,"1.5 wt% GO, 15 Hz",1.5,0.2,15.0,1174.2,748.5803567914065,220.60942359345475
SalamaForce,force,gp_r4,32,"1.5 wt% GO, 10 Hz",1.5,0.3,10.0,1068.1,1454.7582075046507,185.56383059642212
SalamaForce,force,gp_r4,33,"1.5 wt% GO, 15 Hz",1.5,0.3,15.0,1542.6,1642.0683762868275,185.56370338991522
SalamaForce,force,gp_r4,34,"1.5 wt% GO, 10 Hz",1.5,0.4,10.0,2698.0,2529.632081016671,217.2105189980387
SalamaForce,force,gp_r4,35,"1.5 wt% GO, 15 Hz",1.5,0.4,15.0,2232.8,2156.9018198583663,217.21051962977884
SalamaForce,force,gp_r4,36,"1.5 wt% GO, 10 Hz",1.5,0.5,10.0,3676.3,2529.2339349764256,343.1750233096154
SalamaForce,force,gp_r4,37,"1.5 wt% GO, 15 Hz",1.5,0.5,15.0,2716.1,2467.9360620381626,343.1753420048792
SalamaForce,force,gp_r4,38,"2 wt% GO, 10 Hz",2.0,0.1,10.0,328.3,660.9725945628777,303.1792505917778
SalamaForce,force,gp_r4,39,"2 wt% GO, 15 Hz",2.0,0.1,15.0,199.3,729.5538108796674,303.1792480123013
SalamaForce,force,gp_r4,40,"2 wt% GO, 10 Hz",2.0,0.2,10.0,745.1,597.5095586105721,220.61089592718903
SalamaForce,force,gp_r4,41,"2 wt% GO, 15 Hz",2.0,0.2,15.0,740.9,582.9855792084393,220.61089599711073
SalamaForce,force,gp_r4,42,"2 wt% GO, 10 Hz",2.0,0.3,10.0,1001.7,1060.668015316144,185.56501767886382
SalamaForce,force,gp_r4,43,"2 wt% GO, 15 Hz",2.0,0.3,15.0,979.4,1010.604690389499,185.56501418942347
SalamaForce,force,gp_r4,44,"2 wt% GO, 10 Hz",2.0,0.4,10.0,1296.5,1283.1371366582086,217.21131287385185
SalamaForce,force,gp_r4,45,"2 wt% GO, 15 Hz",2.0,0.4,15.0,1130.9,1075.5405103683743,217.21131283436262
SalamaForce,force,gp_r4,46,"2 wt% GO, 10 Hz",2.0,0.5,10.0,1603.6,1654.0235535808465,343.18158518733435
SalamaForce,force,gp_r4,47,"2 wt% GO, 15 Hz",2.0,0.5,15.0,1234.9,1603.4409354194324,343.1815849863426
SalamaForce,force,gp_r4,48,"2.5 wt% GO, 10 Hz",2.5,0.1,10.0,237.3,839.064687040547,303.216433882326
SalamaForce,force,gp_r4,49,"2.5 wt% GO, 15 Hz",2.5,0.1,15.0,156.7,1103.7249723912855,303.216433790261
SalamaForce,force,gp_r4,50,"2.5 wt% GO, 10 Hz",2.5,0.2,10.0,843.5,608.2660720762962,220.63118525464563
SalamaForce,force,gp_r4,51,"2.5 wt% GO, 15 Hz",2.5,0.2,15.0,1210.9,650.5404311331448,220.63118525441735
SalamaForce,force,gp_r4,52,"2.5 wt% GO, 10 Hz",2.5,0.3,10.0,1053.6,1495.2006528274615,185.58880710989175
SalamaForce,force,gp_r4,53,"2.5 wt% GO, 15 Hz",2.5,0.3,15.0,1406.8,1512.6844511972447,185.58880701520326
SalamaForce,force,gp_r4,54,"2.5 wt% GO, 10 Hz",2.5,0.4,10.0,2037.7,1820.2878280300442,217.2227204789119
SalamaForce,force,gp_r4,55,"2.5 wt% GO, 15 Hz",2.5,0.4,15.0,1688.4,1598.0467763677723,217.2227204710681
SalamaForce,force,gp_r4,56,"2.5 wt% GO, 10 Hz",2.5,0.5,10.0,2685.6,1923.6293668461317,343.34642820463404
SalamaForce,force,gp_r4,57,"2.5 wt% GO, 15 Hz",2.5,0.5,15.0,1973.1,1898.9058505481062,343.34642826772165
SalamaForce,force,gp_r4,58,"3 wt% GO, 10 Hz",3.0,0.1,10.0,84.2,214.59462320679427,305.7513210442122
SalamaForce,force,gp_r4,59,"3 wt% GO, 15 Hz",3.0,0.1,15.0,78.9,263.5639058311764,305.7513210415865
SalamaForce,force,gp_r4,60,"3 wt% GO, 10 Hz",3.0,0.2,10.0,423.2,472.8719747809829,221.3385277897694
SalamaForce,force,gp_r4,61,"3 wt% GO, 15 Hz",3.0,0.2,15.0,409.4,439.36799411866,221.33852778991937
SalamaForce,force,gp_r4,62,"3 wt% GO, 10 Hz",3.0,0.3,10.0,1125.4,835.4474432539188,185.9714994744814
SalamaForce,force,gp_r4,63,"3 wt% GO, 15 Hz",3.0,0.3,15.0,878.7,1011.2672701828242,185.97149947207598
SalamaForce,force,gp_r4,64,"3 wt% GO, 10 Hz",3.0,0.4,10.0,1346.1,1798.0629411977443,217.76359335968678
SalamaForce,force,gp_r4,65,"3 wt% GO, 15 Hz",3.0,0.4,15.0,1709.5,1574.1017528645632,217.7635933593286
SalamaForce,force,gp_r4,66,"3 wt% GO, 10 Hz",3.0,0.5,10.0,2219.0,1716.2146033559875,351.8679703752431
SalamaForce,force,gp_r4,67,"3 wt% GO, 15 Hz",3.0,0.5,15.0,2109.4,1747.3426867497915,351.8679703753007
SalamaForce,force,lawgp_r4,0,"0 wt% GO, 10 Hz",0.0,0.1,10.0,423.5,142.70559930581663,331.73492900378494
SalamaForce,force,lawgp_r4,1,"0 wt% GO, 15 Hz",0.0,0.2,15.0,338.0,442.3885114464028,229.23730918523975
SalamaForce,force,lawgp_r4,2,"0 wt% GO, 10 Hz",0.0,0.3,10.0,631.9,682.4115733249872,198.88283969715965
SalamaForce,force,lawgp_r4,3,"0 wt% GO, 15 Hz",0.0,0.3,15.0,435.5,422.91660690153464,147.04156836291767
SalamaForce,force,lawgp_r4,4,"0 wt% GO, 10 Hz",0.0,0.4,10.0,713.1,584.8010132165933,192.68596797504247
SalamaForce,force,lawgp_r4,5,"0 wt% GO, 15 Hz",0.0,0.4,15.0,500.4,519.1423979697042,186.42259299608995
SalamaForce,force,lawgp_r4,6,"0 wt% GO, 10 Hz",0.0,0.5,10.0,567.0,865.8491492973926,273.00009511190103
SalamaForce,force,lawgp_r4,7,"0 wt% GO, 15 Hz",0.0,0.5,15.0,611.3,847.8003665536372,273.00009511190103
SalamaForce,force,lawgp_r4,8,"0.5 wt% GO, 10 Hz",0.5,0.1,10.0,313.5,335.18622407665373,330.08332906185234
SalamaForce,force,lawgp_r4,9,"0.5 wt% GO, 15 Hz",0.5,0.1,15.0,277.9,303.51639645195775,330.08332906185234
SalamaForce,force,lawgp_r4,10,"0.5 wt% GO, 10 Hz",0.5,0.2,10.0,822.2,671.0182758866371,221.6133474216599
SalamaForce,force,lawgp_r4,11,"0.5 wt% GO, 15 Hz",0.5,0.2,15.0,549.7,591.2428324955373,221.61334742165988
SalamaForce,force,lawgp_r4,12,"0.5 wt% GO, 10 Hz",0.5,0.3,10.0,1083.0,1116.8179879380225,137.29393361115822
SalamaForce,force,lawgp_r4,13,"0.5 wt% GO, 15 Hz",0.5,0.3,15.0,837.4,819.3290804113466,137.29393361115822
SalamaForce,force,lawgp_r4,14,"0.5 wt% GO, 10 Hz",0.5,0.4,10.0,1300.3,1264.449044665975,184.91219713317403
SalamaForce,force,lawgp_r4,15,"0.5 wt% GO, 15 Hz",0.5,0.4,15.0,1043.0,1044.86922901762,184.91219713317417
SalamaForce,force,lawgp_r4,16,"0.5 wt% GO, 10 Hz",0.5,0.5,10.0,1498.8,1486.6943305015238,273.00009511190103
SalamaForce,force,lawgp_r4,17,"0.5 wt% GO, 15 Hz",0.5,0.5,15.0,1242.4,1456.1225015105547,273.00009511190103
SalamaForce,force,lawgp_r4,18,"1 wt% GO, 10 Hz",1.0,0.1,10.0,167.8,323.52453797987505,330.08332906185234
SalamaForce,force,lawgp_r4,19,"1 wt% GO, 15 Hz",1.0,0.1,15.0,337.9,281.32509871165934,330.08332906185234
SalamaForce,force,lawgp_r4,20,"1 wt% GO, 10 Hz",1.0,0.2,10.0,471.9,796.6031034822994,221.6133474216599
SalamaForce,force,lawgp_r4,21,"1 wt% GO, 15 Hz",1.0,0.2,15.0,826.3,690.4161318949107,221.61334742165988
SalamaForce,force,lawgp_r4,22,"1 wt% GO, 10 Hz",1.0,0.3,10.0,1298.3,1099.0242125751324,137.29393361115822
SalamaForce,force,lawgp_r4,23,"1 wt% GO, 15 Hz",1.0,0.3,15.0,1114.7,1153.4508731839217,137.29393361115822
SalamaForce,force,lawgp_r4,24,"1 wt% GO, 10 Hz",1.0,0.4,10.0,1593.3,1589.2962904205176,184.91219713317403
SalamaForce,force,lawgp_r4,25,"1 wt% GO, 15 Hz",1.0,0.4,15.0,1359.2,1334.943120399907,184.9121971331741
SalamaForce,force,lawgp_r4,26,"1 wt% GO, 10 Hz",1.0,0.5,10.0,1696.5,1911.5840112846008,273.00009511190103
SalamaForce,force,lawgp_r4,27,"1 wt% GO, 15 Hz",1.0,0.5,15.0,1558.7,1872.4417475321547,273.00009511190103
SalamaForce,force,lawgp_r4,28,"1.5 wt% GO, 10 Hz",1.5,0.1,10.0,117.5,774.8274605141662,330.08332906185234
SalamaForce,force,lawgp_r4,29,"1.5 wt% GO, 15 Hz",1.5,0.1,15.0,476.6,726.452527997184,330.08332906185234
SalamaForce,force,lawgp_r4,30,"1.5 wt% GO, 10 Hz",1.5,0.2,10.0,312.3,837.1984046732944,221.6133474216599
SalamaForce,force,lawgp_r4,31,"1.5 wt% GO, 15 Hz",1.5,0.2,15.0,1174.2,715.4804929977714,221.61334742165988
SalamaForce,force,lawgp_r4,32,"1.5 wt% GO, 10 Hz",1.5,0.3,10.0,1068.1,1330.4050696311167,137.29393361115822
SalamaForce,force,lawgp_r4,33,"1.5 wt% GO, 15 Hz",1.5,0.3,15.0,1542.6,1695.028329548672,137.29393361115828
SalamaForce,force,lawgp_r4,34,"1.5 wt% GO, 10 Hz",1.5,0.4,10.0,2698.0,2457.295207793023,184.912197133174
SalamaForce,force,lawgp_r4,35,"1.5 wt% GO, 15 Hz",1.5,0.4,15.0,2232.8,2110.8572410947368,184.91219713317406
SalamaForce,force,lawgp_r4,36,"1.5 wt% GO, 10 Hz",1.5,0.5,10.0,3676.3,2140.518191721518,273.00009511190103
SalamaForce,force,lawgp_r4,37,"1.5 wt% GO, 15 Hz",1.5,0.5,15.0,2716.1,2096.7581046932887,273.00009511190103
SalamaForce,force,lawgp_r4,38,"2 wt% GO, 10 Hz",2.0,0.1,10.0,328.3,79.79687700320943,330.08332906185234
SalamaForce,force,lawgp_r4,39,"2 wt% GO, 15 Hz",2.0,0.1,15.0,199.3,29.60079031110098,330.08332906185234
SalamaForce,force,lawgp_r4,40,"2 wt% GO, 10 Hz",2.0,0.2,10.0,745.1,715.4595777585972,221.6133474216599
SalamaForce,force,lawgp_r4,41,"2 wt% GO, 15 Hz",2.0,0.2,15.0,740.9,589.0806104105363,221.61334742165988
SalamaForce,force,lawgp_r4,42,"2 wt% GO, 10 Hz",2.0,0.3,10.0,1001.7,1084.106126689906,137.29393361115822
SalamaForce,force,lawgp_r4,43,"2 wt% GO, 15 Hz",2.0,0.3,15.0,979.4,1056.641238881799,137.29393361115822
SalamaForce,force,lawgp_r4,44,"2 wt% GO, 10 Hz",2.0,0.4,10.0,1296.5,1249.9747896123586,184.91219713317403
SalamaForce,force,lawgp_r4,45,"2 wt% GO, 15 Hz",2.0,0.4,15.0,1130.9,1046.5669384592197,184.9121971331741
SalamaForce,force,lawgp_r4,46,"2 wt% GO, 10 Hz",2.0,0.5,10.0,1603.6,2173.4968715804057,273.00009511190103
SalamaForce,force,lawgp_r4,47,"2 wt% GO, 15 Hz",2.0,0.5,15.0,1234.9,2129.0715727621923,273.00009511190103
SalamaForce,force,lawgp_r4,48,"2.5 wt% GO, 10 Hz",2.5,0.1,10.0,237.3,534.8323613338089,330.08332906185234
SalamaForce,force,lawgp_r4,49,"2.5 wt% GO, 15 Hz",2.5,0.1,15.0,156.7,487.1715501246678,330.08332906185234
SalamaForce,force,lawgp_r4,50,"2.5 wt% GO, 10 Hz",2.5,0.2,10.0,843.5,771.8890281665618,221.6133474216599
SalamaForce,force,lawgp_r4,51,"2.5 wt% GO, 15 Hz",2.5,0.2,15.0,1210.9,651.7357134440732,221.61334742165988
SalamaForce,force,lawgp_r4,52,"2.5 wt% GO, 10 Hz",2.5,0.3,10.0,1053.6,1443.5466399083027,137.29393361115822
SalamaForce,force,lawgp_r4,53,"2.5 wt% GO, 15 Hz",2.5,0.3,15.0,1406.8,1601.5123506261116,137.29393361115822
SalamaForce,force,lawgp_r4,54,"2.5 wt% GO, 10 Hz",2.5,0.4,10.0,2037.7,1792.7750609303991,184.9121971331741
SalamaForce,force,lawgp_r4,55,"2.5 wt% GO, 15 Hz",2.5,0.4,15.0,1688.4,1575.9691474865656,184.9121971331741
SalamaForce,force,lawgp_r4,56,"2.5 wt% GO, 10 Hz",2.5,0.5,10.0,2685.6,2010.5200511895493,273.00009511190103
SalamaForce,force,lawgp_r4,57,"2.5 wt% GO, 15 Hz",2.5,0.5,15.0,1973.1,1969.3821520670144,273.00009511190103
SalamaForce,force,lawgp_r4,58,"3 wt% GO, 10 Hz",3.0,0.1,10.0,84.2,376.0345663338808,330.08332906185234
SalamaForce,force,lawgp_r4,59,"3 wt% GO, 15 Hz",3.0,0.1,15.0,78.9,335.26451516021916,330.08332906185234
SalamaForce,force,lawgp_r4,60,"3 wt% GO, 10 Hz",3.0,0.2,10.0,423.2,580.0036440489165,221.6133474216599
SalamaForce,force,lawgp_r4,61,"3 wt% GO, 15 Hz",3.0,0.2,15.0,409.4,476.95425039010405,221.61334742165988
SalamaForce,force,lawgp_r4,62,"3 wt% GO, 10 Hz",3.0,0.3,10.0,1125.4,787.8794514495216,137.29393361115828
SalamaForce,force,lawgp_r4,63,"3 wt% GO, 15 Hz",3.0,0.3,15.0,878.7,1023.1946557652917,137.29393361115822
SalamaForce,force,lawgp_r4,64,"3 wt% GO, 10 Hz",3.0,0.4,10.0,1346.1,1744.1436639063675,184.91219713317403
SalamaForce,force,lawgp_r4,65,"3 wt% GO, 15 Hz",3.0,0.4,15.0,1709.5,1536.9127510966548,184.91219713317406
SalamaForce,force,lawgp_r4,66,"3 wt% GO, 10 Hz",3.0,0.5,10.0,2219.0,1651.5877303201862,273.00009511190103
SalamaForce,force,lawgp_r4,67,"3 wt% GO, 15 Hz",3.0,0.5,15.0,2109.4,1617.6898423791774,273.00009511190103
SalamaForce,frequency,gp,0,"0 wt% GO, 10 Hz",0.0,0.1,10.0,423.5,1031.1034760497294,990.9858043516806
SalamaForce,frequency,gp,1,"0 wt% GO, 15 Hz",0.0,0.2,15.0,338.0,1101.82613880037,1061.9962341526111
SalamaForce,frequency,gp,2,"0 wt% GO, 10 Hz",0.0,0.3,10.0,631.9,1031.2671678442337,990.9857734032762
SalamaForce,frequency,gp,3,"0 wt% GO, 15 Hz",0.0,0.3,15.0,435.5,1101.899775356151,1061.996226492693
SalamaForce,frequency,gp,4,"0 wt% GO, 10 Hz",0.0,0.4,10.0,713.1,1031.3701272573367,990.985775676764
SalamaForce,frequency,gp,5,"0 wt% GO, 15 Hz",0.0,0.4,15.0,500.4,1101.9844252381101,1061.996233839448
SalamaForce,frequency,gp,6,"0 wt% GO, 10 Hz",0.0,0.5,10.0,567.0,1031.476292814181,990.9857899702414
SalamaForce,frequency,gp,7,"0 wt% GO, 15 Hz",0.0,0.5,15.0,611.3,1102.0713564933787,1061.9962559880664
SalamaForce,frequency,gp,8,"0.5 wt% GO, 10 Hz",0.5,0.1,10.0,313.5,1031.0823960826958,990.9857446847519
SalamaForce,frequency,gp,9,"0.5 wt% GO, 15 Hz",0.5,0.1,15.0,277.9,1101.8119254731312,1061.996198523225
SalamaForce,frequency,gp,10,"0.5 wt% GO, 10 Hz",0.5,0.2,10.0,822.2,1031.2268658830687,990.9857242659261
SalamaForce,frequency,gp,11,"0.5 wt% GO, 15 Hz",0.5,0.2,15.0,549.7,1101.9536745812177,1061.9961739152238
SalamaForce,frequency,gp,12,"0.5 wt% GO, 10 Hz",0.5,0.3,10.0,1083.0,1031.3896983829577,990.985716160979
SalamaForce,frequency,gp,13,"0.5 wt% GO, 15 Hz",0.5,0.3,15.0,837.4,1102.1204793720312,1061.9961656427315
SalamaForce,frequency,gp,14,"0.5 wt% GO, 10 Hz",0.5,0.4,10.0,1300.3,1031.5568141510007,990.9857205845663
SalamaForce,frequency,gp,15,"0.5 wt% GO, 15 Hz",0.5,0.4,15.0,1043.0,1102.2923485562962,1061.9961736942037
SalamaForce,frequency,gp,16,"0.5 wt% GO, 10 Hz",0.5,0.5,10.0,1498.8,1031.7145591536846,990.9857375355732
SalamaForce,frequency,gp,17,"0.5 wt% GO, 15 Hz",0.5,0.5,15.0,1242.4,1102.4499488527472,1061.9961980098924
SalamaForce,frequency,gp,18,"1 wt% GO, 10 Hz",1.0,0.1,10.0,167.8,1031.1041229340547,990.9857268146403
SalamaForce,frequency,gp,19,"1 wt% GO, 15 Hz",1.0,0.1,15.0,337.9,1101.9933820983672,1061.9961910060028
SalamaForce,frequency,gp,20,"1 wt% GO, 10 Hz",1.0,0.2,10.0,471.9,1031.3230254649075,990.9857078811658
SalamaForce,frequency,gp,21,"1 wt% GO, 15 Hz",1.0,0.2,15.0,826.3,1102.230861773179,1061.9961665226413
SalamaForce,frequency,gp,22,"1 wt% GO, 10 Hz",1.0,0.3,10.0,1298.3,1031.5572507333602,990.9857012066216
SalamaForce,frequency,gp,23,"1 wt% GO, 15 Hz",1.0,0.3,15.0,1114.7,1102.4994825113383,1061.996158344492
SalamaForce,frequency,gp,24,"1 wt% GO, 10 Hz",1.0,0.4,10.0,1593.3,1031.7863458433774,990.9857068420115
SalamaForce,frequency,gp,25,"1 wt% GO, 15 Hz",1.0,0.4,15.0,1359.2,1102.7674343803073,1061.9961664580908
SalamaForce,frequency,gp,26,"1 wt% GO, 10 Hz",1.0,0.5,10.0,1696.5,1031.991595906145,990.9857247820117
SalamaForce,frequency,gp,27,"1 wt% GO, 15 Hz",1.0,0.5,15.0,1558.7,1103.0028977448774,1061.9961908639652
SalamaForce,frequency,gp,28,"1.5 wt% GO, 10 Hz",1.5,0.1,10.0,117.5,1031.087463169995,990.985724009755
SalamaForce,frequency,gp,29,"1.5 wt% GO, 15 Hz",1.5,0.1,15.0,476.6,1102.1349859973393,1061.9961905315586
SalamaForce,frequency,gp,30,"1.5 wt% GO, 10 Hz",1.5,0.2,10.0,312.3,1031.3600871611293,990.9857056703154
SalamaForce,frequency,gp,31,"1.5 wt% GO, 15 Hz",1.5,0.2,15.0,1174.2,1102.4353189512783,1061.9961661195493
SalamaForce,frequency,gp,32,"1.5 wt% GO, 10 Hz",1.5,0.3,10.0,1068.1,1031.6456724488767,990.9856994979202
SalamaForce,frequency,gp,33,"1.5 wt% GO, 15 Hz",1.5,0.3,15.0,1542.6,1102.7718570533946,1061.9961579832946
SalamaForce,frequency,gp,34,"1.5 wt% GO, 10 Hz",1.5,0.4,10.0,2698.0,1031.9192593906134,990.9857055020456
SalamaForce,frequency,gp,35,"1.5 wt% GO, 15 Hz",1.5,0.4,15.0,2232.8,1103.1057122748805,1061.9961661116884
SalamaForce,frequency,gp,36,"1.5 wt% GO, 10 Hz",1.5,0.5,10.0,3676.3,1032.1587136825287,990.9857236781136
SalamaForce,frequency,gp,37,"1.5 wt% GO, 15 Hz",1.5,0.5,15.0,2716.1,1103.3968999594333,1061.996190514788
SalamaForce,frequency,gp,38,"2 wt% GO, 10 Hz",2.0,0.1,10.0,328.3,1031.0306566055426,990.9857250731684
SalamaForce,frequency,gp,39,"2 wt% GO, 15 Hz",2.0,0.1,15.0,199.3,1102.1363977664316,1061.9961908649918
SalamaForce,frequency,gp,40,"2 wt% GO, 10 Hz",2.0,0.2,10.0,745.1,1031.3226980386928,990.985706834483
SalamaForce,frequency,gp,41,"2 wt% GO, 15 Hz",2.0,0.2,15.0,740.9,1102.451865559577,1061.996166453445
SalamaForce,frequency,gp,42,"2 wt% GO, 10 Hz",2.0,0.3,10.0,1001.7,1031.6276575771576,990.9857007463982
SalamaForce,frequency,gp,43,"2 wt% GO, 15 Hz",2.0,0.3,15.0,979.4,1102.804925549667,1061.9961583191223
SalamaForce,frequency,gp,44,"2 wt% GO, 10 Hz",2.0,0.4,10.0,1296.5,1031.9188542827685,990.9857068171532
SalamaForce,frequency,gp,45,"2 wt% GO, 15 Hz",2.0,0.4,15.0,1130.9,1103.1563057442852,1061.9961664529833
SalamaForce,frequency,gp,46,"2 wt% GO, 10 Hz",2.0,0.5,10.0,1603.6,1032.1728835674216,990.9857250387693
SalamaForce,frequency,gp,47,"2 wt% GO, 15 Hz",2.0,0.5,15.0,1234.9,1103.4653100859048,1061.9961908640194
SalamaForce,frequency,gp,48,"2.5 wt% GO, 10 Hz",2.5,0.1,10.0,237.3,1031.036276680622,990.9857362930923
SalamaForce,frequency,gp,49,"2.5 wt% GO, 15 Hz",2.5,0.1,15.0,156.7,1102.0901761877894,1061.9961980072585
SalamaForce,frequency,gp,50,"2.5 wt% GO, 10 Hz",2.5,0.2,10.0,843.5,1031.3126404441994,990.985718218293
SalamaForce,frequency,gp,51,"2.5 wt% GO, 15 Hz",2.5,0.2,15.0,1210.9,1102.3929910674037,1061.99617368773
SalamaForce,frequency,gp,52,"2.5 wt% GO, 10 Hz",2.5,0.3,10.0,1053.6,1031.6032192144585,990.9857121823987
SalamaForce,frequency,gp,53,"2.5 wt% GO, 15 Hz",2.5,0.3,15.0,1406.8,1102.7335233667952,1061.996165575722
SalamaForce,frequency,gp,54,"2.5 wt% GO, 10 Hz",2.5,0.4,10.0,2037.7,1031.8823299093442,990.9857182170181
SalamaForce,frequency,gp,55,"2.5 wt% GO, 15 Hz",2.5,0.4,15.0,1688.4,1103.0746725982613,1061.9961736877144
SalamaForce,frequency,gp,56,"2.5 wt% GO, 10 Hz",2.5,0.5,10.0,2685.6,1032.1271840316597,990.9857362905473
SalamaForce,frequency,gp,57,"2.5 wt% GO, 15 Hz",2.5,0.5,15.0,1973.1,1103.3777934703226,1061.9961980072255
SalamaForce,frequency,gp,58,"3 wt% GO, 10 Hz",3.0,0.1,10.0,84.2,1031.1601819248322,990.9857874501172
SalamaForce,frequency,gp,59,"3 wt% GO, 15 Hz",3.0,0.1,15.0,78.9,1102.0930915305246,1061.9962559709575
SalamaForce,frequency,gp,60,"3 wt% GO, 10 Hz",3.0,0.2,10.0,423.2,1031.385754732297,990.9857708534942
SalamaForce,frequency,gp,61,"3 wt% GO, 15 Hz",3.0,0.2,15.0,409.4,1102.3415320387337,1061.9962338382168
SalamaForce,frequency,gp,62,"3 wt% GO, 10 Hz",3.0,0.3,10.0,1125.4,1031.6260603386474,990.9857652906807
SalamaForce,frequency,gp,63,"3 wt% GO, 15 Hz",3.0,0.3,15.0,878.7,1102.62454823287,1061.9962264202975
SalamaForce,frequency,gp,64,"3 wt% GO, 10 Hz",3.0,0.4,10.0,1346.1,1031.8596283406418,990.9857708534137
SalamaForce,frequency,gp,65,"3 wt% GO, 15 Hz",3.0,0.4,15.0,1709.5,1102.9116413860518,1061.9962338382163
SalamaForce,frequency,gp,66,"3 wt% GO, 10 Hz",3.0,0.5,10.0,2219.0,1032.0667963395952,990.9857874499567
SalamaForce,frequency,gp,67,"3 wt% GO, 15 Hz",3.0,0.5,15.0,2109.4,1103.1704735526698,1061.9962559709568
SalamaForce,frequency,lawgp,0,"0 wt% GO, 10 Hz",0.0,0.1,10.0,423.5,135.49759138939413,299.4718573587817
SalamaForce,frequency,lawgp,1,"0 wt% GO, 15 Hz",0.0,0.2,15.0,338.0,285.90840087614595,404.21307756444855
SalamaForce,frequency,lawgp,2,"0 wt% GO, 10 Hz",0.0,0.3,10.0,631.9,414.4036508394478,299.47185735874785
SalamaForce,frequency,lawgp,3,"0 wt% GO, 15 Hz",0.0,0.3,15.0,435.5,454.3884191355124,404.2130775644485
SalamaForce,frequency,lawgp,4,"0 wt% GO, 10 Hz",0.0,0.4,10.0,713.1,553.8566805666268,299.47185735874785
SalamaForce,frequency,lawgp,5,"0 wt% GO, 15 Hz",0.0,0.4,15.0,500.4,622.8684373937405,404.21307756444855
SalamaForce,frequency,lawgp,6,"0 wt% GO, 10 Hz",0.0,0.5,10.0,567.0,693.3097102952407,299.47185735875917
SalamaForce,frequency,lawgp,7,"0 wt% GO, 15 Hz",0.0,0.5,15.0,611.3,791.3484556508301,404.21307756444867
SalamaForce,frequency,lawgp,8,"0.5 wt% GO, 10 Hz",0.5,0.1,10.0,313.5,259.7116543416975,299.4718559294232
SalamaForce,frequency,lawgp,9,"0.5 wt% GO, 15 Hz",0.5,0.1,15.0,277.9,258.1463607920837,404.21307750542957
SalamaForce,frequency,lawgp,10,"0.5 wt% GO, 10 Hz",0.5,0.2,10.0,822.2,523.3695313936239,299.4718559294055
SalamaForce,frequency,lawgp,11,"0.5 wt% GO, 15 Hz",0.5,0.2,15.0,549.7,567.3396087281075,404.2130775054294
SalamaForce,frequency,lawgp,12,"0.5 wt% GO, 10 Hz",0.5,0.3,10.0,1083.0,787.0274084451921,299.47185592939957
SalamaForce,frequency,lawgp,13,"0.5 wt% GO, 15 Hz",0.5,0.3,15.0,837.4,876.5328566621095,404.21307750542934
SalamaForce,frequency,lawgp,14,"0.5 wt% GO, 10 Hz",0.5,0.4,10.0,1300.3,1050.685285496402,299.4718559294055
SalamaForce,frequency,lawgp,15,"0.5 wt% GO, 15 Hz",0.5,0.4,15.0,1043.0,1185.7261045940895,404.2130775054294
SalamaForce,frequency,lawgp,16,"0.5 wt% GO, 10 Hz",0.5,0.5,10.0,1498.8,1314.3431625472538,299.4718559294232
SalamaForce,frequency,lawgp,17,"0.5 wt% GO, 15 Hz",0.5,0.5,15.0,1242.4,1494.9193525240478,404.21307750542957
SalamaForce,frequency,lawgp,18,"1 wt% GO, 10 Hz",1.0,0.1,10.0,167.8,348.83603694604506,299.4718559294232
SalamaForce,frequency,lawgp,19,"1 wt% GO, 15 Hz",1.0,0.1,15.0,337.9,356.06082038103887,404.21307750542957
SalamaForce,frequency,lawgp,20,"1 wt% GO, 10 Hz",1.0,0.2,10.0,471.9,701.629222555211,299.4718559294055
SalamaForce,frequency,lawgp,21,"1 wt% GO, 15 Hz",1.0,0.2,15.0,826.3,763.1900683085362,404.2130775054294
SalamaForce,frequency,lawgp,22,"1 wt% GO, 10 Hz",1.0,0.3,10.0,1298.3,1054.4224081661446,299.47185592939957
SalamaForce,frequency,lawgp,23,"1 wt% GO, 15 Hz",1.0,0.3,15.0,1114.7,1170.3193162380192,404.21307750542934
SalamaForce,frequency,lawgp,24,"1 wt% GO, 10 Hz",1.0,0.4,10.0,1593.3,1407.2155937788457,299.4718559294055
SalamaForce,frequency,lawgp,25,"1 wt% GO, 15 Hz",1.0,0.4,15.0,1359.2,1577.448564169488,404.2130775054294
SalamaForce,frequency,lawgp,26,"1 wt% GO, 10 Hz",1.0,0.5,10.0,1696.5,1760.0087793933144,299.4718559294232
SalamaForce,frequency,lawgp,27,"1 wt% GO, 15 Hz",1.0,0.5,15.0,1558.7,1984.5778121029423,404.21307750542957
SalamaForce,frequency,lawgp,28,"1.5 wt% GO, 10 Hz",1.5,0.1,10.0,117.5,403.15913651715755,299.4718559294232
SalamaForce,frequency,lawgp,29,"1.5 wt% GO, 15 Hz",1.5,0.1,15.0,476.6,411.2506772966635,404.21307750542957
SalamaForce,frequency,lawgp,30,"1.5 wt% GO, 10 Hz",1.5,0.2,10.0,312.3,810.0180923239977,299.4718559294055
SalamaForce,frequency,lawgp,31,"1.5 wt% GO, 15 Hz",1.5,0.2,15.0,1174.2,873.5386955708798,404.2130775054294
SalamaForce,frequency,lawgp,32,"1.5 wt% GO, 10 Hz",1.5,0.3,10.0,1068.1,1216.8770480825376,299.47185592939957
SalamaForce,frequency,lawgp,33,"1.5 wt% GO, 15 Hz",1.5,0.3,15.0,1542.6,1335.826713841298,404.21307750542934
SalamaForce,frequency,lawgp,34,"1.5 wt% GO, 10 Hz",1.5,0.4,10.0,2698.0,1623.7360037927774,299.4718559294055
SalamaForce,frequency,lawgp,35,"1.5 wt% GO, 15 Hz",1.5,0.4,15.0,2232.8,1798.1147321079186,404.2130775054294
SalamaForce,frequency,lawgp,36,"1.5 wt% GO, 10 Hz",1.5,0.5,10.0,3676.3,2030.5949594547164,299.4718559294232
SalamaForce,frequency,lawgp,37,"1.5 wt% GO, 15 Hz",1.5,0.5,15.0,2716.1,2260.402750370741,404.21307750542957
SalamaForce,frequency,lawgp,38,"2 wt% GO, 10 Hz",2.0,0.1,10.0,328.3,421.65604097086583,299.4718559294232
SalamaForce,frequency,lawgp,39,"2 wt% GO, 15 Hz",2.0,0.1,15.0,199.3,423.5794769313924,404.21307750542957
SalamaForce,frequency,lawgp,40,"2 wt% GO, 10 Hz",2.0,0.2,10.0,745.1,847.5112274071145,299.4718559294055
SalamaForce,frequency,lawgp,41,"2 wt% GO, 15 Hz",2.0,0.2,15.0,740.9,898.249035813022,404.2130775054294
SalamaForce,frequency,lawgp,42,"2 wt% GO, 10 Hz",2.0,0.3,10.0,1001.7,1273.3664138922152,299.47185592939957
SalamaForce,frequency,lawgp,43,"2 wt% GO, 15 Hz",2.0,0.3,15.0,979.4,1372.9185947006663,404.21307750542934
SalamaForce,frequency,lawgp,44,"2 wt% GO, 10 Hz",2.0,0.4,10.0,1296.5,1699.2216004261686,299.4718559294055
SalamaForce,frequency,lawgp,45,"2 wt% GO, 15 Hz",2.0,0.4,15.0,1130.9,1847.588153594325,404.2130775054294
SalamaForce,frequency,lawgp,46,"2 wt% GO, 10 Hz",2.0,0.5,10.0,1603.6,2125.076787008974,299.4718559294232
SalamaForce,frequency,lawgp,47,"2 wt% GO, 15 Hz",2.0,0.5,15.0,1234.9,2322.257712493998,404.21307750542957
SalamaForce,frequency,lawgp,48,"2.5 wt% GO, 10 Hz",2.5,0.1,10.0,237.3,405.87105648547526,299.4718559294232
SalamaForce,frequency,lawgp,49,"2.5 wt% GO, 15 Hz",2.5,0.1,15.0,156.7,393.22379521929247,404.21307750542957
SalamaForce,frequency,lawgp,50,"2.5 wt% GO, 10 Hz",2.5,0.2,10.0,843.5,815.6529356658993,299.4718559294055
SalamaForce,frequency,lawgp,51,"2.5 wt% GO, 15 Hz",2.5,0.2,15.0,1210.9,837.4976650941603,404.2130775054294
SalamaForce,frequency,lawgp,52,"2.5 wt% GO, 10 Hz",2.5,0.3,10.0,1053.6,1225.4348148390773,299.47185592939957
SalamaForce,frequency,lawgp,53,"2.5 wt% GO, 15 Hz",2.5,0.3,15.0,1406.8,1281.7715349675993,404.21307750542934
SalamaForce,frequency,lawgp,54,"2.5 wt% GO, 10 Hz",2.5,0.4,10.0,2037.7,1635.2166940050095,299.4718559294055
SalamaForce,frequency,lawgp,55,"2.5 wt% GO, 15 Hz",2.5,0.4,15.0,1688.4,1726.0454048396095,404.2130775054294
SalamaForce,frequency,lawgp,56,"2.5 wt% GO, 10 Hz",2.5,0.5,10.0,2685.6,2044.9985731636957,299.4718559294232
SalamaForce,frequency,lawgp,57,"2.5 wt% GO, 15 Hz",2.5,0.5,15.0,1973.1,2170.319274710191,404.21307750542957
SalamaForce,frequency,lawgp,58,"3 wt% GO, 10 Hz",3.0,0.1,10.0,84.2,354.6699983613802,299.4718559294232
SalamaForce,frequency,lawgp,59,"3 wt% GO, 15 Hz",3.0,0.1,15.0,78.9,320.0412579573389,404.21307750542957
SalamaForce,frequency,lawgp,60,"3 wt% GO, 10 Hz",3.0,0.2,10.0,423.2,713.3090314605503,299.4718559294055
SalamaForce,frequency,lawgp,61,"3 wt% GO, 15 Hz",3.0,0.2,15.0,409.4,691.1422091238423,404.2130775054294
SalamaForce,frequency,lawgp,62,"3 wt% GO, 10 Hz",3.0,0.3,10.0,1125.4,1071.9480645638007,299.47185592939957
SalamaForce,frequency,lawgp,63,"3 wt% GO, 15 Hz",3.0,0.3,15.0,878.7,1062.2431602907066,404.21307750542934
SalamaForce,frequency,lawgp,64,"3 wt% GO, 10 Hz",3.0,0.4,10.0,1346.1,1430.5870976711312,299.4718559294055
SalamaForce,frequency,lawgp,65,"3 wt% GO, 15 Hz",3.0,0.4,15.0,1709.5,1433.3441114579314,404.2130775054294
SalamaForce,frequency,lawgp,66,"3 wt% GO, 10 Hz",3.0,0.5,10.0,2219.0,1789.2261307825418,299.4718559294232
SalamaForce,frequency,lawgp,67,"3 wt% GO, 15 Hz",3.0,0.5,15.0,2109.4,1804.445062625517,404.21307750542957
SalamaForce,frequency,law,0,"0 wt% GO, 10 Hz",0.0,0.1,10.0,423.5,139.45302975748086,
SalamaForce,frequency,law,1,"0 wt% GO, 15 Hz",0.0,0.2,15.0,338.0,336.9600365246263,
SalamaForce,frequency,law,2,"0 wt% GO, 10 Hz",0.0,0.3,10.0,631.9,418.3590892724426,
SalamaForce,frequency,law,3,"0 wt% GO, 15 Hz",0.0,0.3,15.0,435.5,505.4400547869394,
SalamaForce,frequency,law,4,"0 wt% GO, 10 Hz",0.0,0.4,10.0,713.1,557.8121190299235,
SalamaForce,frequency,law,5,"0 wt% GO, 15 Hz",0.0,0.4,15.0,500.4,673.9200730492526,
SalamaForce,frequency,law,6,"0 wt% GO, 10 Hz",0.0,0.5,10.0,567.0,697.2651487874043,
SalamaForce,frequency,law,7,"0 wt% GO, 15 Hz",0.0,0.5,15.0,611.3,842.4000913115657,
SalamaForce,frequency,law,8,"0.5 wt% GO, 10 Hz",0.5,0.1,10.0,313.5,263.6578770768653,
SalamaForce,frequency,law,9,"0.5 wt% GO, 15 Hz",0.5,0.1,15.0,277.9,309.19324793386477,
SalamaForce,frequency,law,10,"0.5 wt% GO, 10 Hz",0.5,0.2,10.0,822.2,527.3157541537306,
SalamaForce,frequency,law,11,"0.5 wt% GO, 15 Hz",0.5,0.2,15.0,549.7,618.3864958677295,
SalamaForce,frequency,law,12,"0.5 wt% GO, 10 Hz",0.5,0.3,10.0,1083.0,790.973631230596,
SalamaForce,frequency,law,13,"0.5 wt% GO, 15 Hz",0.5,0.3,15.0,837.4,927.5797438015943,
SalamaForce,frequency,law,14,"0.5 wt% GO, 10 Hz",0.5,0.4,10.0,1300.3,1054.6315083074612,
SalamaForce,frequency,law,15,"0.5 wt% GO, 15 Hz",0.5,0.4,15.0,1043.0,1236.772991735459,
SalamaForce,frequency,law,16,"0.5 wt% GO, 10 Hz",0.5,0.5,10.0,1498.8,1318.2893853843266,
SalamaForce,frequency,law,17,"0.5 wt% GO, 15 Hz",0.5,0.5,15.0,1242.4,1545.9662396693238,
SalamaForce,frequency,law,18,"1 wt% GO, 10 Hz",1.0,0.1,10.0,167.8,352.7931856776165,
SalamaForce,frequency,law,19,"1 wt% GO, 15 Hz",1.0,0.1,15.0,337.9,407.1292479300897,
SalamaForce,frequency,law,20,"1 wt% GO, 10 Hz",1.0,0.2,10.0,471.9,705.586371355233,
SalamaForce,frequency,law,21,"1 wt% GO, 15 Hz",1.0,0.2,15.0,826.3,814.2584958601794,
SalamaForce,frequency,law,22,"1 wt% GO, 10 Hz",1.0,0.3,10.0,1298.3,1058.3795570328496,
SalamaForce,frequency,law,23,"1 wt% GO, 15 Hz",1.0,0.3,15.0,1114.7,1221.387743790269,
SalamaForce,frequency,law,24,"1 wt% GO, 10 Hz",1.0,0.4,10.0,1593.3,1411.172742710466,
SalamaForce,frequency,law,25,"1 wt% GO, 15 Hz",1.0,0.4,15.0,1359.2,1628.5169917203589,
SalamaForce,frequency,law,26,"1 wt% GO, 10 Hz",1.0,0.5,10.0,1696.5,1763.9659283880826,
SalamaForce,frequency,law,27,"1 wt% GO, 15 Hz",1.0,0.5,15.0,1558.7,2035.6462396504485,
SalamaForce,frequency,law,28,"1.5 wt% GO, 10 Hz",1.5,0.1,10.0,117.5,406.85895555973474,
SalamaForce,frequency,law,29,"1.5 wt% GO, 15 Hz",1.5,0.1,15.0,476.6,462.28801825098793,
SalamaForce,frequency,law,30,"1.5 wt% GO, 10 Hz",1.5,0.2,10.0,312.3,813.7179111194695,
SalamaForce,frequency,law,31,"1.5 wt% GO, 15 Hz",1.5,0.2,15.0,1174.2,924.5760365019759,
SalamaForce,frequency,law,32,"1.5 wt% GO, 10 Hz",1.5,0.3,10.0,1068.1,1220.5768666792042,
SalamaForce,frequency,law,33,"1.5 wt% GO, 15 Hz",1.5,0.3,15.0,1542.6,1386.8640547529637,
SalamaForce,frequency,law,34,"1.5 wt% GO, 10 Hz",1.5,0.4,10.0,2698.0,1627.435822238939,
SalamaForce,frequency,law,35,"1.5 wt% GO, 15 Hz",1.5,0.4,15.0,2232.8,1849.1520730039517,
SalamaForce,frequency,law,36,"1.5 wt% GO, 10 Hz",1.5,0.5,10.0,3676.3,2034.2947777986735,
SalamaForce,frequency,law,37,"1.5 wt% GO, 15 Hz",1.5,0.5,15.0,2716.1,2311.4400912549395,
SalamaForce,frequency,law,38,"2 wt% GO, 10 Hz",2.0,0.1,10.0,328.3,425.8551867232196,
SalamaForce,frequency,law,39,"2 wt% GO, 15 Hz",2.0,0.1,15.0,199.3,474.66955889655947,
SalamaForce,frequency,law,40,"2 wt% GO, 10 Hz",2.0,0.2,10.0,745.1,851.7103734464392,
SalamaForce,frequency,law,41,"2 wt% GO, 15 Hz",2.0,0.2,15.0,740.9,949.3391177931189,
SalamaForce,frequency,law,42,"2 wt% GO, 10 Hz",2.0,0.3,10.0,1001.7,1277.5655601696587,
SalamaForce,frequency,law,43,"2 wt% GO, 15 Hz",2.0,0.3,15.0,979.4,1424.0086766896784,
SalamaForce,frequency,law,44,"2 wt% GO, 10 Hz",2.0,0.4,10.0,1296.5,1703.4207468928785,
SalamaForce,frequency,law,45,"2 wt% GO, 15 Hz",2.0,0.4,15.0,1130.9,1898.6782355862379,
SalamaForce,frequency,law,46,"2 wt% GO, 10 Hz",2.0,0.5,10.0,1603.6,2129.275933616098,
SalamaForce,frequency,law,47,"2 wt% GO, 15 Hz",2.0,0.5,15.0,1234.9,2373.3477944827973,
SalamaForce,frequency,law,48,"2.5 wt% GO, 10 Hz",2.5,0.1,10.0,237.3,409.7818791680712,
SalamaForce,frequency,law,49,"2.5 wt% GO, 15 Hz",2.5,0.1,15.0,156.7,444.2738698668045,
SalamaForce,frequency,law,50,"2.5 wt% GO, 10 Hz",2.5,0.2,10.0,843.5,819.5637583361424,
SalamaForce,frequency,law,51,"2.5 wt% GO, 15 Hz",2.5,0.2,15.0,1210.9,888.547739733609,
SalamaForce,frequency,law,52,"2.5 wt% GO, 10 Hz",2.5,0.3,10.0,1053.6,1229.3456375042135,
SalamaForce,frequency,law,53,"2.5 wt% GO, 15 Hz",2.5,0.3,15.0,1406.8,1332.8216096004135,
SalamaForce,frequency,law,54,"2.5 wt% GO, 10 Hz",2.5,0.4,10.0,2037.7,1639.1275166722849,
SalamaForce,frequency,law,55,"2.5 wt% GO, 15 Hz",2.5,0.4,15.0,1688.4,1777.095479467218,
SalamaForce,frequency,law,56,"2.5 wt% GO, 10 Hz",2.5,0.5,10.0,2685.6,2048.909395840356,
SalamaForce,frequency,law,57,"2.5 wt% GO, 15 Hz",2.5,0.5,15.0,1973.1,2221.3693493340224,
SalamaForce,frequency,law,58,"3 wt% GO, 10 Hz",3.0,0.1,10.0,84.2,358.6390328942898,
SalamaForce,frequency,law,59,"3 wt% GO, 15 Hz",3.0,0.1,15.0,78.9,371.1009511617227,
SalamaForce,frequency,law,60,"3 wt% GO, 10 Hz",3.0,0.2,10.0,423.2,717.2780657885796,
SalamaForce,frequency,law,61,"3 wt% GO, 15 Hz",3.0,0.2,15.0,409.4,742.2019023234454,
SalamaForce,frequency,law,62,"3 wt% GO, 10 Hz",3.0,0.3,10.0,1125.4,1075.9170986828694,
SalamaForce,frequency,law,63,"3 wt% GO, 15 Hz",3.0,0.3,15.0,878.7,1113.302853485168,
SalamaForce,frequency,law,64,"3 wt% GO, 10 Hz",3.0,0.4,10.0,1346.1,1434.5561315771592,
SalamaForce,frequency,law,65,"3 wt% GO, 15 Hz",3.0,0.4,15.0,1709.5,1484.4038046468909,
SalamaForce,frequency,law,66,"3 wt% GO, 10 Hz",3.0,0.5,10.0,2219.0,1793.195164471449,
SalamaForce,frequency,law,67,"3 wt% GO, 15 Hz",3.0,0.5,15.0,2109.4,1855.5047558086135,
SalamaForce,frequency,gp_r4,0,"0 wt% GO, 10 Hz",0.0,0.1,10.0,423.5,1031.1034760497294,990.9858043516806
SalamaForce,frequency,gp_r4,1,"0 wt% GO, 15 Hz",0.0,0.2,15.0,338.0,1101.82613880037,1061.9962341526111
SalamaForce,frequency,gp_r4,2,"0 wt% GO, 10 Hz",0.0,0.3,10.0,631.9,1031.2671678442337,990.9857734032762
SalamaForce,frequency,gp_r4,3,"0 wt% GO, 15 Hz",0.0,0.3,15.0,435.5,1101.899775356151,1061.996226492693
SalamaForce,frequency,gp_r4,4,"0 wt% GO, 10 Hz",0.0,0.4,10.0,713.1,1031.3701272573367,990.985775676764
SalamaForce,frequency,gp_r4,5,"0 wt% GO, 15 Hz",0.0,0.4,15.0,500.4,1101.9844252381101,1061.996233839448
SalamaForce,frequency,gp_r4,6,"0 wt% GO, 10 Hz",0.0,0.5,10.0,567.0,1031.476292814181,990.9857899702414
SalamaForce,frequency,gp_r4,7,"0 wt% GO, 15 Hz",0.0,0.5,15.0,611.3,1102.0713564933787,1061.9962559880664
SalamaForce,frequency,gp_r4,8,"0.5 wt% GO, 10 Hz",0.5,0.1,10.0,313.5,1031.0823960826958,990.9857446847519
SalamaForce,frequency,gp_r4,9,"0.5 wt% GO, 15 Hz",0.5,0.1,15.0,277.9,1101.8119254731312,1061.996198523225
SalamaForce,frequency,gp_r4,10,"0.5 wt% GO, 10 Hz",0.5,0.2,10.0,822.2,1031.2268658830687,990.9857242659261
SalamaForce,frequency,gp_r4,11,"0.5 wt% GO, 15 Hz",0.5,0.2,15.0,549.7,1101.9536745812177,1061.9961739152238
SalamaForce,frequency,gp_r4,12,"0.5 wt% GO, 10 Hz",0.5,0.3,10.0,1083.0,1031.3896983829577,990.985716160979
SalamaForce,frequency,gp_r4,13,"0.5 wt% GO, 15 Hz",0.5,0.3,15.0,837.4,1102.1204793720312,1061.9961656427315
SalamaForce,frequency,gp_r4,14,"0.5 wt% GO, 10 Hz",0.5,0.4,10.0,1300.3,1031.5568141510007,990.9857205845663
SalamaForce,frequency,gp_r4,15,"0.5 wt% GO, 15 Hz",0.5,0.4,15.0,1043.0,1102.2923485562962,1061.9961736942037
SalamaForce,frequency,gp_r4,16,"0.5 wt% GO, 10 Hz",0.5,0.5,10.0,1498.8,1031.7145591536846,990.9857375355732
SalamaForce,frequency,gp_r4,17,"0.5 wt% GO, 15 Hz",0.5,0.5,15.0,1242.4,1102.4499488527472,1061.9961980098924
SalamaForce,frequency,gp_r4,18,"1 wt% GO, 10 Hz",1.0,0.1,10.0,167.8,1031.1041229340547,990.9857268146403
SalamaForce,frequency,gp_r4,19,"1 wt% GO, 15 Hz",1.0,0.1,15.0,337.9,1101.9933820983672,1061.9961910060028
SalamaForce,frequency,gp_r4,20,"1 wt% GO, 10 Hz",1.0,0.2,10.0,471.9,1031.3230254649075,990.9857078811658
SalamaForce,frequency,gp_r4,21,"1 wt% GO, 15 Hz",1.0,0.2,15.0,826.3,1102.230861773179,1061.9961665226413
SalamaForce,frequency,gp_r4,22,"1 wt% GO, 10 Hz",1.0,0.3,10.0,1298.3,1031.5572507333602,990.9857012066216
SalamaForce,frequency,gp_r4,23,"1 wt% GO, 15 Hz",1.0,0.3,15.0,1114.7,1102.4994825113383,1061.996158344492
SalamaForce,frequency,gp_r4,24,"1 wt% GO, 10 Hz",1.0,0.4,10.0,1593.3,1031.7863458433774,990.9857068420115
SalamaForce,frequency,gp_r4,25,"1 wt% GO, 15 Hz",1.0,0.4,15.0,1359.2,1102.7674343803073,1061.9961664580908
SalamaForce,frequency,gp_r4,26,"1 wt% GO, 10 Hz",1.0,0.5,10.0,1696.5,1031.991595906145,990.9857247820117
SalamaForce,frequency,gp_r4,27,"1 wt% GO, 15 Hz",1.0,0.5,15.0,1558.7,1103.0028977448774,1061.9961908639652
SalamaForce,frequency,gp_r4,28,"1.5 wt% GO, 10 Hz",1.5,0.1,10.0,117.5,1031.087463169995,990.985724009755
SalamaForce,frequency,gp_r4,29,"1.5 wt% GO, 15 Hz",1.5,0.1,15.0,476.6,1102.1349859973393,1061.9961905315586
SalamaForce,frequency,gp_r4,30,"1.5 wt% GO, 10 Hz",1.5,0.2,10.0,312.3,1031.3600871611293,990.9857056703154
SalamaForce,frequency,gp_r4,31,"1.5 wt% GO, 15 Hz",1.5,0.2,15.0,1174.2,1102.4353189512783,1061.9961661195493
SalamaForce,frequency,gp_r4,32,"1.5 wt% GO, 10 Hz",1.5,0.3,10.0,1068.1,1031.6456724488767,990.9856994979202
SalamaForce,frequency,gp_r4,33,"1.5 wt% GO, 15 Hz",1.5,0.3,15.0,1542.6,1102.7718570533946,1061.9961579832946
SalamaForce,frequency,gp_r4,34,"1.5 wt% GO, 10 Hz",1.5,0.4,10.0,2698.0,1031.9192593906134,990.9857055020456
SalamaForce,frequency,gp_r4,35,"1.5 wt% GO, 15 Hz",1.5,0.4,15.0,2232.8,1103.1057122748805,1061.9961661116884
SalamaForce,frequency,gp_r4,36,"1.5 wt% GO, 10 Hz",1.5,0.5,10.0,3676.3,1032.1587136825287,990.9857236781136
SalamaForce,frequency,gp_r4,37,"1.5 wt% GO, 15 Hz",1.5,0.5,15.0,2716.1,1103.3968999594333,1061.996190514788
SalamaForce,frequency,gp_r4,38,"2 wt% GO, 10 Hz",2.0,0.1,10.0,328.3,1031.0306566055426,990.9857250731684
SalamaForce,frequency,gp_r4,39,"2 wt% GO, 15 Hz",2.0,0.1,15.0,199.3,1102.1363977664316,1061.9961908649918
SalamaForce,frequency,gp_r4,40,"2 wt% GO, 10 Hz",2.0,0.2,10.0,745.1,1031.3226980386928,990.985706834483
SalamaForce,frequency,gp_r4,41,"2 wt% GO, 15 Hz",2.0,0.2,15.0,740.9,1102.451865559577,1061.996166453445
SalamaForce,frequency,gp_r4,42,"2 wt% GO, 10 Hz",2.0,0.3,10.0,1001.7,1031.6276575771576,990.9857007463982
SalamaForce,frequency,gp_r4,43,"2 wt% GO, 15 Hz",2.0,0.3,15.0,979.4,1102.804925549667,1061.9961583191223
SalamaForce,frequency,gp_r4,44,"2 wt% GO, 10 Hz",2.0,0.4,10.0,1296.5,1031.9188542827685,990.9857068171532
SalamaForce,frequency,gp_r4,45,"2 wt% GO, 15 Hz",2.0,0.4,15.0,1130.9,1103.1563057442852,1061.9961664529833
SalamaForce,frequency,gp_r4,46,"2 wt% GO, 10 Hz",2.0,0.5,10.0,1603.6,1032.1728835674216,990.9857250387693
SalamaForce,frequency,gp_r4,47,"2 wt% GO, 15 Hz",2.0,0.5,15.0,1234.9,1103.4653100859048,1061.9961908640194
SalamaForce,frequency,gp_r4,48,"2.5 wt% GO, 10 Hz",2.5,0.1,10.0,237.3,1031.036276680622,990.9857362930923
SalamaForce,frequency,gp_r4,49,"2.5 wt% GO, 15 Hz",2.5,0.1,15.0,156.7,1102.0901761877894,1061.9961980072585
SalamaForce,frequency,gp_r4,50,"2.5 wt% GO, 10 Hz",2.5,0.2,10.0,843.5,1031.3126404441994,990.985718218293
SalamaForce,frequency,gp_r4,51,"2.5 wt% GO, 15 Hz",2.5,0.2,15.0,1210.9,1102.3929910674037,1061.99617368773
SalamaForce,frequency,gp_r4,52,"2.5 wt% GO, 10 Hz",2.5,0.3,10.0,1053.6,1031.6032192144585,990.9857121823987
SalamaForce,frequency,gp_r4,53,"2.5 wt% GO, 15 Hz",2.5,0.3,15.0,1406.8,1102.7335233667952,1061.996165575722
SalamaForce,frequency,gp_r4,54,"2.5 wt% GO, 10 Hz",2.5,0.4,10.0,2037.7,1031.8823299093442,990.9857182170181
SalamaForce,frequency,gp_r4,55,"2.5 wt% GO, 15 Hz",2.5,0.4,15.0,1688.4,1103.0746725982613,1061.9961736877144
SalamaForce,frequency,gp_r4,56,"2.5 wt% GO, 10 Hz",2.5,0.5,10.0,2685.6,1032.1271840316597,990.9857362905473
SalamaForce,frequency,gp_r4,57,"2.5 wt% GO, 15 Hz",2.5,0.5,15.0,1973.1,1103.3777934703226,1061.9961980072255
SalamaForce,frequency,gp_r4,58,"3 wt% GO, 10 Hz",3.0,0.1,10.0,84.2,1031.1601819248322,990.9857874501172
SalamaForce,frequency,gp_r4,59,"3 wt% GO, 15 Hz",3.0,0.1,15.0,78.9,1102.0930915305246,1061.9962559709575
SalamaForce,frequency,gp_r4,60,"3 wt% GO, 10 Hz",3.0,0.2,10.0,423.2,1031.385754732297,990.9857708534942
SalamaForce,frequency,gp_r4,61,"3 wt% GO, 15 Hz",3.0,0.2,15.0,409.4,1102.3415320387337,1061.9962338382168
SalamaForce,frequency,gp_r4,62,"3 wt% GO, 10 Hz",3.0,0.3,10.0,1125.4,1031.6260603386474,990.9857652906807
SalamaForce,frequency,gp_r4,63,"3 wt% GO, 15 Hz",3.0,0.3,15.0,878.7,1102.62454823287,1061.9962264202975
SalamaForce,frequency,gp_r4,64,"3 wt% GO, 10 Hz",3.0,0.4,10.0,1346.1,1031.8596283406418,990.9857708534137
SalamaForce,frequency,gp_r4,65,"3 wt% GO, 15 Hz",3.0,0.4,15.0,1709.5,1102.9116413860518,1061.9962338382163
SalamaForce,frequency,gp_r4,66,"3 wt% GO, 10 Hz",3.0,0.5,10.0,2219.0,1032.0667963395952,990.9857874499567
SalamaForce,frequency,gp_r4,67,"3 wt% GO, 15 Hz",3.0,0.5,15.0,2109.4,1103.1704735526698,1061.9962559709568
SalamaForce,frequency,lawgp_r4,0,"0 wt% GO, 10 Hz",0.0,0.1,10.0,423.5,135.7581088899433,318.01434250531105
SalamaForce,frequency,lawgp_r4,1,"0 wt% GO, 15 Hz",0.0,0.2,15.0,338.0,285.95931489732095,404.2635153312835
SalamaForce,frequency,lawgp_r4,2,"0 wt% GO, 10 Hz",0.0,0.3,10.0,631.9,414.402719515666,318.01232627796526
SalamaForce,frequency,lawgp_r4,3,"0 wt% GO, 15 Hz",0.0,0.3,15.0,435.5,454.42465684658106,404.2635134072369
SalamaForce,frequency,lawgp_r4,4,"0 wt% GO, 10 Hz",0.0,0.4,10.0,713.1,553.6763812843661,318.01232627796526
SalamaForce,frequency,lawgp_r4,5,"0 wt% GO, 15 Hz",0.0,0.4,15.0,500.4,622.8812456845279,404.2635126289648
SalamaForce,frequency,lawgp_r4,6,"0 wt% GO, 10 Hz",0.0,0.5,10.0,567.0,692.9902792102644,318.01300668132455
SalamaForce,frequency,lawgp_r4,7,"0 wt% GO, 15 Hz",0.0,0.5,15.0,611.3,791.3402258405325,404.2635146016938
SalamaForce,frequency,lawgp_r4,8,"0.5 wt% GO, 10 Hz",0.5,0.1,10.0,313.5,259.8199839419741,318.0129823261097
SalamaForce,frequency,lawgp_r4,9,"0.5 wt% GO, 15 Hz",0.5,0.1,15.0,277.9,257.9336259949664,404.26348063791033
SalamaForce,frequency,lawgp_r4,10,"0.5 wt% GO, 10 Hz",0.5,0.2,10.0,822.2,523.4423736764477,318.0122237049073
SalamaForce,frequency,lawgp_r4,11,"0.5 wt% GO, 15 Hz",0.5,0.2,15.0,549.7,567.1589385413783,404.26346763617187
SalamaForce,frequency,lawgp_r4,12,"0.5 wt% GO, 10 Hz",0.5,0.3,10.0,1083.0,787.0123116042475,318.0119968644105
SalamaForce,frequency,lawgp_r4,13,"0.5 wt% GO, 15 Hz",0.5,0.3,15.0,837.4,876.4665549637075,404.2634637743086
SalamaForce,frequency,lawgp_r4,14,"0.5 wt% GO, 10 Hz",0.5,0.4,10.0,1300.3,1050.5438793527132,318.0122237049073
SalamaForce,frequency,lawgp_r4,15,"0.5 wt% GO, 15 Hz",0.5,0.4,15.0,1043.0,1185.7980979753804,404.26346763617187
SalamaForce,frequency,lawgp_r4,16,"0.5 wt% GO, 10 Hz",0.5,0.5,10.0,1498.8,1314.0772467038012,318.0129823261097
SalamaForce,frequency,lawgp_r4,17,"0.5 wt% GO, 15 Hz",0.5,0.5,15.0,1242.4,1495.0723181799126,404.26348063791033
SalamaForce,frequency,lawgp_r4,18,"1 wt% GO, 10 Hz",1.0,0.1,10.0,167.8,348.7916142070126,318.01298232610964
SalamaForce,frequency,lawgp_r4,19,"1 wt% GO, 15 Hz",1.0,0.1,15.0,337.9,355.86953629335903,404.26348061536527
SalamaForce,frequency,lawgp_r4,20,"1 wt% GO, 10 Hz",1.0,0.2,10.0,471.9,701.5351324635745,318.0122237049073
SalamaForce,frequency,lawgp_r4,21,"1 wt% GO, 15 Hz",1.0,0.2,15.0,826.3,763.0308495465343,404.26346760666706
SalamaForce,frequency,lawgp_r4,22,"1 wt% GO, 10 Hz",1.0,0.3,10.0,1298.3,1054.1433411863986,318.0119968644105
SalamaForce,frequency,lawgp_r4,23,"1 wt% GO, 15 Hz",1.0,0.3,15.0,1114.7,1170.2745026167966,404.26346374281
SalamaForce,frequency,lawgp_r4,24,"1 wt% GO, 10 Hz",1.0,0.4,10.0,1593.3,1406.6525601230649,318.0122237049073
SalamaForce,frequency,lawgp_r4,25,"1 wt% GO, 15 Hz",1.0,0.4,15.0,1359.2,1577.542100779349,404.26346760666706
SalamaForce,frequency,lawgp_r4,26,"1 wt% GO, 10 Hz",1.0,0.5,10.0,1696.5,1759.1715071119986,318.01298232610964
SalamaForce,frequency,lawgp_r4,27,"1 wt% GO, 15 Hz",1.0,0.5,15.0,1558.7,1984.7523606168766,404.26348061536527
SalamaForce,frequency,lawgp_r4,28,"1.5 wt% GO, 10 Hz",1.5,0.1,10.0,117.5,404.8252504841643,318.01298232610964
SalamaForce,frequency,lawgp_r4,29,"1.5 wt% GO, 15 Hz",1.5,0.1,15.0,476.6,411.0282447952526,404.263480604088
SalamaForce,frequency,lawgp_r4,30,"1.5 wt% GO, 10 Hz",1.5,0.2,10.0,312.3,812.6169669756136,318.0122237049073
SalamaForce,frequency,lawgp_r4,31,"1.5 wt% GO, 15 Hz",1.5,0.2,15.0,1174.2,873.3483252000683,404.2634675919083
SalamaForce,frequency,lawgp_r4,32,"1.5 wt% GO, 10 Hz",1.5,0.3,10.0,1068.1,1220.3427499040897,318.0119968644105
SalamaForce,frequency,lawgp_r4,33,"1.5 wt% GO, 15 Hz",1.5,0.3,15.0,1542.6,1335.7507690059713,404.26346372705405
SalamaForce,frequency,lawgp_r4,34,"1.5 wt% GO, 10 Hz",1.5,0.4,10.0,2698.0,1627.7920528748662,318.0122237049073
SalamaForce,frequency,lawgp_r4,35,"1.5 wt% GO, 15 Hz",1.5,0.4,15.0,2232.8,1798.1771727221264,404.2634675919083
SalamaForce,frequency,lawgp_r4,36,"1.5 wt% GO, 10 Hz",1.5,0.5,10.0,3676.3,2034.8028189502097,318.01298232610964
SalamaForce,frequency,lawgp_r4,37,"1.5 wt% GO, 15 Hz",1.5,0.5,15.0,2716.1,2260.546231353805,404.263480604088
SalamaForce,frequency,lawgp_r4,38,"2 wt% GO, 10 Hz",2.0,0.1,10.0,328.3,419.4239770667229,318.01298232610964
SalamaForce,frequency,lawgp_r4,39,"2 wt% GO, 15 Hz",2.0,0.1,15.0,199.3,423.4097515285027,404.263480604088
SalamaForce,frequency,lawgp_r4,40,"2 wt% GO, 10 Hz",2.0,0.2,10.0,745.1,844.5392432003505,318.0122237049073
SalamaForce,frequency,lawgp_r4,41,"2 wt% GO, 15 Hz",2.0,0.2,15.0,740.9,898.1113655318554,404.2634675919083
SalamaForce,frequency,lawgp_r4,42,"2 wt% GO, 10 Hz",2.0,0.3,10.0,1001.7,1269.5434119713973,318.0119968644105
SalamaForce,frequency,lawgp_r4,43,"2 wt% GO, 15 Hz",2.0,0.3,15.0,979.4,1372.8953541516264,404.26346372705405
SalamaForce,frequency,lawgp_r4,44,"2 wt% GO, 10 Hz",2.0,0.4,10.0,1296.5,1694.6280317856945,318.0122237049073
SalamaForce,frequency,lawgp_r4,45,"2 wt% GO, 15 Hz",2.0,0.4,15.0,1130.9,1847.7033138072065,404.2634675919083
SalamaForce,frequency,lawgp_r4,46,"2 wt% GO, 10 Hz",2.0,0.5,10.0,1603.6,2120.066838116126,318.01298232610964
SalamaForce,frequency,lawgp_r4,47,"2 wt% GO, 15 Hz",2.0,0.5,15.0,1234.9,2322.453930380805,404.263480604088
SalamaForce,frequency,lawgp_r4,48,"2.5 wt% GO, 10 Hz",2.5,0.1,10.0,237.3,405.15218446688414,318.01298232610964
SalamaForce,frequency,lawgp_r4,49,"2.5 wt% GO, 15 Hz",2.5,0.1,15.0,156.7,393.0140565081137,404.26348061536527
SalamaForce,frequency,lawgp_r4,50,"2.5 wt% GO, 10 Hz",2.5,0.2,10.0,843.5,815.4755429522982,318.0122237049073
SalamaForce,frequency,lawgp_r4,51,"2.5 wt% GO, 15 Hz",2.5,0.2,15.0,1210.9,837.3199705604325,404.26346760666706
SalamaForce,frequency,lawgp_r4,52,"2.5 wt% GO, 10 Hz",2.5,0.3,10.0,1053.6,1225.583274266461,318.0119968644105
SalamaForce,frequency,lawgp_r4,53,"2.5 wt% GO, 15 Hz",2.5,0.3,15.0,1406.8,1281.7082580705055,404.26346374281
SalamaForce,frequency,lawgp_r4,54,"2.5 wt% GO, 10 Hz",2.5,0.4,10.0,2037.7,1635.3941104073458,318.0122237049073
SalamaForce,frequency,lawgp_r4,55,"2.5 wt% GO, 15 Hz",2.5,0.4,15.0,1688.4,1726.1205240440183,404.26346760666706
SalamaForce,frequency,lawgp_r4,56,"2.5 wt% GO, 10 Hz",2.5,0.5,10.0,2685.6,2045.0061092214016,318.01298232610964
SalamaForce,frequency,lawgp_r4,57,"2.5 wt% GO, 15 Hz",2.5,0.5,15.0,1973.1,2170.475457699055,404.26348061536527
SalamaForce,frequency,lawgp_r4,58,"3 wt% GO, 10 Hz",3.0,0.1,10.0,84.2,353.3429147354257,318.0129823261097
SalamaForce,frequency,lawgp_r4,59,"3 wt% GO, 15 Hz",3.0,0.1,15.0,78.9,319.8411597362259,404.26348063791033
SalamaForce,frequency,lawgp_r4,60,"3 wt% GO, 10 Hz",3.0,0.2,10.0,423.2,712.3742121817942,318.0122237049073
SalamaForce,frequency,lawgp_r4,61,"3 wt% GO, 15 Hz",3.0,0.2,15.0,409.4,690.9741402929799,404.26346763617187
SalamaForce,frequency,lawgp_r4,62,"3 wt% GO, 10 Hz",3.0,0.3,10.0,1125.4,1071.7039244401708,318.01199686441055
SalamaForce,frequency,lawgp_r4,63,"3 wt% GO, 15 Hz",3.0,0.3,15.0,878.7,1062.1894807756846,404.2634637743086
SalamaForce,frequency,lawgp_r4,64,"3 wt% GO, 10 Hz",3.0,0.4,10.0,1346.1,1431.1271407436977,318.0122237049073
SalamaForce,frequency,lawgp_r4,65,"3 wt% GO, 15 Hz",3.0,0.4,15.0,1709.5,1433.4288034479157,404.26346763617187
SalamaForce,frequency,lawgp_r4,66,"3 wt% GO, 10 Hz",3.0,0.5,10.0,2219.0,1790.381989234186,318.0129823261097
SalamaForce,frequency,lawgp_r4,67,"3 wt% GO, 15 Hz",3.0,0.5,15.0,2109.4,1804.6108133208022,404.26348063791033
SalamaFreq,loo,gp,0,0.5 wt% GO,0.5,0.3,1.0,518.0,571.5510202383838,110.63484943074991
SalamaFreq,loo,gp,1,0.5 wt% GO,0.5,0.3,2.0,672.8,698.0791465295935,62.35448567601019
SalamaFreq,loo,gp,2,0.5 wt% GO,0.5,0.3,3.0,879.9,836.2894080764571,63.717505374659986
SalamaFreq,loo,gp,3,0.5 wt% GO,0.5,0.3,4.0,1001.2,984.2550307051092,63.14491836417046
SalamaFreq,loo,gp,4,0.5 wt% GO,0.5,0.3,5.0,1068.4,1143.417767006241,108.73438718510015
SalamaFreq,loo,gp,5,1 wt% GO,1.0,0.3,1.0,1216.6,1240.0270118108563,107.0538065235353
SalamaFreq,loo,gp,6,1 wt% GO,1.0,0.3,2.0,1327.5,1326.3867173365295,62.98965758869147
SalamaFreq,loo,gp,7,1 wt% GO,1.0,0.3,3.0,1450.2,1403.2556823625669,61.27131035664221
SalamaFreq,loo,gp,8,1 wt% GO,1.0,0.3,4.0,1482.2,1560.011764849195,58.54353570627055
SalamaFreq,loo,gp,9,1 wt% GO,1.0,0.3,5.0,1652.5,1540.9046349096518,103.57350812789149
SalamaFreq,loo,gp,10,1.5 wt% GO,1.5,0.3,1.0,1979.4,2029.8913221766854,106.00351561485385
SalamaFreq,loo,gp,11,1.5 wt% GO,1.5,0.3,2.0,2225.4,2193.6899387629883,62.73955823071472
SalamaFreq,loo,gp,12,1.5 wt% GO,1.5,0.3,3.0,2390.3,2358.4891673779093,62.723087695059085
SalamaFreq,loo,gp,13,1.5 wt% GO,1.5,0.3,4.0,2445.1,2525.0690738065514,58.425591426117144
SalamaFreq,loo,gp,14,1.5 wt% GO,1.5,0.3,5.0,2594.3,2446.580282672012,102.92983585271624
SalamaFreq,loo,gp,15,2 wt% GO,2.0,0.3,1.0,1293.7,1655.535421563118,88.20318798494539
SalamaFreq,loo,gp,16,2 wt% GO,2.0,0.3,2.0,1788.0,1689.1970578871599,55.912035586742924
SalamaFreq,loo,gp,17,2 wt% GO,2.0,0.3,3.0,2050.4,2118.5820632678897,55.399873290183486
SalamaFreq,loo,gp,18,2 wt% GO,2.0,0.3,4.0,2329.9,2246.692665212364,58.44727300387168
SalamaFreq,loo,gp,19,2 wt% GO,2.0,0.3,5.0,2338.5,2528.7034953166612,96.5339507922204
SalamaFreq,loo,gp,20,2.5 wt% GO,2.5,0.3,1.0,1429.3,1264.4737918161518,103.19219518685995
SalamaFreq,loo,gp,21,2.5 wt% GO,2.5,0.3,2.0,1487.8,1496.2910356946666,62.961214565551565
SalamaFreq,loo,gp,22,2.5 wt% GO,2.5,0.3,3.0,1575.8,1604.5713240741136,64.51497352137149
SalamaFreq,loo,gp,23,2.5 wt% GO,2.5,0.3,4.0,1701.6,1733.8549205242152,62.7530343125029
SalamaFreq,loo,gp,24,2.5 wt% GO,2.5,0.3,5.0,1882.0,1760.4858824996536,104.1681143078683
SalamaFreq,loo,gp,25,3 wt% GO,3.0,0.3,1.0,687.9,882.0758579822808,104.6917521197732
SalamaFreq,loo,gp,26,3 wt% GO,3.0,0.3,2.0,916.5,825.9883799323773,56.282976895478924
SalamaFreq,loo,gp,27,3 wt% GO,3.0,0.3,3.0,977.8,1062.6951686412722,54.0946455396756
SalamaFreq,loo,gp,28,3 wt% GO,3.0,0.3,4.0,1170.1,1101.842844811372,59.121159487627075
SalamaFreq,loo,gp,29,3 wt% GO,3.0,0.3,5.0,1199.6,1309.0194972427662,107.25034924539574
SalamaFreq,loo,lawgp,0,0.5 wt% GO,0.5,0.3,1.0,518.0,574.2404462217412,90.31871658810671
SalamaFreq,loo,lawgp,1,0.5 wt% GO,0.5,0.3,2.0,672.8,699.1277437447355,62.48293497548191
SalamaFreq,loo,lawgp,2,0.5 wt% GO,0.5,0.3,3.0,879.9,846.5347771614956,62.83828743719768
SalamaFreq,loo,lawgp,3,0.5 wt% GO,0.5,0.3,4.0,1001.2,998.4634873944727,62.718563810916514
SalamaFreq,loo,lawgp,4,0.5 wt% GO,0.5,0.3,5.0,1068.4,1092.746816025215,89.98265599173465
SalamaFreq,loo,lawgp,5,1 wt% GO,1.0,0.3,1.0,1216.6,1205.0875262677207,90.12551546542277
SalamaFreq,loo,lawgp,6,1 wt% GO,1.0,0.3,2.0,1327.5,1330.7686811208669,62.80194211852393
SalamaFreq,loo,lawgp,7,1 wt% GO,1.0,0.3,3.0,1450.2,1417.5318107169999,62.84415318480114
SalamaFreq,loo,lawgp,8,1 wt% GO,1.0,0.3,4.0,1482.2,1584.0381732659123,59.264357563122864
SalamaFreq,loo,lawgp,9,1 wt% GO,1.0,0.3,5.0,1652.5,1620.0638891045378,90.24147126683917
SalamaFreq,loo,lawgp,10,1.5 wt% GO,1.5,0.3,1.0,1979.4,1898.665412410448,97.64716229089423
SalamaFreq,loo,lawgp,11,1.5 wt% GO,1.5,0.3,2.0,2225.4,2187.36665009005,61.874227600645526
SalamaFreq,loo,lawgp,12,1.5 wt% GO,1.5,0.3,3.0,2390.3,2348.141831714205,61.62713513356975
SalamaFreq,loo,lawgp,13,1.5 wt% GO,1.5,0.3,4.0,2445.1,2524.6744322893364,57.594392075556556
SalamaFreq,loo,lawgp,14,1.5 wt% GO,1.5,0.3,5.0,2594.3,2391.212528194921,88.71690068133842
SalamaFreq,loo,lawgp,15,2 wt% GO,2.0,0.3,1.0,1293.7,1581.0365691057946,75.33970570664637
SalamaFreq,loo,lawgp,16,2 wt% GO,2.0,0.3,2.0,1788.0,1676.8006482525418,53.759540956673405
SalamaFreq,loo,lawgp,17,2 wt% GO,2.0,0.3,3.0,2050.4,2114.760457311786,56.426365565118004
SalamaFreq,loo,lawgp,18,2 wt% GO,2.0,0.3,4.0,2329.9,2251.8053535587005,59.12283560816563
SalamaFreq,loo,lawgp,19,2 wt% GO,2.0,0.3,5.0,2338.5,2436.466427484438,87.5730613977103
SalamaFreq,loo,lawgp,20,2.5 wt% GO,2.5,0.3,1.0,1429.3,1302.9469711111897,88.42033038538054
SalamaFreq,loo,lawgp,21,2.5 wt% GO,2.5,0.3,2.0,1487.8,1498.1459831689406,62.52455613969909
SalamaFreq,loo,lawgp,22,2.5 wt% GO,2.5,0.3,3.0,1575.8,1618.372661112172,64.71207021517739
SalamaFreq,loo,lawgp,23,2.5 wt% GO,2.5,0.3,4.0,1701.6,1753.6526971142496,62.55551432160753
SalamaFreq,loo,lawgp,24,2.5 wt% GO,2.5,0.3,5.0,1882.0,1786.4876940852507,87.42495503725857
SalamaFreq,loo,lawgp,25,3 wt% GO,3.0,0.3,1.0,687.9,798.6373004145279,87.33430953253172
SalamaFreq,loo,lawgp,26,3 wt% GO,3.0,0.3,2.0,916.5,830.6702224234158,56.606324378724665
SalamaFreq,loo,lawgp,27,3 wt% GO,3.0,0.3,3.0,977.8,1064.8725922038652,55.95664825573437
SalamaFreq,loo,lawgp,28,3 wt% GO,3.0,0.3,4.0,1170.1,1114.9955870352485,60.01784556188839
SalamaFreq,loo,lawgp,29,3 wt% GO,3.0,0.3,5.0,1199.6,1221.308009362907,90.2342624138593
SalamaFreq,loo,law,0,0.5 wt% GO,0.5,0.3,1.0,518.0,804.5974686446395,
SalamaFreq,loo,law,1,0.5 wt% GO,0.5,0.3,2.0,672.8,909.3576640368537,
SalamaFreq,loo,law,2,0.5 wt% GO,0.5,0.3,3.0,879.9,1017.0126543267312,
SalamaFreq,loo,law,3,0.5 wt% GO,0.5,0.3,4.0,1001.2,1104.3710120015153,
SalamaFreq,loo,law,4,0.5 wt% GO,0.5,0.3,5.0,1068.4,1156.749343136967,
SalamaFreq,loo,law,5,1 wt% GO,1.0,0.3,1.0,1216.6,1332.149450754562,
SalamaFreq,loo,law,6,1 wt% GO,1.0,0.3,2.0,1327.5,1519.376561609099,
SalamaFreq,loo,law,7,1 wt% GO,1.0,0.3,3.0,1450.2,1714.993008380679,
SalamaFreq,loo,law,8,1 wt% GO,1.0,0.3,4.0,1482.2,1877.1264762051833,
SalamaFreq,loo,law,9,1 wt% GO,1.0,0.3,5.0,1652.5,1982.3728549421255,
SalamaFreq,loo,law,10,1.5 wt% GO,1.5,0.3,1.0,1979.4,1480.2993307799056,
SalamaFreq,loo,law,11,1.5 wt% GO,1.5,0.3,2.0,2225.4,1760.9711990054002,
SalamaFreq,loo,law,12,1.5 wt% GO,1.5,0.3,3.0,2390.3,1969.1366323273378,
SalamaFreq,loo,law,13,1.5 wt% GO,1.5,0.3,4.0,2445.1,2166.730280135318,
SalamaFreq,loo,law,14,1.5 wt% GO,1.5,0.3,5.0,2594.3,2206.6060103479035,
SalamaFreq,loo,law,15,2 wt% GO,2.0,0.3,1.0,1293.7,1654.98520349173,
SalamaFreq,loo,law,16,2 wt% GO,2.0,0.3,2.0,1788.0,1812.0799198040463,
SalamaFreq,loo,law,17,2 wt% GO,2.0,0.3,3.0,2050.4,2026.2152143583298,
SalamaFreq,loo,law,18,2 wt% GO,2.0,0.3,4.0,2329.9,2190.7632518277433,
SalamaFreq,loo,law,19,2 wt% GO,2.0,0.3,5.0,2338.5,2298.539919000525,
SalamaFreq,loo,law,20,2.5 wt% GO,2.5,0.3,1.0,1429.3,1303.9418740693027,
SalamaFreq,loo,law,21,2.5 wt% GO,2.5,0.3,2.0,1487.8,1515.4370507060114,
SalamaFreq,loo,law,22,2.5 wt% GO,2.5,0.3,3.0,1575.8,1711.1474954315754,
SalamaFreq,loo,law,23,2.5 wt% GO,2.5,0.3,4.0,1701.6,1862.9316285468406,
SalamaFreq,loo,law,24,2.5 wt% GO,2.5,0.3,5.0,1882.0,1941.415959382435,
SalamaFreq,loo,law,25,3 wt% GO,3.0,0.3,1.0,687.9,819.334948428105,
SalamaFreq,loo,law,26,3 wt% GO,3.0,0.3,2.0,916.5,917.0568251235053,
SalamaFreq,loo,law,27,3 wt% GO,3.0,0.3,3.0,977.8,1038.4419952956055,
SalamaFreq,loo,law,28,3 wt% GO,3.0,0.3,4.0,1170.1,1105.7603255541121,
SalamaFreq,loo,law,29,3 wt% GO,3.0,0.3,5.0,1199.6,1159.7689245802796,
SalamaFreq,loo,gp_r4,0,0.5 wt% GO,0.5,0.3,1.0,518.0,571.5518020188274,110.63453817447753
SalamaFreq,loo,gp_r4,1,0.5 wt% GO,0.5,0.3,2.0,672.8,698.0791465295935,62.35448567601019
SalamaFreq,loo,gp_r4,2,0.5 wt% GO,0.5,0.3,3.0,879.9,836.2893523774918,63.71748656711057
SalamaFreq,loo,gp_r4,3,0.5 wt% GO,0.5,0.3,4.0,1001.2,984.2550307051092,63.14491836417046
SalamaFreq,loo,gp_r4,4,0.5 wt% GO,0.5,0.3,5.0,1068.4,1143.4178126709198,108.73431677478676
SalamaFreq,loo,gp_r4,5,1 wt% GO,1.0,0.3,1.0,1216.6,1240.0270118108563,107.0538065235353
SalamaFreq,loo,gp_r4,6,1 wt% GO,1.0,0.3,2.0,1327.5,1326.3867173365295,62.98965758869147
SalamaFreq,loo,gp_r4,7,1 wt% GO,1.0,0.3,3.0,1450.2,1403.2556823625669,61.27131035664221
SalamaFreq,loo,gp_r4,8,1 wt% GO,1.0,0.3,4.0,1482.2,1560.011764849195,58.54353570627055
SalamaFreq,loo,gp_r4,9,1 wt% GO,1.0,0.3,5.0,1652.5,1540.9046349096518,103.57350812789149
SalamaFreq,loo,gp_r4,10,1.5 wt% GO,1.5,0.3,1.0,1979.4,2029.8913221766854,106.00351561485385
SalamaFreq,loo,gp_r4,11,1.5 wt% GO,1.5,0.3,2.0,2225.4,2193.689995068602,62.73961266524765
SalamaFreq,loo,gp_r4,12,1.5 wt% GO,1.5,0.3,3.0,2390.3,2358.4891673779093,62.723087695059085
SalamaFreq,loo,gp_r4,13,1.5 wt% GO,1.5,0.3,4.0,2445.1,2525.0690738065514,58.425591426117144
SalamaFreq,loo,gp_r4,14,1.5 wt% GO,1.5,0.3,5.0,2594.3,2446.580282672012,102.92983585271624
SalamaFreq,loo,gp_r4,15,2 wt% GO,2.0,0.3,1.0,1293.7,1655.535421563118,88.20318798494539
SalamaFreq,loo,gp_r4,16,2 wt% GO,2.0,0.3,2.0,1788.0,1689.1970578871599,55.912035586742924
SalamaFreq,loo,gp_r4,17,2 wt% GO,2.0,0.3,3.0,2050.4,2118.5820632678897,55.399873290183486
SalamaFreq,loo,gp_r4,18,2 wt% GO,2.0,0.3,4.0,2329.9,2246.692665212364,58.44727300387168
SalamaFreq,loo,gp_r4,19,2 wt% GO,2.0,0.3,5.0,2338.5,2528.7034953166612,96.5339507922204
SalamaFreq,loo,gp_r4,20,2.5 wt% GO,2.5,0.3,1.0,1429.3,1264.4737918161518,103.19219518685995
SalamaFreq,loo,gp_r4,21,2.5 wt% GO,2.5,0.3,2.0,1487.8,1496.2910356946666,62.961214565551565
SalamaFreq,loo,gp_r4,22,2.5 wt% GO,2.5,0.3,3.0,1575.8,1604.5713240741136,64.51497352137149
SalamaFreq,loo,gp_r4,23,2.5 wt% GO,2.5,0.3,4.0,1701.6,1733.8549205242152,62.7530343125029
SalamaFreq,loo,gp_r4,24,2.5 wt% GO,2.5,0.3,5.0,1882.0,1760.4858824996536,104.1681143078683
SalamaFreq,loo,gp_r4,25,3 wt% GO,3.0,0.3,1.0,687.9,882.0758579822808,104.6917521197732
SalamaFreq,loo,gp_r4,26,3 wt% GO,3.0,0.3,2.0,916.5,825.9883799323773,56.282976895478924
SalamaFreq,loo,gp_r4,27,3 wt% GO,3.0,0.3,3.0,977.8,1062.6951735816328,54.094641636450525
SalamaFreq,loo,gp_r4,28,3 wt% GO,3.0,0.3,4.0,1170.1,1101.8428420120752,59.12116154939617
SalamaFreq,loo,gp_r4,29,3 wt% GO,3.0,0.3,5.0,1199.6,1309.0196639890844,107.25023648031835
SalamaFreq,loo,lawgp_r4,0,0.5 wt% GO,0.5,0.3,1.0,518.0,574.2405463400436,90.31861471818443
SalamaFreq,loo,lawgp_r4,1,0.5 wt% GO,0.5,0.3,2.0,672.8,699.1277461994937,62.48293789453638
SalamaFreq,loo,lawgp_r4,2,0.5 wt% GO,0.5,0.3,3.0,879.9,846.5347771614956,62.83828743719768
SalamaFreq,loo,lawgp_r4,3,0.5 wt% GO,0.5,0.3,4.0,1001.2,998.4634873944727,62.718563810916514
SalamaFreq,loo,lawgp_r4,4,0.5 wt% GO,0.5,0.3,5.0,1068.4,1092.746816025215,89.98265599173465
SalamaFreq,loo,lawgp_r4,5,1 wt% GO,1.0,0.3,1.0,1216.6,1205.0875203799735,90.12551022539172
SalamaFreq,loo,lawgp_r4,6,1 wt% GO,1.0,0.3,2.0,1327.5,1330.7686811208669,62.80194211852393
SalamaFreq,loo,lawgp_r4,7,1 wt% GO,1.0,0.3,3.0,1450.2,1417.5318608041678,62.844158427845045
SalamaFreq,loo,lawgp_r4,8,1 wt% GO,1.0,0.3,4.0,1482.2,1584.0381732659123,59.264357563122864
SalamaFreq,loo,lawgp_r4,9,1 wt% GO,1.0,0.3,5.0,1652.5,1620.0640692788222,90.2413964828704
SalamaFreq,loo,lawgp_r4,10,1.5 wt% GO,1.5,0.3,1.0,1979.4,1898.665412410448,97.64716229089423
SalamaFreq,loo,lawgp_r4,11,1.5 wt% GO,1.5,0.3,2.0,2225.4,2187.36665009005,61.874227600645526
SalamaFreq,loo,lawgp_r4,12,1.5 wt% GO,1.5,0.3,3.0,2390.3,2348.141820683845,61.627136110549706
SalamaFreq,loo,lawgp_r4,13,1.5 wt% GO,1.5,0.3,4.0,2445.1,2524.6743931656033,57.59491094700526
SalamaFreq,loo,lawgp_r4,14,1.5 wt% GO,1.5,0.3,5.0,2594.3,2391.212528194921,88.71690068133842
SalamaFreq,loo,lawgp_r4,15,2 wt% GO,2.0,0.3,1.0,1293.7,1581.0364708515597,75.33964927459486
SalamaFreq,loo,lawgp_r4,16,2 wt% GO,2.0,0.3,2.0,1788.0,1676.8006482525418,53.759540956673405
SalamaFreq,loo,lawgp_r4,17,2 wt% GO,2.0,0.3,3.0,2050.4,2114.7605454824425,56.42634135851809
SalamaFreq,loo,lawgp_r4,18,2 wt% GO,2.0,0.3,4.0,2329.9,2251.8053608915375,59.12281549437346
SalamaFreq,loo,lawgp_r4,19,2 wt% GO,2.0,0.3,5.0,2338.5,2436.4664125461936,87.5730839814205
SalamaFreq,loo,lawgp_r4,20,2.5 wt% GO,2.5,0.3,1.0,1429.3,1302.9469711111897,88.42033038538054
SalamaFreq,loo,lawgp_r4,21,2.5 wt% GO,2.5,0.3,2.0,1487.8,1498.145979252047,62.52453834291478
SalamaFreq,loo,lawgp_r4,22,2.5 wt% GO,2.5,0.3,3.0,1575.8,1618.372661112172,64.71207021517739
SalamaFreq,loo,lawgp_r4,23,2.5 wt% GO,2.5,0.3,4.0,1701.6,1753.653021045194,62.55547578338902
SalamaFreq,loo,lawgp_r4,24,2.5 wt% GO,2.5,0.3,5.0,1882.0,1786.4876899010874,87.4249866981266
SalamaFreq,loo,lawgp_r4,25,3 wt% GO,3.0,0.3,1.0,687.9,798.6372477154979,87.33428489048936
SalamaFreq,loo,lawgp_r4,26,3 wt% GO,3.0,0.3,2.0,916.5,830.6702500100417,56.606338969957136
SalamaFreq,loo,lawgp_r4,27,3 wt% GO,3.0,0.3,3.0,977.8,1064.8725166079025,55.956558236143096
SalamaFreq,loo,lawgp_r4,28,3 wt% GO,3.0,0.3,4.0,1170.1,1114.9955593939765,60.01779531758741
SalamaFreq,loo,lawgp_r4,29,3 wt% GO,3.0,0.3,5.0,1199.6,1221.308009362907,90.2342624138593
SalamaFreq,composition,gp,0,0.5 wt% GO,0.5,0.3,1.0,518.0,1297.5480707062568,595.6128099885525
SalamaFreq,composition,gp,1,0.5 wt% GO,0.5,0.3,2.0,672.8,1322.0197880472467,593.4077801033338
SalamaFreq,composition,gp,2,0.5 wt% GO,0.5,0.3,3.0,879.9,1356.6433669472717,592.7613839747357
SalamaFreq,composition,gp,3,0.5 wt% GO,0.5,0.3,4.0,1001.2,1399.1810942342463,593.4077801033338
SalamaFreq,composition,gp,4,0.5 wt% GO,0.5,0.3,5.0,1068.4,1446.7892466993715,595.6128099885525
SalamaFreq,composition,gp,5,1 wt% GO,1.0,0.3,1.0,1216.6,1394.2765913708445,548.0564961630486
SalamaFreq,composition,gp,6,1 wt% GO,1.0,0.3,2.0,1327.5,1501.3822180770198,544.7751349025873
SalamaFreq,composition,gp,7,1 wt% GO,1.0,0.3,3.0,1450.2,1603.8514187304306,543.8885036823257
SalamaFreq,composition,gp,8,1 wt% GO,1.0,0.3,4.0,1482.2,1692.6548215375462,544.7751349025873
SalamaFreq,composition,gp,9,1 wt% GO,1.0,0.3,5.0,1652.5,1761.9501609644353,548.0564961630485
SalamaFreq,composition,gp,10,1.5 wt% GO,1.5,0.3,1.0,1979.4,1399.5356348816085,424.4086907172592
SalamaFreq,composition,gp,11,1.5 wt% GO,1.5,0.3,2.0,2225.4,1578.2751461745615,420.411004367322
SalamaFreq,composition,gp,12,1.5 wt% GO,1.5,0.3,3.0,2390.3,1742.1455362742972,419.3982534053382
SalamaFreq,composition,gp,13,1.5 wt% GO,1.5,0.3,4.0,2445.1,1871.3891287866268,420.411004367322
SalamaFreq,composition,gp,14,1.5 wt% GO,1.5,0.3,5.0,2594.3,1955.3604138291294,424.4086907172592
SalamaFreq,composition,gp,15,2 wt% GO,2.0,0.3,1.0,1293.7,2064.174948470173,192.63443020713646
SalamaFreq,composition,gp,16,2 wt% GO,2.0,0.3,2.0,1788.0,2207.2748902248477,188.1652780366966
SalamaFreq,composition,gp,17,2 wt% GO,2.0,0.3,3.0,2050.4,2343.6865618769098,187.03012052666344
SalamaFreq,composition,gp,18,2 wt% GO,2.0,0.3,4.0,2329.9,2469.6434057623546,188.1652780366951
SalamaFreq,composition,gp,19,2 wt% GO,2.0,0.3,5.0,2338.5,2581.6241035283565,192.6344302071361
SalamaFreq,composition,gp,20,2.5 wt% GO,2.5,0.3,1.0,1429.3,746.089786112122,296.07655876055907
SalamaFreq,composition,gp,21,2.5 wt% GO,2.5,0.3,2.0,1487.8,1026.4143402328123,291.42386916127606
SalamaFreq,composition,gp,22,2.5 wt% GO,2.5,0.3,3.0,1575.8,1276.7285330244508,290.6170363754753
SalamaFreq,composition,gp,23,2.5 wt% GO,2.5,0.3,4.0,1701.6,1468.145128964914,291.42386916127634
SalamaFreq,composition,gp,24,2.5 wt% GO,2.5,0.3,5.0,1882.0,1590.802887765711,296.07655876055964
SalamaFreq,composition,gp,25,3 wt% GO,3.0,0.3,1.0,687.9,1637.4202000676626,528.5968152362334
SalamaFreq,composition,gp,26,3 wt% GO,3.0,0.3,2.0,916.5,1645.3193682070191,524.7181777043811
SalamaFreq,composition,gp,27,3 wt% GO,3.0,0.3,3.0,977.8,1665.2194937060485,523.6726876383209
SalamaFreq,composition,gp,28,3 wt% GO,3.0,0.3,4.0,1170.1,1700.250943082864,524.7181777043811
SalamaFreq,composition,gp,29,3 wt% GO,3.0,0.3,5.0,1199.6,1746.6922717125308,528.5968152362334
SalamaFreq,composition,lawgp,0,0.5 wt% GO,0.5,0.3,1.0,518.0,805.1976255733242,208.52371629801505
SalamaFreq,composition,lawgp,1,0.5 wt% GO,0.5,0.3,2.0,672.8,915.9203825545108,208.52371629801505
SalamaFreq,composition,lawgp,2,0.5 wt% GO,0.5,0.3,3.0,879.9,1021.5046387111483,208.52371629801505
SalamaFreq,composition,lawgp,3,0.5 wt% GO,0.5,0.3,4.0,1001.2,1107.2566273807338,208.52371629801505
SalamaFreq,composition,lawgp,4,0.5 wt% GO,0.5,0.3,5.0,1068.4,1157.1579602350348,208.52371629801505
SalamaFreq,composition,lawgp,5,1 wt% GO,1.0,0.3,1.0,1216.6,1344.0531246716703,193.92856204149433
SalamaFreq,composition,lawgp,6,1 wt% GO,1.0,0.3,2.0,1327.5,1558.5993349655037,193.92856204149433
SalamaFreq,composition,lawgp,7,1 wt% GO,1.0,0.3,3.0,1450.2,1764.2441502515753,193.92856204149433
SalamaFreq,composition,lawgp,8,1 wt% GO,1.0,0.3,4.0,1482.2,1925.2881339305613,193.92856204149433
SalamaFreq,composition,lawgp,9,1 wt% GO,1.0,0.3,5.0,1652.5,2003.189346843526,193.92856204149433
SalamaFreq,composition,lawgp,10,1.5 wt% GO,1.5,0.3,1.0,1979.4,1386.9147843804328,121.51681378860442
SalamaFreq,composition,lawgp,11,1.5 wt% GO,1.5,0.3,2.0,2225.4,1619.9827388148378,121.51681378860442
SalamaFreq,composition,lawgp,12,1.5 wt% GO,1.5,0.3,3.0,2390.3,1850.8852085056342,121.51681378860442
SalamaFreq,composition,lawgp,13,1.5 wt% GO,1.5,0.3,4.0,2445.1,2041.536054783567,121.51681378860442
SalamaFreq,composition,lawgp,14,1.5 wt% GO,1.5,0.3,5.0,2594.3,2146.7805250639144,121.51681378860442
SalamaFreq,composition,lawgp,15,2 wt% GO,2.0,0.3,1.0,1293.7,1638.7195764525845,197.5793757069206
SalamaFreq,composition,lawgp,16,2 wt% GO,2.0,0.3,2.0,1788.0,1812.0395165536565,197.5793757069206
SalamaFreq,composition,lawgp,17,2 wt% GO,2.0,0.3,3.0,2050.4,1983.1455843935685,197.5793757069206
SalamaFreq,composition,lawgp,18,2 wt% GO,2.0,0.3,4.0,2329.9,2139.939737641564,197.5793757069206
SalamaFreq,composition,lawgp,19,2 wt% GO,2.0,0.3,5.0,2338.5,2267.7839226357783,197.5793757069206
SalamaFreq,composition,lawgp,20,2.5 wt% GO,2.5,0.3,1.0,1429.3,1279.589097771527,217.59352918848217
SalamaFreq,composition,lawgp,21,2.5 wt% GO,2.5,0.3,2.0,1487.8,1497.1104040087998,217.59352918848217
SalamaFreq,composition,lawgp,22,2.5 wt% GO,2.5,0.3,3.0,1575.8,1704.1079334192505,217.59352918848217
SalamaFreq,composition,lawgp,23,2.5 wt% GO,2.5,0.3,4.0,1701.6,1859.924733976576,217.59352918848217
SalamaFreq,composition,lawgp,24,2.5 wt% GO,2.5,0.3,5.0,1882.0,1922.3113616080996,217.59352918848217
SalamaFreq,composition,lawgp,25,3 wt% GO,3.0,0.3,1.0,687.9,804.911207517328,224.13274570376365
SalamaFreq,composition,lawgp,26,3 wt% GO,3.0,0.3,2.0,916.5,920.4770068404345,224.1327457037634
SalamaFreq,composition,lawgp,27,3 wt% GO,3.0,0.3,3.0,977.8,1031.2033134834357,224.1327457037633
SalamaFreq,composition,lawgp,28,3 wt% GO,3.0,0.3,4.0,1170.1,1121.3913032288299,224.1327457037634
SalamaFreq,composition,lawgp,29,3 wt% GO,3.0,0.3,5.0,1199.6,1173.7415553759924,224.13274570376365
SalamaFreq,composition,law,0,0.5 wt% GO,0.5,0.3,1.0,518.0,815.2087043334415,
SalamaFreq,composition,law,1,0.5 wt% GO,0.5,0.3,2.0,672.8,925.931461314628,
SalamaFreq,composition,law,2,0.5 wt% GO,0.5,0.3,3.0,879.9,1031.5157174712656,
SalamaFreq,composition,law,3,0.5 wt% GO,0.5,0.3,4.0,1001.2,1117.267706140851,
SalamaFreq,composition,law,4,0.5 wt% GO,0.5,0.3,5.0,1068.4,1167.169038995152,
SalamaFreq,composition,law,5,1 wt% GO,1.0,0.3,1.0,1216.6,1365.0799156613482,
SalamaFreq,composition,law,6,1 wt% GO,1.0,0.3,2.0,1327.5,1579.6261259551816,
SalamaFreq,composition,law,7,1 wt% GO,1.0,0.3,3.0,1450.2,1785.2709412412532,
SalamaFreq,composition,law,8,1 wt% GO,1.0,0.3,4.0,1482.2,1946.3149249202393,
SalamaFreq,composition,law,9,1 wt% GO,1.0,0.3,5.0,1652.5,2024.216137833204,
SalamaFreq,composition,law,10,1.5 wt% GO,1.5,0.3,1.0,1979.4,1401.0488029901885,
SalamaFreq,composition,law,11,1.5 wt% GO,1.5,0.3,2.0,2225.4,1634.1167574245935,
SalamaFreq,composition,law,12,1.5 wt% GO,1.5,0.3,3.0,2390.3,1865.0192271153899,
SalamaFreq,composition,law,13,1.5 wt% GO,1.5,0.3,4.0,2445.1,2055.6700733933226,
SalamaFreq,composition,law,14,1.5 wt% GO,1.5,0.3,5.0,2594.3,2160.91454367367,
SalamaFreq,composition,law,15,2 wt% GO,2.0,0.3,1.0,1293.7,1667.0314965765942,
SalamaFreq,composition,law,16,2 wt% GO,2.0,0.3,2.0,1788.0,1840.3514366776662,
SalamaFreq,composition,law,17,2 wt% GO,2.0,0.3,3.0,2050.4,2011.4575045175782,
SalamaFreq,composition,law,18,2 wt% GO,2.0,0.3,4.0,2329.9,2168.251657765574,
SalamaFreq,composition,law,19,2 wt% GO,2.0,0.3,5.0,2338.5,2296.095842759788,
SalamaFreq,composition,law,20,2.5 wt% GO,2.5,0.3,1.0,1429.3,1308.0799928750075,
SalamaFreq,composition,law,21,2.5 wt% GO,2.5,0.3,2.0,1487.8,1525.6012991122805,
SalamaFreq,composition,law,22,2.5 wt% GO,2.5,0.3,3.0,1575.8,1732.598828522731,
SalamaFreq,composition,law,23,2.5 wt% GO,2.5,0.3,4.0,1701.6,1888.4156290800565,
SalamaFreq,composition,law,24,2.5 wt% GO,2.5,0.3,5.0,1882.0,1950.8022567115802,
SalamaFreq,composition,law,25,3 wt% GO,3.0,0.3,1.0,687.9,830.1744031474932,
SalamaFreq,composition,law,26,3 wt% GO,3.0,0.3,2.0,916.5,945.7402040652879,
SalamaFreq,composition,law,27,3 wt% GO,3.0,0.3,3.0,977.8,1056.4665123861294,
SalamaFreq,composition,law,28,3 wt% GO,3.0,0.3,4.0,1170.1,1146.6545037780286,
SalamaFreq,composition,law,29,3 wt% GO,3.0,0.3,5.0,1199.6,1199.004757448184,
SalamaFreq,composition,gp_r4,0,0.5 wt% GO,0.5,0.3,1.0,518.0,1297.5484511207997,595.6128709024949
SalamaFreq,composition,gp_r4,1,0.5 wt% GO,0.5,0.3,2.0,672.8,1322.02015625368,593.407844285208
SalamaFreq,composition,gp_r4,2,0.5 wt% GO,0.5,0.3,3.0,879.9,1356.6437156951338,592.7614491430465
SalamaFreq,composition,gp_r4,3,0.5 wt% GO,0.5,0.3,4.0,1001.2,1399.1814173200162,593.407844285208
SalamaFreq,composition,gp_r4,4,0.5 wt% GO,0.5,0.3,5.0,1068.4,1446.7895395651285,595.6128709024949
SalamaFreq,composition,gp_r4,5,1 wt% GO,1.0,0.3,1.0,1216.6,1394.2765913708445,548.0564961630486
SalamaFreq,composition,gp_r4,6,1 wt% GO,1.0,0.3,2.0,1327.5,1501.3822180770198,544.7751349025873
SalamaFreq,composition,gp_r4,7,1 wt% GO,1.0,0.3,3.0,1450.2,1603.8514187304306,543.8885036823257
SalamaFreq,composition,gp_r4,8,1 wt% GO,1.0,0.3,4.0,1482.2,1692.6548215375462,544.7751349025873
SalamaFreq,composition,gp_r4,9,1 wt% GO,1.0,0.3,5.0,1652.5,1761.9501609644353,548.0564961630485
SalamaFreq,composition,gp_r4,10,1.5 wt% GO,1.5,0.3,1.0,1979.4,1399.5356525752177,424.4079576265181
SalamaFreq,composition,gp_r4,11,1.5 wt% GO,1.5,0.3,2.0,2225.4,1578.2756013759108,420.41025838305353
SalamaFreq,composition,gp_r4,12,1.5 wt% GO,1.5,0.3,3.0,2390.3,1742.1463688554427,419.3975054756204
SalamaFreq,composition,gp_r4,13,1.5 wt% GO,1.5,0.3,4.0,2445.1,1871.3902197318496,420.41025838305364
SalamaFreq,composition,gp_r4,14,1.5 wt% GO,1.5,0.3,5.0,2594.3,1955.3616277921371,424.40795762651817
SalamaFreq,composition,gp_r4,15,2 wt% GO,2.0,0.3,1.0,1293.7,2064.174948470173,192.63443020713646
SalamaFreq,composition,gp_r4,16,2 wt% GO,2.0,0.3,2.0,1788.0,2207.2748902248477,188.1652780366966
SalamaFreq,composition,gp_r4,17,2 wt% GO,2.0,0.3,3.0,2050.4,2343.6865618769098,187.03012052666344
SalamaFreq,composition,gp_r4,18,2 wt% GO,2.0,0.3,4.0,2329.9,2469.6434057623546,188.1652780366951
SalamaFreq,composition,gp_r4,19,2 wt% GO,2.0,0.3,5.0,2338.5,2581.6241035283565,192.6344302071361
SalamaFreq,composition,gp_r4,20,2.5 wt% GO,2.5,0.3,1.0,1429.3,746.089786112122,296.07655876055907
SalamaFreq,composition,gp_r4,21,2.5 wt% GO,2.5,0.3,2.0,1487.8,1026.4143402328123,291.42386916127606
SalamaFreq,composition,gp_r4,22,2.5 wt% GO,2.5,0.3,3.0,1575.8,1276.7285330244508,290.6170363754753
SalamaFreq,composition,gp_r4,23,2.5 wt% GO,2.5,0.3,4.0,1701.6,1468.145128964914,291.42386916127634
SalamaFreq,composition,gp_r4,24,2.5 wt% GO,2.5,0.3,5.0,1882.0,1590.802887765711,296.07655876055964
SalamaFreq,composition,gp_r4,25,3 wt% GO,3.0,0.3,1.0,687.9,1637.4203926424213,528.5968463439914
SalamaFreq,composition,gp_r4,26,3 wt% GO,3.0,0.3,2.0,916.5,1645.319514234599,524.7181989206953
SalamaFreq,composition,gp_r4,27,3 wt% GO,3.0,0.3,3.0,977.8,1665.219609567347,523.6727064366711
SalamaFreq,composition,gp_r4,28,3 wt% GO,3.0,0.3,4.0,1170.1,1700.2510678902975,524.7181989206953
SalamaFreq,composition,gp_r4,29,3 wt% GO,3.0,0.3,5.0,1199.6,1746.6924447506249,528.5968463439916
SalamaFreq,composition,lawgp_r4,0,0.5 wt% GO,0.5,0.3,1.0,518.0,805.1976255733242,208.52371629801505
SalamaFreq,composition,lawgp_r4,1,0.5 wt% GO,0.5,0.3,2.0,672.8,915.9203825545108,208.52371629801505
SalamaFreq,composition,lawgp_r4,2,0.5 wt% GO,0.5,0.3,3.0,879.9,1021.5046387111483,208.52371629801505
SalamaFreq,composition,lawgp_r4,3,0.5 wt% GO,0.5,0.3,4.0,1001.2,1107.2566273807338,208.52371629801505
SalamaFreq,composition,lawgp_r4,4,0.5 wt% GO,0.5,0.3,5.0,1068.4,1157.1579602350348,208.52371629801505
SalamaFreq,composition,lawgp_r4,5,1 wt% GO,1.0,0.3,1.0,1216.6,1344.0531246716703,193.92844935941434
SalamaFreq,composition,lawgp_r4,6,1 wt% GO,1.0,0.3,2.0,1327.5,1558.5993349655037,193.92844935941434
SalamaFreq,composition,lawgp_r4,7,1 wt% GO,1.0,0.3,3.0,1450.2,1764.2441502515753,193.92844935941434
SalamaFreq,composition,lawgp_r4,8,1 wt% GO,1.0,0.3,4.0,1482.2,1925.2881339305613,193.92844935941434
SalamaFreq,composition,lawgp_r4,9,1 wt% GO,1.0,0.3,5.0,1652.5,2003.189346843526,193.92844935941434
SalamaFreq,composition,lawgp_r4,10,1.5 wt% GO,1.5,0.3,1.0,1979.4,1386.9147843804328,121.51681378860442
SalamaFreq,composition,lawgp_r4,11,1.5 wt% GO,1.5,0.3,2.0,2225.4,1619.9827388148378,121.51681378860442
SalamaFreq,composition,lawgp_r4,12,1.5 wt% GO,1.5,0.3,3.0,2390.3,1850.8852085056342,121.51681378860442
SalamaFreq,composition,lawgp_r4,13,1.5 wt% GO,1.5,0.3,4.0,2445.1,2041.536054783567,121.51681378860442
SalamaFreq,composition,lawgp_r4,14,1.5 wt% GO,1.5,0.3,5.0,2594.3,2146.7805250639144,121.51681378860442
SalamaFreq,composition,lawgp_r4,15,2 wt% GO,2.0,0.3,1.0,1293.7,1638.7195764525845,197.5793757069206
SalamaFreq,composition,lawgp_r4,16,2 wt% GO,2.0,0.3,2.0,1788.0,1812.0395165536565,197.5793757069206
SalamaFreq,composition,lawgp_r4,17,2 wt% GO,2.0,0.3,3.0,2050.4,1983.1455843935685,197.5793757069206
SalamaFreq,composition,lawgp_r4,18,2 wt% GO,2.0,0.3,4.0,2329.9,2139.939737641564,197.5793757069206
SalamaFreq,composition,lawgp_r4,19,2 wt% GO,2.0,0.3,5.0,2338.5,2267.7839226357783,197.5793757069206
SalamaFreq,composition,lawgp_r4,20,2.5 wt% GO,2.5,0.3,1.0,1429.3,1279.589097771527,217.59367592580486
SalamaFreq,composition,lawgp_r4,21,2.5 wt% GO,2.5,0.3,2.0,1487.8,1497.1104040087998,217.59367592580486
SalamaFreq,composition,lawgp_r4,22,2.5 wt% GO,2.5,0.3,3.0,1575.8,1704.1079334192505,217.59367592580486
SalamaFreq,composition,lawgp_r4,23,2.5 wt% GO,2.5,0.3,4.0,1701.6,1859.924733976576,217.59367592580486
SalamaFreq,composition,lawgp_r4,24,2.5 wt% GO,2.5,0.3,5.0,1882.0,1922.3113616080996,217.59367592580486
SalamaFreq,composition,lawgp_r4,25,3 wt% GO,3.0,0.3,1.0,687.9,804.9111903849587,224.12214014809675
SalamaFreq,composition,lawgp_r4,26,3 wt% GO,3.0,0.3,2.0,916.5,920.4769913027534,224.12214014809675
SalamaFreq,composition,lawgp_r4,27,3 wt% GO,3.0,0.3,3.0,977.8,1031.2032996235948,224.12214014809675
SalamaFreq,composition,lawgp_r4,28,3 wt% GO,3.0,0.3,4.0,1170.1,1121.391291015494,224.12214014809675
SalamaFreq,composition,lawgp_r4,29,3 wt% GO,3.0,0.3,5.0,1199.6,1173.7415446856494,224.12214014809675
SalamaFreq,frequency,gp,0,0.5 wt% GO,0.5,0.3,1.0,518.0,610.8565126051363,92.31921517250694
SalamaFreq,frequency,gp,1,0.5 wt% GO,0.5,0.3,2.0,672.8,695.8351825321597,62.20337496461766
SalamaFreq,frequency,gp,2,0.5 wt% GO,0.5,0.3,3.0,879.9,859.4215598613482,22.07436591168715
SalamaFreq,frequency,gp,3,0.5 wt% GO,0.5,0.3,4.0,1001.2,988.0921014490989,58.645093031583755
SalamaFreq,frequency,gp,4,0.5 wt% GO,0.5,0.3,5.0,1068.4,1122.6709066949916,102.00890728962064
SalamaFreq,frequency,gp,5,1 wt% GO,1.0,0.3,1.0,1216.6,1233.3973795532315,89.56447036732192
SalamaFreq,frequency,gp,6,1 wt% GO,1.0,0.3,2.0,1327.5,1329.3358333344856,62.135870531552975
SalamaFreq,frequency,gp,7,1 wt% GO,1.0,0.3,3.0,1450.2,1392.2115486912521,22.036994429493685
SalamaFreq,frequency,gp,8,1 wt% GO,1.0,0.3,4.0,1482.2,1561.6739695918868,58.5813851700241
SalamaFreq,frequency,gp,9,1 wt% GO,1.0,0.3,5.0,1652.5,1525.802461083912,100.26557528472722
SalamaFreq,frequency,gp,10,1.5 wt% GO,1.5,0.3,1.0,1979.4,2064.8885179482727,89.40948226049206
SalamaFreq,frequency,gp,11,1.5 wt% GO,1.5,0.3,2.0,2225.4,2195.8141068558607,62.13565239439576
SalamaFreq,frequency,gp,12,1.5 wt% GO,1.5,0.3,3.0,2390.3,2348.8478322245765,22.03578325869191
SalamaFreq,frequency,gp,13,1.5 wt% GO,1.5,0.3,4.0,2445.1,2525.2433289654205,58.58119706170272
SalamaFreq,frequency,gp,14,1.5 wt% GO,1.5,0.3,5.0,2594.3,2456.587398383207,100.21252985022925
SalamaFreq,frequency,gp,15,2 wt% GO,2.0,0.3,1.0,1293.7,1667.8231757986975,89.4094822604936
SalamaFreq,frequency,gp,16,2 wt% GO,2.0,0.3,2.0,1788.0,1685.6053510058935,62.13565239439636
SalamaFreq,frequency,gp,17,2 wt% GO,2.0,0.3,3.0,2050.4,2162.3398642174616,22.035783258688568
SalamaFreq,frequency,gp,18,2 wt% GO,2.0,0.3,4.0,2329.9,2249.3882070330224,58.58119706170272
SalamaFreq,frequency,gp,19,2 wt% GO,2.0,0.3,5.0,2338.5,2474.5104011842773,100.21252985023027
SalamaFreq,frequency,gp,20,2.5 wt% GO,2.5,0.3,1.0,1429.3,1322.4207644194908,89.56447036732038
SalamaFreq,frequency,gp,21,2.5 wt% GO,2.5,0.3,2.0,1487.8,1490.2149908672372,62.13587053155416
SalamaFreq,frequency,gp,22,2.5 wt% GO,2.5,0.3,3.0,1575.8,1563.4893941513637,22.036994429490342
SalamaFreq,frequency,gp,23,2.5 wt% GO,2.5,0.3,4.0,1701.6,1729.8089121102016,58.5813851700241
SalamaFreq,frequency,gp,24,2.5 wt% GO,2.5,0.3,5.0,1882.0,1799.5257653130498,100.26557528472756
SalamaFreq,frequency,gp,25,3 wt% GO,3.0,0.3,1.0,687.9,837.5543410388804,92.31921517250694
SalamaFreq,frequency,gp,26,3 wt% GO,3.0,0.3,2.0,916.5,823.7464506611092,62.20337496461944
SalamaFreq,frequency,gp,27,3 wt% GO,3.0,0.3,3.0,977.8,1089.4771494940608,22.074365911683813
SalamaFreq,frequency,gp,28,3 wt% GO,3.0,0.3,4.0,1170.1,1102.6802514449414,58.645093031583144
SalamaFreq,frequency,gp,29,3 wt% GO,3.0,0.3,5.0,1199.6,1292.8810872451827,102.00890728961997
SalamaFreq,frequency,lawgp,0,0.5 wt% GO,0.5,0.3,1.0,518.0,621.1217664696187,72.78012588639147
SalamaFreq,frequency,lawgp,1,0.5 wt% GO,0.5,0.3,2.0,672.8,696.5306913036852,56.84576099151492
SalamaFreq,frequency,lawgp,2,0.5 wt% GO,0.5,0.3,3.0,879.9,856.8081583158341,32.098907384957116
SalamaFreq,frequency,lawgp,3,0.5 wt% GO,0.5,0.3,4.0,1001.2,995.8247124504422,61.699721256775454
SalamaFreq,frequency,lawgp,4,0.5 wt% GO,0.5,0.3,5.0,1068.4,1054.0742737198204,81.9918476382566
SalamaFreq,frequency,lawgp,5,1 wt% GO,1.0,0.3,1.0,1216.6,1174.1674303947289,72.78012588639147
SalamaFreq,frequency,lawgp,6,1 wt% GO,1.0,0.3,2.0,1327.5,1341.5425332871207,56.84576099151492
SalamaFreq,frequency,lawgp,7,1 wt% GO,1.0,0.3,3.0,1450.2,1388.186460739386,32.098907384957116
SalamaFreq,frequency,lawgp,8,1 wt% GO,1.0,0.3,4.0,1482.2,1582.9527450416454,61.699721256775454
SalamaFreq,frequency,lawgp,9,1 wt% GO,1.0,0.3,5.0,1652.5,1497.096545004236,81.9918476382566
SalamaFreq,frequency,lawgp,10,1.5 wt% GO,1.5,0.3,1.0,1979.4,2005.6850185212306,72.78012588639147
SalamaFreq,frequency,lawgp,11,1.5 wt% GO,1.5,0.3,2.0,2225.4,2203.070269028309,56.84576099151492
SalamaFreq,frequency,lawgp,12,1.5 wt% GO,1.5,0.3,3.0,2390.3,2338.852435142385,32.098907384957116
SalamaFreq,frequency,lawgp,13,1.5 wt% GO,1.5,0.3,4.0,2445.1,2540.638561650958,61.699721256775454
SalamaFreq,frequency,lawgp,14,1.5 wt% GO,1.5,0.3,5.0,2594.3,2395.2676249401,81.9918476382566
SalamaFreq,frequency,lawgp,15,2 wt% GO,2.0,0.3,1.0,1293.7,1628.2661886044011,72.78012588639147
SalamaFreq,frequency,lawgp,16,2 wt% GO,2.0,0.3,2.0,1788.0,1673.2638128212607,56.84576099151492
SalamaFreq,frequency,lawgp,17,2 wt% GO,2.0,0.3,3.0,2050.4,2164.5389503187557,32.098907384957116
SalamaFreq,frequency,lawgp,18,2 wt% GO,2.0,0.3,4.0,2329.9,2258.102111108907,61.699721256775454
SalamaFreq,frequency,lawgp,19,2 wt% GO,2.0,0.3,5.0,2338.5,2377.4352871911815,81.9918476382566
SalamaFreq,frequency,lawgp,20,2.5 wt% GO,2.5,0.3,1.0,1429.3,1304.451958887483,72.78012588639147
SalamaFreq,frequency,lawgp,21,2.5 wt% GO,2.5,0.3,2.0,1487.8,1500.8061597780518,56.84576099151492
SalamaFreq,frequency,lawgp,22,2.5 wt% GO,2.5,0.3,3.0,1575.8,1558.2222286469107,32.098907384957116
SalamaFreq,frequency,lawgp,23,2.5 wt% GO,2.5,0.3,4.0,1701.6,1757.967786829723,61.699721256775454
SalamaFreq,frequency,lawgp,24,2.5 wt% GO,2.5,0.3,5.0,1882.0,1706.53584252789,81.9918476382566
SalamaFreq,frequency,lawgp,25,3 wt% GO,3.0,0.3,1.0,687.9,807.7657755749224,72.78012588639147
SalamaFreq,frequency,lawgp,26,3 wt% GO,3.0,0.3,2.0,916.5,825.5481799927086,56.84576099151492
SalamaFreq,frequency,lawgp,27,3 wt% GO,3.0,0.3,3.0,977.8,1085.4012841211645,32.098907384957116
SalamaFreq,frequency,lawgp,28,3 wt% GO,3.0,0.3,4.0,1170.1,1121.246784463342,61.699721256775454
SalamaFreq,frequency,lawgp,29,3 wt% GO,3.0,0.3,5.0,1199.6,1189.421638506571,81.99184763825666
SalamaFreq,frequency,law,0,0.5 wt% GO,0.5,0.3,1.0,518.0,820.6723632925945,
SalamaFreq,frequency,law,1,0.5 wt% GO,0.5,0.3,2.0,672.8,894.0555822940491,
SalamaFreq,frequency,law,2,0.5 wt% GO,0.5,0.3,3.0,879.9,1007.5936561945497,
SalamaFreq,frequency,law,3,0.5 wt% GO,0.5,0.3,4.0,1001.2,1112.906121587879,
SalamaFreq,frequency,law,4,0.5 wt% GO,0.5,0.3,5.0,1068.4,1101.2160637173822,
SalamaFreq,frequency,law,5,1 wt% GO,1.0,0.3,1.0,1216.6,1369.2687486364496,
SalamaFreq,frequency,law,6,1 wt% GO,1.0,0.3,2.0,1327.5,1491.159828376425,
SalamaFreq,frequency,law,7,1 wt% GO,1.0,0.3,3.0,1450.2,1681.673901195941,
SalamaFreq,frequency,law,8,1 wt% GO,1.0,0.3,4.0,1482.2,1854.5927863637746,
SalamaFreq,frequency,law,9,1 wt% GO,1.0,0.3,5.0,1652.5,1835.6326584829749,
SalamaFreq,frequency,law,10,1.5 wt% GO,1.5,0.3,1.0,1979.4,1645.7891560315652,
SalamaFreq,frequency,law,11,1.5 wt% GO,1.5,0.3,2.0,2225.4,1791.3127382471273,
SalamaFreq,frequency,law,12,1.5 wt% GO,1.5,0.3,3.0,2390.3,2022.2407350041735,
SalamaFreq,frequency,law,13,1.5 wt% GO,1.5,0.3,4.0,2445.1,2225.0599943276884,
SalamaFreq,frequency,law,14,1.5 wt% GO,1.5,0.3,5.0,2594.3,2203.2497842967787,
SalamaFreq,frequency,law,15,2 wt% GO,2.0,0.3,1.0,1293.7,1650.2335854779415,
SalamaFreq,frequency,law,16,2 wt% GO,2.0,0.3,2.0,1788.0,1794.5143119061563,
SalamaFreq,frequency,law,17,2 wt% GO,2.0,0.3,3.0,2050.4,2029.2941576192482,
SalamaFreq,frequency,law,18,2 wt% GO,2.0,0.3,4.0,2329.9,2224.3077454796185,
SalamaFreq,frequency,law,19,2 wt% GO,2.0,0.3,5.0,2338.5,2204.067441158792,
SalamaFreq,frequency,law,20,2.5 wt% GO,2.5,0.3,1.0,1429.3,1382.6020369755784,
SalamaFreq,frequency,law,21,2.5 wt% GO,2.5,0.3,2.0,1487.8,1500.7645493535117,
SalamaFreq,frequency,law,22,2.5 wt% GO,2.5,0.3,3.0,1575.8,1702.8341690411642,
SalamaFreq,frequency,law,23,2.5 wt% GO,2.5,0.3,4.0,1701.6,1852.3360398195664,
SalamaFreq,frequency,law,24,2.5 wt% GO,2.5,0.3,5.0,1882.0,1838.0856290690167,
SalamaFreq,frequency,law,25,3 wt% GO,3.0,0.3,1.0,687.9,842.894510524475,
SalamaFreq,frequency,law,26,3 wt% GO,3.0,0.3,2.0,916.5,910.0634505891934,
SalamaFreq,frequency,law,27,3 wt% GO,3.0,0.3,3.0,977.8,1042.8607692699213,
SalamaFreq,frequency,law,28,3 wt% GO,3.0,0.3,4.0,1170.1,1109.144877347532,
SalamaFreq,frequency,law,29,3 wt% GO,3.0,0.3,5.0,1199.6,1105.3043480274528,
SalamaFreq,frequency,gp_r4,0,0.5 wt% GO,0.5,0.3,1.0,518.0,610.8565126051363,92.31921517250694
SalamaFreq,frequency,gp_r4,1,0.5 wt% GO,0.5,0.3,2.0,672.8,695.8351825321597,62.20337496461766
SalamaFreq,frequency,gp_r4,2,0.5 wt% GO,0.5,0.3,3.0,879.9,859.4215598613482,22.07436591168715
SalamaFreq,frequency,gp_r4,3,0.5 wt% GO,0.5,0.3,4.0,1001.2,988.0921014490989,58.645093031583755
SalamaFreq,frequency,gp_r4,4,0.5 wt% GO,0.5,0.3,5.0,1068.4,1122.6709066949916,102.00890728962064
SalamaFreq,frequency,gp_r4,5,1 wt% GO,1.0,0.3,1.0,1216.6,1233.3973795532315,89.56447036732192
SalamaFreq,frequency,gp_r4,6,1 wt% GO,1.0,0.3,2.0,1327.5,1329.3358333344856,62.135870531552975
SalamaFreq,frequency,gp_r4,7,1 wt% GO,1.0,0.3,3.0,1450.2,1392.2115486912521,22.036994429493685
SalamaFreq,frequency,gp_r4,8,1 wt% GO,1.0,0.3,4.0,1482.2,1561.6739695918868,58.5813851700241
SalamaFreq,frequency,gp_r4,9,1 wt% GO,1.0,0.3,5.0,1652.5,1525.802461083912,100.26557528472722
SalamaFreq,frequency,gp_r4,10,1.5 wt% GO,1.5,0.3,1.0,1979.4,2064.8885179482727,89.40948226049206
SalamaFreq,frequency,gp_r4,11,1.5 wt% GO,1.5,0.3,2.0,2225.4,2195.8141068558607,62.13565239439576
SalamaFreq,frequency,gp_r4,12,1.5 wt% GO,1.5,0.3,3.0,2390.3,2348.8478322245765,22.03578325869191
SalamaFreq,frequency,gp_r4,13,1.5 wt% GO,1.5,0.3,4.0,2445.1,2525.2433289654205,58.58119706170272
SalamaFreq,frequency,gp_r4,14,1.5 wt% GO,1.5,0.3,5.0,2594.3,2456.587398383207,100.21252985022925
SalamaFreq,frequency,gp_r4,15,2 wt% GO,2.0,0.3,1.0,1293.7,1667.8231757986975,89.4094822604936
SalamaFreq,frequency,gp_r4,16,2 wt% GO,2.0,0.3,2.0,1788.0,1685.6053510058935,62.13565239439636
SalamaFreq,frequency,gp_r4,17,2 wt% GO,2.0,0.3,3.0,2050.4,2162.3398642174616,22.035783258688568
SalamaFreq,frequency,gp_r4,18,2 wt% GO,2.0,0.3,4.0,2329.9,2249.3882070330224,58.58119706170272
SalamaFreq,frequency,gp_r4,19,2 wt% GO,2.0,0.3,5.0,2338.5,2474.5104011842773,100.21252985023027
SalamaFreq,frequency,gp_r4,20,2.5 wt% GO,2.5,0.3,1.0,1429.3,1322.4207644194908,89.56447036732038
SalamaFreq,frequency,gp_r4,21,2.5 wt% GO,2.5,0.3,2.0,1487.8,1490.2149908672372,62.13587053155416
SalamaFreq,frequency,gp_r4,22,2.5 wt% GO,2.5,0.3,3.0,1575.8,1563.4893941513637,22.036994429490342
SalamaFreq,frequency,gp_r4,23,2.5 wt% GO,2.5,0.3,4.0,1701.6,1729.8089121102016,58.5813851700241
SalamaFreq,frequency,gp_r4,24,2.5 wt% GO,2.5,0.3,5.0,1882.0,1799.5257653130498,100.26557528472756
SalamaFreq,frequency,gp_r4,25,3 wt% GO,3.0,0.3,1.0,687.9,837.5543410388804,92.31921517250694
SalamaFreq,frequency,gp_r4,26,3 wt% GO,3.0,0.3,2.0,916.5,823.7464506611092,62.20337496461944
SalamaFreq,frequency,gp_r4,27,3 wt% GO,3.0,0.3,3.0,977.8,1089.4771494940608,22.074365911683813
SalamaFreq,frequency,gp_r4,28,3 wt% GO,3.0,0.3,4.0,1170.1,1102.6802514449414,58.645093031583144
SalamaFreq,frequency,gp_r4,29,3 wt% GO,3.0,0.3,5.0,1199.6,1292.8810872451827,102.00890728961997
SalamaFreq,frequency,lawgp_r4,0,0.5 wt% GO,0.5,0.3,1.0,518.0,621.1216290372563,72.78013608683086
SalamaFreq,frequency,lawgp_r4,1,0.5 wt% GO,0.5,0.3,2.0,672.8,696.5307142404507,56.845814108563054
SalamaFreq,frequency,lawgp_r4,2,0.5 wt% GO,0.5,0.3,3.0,879.9,856.8081583158341,32.098907384957116
SalamaFreq,frequency,lawgp_r4,3,0.5 wt% GO,0.5,0.3,4.0,1001.2,995.8248579876149,61.69957130339783
SalamaFreq,frequency,lawgp_r4,4,0.5 wt% GO,0.5,0.3,5.0,1068.4,1054.0742737198204,81.9918476382566
SalamaFreq,frequency,lawgp_r4,5,1 wt% GO,1.0,0.3,1.0,1216.6,1174.167528054897,72.78013608683086
SalamaFreq,frequency,lawgp_r4,6,1 wt% GO,1.0,0.3,2.0,1327.5,1341.5423711834005,56.845814108563054
SalamaFreq,frequency,lawgp_r4,7,1 wt% GO,1.0,0.3,3.0,1450.2,1388.186460739386,32.098907384957116
SalamaFreq,frequency,lawgp_r4,8,1 wt% GO,1.0,0.3,4.0,1482.2,1582.9526106749727,61.69957130339783
SalamaFreq,frequency,lawgp_r4,9,1 wt% GO,1.0,0.3,5.0,1652.5,1497.096545004236,81.9918476382566
SalamaFreq,frequency,lawgp_r4,10,1.5 wt% GO,1.5,0.3,1.0,1979.4,2005.6851159618045,72.78013608683086
SalamaFreq,frequency,lawgp_r4,11,1.5 wt% GO,1.5,0.3,2.0,2225.4,2203.0700548269374,56.845814108563054
SalamaFreq,frequency,lawgp_r4,12,1.5 wt% GO,1.5,0.3,3.0,2390.3,2338.852435142385,32.098907384957116
SalamaFreq,frequency,lawgp_r4,13,1.5 wt% GO,1.5,0.3,4.0,2445.1,2540.638479085475,61.69957130339783
SalamaFreq,frequency,lawgp_r4,14,1.5 wt% GO,1.5,0.3,5.0,2594.3,2395.2676249401,81.9918476382566
SalamaFreq,frequency,lawgp_r4,15,2 wt% GO,2.0,0.3,1.0,1293.7,1628.2660723193746,72.78013608683086
SalamaFreq,frequency,lawgp_r4,16,2 wt% GO,2.0,0.3,2.0,1788.0,1673.263950244847,56.845814108563054
SalamaFreq,frequency,lawgp_r4,17,2 wt% GO,2.0,0.3,3.0,2050.4,2164.5389503187557,32.098907384957116
SalamaFreq,frequency,lawgp_r4,18,2 wt% GO,2.0,0.3,4.0,2329.9,2258.1022408092676,61.69957130339783
SalamaFreq,frequency,lawgp_r4,19,2 wt% GO,2.0,0.3,5.0,2338.5,2377.4352871911815,81.9918476382566
SalamaFreq,frequency,lawgp_r4,20,2.5 wt% GO,2.5,0.3,1.0,1429.3,1304.4519943300115,72.78013608683086
SalamaFreq,frequency,lawgp_r4,21,2.5 wt% GO,2.5,0.3,2.0,1487.8,1500.8061074576892,56.845814108563054
SalamaFreq,frequency,lawgp_r4,22,2.5 wt% GO,2.5,0.3,3.0,1575.8,1558.2222286469107,32.098907384957116
SalamaFreq,frequency,lawgp_r4,23,2.5 wt% GO,2.5,0.3,4.0,1701.6,1757.9675834441523,61.69957130339783
SalamaFreq,frequency,lawgp_r4,24,2.5 wt% GO,2.5,0.3,5.0,1882.0,1706.53584252789,81.9918476382566
SalamaFreq,frequency,lawgp_r4,25,3 wt% GO,3.0,0.3,1.0,687.9,807.7657227517303,72.78013608683086
SalamaFreq,frequency,lawgp_r4,26,3 wt% GO,3.0,0.3,2.0,916.5,825.5483131588743,56.845814108563054
SalamaFreq,frequency,lawgp_r4,27,3 wt% GO,3.0,0.3,3.0,977.8,1085.4012841211645,32.098907384957116
SalamaFreq,frequency,lawgp_r4,28,3 wt% GO,3.0,0.3,4.0,1170.1,1121.246735010302,61.69957130339783
SalamaFreq,frequency,lawgp_r4,29,3 wt% GO,3.0,0.3,5.0,1199.6,1189.421638506571,81.99184763825666
Shi,loo,gp,0,PVDF-TrFE,0.0,10.0,0.2,0.1065,0.11359632400501196,0.044461700050631534
Shi,loo,gp,1,PVDF-TrFE,0.0,20.0,0.2,0.2633,0.2623228658488789,0.017728206127988328
Shi,loo,gp,2,PVDF-TrFE,0.0,30.0,0.2,0.3698,0.3647639275760802,0.015059731690953383
Shi,loo,gp,3,PVDF-TrFE,0.0,40.0,0.2,0.432,0.43787546567207647,0.015056537100369558
Shi,loo,gp,4,PVDF-TrFE,0.0,50.0,0.2,0.4941,0.495179473690758,0.01501999212839638
Shi,loo,gp,5,PVDF-TrFE,0.0,60.0,0.2,0.568,0.5667327104815749,0.015007163875024352
Shi,loo,gp,6,PVDF-TrFE,0.0,70.0,0.2,0.6538,0.6537202388221128,0.015066230471490532
Shi,loo,gp,7,PVDF-TrFE,0.0,80.0,0.2,0.7485,0.7464224203890522,0.015079688684864387
Shi,loo,gp,8,PVDF-TrFE,0.0,90.0,0.2,0.8432,0.8433959282126373,0.017320220571476953
Shi,loo,gp,9,PVDF-TrFE,0.0,100.0,0.2,0.9379,0.9505044246878583,0.04098722505690768
Shi,loo,gp,10,PB-5,0.0,40.0,0.2,0.9763,0.952041831223533,0.060831962538651606
Shi,loo,gp,11,PB-5,0.0,70.0,0.2,1.3195,1.3232849100817579,0.021999732319352143
Shi,loo,gp,12,PB-5,0.0,80.0,0.2,1.4704,1.4718707310477193,0.014856970189260032
Shi,loo,gp,13,PB-5,0.0,90.0,0.2,1.6598,1.6495344072271378,0.016036732169634558
Shi,loo,gp,14,PB-5,0.0,100.0,0.2,1.8343,1.831372517208807,0.030017347314863687
Shi,loo,gp,15,PBC-1,1.0,20.0,0.2,0.4867,0.5755494422935866,0.06620136167534417
Shi,loo,gp,16,PBC-1,1.0,50.0,0.2,1.0015,0.9808466573945405,0.02193095855601903
Shi,loo,gp,17,PBC-1,1.0,60.0,0.2,1.1006,1.11184253098453,0.014600552798559674
Shi,loo,gp,18,PBC-1,1.0,70.0,0.2,1.2278,1.2073653859102704,0.01334219948834512
Shi,loo,gp,19,PBC-1,1.0,80.0,0.2,1.3521,1.3855466721145844,0.012770390783335334
Shi,loo,gp,20,PBC-1,1.0,90.0,0.2,1.5621,1.5436448331499604,0.014564062909211807
Shi,loo,gp,21,PBC-1,1.0,100.0,0.2,1.7426,1.7626295929905411,0.023076569555220656
Shi,loo,gp,22,PBC-2.5,2.5,20.0,0.2,0.5385,0.5668060823000289,0.031125300468369053
Shi,loo,gp,23,PBC-2.5,2.5,30.0,0.2,0.7663,0.733546612329103,0.015535753045609358
Shi,loo,gp,24,PBC-2.5,2.5,40.0,0.2,0.8876,0.9138310738849176,0.014037317953654848
Shi,loo,gp,25,PBC-2.5,2.5,50.0,0.2,1.0473,1.0411610004013114,0.019500257892822646
Shi,loo,gp,26,PBC-2.5,2.5,70.0,0.2,1.4453,1.4382273015165015,0.019391042857884514
Shi,loo,gp,27,PBC-2.5,2.5,80.0,0.2,1.6524,1.6473054876359818,0.014965553521209181
Shi,loo,gp,28,PBC-2.5,2.5,90.0,0.2,1.8417,1.8428209600040444,0.01641569613869478
Shi,loo,gp,29,PBC-2.5,2.5,100.0,0.2,2.0118,2.008095708284702,0.029374341993522207
Shi,loo,gp,30,PBC-5,5.0,10.0,0.2,0.318,0.3356609718836828,0.03815499016807021
Shi,loo,gp,31,PBC-5,5.0,20.0,0.2,0.6953,0.70575005197674,0.016912047243325998
Shi,loo,gp,32,PBC-5,5.0,30.0,0.2,0.9763,0.9514306604935755,0.014301732884633501
Shi,loo,gp,33,PBC-5,5.0,40.0,0.2,1.1302,1.144781334313333,0.014835620519353889
Shi,loo,gp,34,PBC-5,5.0,50.0,0.2,1.2929,1.305876766593978,0.01482903130045826
Shi,loo,gp,35,PBC-5,5.0,60.0,0.2,1.5178,1.4922509236850956,0.01366968360225256
Shi,loo,gp,36,PBC-5,5.0,70.0,0.2,1.7426,1.7711097905987567,0.013096843565572475
Shi,loo,gp,37,PBC-5,5.0,80.0,0.2,2.0207,1.9985079337925276,0.013920392226768693
Shi,loo,gp,38,PBC-5,5.0,90.0,0.2,2.2426,2.256356819308082,0.01661826777071381
Shi,loo,gp,39,PBC-5,5.0,100.0,0.2,2.4438,2.4293431614935583,0.035175469131744554
Shi,loo,gp,40,PBC-7.5,7.5,10.0,0.2,0.284,0.3092831932147454,0.041425311742655305
Shi,loo,gp,41,PBC-7.5,7.5,20.0,0.2,0.642,0.6399789544607237,0.01744957565358232
Shi,loo,gp,42,PBC-7.5,7.5,30.0,0.2,0.9024,0.8964148580404633,0.015063521784938817
Shi,loo,gp,43,PBC-7.5,7.5,40.0,0.2,1.0592,1.0645539146385348,0.014983346131407607
Shi,loo,gp,44,PBC-7.5,7.5,50.0,0.2,1.1775,1.167713229142159,0.014691872298180579
Shi,loo,gp,45,PBC-7.5,7.5,60.0,0.2,1.2899,1.3100813640362245,0.014228756459877737
Shi,loo,gp,46,PBC-7.5,7.5,70.0,0.2,1.4734,1.4539534085265675,0.01436715271679032
Shi,loo,gp,47,PBC-7.5,7.5,80.0,0.2,1.6598,1.6688558061522776,0.014868826023559958
Shi,loo,gp,48,PBC-7.5,7.5,90.0,0.2,1.8817,1.8826442795746947,0.017444261436822553
Shi,loo,gp,49,PBC-7.5,7.5,100.0,0.2,2.1095,2.095732989278346,0.041373236122934316
Shi,loo,lawgp,0,PVDF-TrFE,0.0,10.0,0.2,0.1065,0.13775620492014345,0.04106356071160613
Shi,loo,lawgp,1,PVDF-TrFE,0.0,20.0,0.2,0.2633,0.2555950891960875,0.019584702756120516
Shi,loo,lawgp,2,PVDF-TrFE,0.0,30.0,0.2,0.3698,0.36604529274151165,0.01732007470880882
Shi,loo,lawgp,3,PVDF-TrFE,0.0,40.0,0.2,0.432,0.43721989733461974,0.01728698677993151
Shi,loo,lawgp,4,PVDF-TrFE,0.0,50.0,0.2,0.4941,0.4939696467069785,0.017281648509184
Shi,loo,lawgp,5,PVDF-TrFE,0.0,60.0,0.2,0.568,0.5671442871045351,0.01682238286314573
Shi,loo,lawgp,6,PVDF-TrFE,0.0,70.0,0.2,0.6538,0.6554705418447163,0.016769992546429212
Shi,loo,lawgp,7,PVDF-TrFE,0.0,80.0,0.2,0.7485,0.7485770703840232,0.016716777088640767
Shi,loo,lawgp,8,PVDF-TrFE,0.0,90.0,0.2,0.8432,0.836920438495576,0.018961942116985552
Shi,loo,lawgp,9,PVDF-TrFE,0.0,100.0,0.2,0.9379,0.9737864400351504,0.041399488248179454
Shi,loo,lawgp,10,PB-5,0.0,40.0,0.2,0.9763,0.8064244321824839,0.1268044969275184
Shi,loo,lawgp,11,PB-5,0.0,70.0,0.2,1.3195,1.3140268270871736,0.03312337398060434
Shi,loo,lawgp,12,PB-5,0.0,80.0,0.2,1.4704,1.4783465900182504,0.018544107709446502
Shi,loo,lawgp,13,PB-5,0.0,90.0,0.2,1.6598,1.6555453819966255,0.01953984163210838
Shi,loo,lawgp,14,PB-5,0.0,100.0,0.2,1.8343,1.8089449492985055,0.04138043115524762
Shi,loo,lawgp,15,PBC-1,1.0,20.0,0.2,0.4867,0.5973031878407227,0.11529743831215357
Shi,loo,lawgp,16,PBC-1,1.0,50.0,0.2,1.0015,0.964584633066143,0.032586359937743545
Shi,loo,lawgp,17,PBC-1,1.0,60.0,0.2,1.1006,1.1231259868300159,0.01754256739345144
Shi,loo,lawgp,18,PBC-1,1.0,70.0,0.2,1.2278,1.200008821090607,0.014870529578051865
Shi,loo,lawgp,19,PBC-1,1.0,80.0,0.2,1.3521,1.3859653397724851,0.014163122359245045
Shi,loo,lawgp,20,PBC-1,1.0,90.0,0.2,1.5621,1.5277365315086118,0.017819269839645244
Shi,loo,lawgp,21,PBC-1,1.0,100.0,0.2,1.7426,1.7985408047697815,0.03540319105885944
Shi,loo,lawgp,22,PBC-2.5,2.5,20.0,0.2,0.5385,0.6222984388518101,0.03859741397135686
Shi,loo,lawgp,23,PBC-2.5,2.5,30.0,0.2,0.7663,0.7223052927481681,0.01760490260109995
Shi,loo,lawgp,24,PBC-2.5,2.5,40.0,0.2,0.8876,0.9160931255783233,0.016385437320159197
Shi,loo,lawgp,25,PBC-2.5,2.5,50.0,0.2,1.0473,1.0331448474455645,0.02435645093239833
Shi,loo,lawgp,26,PBC-2.5,2.5,70.0,0.2,1.4453,1.4467069889183093,0.02469464323288309
Shi,loo,lawgp,27,PBC-2.5,2.5,80.0,0.2,1.6524,1.6527703980423782,0.017742935897450476
Shi,loo,lawgp,28,PBC-2.5,2.5,90.0,0.2,1.8417,1.8340792654677511,0.01955682531064467
Shi,loo,lawgp,29,PBC-2.5,2.5,100.0,0.2,2.0118,2.046134796940556,0.04117508010662063
Shi,loo,lawgp,30,PBC-5,5.0,10.0,0.2,0.318,0.3910763079155577,0.04046731904039885
Shi,loo,lawgp,31,PBC-5,5.0,20.0,0.2,0.6953,0.6880481153200757,0.019698710828535294
Shi,loo,lawgp,32,PBC-5,5.0,30.0,0.2,0.9763,0.9533669044542167,0.016386074435841863
Shi,loo,lawgp,33,PBC-5,5.0,40.0,0.2,1.1302,1.1440849816803165,0.0172989729156452
Shi,loo,lawgp,34,PBC-5,5.0,50.0,0.2,1.2929,1.3062222780965846,0.017051034003983955
Shi,loo,lawgp,35,PBC-5,5.0,60.0,0.2,1.5178,1.4922959272581815,0.015237205308770612
Shi,loo,lawgp,36,PBC-5,5.0,70.0,0.2,1.7426,1.7722856287869408,0.014692525264540075
Shi,loo,lawgp,37,PBC-5,5.0,80.0,0.2,2.0207,1.9976264413182188,0.015980359775419353
Shi,loo,lawgp,38,PBC-5,5.0,90.0,0.2,2.2426,2.2491144769935936,0.019403716087079956
Shi,loo,lawgp,39,PBC-5,5.0,100.0,0.2,2.4438,2.460048789802366,0.0412988509334053
Shi,loo,lawgp,40,PBC-7.5,7.5,10.0,0.2,0.284,0.359339214921773,0.04004439635194495
Shi,loo,lawgp,41,PBC-7.5,7.5,20.0,0.2,0.642,0.6241088600970925,0.01952873863954443
Shi,loo,lawgp,42,PBC-7.5,7.5,30.0,0.2,0.9024,0.897613749799099,0.017342792547596294
Shi,loo,lawgp,43,PBC-7.5,7.5,40.0,0.2,1.0592,1.06701648120838,0.01711204551430214
Shi,loo,lawgp,44,PBC-7.5,7.5,50.0,0.2,1.1775,1.1649338628628372,0.01666936873452482
Shi,loo,lawgp,45,PBC-7.5,7.5,60.0,0.2,1.2899,1.3117509140131007,0.016155435619090407
Shi,loo,lawgp,46,PBC-7.5,7.5,70.0,0.2,1.4734,1.4539110595242308,0.016260661221480326
Shi,loo,lawgp,47,PBC-7.5,7.5,80.0,0.2,1.6598,1.672151245801606,0.016813044433604225
Shi,loo,lawgp,48,PBC-7.5,7.5,90.0,0.2,1.8817,1.8743920884226164,0.019448682492034738
Shi,loo,lawgp,49,PBC-7.5,7.5,100.0,0.2,2.1095,2.120784183917044,0.04123023835983733
Shi,loo,law,0,PVDF-TrFE,0.0,10.0,0.2,0.1065,0.1358315226138259,
Shi,loo,law,1,PVDF-TrFE,0.0,20.0,0.2,0.2633,0.27163247145160424,
Shi,loo,law,2,PVDF-TrFE,0.0,30.0,0.2,0.3698,0.4078011311213436,
Shi,loo,law,3,PVDF-TrFE,0.0,40.0,0.2,0.432,0.5453737270960384,
Shi,loo,law,4,PVDF-TrFE,0.0,50.0,0.2,0.4941,0.6847323171530455,
Shi,loo,law,5,PVDF-TrFE,0.0,60.0,0.2,0.568,0.8259854987496116,
Shi,loo,law,6,PVDF-TrFE,0.0,70.0,0.2,0.6538,0.969226064900275,
Shi,loo,law,7,PVDF-TrFE,0.0,80.0,0.2,0.7485,1.114650266110768,
Shi,loo,law,8,PVDF-TrFE,0.0,90.0,0.2,0.8432,1.2632252220188007,
Shi,loo,law,9,PVDF-TrFE,0.0,100.0,0.2,0.9379,1.4156151394989551,
Shi,loo,law,10,PB-5,0.0,40.0,0.2,0.9763,0.5346564084221922,
Shi,loo,law,11,PB-5,0.0,70.0,0.2,1.3195,0.9273845161074391,
Shi,loo,law,12,PB-5,0.0,80.0,0.2,1.4704,1.0542237209590544,
Shi,loo,law,13,PB-5,0.0,90.0,0.2,1.6598,1.1747482467577446,
Shi,loo,law,14,PB-5,0.0,100.0,0.2,1.8343,1.2925831699568318,
Shi,loo,law,15,PBC-1,1.0,20.0,0.2,0.4867,0.3494369850148935,
Shi,loo,law,16,PBC-1,1.0,50.0,0.2,1.0015,0.8723050817028668,
Shi,loo,law,17,PBC-1,1.0,60.0,0.2,1.1006,1.0481437132769615,
Shi,loo,law,18,PBC-1,1.0,70.0,0.2,1.2278,1.2242405974396395,
Shi,loo,law,19,PBC-1,1.0,80.0,0.2,1.3521,1.4014600246961026,
Shi,loo,law,20,PBC-1,1.0,90.0,0.2,1.5621,1.5748976039701983,
Shi,loo,law,21,PBC-1,1.0,100.0,0.2,1.7426,1.7495710611282043,
Shi,loo,law,22,PBC-2.5,2.5,20.0,0.2,0.5385,0.43448949129053976,
Shi,loo,law,23,PBC-2.5,2.5,30.0,0.2,0.7663,0.651216795020929,
Shi,loo,law,24,PBC-2.5,2.5,40.0,0.2,0.8876,0.8696641235542274,
Shi,loo,law,25,PBC-2.5,2.5,50.0,0.2,1.0473,1.0888361769595964,
Shi,loo,law,26,PBC-2.5,2.5,70.0,0.2,1.4453,1.527612864786414,
Shi,loo,law,27,PBC-2.5,2.5,80.0,0.2,1.6524,1.747716998205739,
Shi,loo,law,28,PBC-2.5,2.5,90.0,0.2,1.8417,1.9706877934283091,
Shi,loo,law,29,PBC-2.5,2.5,100.0,0.2,2.0118,2.198532136165136,
Shi,loo,law,30,PBC-5,5.0,10.0,0.2,0.318,0.24554426882801061,
Shi,loo,law,31,PBC-5,5.0,20.0,0.2,0.6953,0.49015500854579963,
Shi,loo,law,32,PBC-5,5.0,30.0,0.2,0.9763,0.7339191864890022,
Shi,loo,law,33,PBC-5,5.0,40.0,0.2,1.1302,0.9792403600774725,
Shi,loo,law,34,PBC-5,5.0,50.0,0.2,1.2929,1.2259079113884412,
Shi,loo,law,35,PBC-5,5.0,60.0,0.2,1.5178,1.4715666594710841,
Shi,loo,law,36,PBC-5,5.0,70.0,0.2,1.7426,1.7178339689900928,
Shi,loo,law,37,PBC-5,5.0,80.0,0.2,2.0207,1.9597670237543303,
Shi,loo,law,38,PBC-5,5.0,90.0,0.2,2.2426,2.2067920196611635,
Shi,loo,law,39,PBC-5,5.0,100.0,0.2,2.4438,2.4584707296305677,
Shi,loo,law,40,PBC-7.5,7.5,10.0,0.2,0.284,0.22005400532018637,
Shi,loo,law,41,PBC-7.5,7.5,20.0,0.2,0.642,0.43842667874309404,
Shi,loo,law,42,PBC-7.5,7.5,30.0,0.2,0.9024,0.6551819005332251,
Shi,loo,law,43,PBC-7.5,7.5,40.0,0.2,1.0592,0.8735672786186583,
Shi,loo,law,44,PBC-7.5,7.5,50.0,0.2,1.1775,1.096066437584779,
Shi,loo,law,45,PBC-7.5,7.5,60.0,0.2,1.2899,1.324297025151858,
Shi,loo,law,46,PBC-7.5,7.5,70.0,0.2,1.4734,1.5507595563966017,
Shi,loo,law,47,PBC-7.5,7.5,80.0,0.2,1.6598,1.7806268067992759,
Shi,loo,law,48,PBC-7.5,7.5,90.0,0.2,1.8817,2.0066960444335633,
Shi,loo,law,49,PBC-7.5,7.5,100.0,0.2,2.1095,2.2321491717255375,
Shi,loo,gp_r4,0,PVDF-TrFE,0.0,10.0,0.2,0.1065,0.11359632400501196,0.044461700050631534
Shi,loo,gp_r4,1,PVDF-TrFE,0.0,20.0,0.2,0.2633,0.26232285930288124,0.01772820633338176
Shi,loo,gp_r4,2,PVDF-TrFE,0.0,30.0,0.2,0.3698,0.3647639275760802,0.015059731690953383
Shi,loo,gp_r4,3,PVDF-TrFE,0.0,40.0,0.2,0.432,0.43787546567207647,0.015056537100369558
Shi,loo,gp_r4,4,PVDF-TrFE,0.0,50.0,0.2,0.4941,0.49517949421556784,0.015020041124114557
Shi,loo,gp_r4,5,PVDF-TrFE,0.0,60.0,0.2,0.568,0.5667327106705121,0.01500716258890683
Shi,loo,gp_r4,6,PVDF-TrFE,0.0,70.0,0.2,0.6538,0.65372024006642,0.015066235256717918
Shi,loo,gp_r4,7,PVDF-TrFE,0.0,80.0,0.2,0.7485,0.7464224555079865,0.015079553463141358
Shi,loo,gp_r4,8,PVDF-TrFE,0.0,90.0,0.2,0.8432,0.8433959282126373,0.017320220571476953
Shi,loo,gp_r4,9,PVDF-TrFE,0.0,100.0,0.2,0.9379,0.9505044246878583,0.04098722505690768
Shi,loo,gp_r4,10,PB-5,0.0,40.0,0.2,0.9763,0.952041831223533,0.060831962538651606
Shi,loo,gp_r4,11,PB-5,0.0,70.0,0.2,1.3195,1.3232849161628755,0.021999779033276635
Shi,loo,gp_r4,12,PB-5,0.0,80.0,0.2,1.4704,1.4718707403215485,0.014857006614505683
Shi,loo,gp_r4,13,PB-5,0.0,90.0,0.2,1.6598,1.6495343706534809,0.016036743534784494
Shi,loo,gp_r4,14,PB-5,0.0,100.0,0.2,1.8343,1.831372517208807,0.030017347314863687
Shi,loo,gp_r4,15,PBC-1,1.0,20.0,0.2,0.4867,0.5755494422935866,0.06620136167534417
Shi,loo,gp_r4,16,PBC-1,1.0,50.0,0.2,1.0015,0.9808466782305947,0.02193097223518639
Shi,loo,gp_r4,17,PBC-1,1.0,60.0,0.2,1.1006,1.11184253098453,0.014600552798559674
Shi,loo,gp_r4,18,PBC-1,1.0,70.0,0.2,1.2278,1.2073654664132472,0.013342240392927687
Shi,loo,gp_r4,19,PBC-1,1.0,80.0,0.2,1.3521,1.385546682552211,0.012770389233781437
Shi,loo,gp_r4,20,PBC-1,1.0,90.0,0.2,1.5621,1.5436448331499604,0.014564062909211807
Shi,loo,gp_r4,21,PBC-1,1.0,100.0,0.2,1.7426,1.7626295929905411,0.023076569555220656
Shi,loo,gp_r4,22,PBC-2.5,2.5,20.0,0.2,0.5385,0.5668060823000289,0.031125300468369053
Shi,loo,gp_r4,23,PBC-2.5,2.5,30.0,0.2,0.7663,0.7335466231385241,0.01553573500731867
Shi,loo,gp_r4,24,PBC-2.5,2.5,40.0,0.2,0.8876,0.9138310749307643,0.01403731646184634
Shi,loo,gp_r4,25,PBC-2.5,2.5,50.0,0.2,1.0473,1.041160995294062,0.019500250788094708
Shi,loo,gp_r4,26,PBC-2.5,2.5,70.0,0.2,1.4453,1.4382273015165015,0.019391042857884514
Shi,loo,gp_r4,27,PBC-2.5,2.5,80.0,0.2,1.6524,1.6473054876359818,0.014965553521209181
Shi,loo,gp_r4,28,PBC-2.5,2.5,90.0,0.2,1.8417,1.8428209687835875,0.016415703703327886
Shi,loo,gp_r4,29,PBC-2.5,2.5,100.0,0.2,2.0118,2.00809571255348,0.029374322999972013
Shi,loo,gp_r4,30,PBC-5,5.0,10.0,0.2,0.318,0.33566088946233796,0.03815501660374428
Shi,loo,gp_r4,31,PBC-5,5.0,20.0,0.2,0.6953,0.70575005197674,0.016912047243325998
Shi,loo,gp_r4,32,PBC-5,5.0,30.0,0.2,0.9763,0.9514306604935755,0.014301732884633501
Shi,loo,gp_r4,33,PBC-5,5.0,40.0,0.2,1.1302,1.1447813310890487,0.014835617265913972
Shi,loo,gp_r4,34,PBC-5,5.0,50.0,0.2,1.2929,1.305876766593978,0.01482903130045826
Shi,loo,gp_r4,35,PBC-5,5.0,60.0,0.2,1.5178,1.4922509236850956,0.01366968360225256
Shi,loo,gp_r4,36,PBC-5,5.0,70.0,0.2,1.7426,1.7711097905987567,0.013096843565572475
Shi,loo,gp_r4,37,PBC-5,5.0,80.0,0.2,2.0207,1.9985079337925276,0.013920392226768693
Shi,loo,gp_r4,38,PBC-5,5.0,90.0,0.2,2.2426,2.2563565956359923,0.016618324709918343
Shi,loo,gp_r4,39,PBC-5,5.0,100.0,0.2,2.4438,2.429343459256362,0.03517534048995897
Shi,loo,gp_r4,40,PBC-7.5,7.5,10.0,0.2,0.284,0.3092831932147454,0.041425311742655305
Shi,loo,gp_r4,41,PBC-7.5,7.5,20.0,0.2,0.642,0.6399789646869977,0.017449569333672955
Shi,loo,gp_r4,42,PBC-7.5,7.5,30.0,0.2,0.9024,0.8964148578212721,0.015063523929105234
Shi,loo,gp_r4,43,PBC-7.5,7.5,40.0,0.2,1.0592,1.0645539146385348,0.014983346131407607
Shi,loo,gp_r4,44,PBC-7.5,7.5,50.0,0.2,1.1775,1.1677132496121623,0.014691885199689754
Shi,loo,gp_r4,45,PBC-7.5,7.5,60.0,0.2,1.2899,1.3100813640362245,0.014228756459877737
Shi,loo,gp_r4,46,PBC-7.5,7.5,70.0,0.2,1.4734,1.4539534085265675,0.01436715271679032
Shi,loo,gp_r4,47,PBC-7.5,7.5,80.0,0.2,1.6598,1.6688558061522776,0.014868826023559958
Shi,loo,gp_r4,48,PBC-7.5,7.5,90.0,0.2,1.8817,1.8826443365733714,0.017444225741727774
Shi,loo,gp_r4,49,PBC-7.5,7.5,100.0,0.2,2.1095,2.095732989278346,0.041373236122934316
Shi,loo,lawgp_r4,0,PVDF-TrFE,0.0,10.0,0.2,0.1065,0.1377561994130232,0.041063560213877144
Shi,loo,lawgp_r4,1,PVDF-TrFE,0.0,20.0,0.2,0.2633,0.2555950891960875,0.019584702756120516
Shi,loo,lawgp_r4,2,PVDF-TrFE,0.0,30.0,0.2,0.3698,0.3660452936675745,0.017320062340249003
Shi,loo,lawgp_r4,3,PVDF-TrFE,0.0,40.0,0.2,0.432,0.43721989733461974,0.01728698677993151
Shi,loo,lawgp_r4,4,PVDF-TrFE,0.0,50.0,0.2,0.4941,0.4939696467069785,0.017281648509184
Shi,loo,lawgp_r4,5,PVDF-TrFE,0.0,60.0,0.2,0.568,0.5673371799107736,0.017286262222268003
Shi,loo,lawgp_r4,6,PVDF-TrFE,0.0,70.0,0.2,0.6538,0.6554705418447163,0.016769992546429212
Shi,loo,lawgp_r4,7,PVDF-TrFE,0.0,80.0,0.2,0.7485,0.7485771703138162,0.01671685204557675
Shi,loo,lawgp_r4,8,PVDF-TrFE,0.0,90.0,0.2,0.8432,0.8369203266791205,0.018962109885589683
Shi,loo,lawgp_r4,9,PVDF-TrFE,0.0,100.0,0.2,0.9379,0.9828743120178457,0.04114707367172845
Shi,loo,lawgp_r4,10,PB-5,0.0,40.0,0.2,0.9763,0.806424022211183,0.12680448083265647
Shi,loo,lawgp_r4,11,PB-5,0.0,70.0,0.2,1.3195,1.3140268270871736,0.03312337398060434
Shi,loo,lawgp_r4,12,PB-5,0.0,80.0,0.2,1.4704,1.4783460165091382,0.018544037143786635
Shi,loo,lawgp_r4,13,PB-5,0.0,90.0,0.2,1.6598,1.6555453819966255,0.01953984163210838
Shi,loo,lawgp_r4,14,PB-5,0.0,100.0,0.2,1.8343,1.8089451730789308,0.041380388253646365
Shi,loo,lawgp_r4,15,PBC-1,1.0,20.0,0.2,0.4867,0.597303101409953,0.11529815104056756
Shi,loo,lawgp_r4,16,PBC-1,1.0,50.0,0.2,1.0015,0.9645845690148807,0.03258600175473593
Shi,loo,lawgp_r4,17,PBC-1,1.0,60.0,0.2,1.1006,1.1231258336946806,0.017542784742705785
Shi,loo,lawgp_r4,18,PBC-1,1.0,70.0,0.2,1.2278,1.200008817980285,0.014870540171399247
Shi,loo,lawgp_r4,19,PBC-1,1.0,80.0,0.2,1.3521,1.3859653397724851,0.014163122359245045
Shi,loo,lawgp_r4,20,PBC-1,1.0,90.0,0.2,1.5621,1.527736322968977,0.01781926861688981
Shi,loo,lawgp_r4,21,PBC-1,1.0,100.0,0.2,1.7426,1.7985408047697815,0.03540319105885944
Shi,loo,lawgp_r4,22,PBC-2.5,2.5,20.0,0.2,0.5385,0.6222984437085116,0.03859730322478014
Shi,loo,lawgp_r4,23,PBC-2.5,2.5,30.0,0.2,0.7663,0.7223052924313411,0.01760490165128121
Shi,loo,lawgp_r4,24,PBC-2.5,2.5,40.0,0.2,0.8876,0.9160931287206013,0.016385438852634077
Shi,loo,lawgp_r4,25,PBC-2.5,2.5,50.0,0.2,1.0473,1.033145343463145,0.024356707884035
Shi,loo,lawgp_r4,26,PBC-2.5,2.5,70.0,0.2,1.4453,1.4467069893063087,0.024694656527501274
Shi,loo,lawgp_r4,27,PBC-2.5,2.5,80.0,0.2,1.6524,1.6527703980423782,0.017742935897450476
Shi,loo,lawgp_r4,28,PBC-2.5,2.5,90.0,0.2,1.8417,1.8340792654677511,0.01955682531064467
Shi,loo,lawgp_r4,29,PBC-2.5,2.5,100.0,0.2,2.0118,2.046134677157493,0.04117502717488815
Shi,loo,lawgp_r4,30,PBC-5,5.0,10.0,0.2,0.318,0.39107558681670973,0.0404672225588783
Shi,loo,lawgp_r4,31,PBC-5,5.0,20.0,0.2,0.6953,0.6880480968033706,0.01969872419202757
Shi,loo,lawgp_r4,32,PBC-5,5.0,30.0,0.2,0.9763,0.9533669044542167,0.016386074435841863
Shi,loo,lawgp_r4,33,PBC-5,5.0,40.0,0.2,1.1302,1.1440849816803165,0.0172989729156452
Shi,loo,lawgp_r4,34,PBC-5,5.0,50.0,0.2,1.2929,1.306222278782465,0.017051043060442903
Shi,loo,lawgp_r4,35,PBC-5,5.0,60.0,0.2,1.5178,1.492547476706632,0.01576583598611687
Shi,loo,lawgp_r4,36,PBC-5,5.0,70.0,0.2,1.7426,1.7724219751815196,0.01509674913313186
Shi,loo,lawgp_r4,37,PBC-5,5.0,80.0,0.2,2.0207,1.9976264413182188,0.015980359775419353
Shi,loo,lawgp_r4,38,PBC-5,5.0,90.0,0.2,2.2426,2.2491144769935936,0.019403716087079956
Shi,loo,lawgp_r4,39,PBC-5,5.0,100.0,0.2,2.4438,2.460048789802366,0.0412988509334053
Shi,loo,lawgp_r4,40,PBC-7.5,7.5,10.0,0.2,0.284,0.35933906967531093,0.0400444076482876
Shi,loo,lawgp_r4,41,PBC-7.5,7.5,20.0,0.2,0.642,0.624109282048162,0.019528391183908467
Shi,loo,lawgp_r4,42,PBC-7.5,7.5,30.0,0.2,0.9024,0.8976137901236597,0.017342692045882548
Shi,loo,lawgp_r4,43,PBC-7.5,7.5,40.0,0.2,1.0592,1.0670164806720797,0.01711203974325587
Shi,loo,lawgp_r4,44,PBC-7.5,7.5,50.0,0.2,1.1775,1.1649338628628372,0.01666936873452482
Shi,loo,lawgp_r4,45,PBC-7.5,7.5,60.0,0.2,1.2899,1.3117509066110942,0.016155524045767512
Shi,loo,lawgp_r4,46,PBC-7.5,7.5,70.0,0.2,1.4734,1.453911058488728,0.016260627547941733
Shi,loo,lawgp_r4,47,PBC-7.5,7.5,80.0,0.2,1.6598,1.6721512265249268,0.0168130649313827
Shi,loo,lawgp_r4,48,PBC-7.5,7.5,90.0,0.2,1.8817,1.874392101080244,0.019448689042644986
Shi,loo,lawgp_r4,49,PBC-7.5,7.5,100.0,0.2,2.1095,2.1207841780509793,0.04123024056586298
Shi,composition,gp,0,PVDF-TrFE,0.0,10.0,0.2,0.1065,0.7765481486380996,1.5508825981028005
Shi,composition,gp,1,PVDF-TrFE,0.0,20.0,0.2,0.2633,0.907566283294918,1.5481420862488697
Shi,composition,gp,2,PVDF-TrFE,0.0,30.0,0.2,0.3698,1.036295501798945,1.546291908512366
Shi,composition,gp,3,PVDF-TrFE,0.0,40.0,0.2,0.432,1.1605505014597164,1.5450956761190309
Shi,composition,gp,4,PVDF-TrFE,0.0,50.0,0.2,0.4941,1.2788144023295511,1.5443723144064636
Shi,composition,gp,5,PVDF-TrFE,0.0,60.0,0.2,0.568,1.3900925355034808,1.5440024690740348
Shi,composition,gp,6,PVDF-TrFE,0.0,70.0,0.2,0.6538,1.493690514390196,1.5439303500651795
Shi,composition,gp,7,PVDF-TrFE,0.0,80.0,0.2,0.7485,1.5890029857658627,1.5441661629139274
Shi,composition,gp,8,PVDF-TrFE,0.0,90.0,0.2,0.8432,1.6753842629209161,1.5447913923279666
Shi,composition,gp,9,PVDF-TrFE,0.0,100.0,0.2,0.9379,1.752129970393547,1.5459650529990208
Shi,composition,gp,10,PB-5,0.0,40.0,0.2,0.9763,0.8710321288862679,0.059803435967072945
Shi,composition,gp,11,PB-5,0.0,70.0,0.2,1.3195,1.1421179950269837,0.05528758776416835
Shi,composition,gp,12,PB-5,0.0,80.0,0.2,1.4704,1.2593104247886795,0.05540008872712101
Shi,composition,gp,13,PB-5,0.0,90.0,0.2,1.6598,1.4259090521064228,0.0561048628605971
Shi,composition,gp,14,PB-5,0.0,100.0,0.2,1.8343,1.6009595245586152,0.06052695624254469
Shi,composition,gp,15,PBC-1,1.0,20.0,0.2,0.4867,0.5858925281580796,0.054389824317582845
Shi,composition,gp,16,PBC-1,1.0,50.0,0.2,1.0015,1.0104507915277603,0.03668574479223261
Shi,composition,gp,17,PBC-1,1.0,60.0,0.2,1.1006,1.147145635151637,0.03570562322021267
Shi,composition,gp,18,PBC-1,1.0,70.0,0.2,1.2278,1.3050599145742474,0.03372379351095227
Shi,composition,gp,19,PBC-1,1.0,80.0,0.2,1.3521,1.4798517319883053,0.0336372970676964
Shi,composition,gp,20,PBC-1,1.0,90.0,0.2,1.5621,1.6646173197504979,0.03396146542812169
Shi,composition,gp,21,PBC-1,1.0,100.0,0.2,1.7426,1.842350746946892,0.03462026862184903
Shi,composition,gp,22,PBC-2.5,2.5,20.0,0.2,0.5385,0.46226842903936094,0.07717591752036017
Shi,composition,gp,23,PBC-2.5,2.5,30.0,0.2,0.7663,0.7043742332150401,0.07487172439198778
Shi,composition,gp,24,PBC-2.5,2.5,40.0,0.2,0.8876,0.8906926618682012,0.07216258061400639
Shi,composition,gp,25,PBC-2.5,2.5,50.0,0.2,1.0473,1.0426144520063851,0.06988847559702233
Shi,composition,gp,26,PBC-2.5,2.5,70.0,0.2,1.4453,1.3451984580140246,0.06881996926025007
Shi,composition,gp,27,PBC-2.5,2.5,80.0,0.2,1.6524,1.5243741035777585,0.06878097449617279
Shi,composition,gp,28,PBC-2.5,2.5,90.0,0.2,1.8417,1.7200414926840568,0.06881518134250791
Shi,composition,gp,29,PBC-2.5,2.5,100.0,0.2,2.0118,1.9126032174409748,0.0697927836682731
Shi,composition,gp,30,PBC-5,5.0,10.0,0.2,0.318,0.35754821869299525,0.20951167885132368
Shi,composition,gp,31,PBC-5,5.0,20.0,0.2,0.6953,0.6827214552624445,0.19977426001807685
Shi,composition,gp,32,PBC-5,5.0,30.0,0.2,0.9763,0.9479718377035988,0.19538783362961767
Shi,composition,gp,33,PBC-5,5.0,40.0,0.2,1.1302,1.1633588932591354,0.19336595118549357
Shi,composition,gp,34,PBC-5,5.0,50.0,0.2,1.2929,1.357123576714327,0.19243198949523263
Shi,composition,gp,35,PBC-5,5.0,60.0,0.2,1.5178,1.5564008881389628,0.19206377876191913
Shi,composition,gp,36,PBC-5,5.0,70.0,0.2,1.7426,1.7712984073158031,0.19209131161468262
Shi,composition,gp,37,PBC-5,5.0,80.0,0.2,2.0207,1.994341691555881,0.1926149211397058
Shi,composition,gp,38,PBC-5,5.0,90.0,0.2,2.2426,2.21027361105518,0.19404535256705405
Shi,composition,gp,39,PBC-5,5.0,100.0,0.2,2.4438,2.4047147279495933,0.1978345359797312
Shi,composition,gp,40,PBC-7.5,7.5,10.0,0.2,0.284,0.30441157771446037,0.4122870043819103
Shi,composition,gp,41,PBC-7.5,7.5,20.0,0.2,0.642,0.614870311753128,0.399906312351309
Shi,composition,gp,42,PBC-7.5,7.5,30.0,0.2,0.9024,0.8815944216280676,0.3928895426642634
Shi,composition,gp,43,PBC-7.5,7.5,40.0,0.2,1.0592,1.1064049669452378,0.38894823662894956
Shi,composition,gp,44,PBC-7.5,7.5,50.0,0.2,1.1775,1.3083337866526434,0.3869059349464051
Shi,composition,gp,45,PBC-7.5,7.5,60.0,0.2,1.2899,1.5080239293341364,0.3861962229697921
Shi,composition,gp,46,PBC-7.5,7.5,70.0,0.2,1.4734,1.714817085517975,0.3867005996431515
Shi,composition,gp,47,PBC-7.5,7.5,80.0,0.2,1.6598,1.9251979590187656,0.3887836328662119
Shi,composition,gp,48,PBC-7.5,7.5,90.0,0.2,1.8817,2.12796538775913,0.39359584455481694
Shi,composition,gp,49,PBC-7.5,7.5,100.0,0.2,2.1095,2.3104947979535546,0.403812924762087
Shi,composition,lawgp,0,PVDF-TrFE,0.0,10.0,0.2,0.1065,0.28644694211242133,0.14436391363547674
Shi,composition,lawgp,1,PVDF-TrFE,0.0,20.0,0.2,0.2633,0.4815800749912106,0.13992578909318956
Shi,composition,lawgp,2,PVDF-TrFE,0.0,30.0,0.2,0.3698,0.6691957788787222,0.13642493765545086
Shi,composition,lawgp,3,PVDF-TrFE,0.0,40.0,0.2,0.432,0.8411053034577523,0.1347702852118124
Shi,composition,lawgp,4,PVDF-TrFE,0.0,50.0,0.2,0.4941,0.995122199433701,0.13461797571270626
Shi,composition,lawgp,5,PVDF-TrFE,0.0,60.0,0.2,0.568,1.1385867062571486,0.13464279723774886
Shi,composition,lawgp,6,PVDF-TrFE,0.0,70.0,0.2,0.6538,1.2838890645263104,0.13448031726790943
Shi,composition,lawgp,7,PVDF-TrFE,0.0,80.0,0.2,0.7485,1.4396379945449025,0.13440267763534006
Shi,composition,lawgp,8,PVDF-TrFE,0.0,90.0,0.2,0.8432,1.6047726309001193,0.1344373703967472
Shi,composition,lawgp,9,PVDF-TrFE,0.0,100.0,0.2,0.9379,1.77149024240655,0.13484719280260674
Shi,composition,lawgp,10,PB-5,0.0,40.0,0.2,0.9763,0.6360837608643141,0.08214063397576177
Shi,composition,lawgp,11,PB-5,0.0,70.0,0.2,1.3195,0.8874537859776488,0.08002424179915947
Shi,composition,lawgp,12,PB-5,0.0,80.0,0.2,1.4704,0.9850519185841937,0.08002193739933229
Shi,composition,lawgp,13,PB-5,0.0,90.0,0.2,1.6598,1.1118343844239127,0.08006774462189246
Shi,composition,lawgp,14,PB-5,0.0,100.0,0.2,1.8343,1.2323971979158024,0.08090193639406622
Shi,composition,lawgp,15,PBC-1,1.0,20.0,0.2,0.4867,0.6143043136744397,0.09638973425129586
Shi,composition,lawgp,16,PBC-1,1.0,50.0,0.2,1.0015,1.1022235610535651,0.07291427045179709
Shi,composition,lawgp,17,PBC-1,1.0,60.0,0.2,1.1006,1.2424397476131972,0.07246801530318109
Shi,composition,lawgp,18,PBC-1,1.0,70.0,0.2,1.2278,1.4002497275733867,0.071067278562941
Shi,composition,lawgp,19,PBC-1,1.0,80.0,0.2,1.3521,1.5803979155330898,0.07093331356990391
Shi,composition,lawgp,20,PBC-1,1.0,90.0,0.2,1.5621,1.7742798848052652,0.07101749817681713
Shi,composition,lawgp,21,PBC-1,1.0,100.0,0.2,1.7426,1.960607104636237,0.07137796558013516
Shi,composition,lawgp,22,PBC-2.5,2.5,20.0,0.2,0.5385,0.4758360520642471,0.23265861152566203
Shi,composition,lawgp,23,PBC-2.5,2.5,30.0,0.2,0.7663,0.7011608967038626,0.23265861152566203
Shi,composition,lawgp,24,PBC-2.5,2.5,40.0,0.2,0.8876,0.9264857413434782,0.23265861152566203
Shi,composition,lawgp,25,PBC-2.5,2.5,50.0,0.2,1.0473,1.1518105859830938,0.23265861152566203
Shi,composition,lawgp,26,PBC-2.5,2.5,70.0,0.2,1.4453,1.6024602752623247,0.23265861152566203
Shi,composition,lawgp,27,PBC-2.5,2.5,80.0,0.2,1.6524,1.8277851199019404,0.23265861152566203
Shi,composition,lawgp,28,PBC-2.5,2.5,90.0,0.2,1.8417,2.053109964541556,0.23265861152566203
Shi,composition,lawgp,29,PBC-2.5,2.5,100.0,0.2,2.0118,2.2784348091811717,0.23265861152566203
Shi,composition,lawgp,30,PBC-5,5.0,10.0,0.2,0.318,0.2572416590317661,0.2367880350630824
Shi,composition,lawgp,31,PBC-5,5.0,20.0,0.2,0.6953,0.4954688666347749,0.23673979160790498
Shi,composition,lawgp,32,PBC-5,5.0,30.0,0.2,0.9763,0.7327894703555325,0.23670892046981304
Shi,composition,lawgp,33,PBC-5,5.0,40.0,0.2,1.1302,0.969094400711509,0.23669106256232292
Shi,composition,lawgp,34,PBC-5,5.0,50.0,0.2,1.2929,1.2044666990626947,0.236682352121443
Shi,composition,lawgp,35,PBC-5,5.0,60.0,0.2,1.5178,1.4391418324514424,0.23668036386458804
Shi,composition,lawgp,36,PBC-5,5.0,70.0,0.2,1.7426,1.6734331395994486,0.23668455235191657
Shi,composition,lawgp,37,PBC-5,5.0,80.0,0.2,2.0207,1.9076543399873445,0.2366963597802875
Shi,composition,lawgp,38,PBC-5,5.0,90.0,0.2,2.2426,2.1420641715350586,0.23671903598236244
Shi,composition,lawgp,39,PBC-5,5.0,100.0,0.2,2.4438,2.3768415032189574,0.23675700584507933
Shi,composition,lawgp,40,PBC-7.5,7.5,10.0,0.2,0.284,0.2808779951651301,0.23325973798825023
Shi,composition,lawgp,41,PBC-7.5,7.5,20.0,0.2,0.642,0.548590263129766,0.23319170571187264
Shi,composition,lawgp,42,PBC-7.5,7.5,30.0,0.2,0.9024,0.8146679033548135,0.23315665677418398
Shi,composition,lawgp,43,PBC-7.5,7.5,40.0,0.2,1.0592,1.0788860155448223,0.2331407200366618
Shi,composition,lawgp,44,PBC-7.5,7.5,50.0,0.2,1.1775,1.3414710617610894,0.23313478474403632
Shi,composition,lawgp,45,PBC-7.5,7.5,60.0,0.2,1.2899,1.602918893005579,0.23313463929077463
Shi,composition,lawgp,46,PBC-7.5,7.5,70.0,0.2,1.4734,1.8637588800364213,0.23314027943976054
Shi,composition,lawgp,47,PBC-7.5,7.5,80.0,0.2,1.6598,2.1244094251699024,0.23315591758651244
Shi,composition,lawgp,48,PBC-7.5,7.5,90.0,0.2,1.8817,2.385170131565575,0.23319068764572948
Shi,composition,lawgp,49,PBC-7.5,7.5,100.0,0.2,2.1095,2.6462867463495563,0.2332585049193357
Shi,composition,law,0,PVDF-TrFE,0.0,10.0,0.2,0.1065,0.17051302072258367,
Shi,composition,law,1,PVDF-TrFE,0.0,20.0,0.2,0.2633,0.34102604144516735,
Shi,composition,law,2,PVDF-TrFE,0.0,30.0,0.2,0.3698,0.511539062167751,
Shi,composition,law,3,PVDF-TrFE,0.0,40.0,0.2,0.432,0.6820520828903347,
Shi,composition,law,4,PVDF-TrFE,0.0,50.0,0.2,0.4941,0.8525651036129184,
Shi,composition,law,5,PVDF-TrFE,0.0,60.0,0.2,0.568,1.023078124335502,
Shi,composition,law,6,PVDF-TrFE,0.0,70.0,0.2,0.6538,1.1935911450580856,
Shi,composition,law,7,PVDF-TrFE,0.0,80.0,0.2,0.7485,1.3641041657806694,
Shi,composition,law,8,PVDF-TrFE,0.0,90.0,0.2,0.8432,1.534617186503253,
Shi,composition,law,9,PVDF-TrFE,0.0,100.0,0.2,0.9379,1.7051302072258367,
Shi,composition,law,10,PB-5,0.0,40.0,0.2,0.9763,0.41908439940854325,
Shi,composition,law,11,PB-5,0.0,70.0,0.2,1.3195,0.7333976989649507,
Shi,composition,law,12,PB-5,0.0,80.0,0.2,1.4704,0.8381687988170865,
Shi,composition,law,13,PB-5,0.0,90.0,0.2,1.6598,0.9429398986692222,
Shi,composition,law,14,PB-5,0.0,100.0,0.2,1.8343,1.0477109985213582,
Shi,composition,law,15,PBC-1,1.0,20.0,0.2,0.4867,0.3485467832837474,
Shi,composition,law,16,PBC-1,1.0,50.0,0.2,1.0015,0.8713669582093684,
Shi,composition,law,17,PBC-1,1.0,60.0,0.2,1.1006,1.045640349851242,
Shi,composition,law,18,PBC-1,1.0,70.0,0.2,1.2278,1.2199137414931158,
Shi,composition,law,19,PBC-1,1.0,80.0,0.2,1.3521,1.3941871331349895,
Shi,composition,law,20,PBC-1,1.0,90.0,0.2,1.5621,1.5684605247768633,
Shi,composition,law,21,PBC-1,1.0,100.0,0.2,1.7426,1.7427339164187368,
Shi,composition,law,22,PBC-2.5,2.5,20.0,0.2,0.5385,0.4506496892792311,
Shi,composition,law,23,PBC-2.5,2.5,30.0,0.2,0.7663,0.6759745339188467,
Shi,composition,law,24,PBC-2.5,2.5,40.0,0.2,0.8876,0.9012993785584622,
Shi,composition,law,25,PBC-2.5,2.5,50.0,0.2,1.0473,1.1266242231980779,
Shi,composition,law,26,PBC-2.5,2.5,70.0,0.2,1.4453,1.5772739124773087,
Shi,composition,law,27,PBC-2.5,2.5,80.0,0.2,1.6524,1.8025987571169244,
Shi,composition,law,28,PBC-2.5,2.5,90.0,0.2,1.8417,2.02792360175654,
Shi,composition,law,29,PBC-2.5,2.5,100.0,0.2,2.0118,2.2532484463961557,
Shi,composition,law,30,PBC-5,5.0,10.0,0.2,0.318,0.23637072154386551,
Shi,composition,law,31,PBC-5,5.0,20.0,0.2,0.6953,0.47274144308773103,
Shi,composition,law,32,PBC-5,5.0,30.0,0.2,0.9763,0.7091121646315965,
Shi,composition,law,33,PBC-5,5.0,40.0,0.2,1.1302,0.9454828861754621,
Shi,composition,law,34,PBC-5,5.0,50.0,0.2,1.2929,1.1818536077193276,
Shi,composition,law,35,PBC-5,5.0,60.0,0.2,1.5178,1.418224329263193,
Shi,composition,law,36,PBC-5,5.0,70.0,0.2,1.7426,1.6545950508070586,
Shi,composition,law,37,PBC-5,5.0,80.0,0.2,2.0207,1.8909657723509241,
Shi,composition,law,38,PBC-5,5.0,90.0,0.2,2.2426,2.1273364938947896,
Shi,composition,law,39,PBC-5,5.0,100.0,0.2,2.4438,2.363707215438655,
Shi,composition,law,40,PBC-7.5,7.5,10.0,0.2,0.284,0.2640712668085342,
Shi,composition,law,41,PBC-7.5,7.5,20.0,0.2,0.642,0.5281425336170684,
Shi,composition,law,42,PBC-7.5,7.5,30.0,0.2,0.9024,0.7922138004256025,
Shi,composition,law,43,PBC-7.5,7.5,40.0,0.2,1.0592,1.0562850672341368,
Shi,composition,law,44,PBC-7.5,7.5,50.0,0.2,1.1775,1.320356334042671,
Shi,composition,law,45,PBC-7.5,7.5,60.0,0.2,1.2899,1.584427600851205,
Shi,composition,law,46,PBC-7.5,7.5,70.0,0.2,1.4734,1.8484988676597394,
Shi,composition,law,47,PBC-7.5,7.5,80.0,0.2,1.6598,2.1125701344682737,
Shi,composition,law,48,PBC-7.5,7.5,90.0,0.2,1.8817,2.3766414012768076,
Shi,composition,law,49,PBC-7.5,7.5,100.0,0.2,2.1095,2.640712668085342,
Shi,composition,gp_r4,0,PVDF-TrFE,0.0,10.0,0.2,0.1065,0.7765481486380996,1.5508825981028005
Shi,composition,gp_r4,1,PVDF-TrFE,0.0,20.0,0.2,0.2633,0.907566283294918,1.5481420862488697
Shi,composition,gp_r4,2,PVDF-TrFE,0.0,30.0,0.2,0.3698,1.036295501798945,1.546291908512366
Shi,composition,gp_r4,3,PVDF-TrFE,0.0,40.0,0.2,0.432,1.1605505014597164,1.5450956761190309
Shi,composition,gp_r4,4,PVDF-TrFE,0.0,50.0,0.2,0.4941,1.2788144023295511,1.5443723144064636
Shi,composition,gp_r4,5,PVDF-TrFE,0.0,60.0,0.2,0.568,1.3900925355034808,1.5440024690740348
Shi,composition,gp_r4,6,PVDF-TrFE,0.0,70.0,0.2,0.6538,1.493690514390196,1.5439303500651795
Shi,composition,gp_r4,7,PVDF-TrFE,0.0,80.0,0.2,0.7485,1.5890029857658627,1.5441661629139274
Shi,composition,gp_r4,8,PVDF-TrFE,0.0,90.0,0.2,0.8432,1.6753842629209161,1.5447913923279666
Shi,composition,gp_r4,9,PVDF-TrFE,0.0,100.0,0.2,0.9379,1.752129970393547,1.5459650529990208
Shi,composition,gp_r4,10,PB-5,0.0,40.0,0.2,0.9763,0.8710323192006396,0.059803203255829614
Shi,composition,gp_r4,11,PB-5,0.0,70.0,0.2,1.3195,1.1421178231679026,0.05528732100910044
Shi,composition,gp_r4,12,PB-5,0.0,80.0,0.2,1.4704,1.2593101427542108,0.05539981953848391
Shi,composition,gp_r4,13,PB-5,0.0,90.0,0.2,1.6598,1.4259088959559882,0.056104586887357664
Shi,composition,gp_r4,14,PB-5,0.0,100.0,0.2,1.8343,1.6009592901994767,0.060526660395985636
Shi,composition,gp_r4,15,PBC-1,1.0,20.0,0.2,0.4867,0.5858912758488902,0.0543873749637839
Shi,composition,gp_r4,16,PBC-1,1.0,50.0,0.2,1.0015,1.0104500353643635,0.03668361168974309
Shi,composition,gp_r4,17,PBC-1,1.0,60.0,0.2,1.1006,1.1471451872356047,0.03570347965193362
Shi,composition,gp_r4,18,PBC-1,1.0,70.0,0.2,1.2278,1.3050594540982545,0.033721650206366284
Shi,composition,gp_r4,19,PBC-1,1.0,80.0,0.2,1.3521,1.4798510382813754,0.03363516343161824
Shi,composition,gp_r4,20,PBC-1,1.0,90.0,0.2,1.5621,1.6646164870150169,0.033959319943585975
Shi,composition,gp_r4,21,PBC-1,1.0,100.0,0.2,1.7426,1.8423498935446014,0.03461811400432988
Shi,composition,gp_r4,22,PBC-2.5,2.5,20.0,0.2,0.5385,0.46226851823042225,0.07717590724067036
Shi,composition,gp_r4,23,PBC-2.5,2.5,30.0,0.2,0.7663,0.7043741927784232,0.07487171974064323
Shi,composition,gp_r4,24,PBC-2.5,2.5,40.0,0.2,0.8876,0.8906925611308999,0.07216256400367305
Shi,composition,gp_r4,25,PBC-2.5,2.5,50.0,0.2,1.0473,1.0426143167530129,0.06988844109279088
Shi,composition,gp_r4,26,PBC-2.5,2.5,70.0,0.2,1.4453,1.3451983131612215,0.06881992676610024
Shi,composition,gp_r4,27,PBC-2.5,2.5,80.0,0.2,1.6524,1.5243739715732034,0.06878093006571907
Shi,composition,gp_r4,28,PBC-2.5,2.5,90.0,0.2,1.8417,1.720041382085113,0.06881513574901096
Shi,composition,gp_r4,29,PBC-2.5,2.5,100.0,0.2,2.0118,1.912603127585204,0.0697927490414032
Shi,composition,gp_r4,30,PBC-5,5.0,10.0,0.2,0.318,0.35754821869299525,0.20951167885132368
Shi,composition,gp_r4,31,PBC-5,5.0,20.0,0.2,0.6953,0.6827214552624445,0.19977426001807685
Shi,composition,gp_r4,32,PBC-5,5.0,30.0,0.2,0.9763,0.9479718377035988,0.19538783362961767
Shi,composition,gp_r4,33,PBC-5,5.0,40.0,0.2,1.1302,1.1633588932591354,0.19336595118549357
Shi,composition,gp_r4,34,PBC-5,5.0,50.0,0.2,1.2929,1.357123576714327,0.19243198949523263
Shi,composition,gp_r4,35,PBC-5,5.0,60.0,0.2,1.5178,1.5564008881389628,0.19206377876191913
Shi,composition,gp_r4,36,PBC-5,5.0,70.0,0.2,1.7426,1.7712984073158031,0.19209131161468262
Shi,composition,gp_r4,37,PBC-5,5.0,80.0,0.2,2.0207,1.994341691555881,0.1926149211397058
Shi,composition,gp_r4,38,PBC-5,5.0,90.0,0.2,2.2426,2.21027361105518,0.19404535256705405
Shi,composition,gp_r4,39,PBC-5,5.0,100.0,0.2,2.4438,2.4047147279495933,0.1978345359797312
Shi,composition,gp_r4,40,PBC-7.5,7.5,10.0,0.2,0.284,0.30441157771446037,0.4122870043819103
Shi,composition,gp_r4,41,PBC-7.5,7.5,20.0,0.2,0.642,0.614870311753128,0.399906312351309
Shi,composition,gp_r4,42,PBC-7.5,7.5,30.0,0.2,0.9024,0.8815944216280676,0.3928895426642634
Shi,composition,gp_r4,43,PBC-7.5,7.5,40.0,0.2,1.0592,1.1064049669452378,0.38894823662894956
Shi,composition,gp_r4,44,PBC-7.5,7.5,50.0,0.2,1.1775,1.3083337866526434,0.3869059349464051
Shi,composition,gp_r4,45,PBC-7.5,7.5,60.0,0.2,1.2899,1.5080239293341364,0.3861962229697921
Shi,composition,gp_r4,46,PBC-7.5,7.5,70.0,0.2,1.4734,1.714817085517975,0.3867005996431515
Shi,composition,gp_r4,47,PBC-7.5,7.5,80.0,0.2,1.6598,1.9251979590187656,0.3887836328662119
Shi,composition,gp_r4,48,PBC-7.5,7.5,90.0,0.2,1.8817,2.12796538775913,0.39359584455481694
Shi,composition,gp_r4,49,PBC-7.5,7.5,100.0,0.2,2.1095,2.3104947979535546,0.403812924762087
Shi,composition,lawgp_r4,0,PVDF-TrFE,0.0,10.0,0.2,0.1065,0.28644694211242133,0.14436391363547674
Shi,composition,lawgp_r4,1,PVDF-TrFE,0.0,20.0,0.2,0.2633,0.4815800749912106,0.13992578909318956
Shi,composition,lawgp_r4,2,PVDF-TrFE,0.0,30.0,0.2,0.3698,0.6691957788787222,0.13642493765545086
Shi,composition,lawgp_r4,3,PVDF-TrFE,0.0,40.0,0.2,0.432,0.8411053034577523,0.1347702852118124
Shi,composition,lawgp_r4,4,PVDF-TrFE,0.0,50.0,0.2,0.4941,0.995122199433701,0.13461797571270626
Shi,composition,lawgp_r4,5,PVDF-TrFE,0.0,60.0,0.2,0.568,1.1385867062571486,0.13464279723774886
Shi,composition,lawgp_r4,6,PVDF-TrFE,0.0,70.0,0.2,0.6538,1.2838890645263104,0.13448031726790943
Shi,composition,lawgp_r4,7,PVDF-TrFE,0.0,80.0,0.2,0.7485,1.4396379945449025,0.13440267763534006
Shi,composition,lawgp_r4,8,PVDF-TrFE,0.0,90.0,0.2,0.8432,1.6047726309001193,0.1344373703967472
Shi,composition,lawgp_r4,9,PVDF-TrFE,0.0,100.0,0.2,0.9379,1.77149024240655,0.13484719280260674
Shi,composition,lawgp_r4,10,PB-5,0.0,40.0,0.2,0.9763,0.450561580895144,0.11592152739562667
Shi,composition,lawgp_r4,11,PB-5,0.0,70.0,0.2,1.3195,0.7648748803667313,0.11592152739562667
Shi,composition,lawgp_r4,12,PB-5,0.0,80.0,0.2,1.4704,0.8696459802041224,0.11592152739562667
Shi,composition,lawgp_r4,13,PB-5,0.0,90.0,0.2,1.6598,0.9744170800514427,0.11592152739562667
Shi,composition,lawgp_r4,14,PB-5,0.0,100.0,0.2,1.8343,1.0791881799096723,0.11592152739562667
Shi,composition,lawgp_r4,15,PBC-1,1.0,20.0,0.2,0.4867,0.6143043136744397,0.09638973425129586
Shi,composition,lawgp_r4,16,PBC-1,1.0,50.0,0.2,1.0015,1.1022235610535651,0.07291427045179709
Shi,composition,lawgp_r4,17,PBC-1,1.0,60.0,0.2,1.1006,1.2424397476131972,0.07246801530318109
Shi,composition,lawgp_r4,18,PBC-1,1.0,70.0,0.2,1.2278,1.4002497275733867,0.071067278562941
Shi,composition,lawgp_r4,19,PBC-1,1.0,80.0,0.2,1.3521,1.5803979155330898,0.07093331356990391
Shi,composition,lawgp_r4,20,PBC-1,1.0,90.0,0.2,1.5621,1.7742798848052652,0.07101749817681713
Shi,composition,lawgp_r4,21,PBC-1,1.0,100.0,0.2,1.7426,1.960607104636237,0.07137796558013516
Shi,composition,lawgp_r4,22,PBC-2.5,2.5,20.0,0.2,0.5385,0.4758360520642471,0.2326587718827755
Shi,composition,lawgp_r4,23,PBC-2.5,2.5,30.0,0.2,0.7663,0.7011608967038626,0.2326587718827755
Shi,composition,lawgp_r4,24,PBC-2.5,2.5,40.0,0.2,0.8876,0.9264857413434782,0.2326587718827755
Shi,composition,lawgp_r4,25,PBC-2.5,2.5,50.0,0.2,1.0473,1.1518105859830938,0.2326587718827755
Shi,composition,lawgp_r4,26,PBC-2.5,2.5,70.0,0.2,1.4453,1.6024602752623247,0.2326587718827755
Shi,composition,lawgp_r4,27,PBC-2.5,2.5,80.0,0.2,1.6524,1.8277851199019404,0.2326587718827755
Shi,composition,lawgp_r4,28,PBC-2.5,2.5,90.0,0.2,1.8417,2.053109964541556,0.2326587718827755
Shi,composition,lawgp_r4,29,PBC-2.5,2.5,100.0,0.2,2.0118,2.2784348091811717,0.2326587718827755
Shi,composition,lawgp_r4,30,PBC-5,5.0,10.0,0.2,0.318,0.25724178693639016,0.23678898818240418
Shi,composition,lawgp_r4,31,PBC-5,5.0,20.0,0.2,0.6953,0.495469264029236,0.23674073517728164
Shi,composition,lawgp_r4,32,PBC-5,5.0,30.0,0.2,0.9763,0.7327900104241156,0.2367098581749004
Shi,composition,lawgp_r4,33,PBC-5,5.0,40.0,0.2,1.1302,0.9690949410608538,0.23669199702467084
Shi,composition,lawgp_r4,34,PBC-5,5.0,50.0,0.2,1.2929,1.204467112472887,0.23668328505668773
Shi,composition,lawgp_r4,35,PBC-5,5.0,60.0,0.2,1.5178,1.4391420294576889,0.23668129643582128
Shi,composition,lawgp_r4,36,PBC-5,5.0,70.0,0.2,1.7426,1.6734330772080674,0.2366854855957759
Shi,composition,lawgp_r4,37,PBC-5,5.0,80.0,0.2,2.0207,1.9076540175391643,0.23669729505163897
Shi,composition,lawgp_r4,38,PBC-5,5.0,90.0,0.2,2.2426,2.1420636192477813,0.23671997538086192
Shi,composition,lawgp_r4,39,PBC-5,5.0,100.0,0.2,2.4438,2.3768407694193723,0.23675795252971535
Shi,composition,lawgp_r4,40,PBC-7.5,7.5,10.0,0.2,0.284,0.2808780610471369,0.23325916879154238
Shi,composition,lawgp_r4,41,PBC-7.5,7.5,20.0,0.2,0.642,0.5485902751179822,0.23319113794608373
Shi,composition,lawgp_r4,42,PBC-7.5,7.5,30.0,0.2,0.9024,0.8146678840296555,0.23315608972640206
Shi,composition,lawgp_r4,43,PBC-7.5,7.5,40.0,0.2,1.0592,1.0788859897200445,0.233140153310492
Shi,composition,lawgp_r4,44,PBC-7.5,7.5,50.0,0.2,1.1775,1.3414710502832328,0.23313421813849852
Shi,composition,lawgp_r4,45,PBC-7.5,7.5,60.0,0.2,1.2899,1.6029189096413627,0.23313407269140515
Shi,composition,lawgp_r4,46,PBC-7.5,7.5,70.0,0.2,1.4734,1.8637589319489922,0.23313971273234768
Shi,composition,lawgp_r4,47,PBC-7.5,7.5,80.0,0.2,1.6598,2.1244095152159,0.2331553505704165
Shi,composition,lawgp_r4,48,PBC-7.5,7.5,90.0,0.2,1.8817,2.3851702601296583,0.23319011992396327
Shi,composition,lawgp_r4,49,PBC-7.5,7.5,100.0,0.2,2.1095,2.64628691167248,0.23325793577645454
Shi,force,gp,0,PVDF-TrFE,0.0,10.0,0.2,0.1065,0.1235756581665024,0.0455254618378531
Shi,force,gp,1,PVDF-TrFE,0.0,20.0,0.2,0.2633,0.2616061861784297,0.01731807178579306
Shi,force,gp,2,PVDF-TrFE,0.0,30.0,0.2,0.3698,0.3643739089703426,0.014009905522511957
Shi,force,gp,3,PVDF-TrFE,0.0,40.0,0.2,0.432,0.4378866083328199,0.014942668314509466
Shi,force,gp,4,PVDF-TrFE,0.0,50.0,0.2,0.4941,0.49520737842587925,0.015624276298167384
Shi,force,gp,5,PVDF-TrFE,0.0,60.0,0.2,0.568,0.5671188664433967,0.01310797676688068
Shi,force,gp,6,PVDF-TrFE,0.0,70.0,0.2,0.6538,0.6543586981062628,0.01065171795086233
Shi,force,gp,7,PVDF-TrFE,0.0,80.0,0.2,0.7485,0.7473586211552816,0.01293536598517305
Shi,force,gp,8,PVDF-TrFE,0.0,90.0,0.2,0.8432,0.8405678826733488,0.017886258182241842
Shi,force,gp,9,PVDF-TrFE,0.0,100.0,0.2,0.9379,0.9604547987890141,0.045661469744482944
Shi,force,gp,10,PB-5,0.0,40.0,0.2,0.9763,0.9494183992177287,0.060511756237513356
Shi,force,gp,11,PB-5,0.0,70.0,0.2,1.3195,1.31799417787098,0.018984801543455273
Shi,force,gp,12,PB-5,0.0,80.0,0.2,1.4704,1.4782244535213716,0.013205946449607445
Shi,force,gp,13,PB-5,0.0,90.0,0.2,1.6598,1.642834388444248,0.017345541316898708
Shi,force,gp,14,PB-5,0.0,100.0,0.2,1.8343,1.8636750012162069,0.04300678617755021
Shi,force,gp,15,PBC-1,1.0,20.0,0.2,0.4867,0.6386720907911021,0.07892868737839892
Shi,force,gp,16,PBC-1,1.0,50.0,0.2,1.0015,0.9807609567035904,0.023000217122810328
Shi,force,gp,17,PBC-1,1.0,60.0,0.2,1.1006,1.114056635560539,0.013354216915653886
Shi,force,gp,18,PBC-1,1.0,70.0,0.2,1.2278,1.2024543541911425,0.010584562687003411
Shi,force,gp,19,PBC-1,1.0,80.0,0.2,1.3521,1.3866270735877255,0.01283334229370305
Shi,force,gp,20,PBC-1,1.0,90.0,0.2,1.5621,1.5389954003815967,0.016869481183639106
Shi,force,gp,21,PBC-1,1.0,100.0,0.2,1.7426,1.7850585006593613,0.03853618991874954
Shi,force,gp,22,PBC-2.5,2.5,20.0,0.2,0.5385,0.5984504085673745,0.03582127733666639
Shi,force,gp,23,PBC-2.5,2.5,30.0,0.2,0.7663,0.7327668799945508,0.015543521003306863
Shi,force,gp,24,PBC-2.5,2.5,40.0,0.2,0.8876,0.9144746156896735,0.014946850374446267
Shi,force,gp,25,PBC-2.5,2.5,50.0,0.2,1.0473,1.043085798363215,0.02038874776155821
Shi,force,gp,26,PBC-2.5,2.5,70.0,0.2,1.4453,1.4458682919293213,0.01600950107076979
Shi,force,gp,27,PBC-2.5,2.5,80.0,0.2,1.6524,1.650039414972431,0.013071542386209755
Shi,force,gp,28,PBC-2.5,2.5,90.0,0.2,1.8417,1.839059264057255,0.01734426905545269
Shi,force,gp,29,PBC-2.5,2.5,100.0,0.2,2.0118,2.025970159054922,0.04085666102963182
Shi,force,gp,30,PBC-5,5.0,10.0,0.2,0.318,0.35713236617447486,0.041754205365819
Shi,force,gp,31,PBC-5,5.0,20.0,0.2,0.6953,0.7020076718972093,0.017033691986355334
Shi,force,gp,32,PBC-5,5.0,30.0,0.2,0.9763,0.9502197975009912,0.013999799672362754
Shi,force,gp,33,PBC-5,5.0,40.0,0.2,1.1302,1.1454708370021751,0.014921527179384842
Shi,force,gp,34,PBC-5,5.0,50.0,0.2,1.2929,1.305721005909079,0.015608276612443751
Shi,force,gp,35,PBC-5,5.0,60.0,0.2,1.5178,1.4921638420668564,0.013096716155846424
Shi,force,gp,36,PBC-5,5.0,70.0,0.2,1.7426,1.7732280264562097,0.010645195009678551
Shi,force,gp,37,PBC-5,5.0,80.0,0.2,2.0207,1.9978594276373909,0.012923047749208773
Shi,force,gp,38,PBC-5,5.0,90.0,0.2,2.2426,2.2558545118545106,0.017561216843973215
Shi,force,gp,39,PBC-5,5.0,100.0,0.2,2.4438,2.4229313912999846,0.04260628698743014
Shi,force,gp,40,PBC-7.5,7.5,10.0,0.2,0.284,0.3284673869976851,0.044994961268150425
Shi,force,gp,41,PBC-7.5,7.5,20.0,0.2,0.642,0.6415229241806951,0.017156977267045088
Shi,force,gp,42,PBC-7.5,7.5,30.0,0.2,0.9024,0.8956602130547755,0.014007720779932786
Shi,force,gp,43,PBC-7.5,7.5,40.0,0.2,1.0592,1.0647580481101815,0.01493362901305603
Shi,force,gp,44,PBC-7.5,7.5,50.0,0.2,1.1775,1.1685501301415622,0.015623384981543436
Shi,force,gp,45,PBC-7.5,7.5,60.0,0.2,1.2899,1.3101009342002476,0.013109504840667637
Shi,force,gp,46,PBC-7.5,7.5,70.0,0.2,1.4734,1.4532663567268431,0.010651620638881571
Shi,force,gp,47,PBC-7.5,7.5,80.0,0.2,1.6598,1.669518323062815,0.012934812998309453
Shi,force,gp,48,PBC-7.5,7.5,90.0,0.2,1.8817,1.8841006278780525,0.017961217077700868
Shi,force,gp,49,PBC-7.5,7.5,100.0,0.2,2.1095,2.0877485965600564,0.04614733032150539
Shi,force,lawgp,0,PVDF-TrFE,0.0,10.0,0.2,0.1065,0.14375832469011893,0.03959593662927737
Shi,force,lawgp,1,PVDF-TrFE,0.0,20.0,0.2,0.2633,0.2559638217841734,0.0185924674792473
Shi,force,lawgp,2,PVDF-TrFE,0.0,30.0,0.2,0.3698,0.3654096111016515,0.016668828326929477
Shi,force,lawgp,3,PVDF-TrFE,0.0,40.0,0.2,0.432,0.437254443522935,0.017615099518914185
Shi,force,lawgp,4,PVDF-TrFE,0.0,50.0,0.2,0.4941,0.49368460528680347,0.016805112117766256
Shi,force,lawgp,5,PVDF-TrFE,0.0,60.0,0.2,0.568,0.5682387713378534,0.01286828528237857
Shi,force,lawgp,6,PVDF-TrFE,0.0,70.0,0.2,0.6538,0.6535686650818119,0.011026750152558447
Shi,force,lawgp,7,PVDF-TrFE,0.0,80.0,0.2,0.7485,0.7505506560845141,0.012321380221750014
Shi,force,lawgp,8,PVDF-TrFE,0.0,90.0,0.2,0.8432,0.8356137913290621,0.0194177338836197
Shi,force,lawgp,9,PVDF-TrFE,0.0,100.0,0.2,0.9379,0.9776865454352808,0.04285327075263344
Shi,force,lawgp,10,PB-5,0.0,40.0,0.2,0.9763,0.8056748336434103,0.12640890185419174
Shi,force,lawgp,11,PB-5,0.0,70.0,0.2,1.3195,1.3124446072725662,0.02912914146735359
Shi,force,lawgp,12,PB-5,0.0,80.0,0.2,1.4704,1.476602768619617,0.015867894140854894
Shi,force,lawgp,13,PB-5,0.0,90.0,0.2,1.6598,1.655084101190251,0.0195408361500209
Shi,force,lawgp,14,PB-5,0.0,100.0,0.2,1.8343,1.814669129404459,0.04250517625533465
Shi,force,lawgp,15,PBC-1,1.0,20.0,0.2,0.4867,0.6183448213858953,0.12350609044561527
Shi,force,lawgp,16,PBC-1,1.0,50.0,0.2,1.0015,0.9636086110220702,0.03406133653519
Shi,force,lawgp,17,PBC-1,1.0,60.0,0.2,1.1006,1.1281686222627538,0.01548247883590578
Shi,force,lawgp,18,PBC-1,1.0,70.0,0.2,1.2278,1.1968314949244847,0.011581016063076478
Shi,force,lawgp,19,PBC-1,1.0,80.0,0.2,1.3521,1.3876047989268026,0.012427646698101289
Shi,force,lawgp,20,PBC-1,1.0,90.0,0.2,1.5621,1.528165673561209,0.019407705583634933
Shi,force,lawgp,21,PBC-1,1.0,100.0,0.2,1.7426,1.7949378197917922,0.04240568852861936
Shi,force,lawgp,22,PBC-2.5,2.5,20.0,0.2,0.5385,0.6227189752153306,0.0400814662416731
Shi,force,lawgp,23,PBC-2.5,2.5,30.0,0.2,0.7663,0.7213947255662377,0.01863850565154201
Shi,force,lawgp,24,PBC-2.5,2.5,40.0,0.2,0.8876,0.9155407147742719,0.018113707968944456
Shi,force,lawgp,25,PBC-2.5,2.5,50.0,0.2,1.0473,1.0319589499094788,0.025119624298607278
Shi,force,lawgp,26,PBC-2.5,2.5,70.0,0.2,1.4453,1.4521268145383543,0.01991426214008716
Shi,force,lawgp,27,PBC-2.5,2.5,80.0,0.2,1.6524,1.6517222770409066,0.014230309175984451
Shi,force,lawgp,28,PBC-2.5,2.5,90.0,0.2,1.8417,1.834265207195949,0.019446409023705296
Shi,force,lawgp,29,PBC-2.5,2.5,100.0,0.2,2.0118,2.0479970584590133,0.04277884985836199
Shi,force,lawgp,30,PBC-5,5.0,10.0,0.2,0.318,0.4028513874413037,0.039595933374406
Shi,force,lawgp,31,PBC-5,5.0,20.0,0.2,0.6953,0.6896319347033151,0.01859003691609164
Shi,force,lawgp,32,PBC-5,5.0,30.0,0.2,0.9763,0.9530843780079915,0.016668828239338438
Shi,force,lawgp,33,PBC-5,5.0,40.0,0.2,1.1302,1.143702062078531,0.017615099518913713
Shi,force,lawgp,34,PBC-5,5.0,50.0,0.2,1.2929,1.3059196156995123,0.01680511211776435
Shi,force,lawgp,35,PBC-5,5.0,60.0,0.2,1.5178,1.4924337989161458,0.012868285282377878
Shi,force,lawgp,36,PBC-5,5.0,70.0,0.2,1.7426,1.7722362411697115,0.011026750152558062
Shi,force,lawgp,37,PBC-5,5.0,80.0,0.2,2.0207,1.9944693256330923,0.012321380134019972
Shi,force,lawgp,38,PBC-5,5.0,90.0,0.2,2.2426,2.2508152448579404,0.019417722013067264
Shi,force,lawgp,39,PBC-5,5.0,100.0,0.2,2.4438,2.4599912229366137,0.04284794936497895
Shi,force,lawgp,40,PBC-7.5,7.5,10.0,0.2,0.284,0.36879849500772754,0.03959593500255222
Shi,force,lawgp,41,PBC-7.5,7.5,20.0,0.2,0.642,0.6259068368680265,0.01859059536770683
Shi,force,lawgp,42,PBC-7.5,7.5,30.0,0.2,0.9024,0.8965948405046313,0.016668828279292232
Shi,force,lawgp,43,PBC-7.5,7.5,40.0,0.2,1.0592,1.0668872548956885,0.017615099518913713
Shi,force,lawgp,44,PBC-7.5,7.5,50.0,0.2,1.1775,1.1641679852771096,0.01680511211776517
Shi,force,lawgp,45,PBC-7.5,7.5,60.0,0.2,1.2899,1.3127585456855198,0.012868285282377878
Shi,force,lawgp,46,PBC-7.5,7.5,70.0,0.2,1.4734,1.4512468814994641,0.01102675015255883
Shi,force,lawgp,47,PBC-7.5,7.5,80.0,0.2,1.6598,1.6776889630581078,0.012321380177867465
Shi,force,lawgp,48,PBC-7.5,7.5,90.0,0.2,1.8817,1.8730327187306417,0.019417727960261786
Shi,force,lawgp,49,PBC-7.5,7.5,100.0,0.2,2.1095,2.121310856148186,0.042850639234050934
Shi,force,law,0,PVDF-TrFE,0.0,10.0,0.2,0.1065,0.13584699424156746,
Shi,force,law,1,PVDF-TrFE,0.0,20.0,0.2,0.2633,0.27143470842639755,
Shi,force,law,2,PVDF-TrFE,0.0,30.0,0.2,0.3698,0.40820920761850393,
Shi,force,law,3,PVDF-TrFE,0.0,40.0,0.2,0.432,0.5371235724410831,
Shi,force,law,4,PVDF-TrFE,0.0,50.0,0.2,0.4941,0.6830119367031283,
Shi,force,law,5,PVDF-TrFE,0.0,60.0,0.2,0.568,0.8256490641672463,
Shi,force,law,6,PVDF-TrFE,0.0,70.0,0.2,0.6538,0.9465610439741423,
Shi,force,law,7,PVDF-TrFE,0.0,80.0,0.2,0.7485,1.087050335061332,
Shi,force,law,8,PVDF-TrFE,0.0,90.0,0.2,0.8432,1.2183770256610704,
Shi,force,law,9,PVDF-TrFE,0.0,100.0,0.2,0.9379,1.3508631670163769,
Shi,force,law,10,PB-5,0.0,40.0,0.2,0.9763,0.5371235724410831,
Shi,force,law,11,PB-5,0.0,70.0,0.2,1.3195,0.9465610439741423,
Shi,force,law,12,PB-5,0.0,80.0,0.2,1.4704,1.087050335061332,
Shi,force,law,13,PB-5,0.0,90.0,0.2,1.6598,1.2183770256610704,
Shi,force,law,14,PB-5,0.0,100.0,0.2,1.8343,1.3508631670163769,
Shi,force,law,15,PBC-1,1.0,20.0,0.2,0.4867,0.34901321189888174,
Shi,force,law,16,PBC-1,1.0,50.0,0.2,1.0015,0.8757500299743112,
Shi,force,law,17,PBC-1,1.0,60.0,0.2,1.1006,1.0531845540914333,
Shi,force,law,18,PBC-1,1.0,70.0,0.2,1.2278,1.2232608984811266,
Shi,force,law,19,PBC-1,1.0,80.0,0.2,1.3521,1.400787748641457,
Shi,force,law,20,PBC-1,1.0,90.0,0.2,1.5621,1.5758535926838273,
Shi,force,law,21,PBC-1,1.0,100.0,0.2,1.7426,1.7580954203890165,
Shi,force,law,22,PBC-2.5,2.5,20.0,0.2,0.5385,0.43346359815681224,
Shi,force,law,23,PBC-2.5,2.5,30.0,0.2,0.7663,0.649499904402454,
Shi,force,law,24,PBC-2.5,2.5,40.0,0.2,0.8876,0.8678132739887814,
Shi,force,law,25,PBC-2.5,2.5,50.0,0.2,1.0473,1.0854543985129248,
Shi,force,law,26,PBC-2.5,2.5,70.0,0.2,1.4453,1.5249602505072934,
Shi,force,law,27,PBC-2.5,2.5,80.0,0.2,1.6524,1.7433442869516775,
Shi,force,law,28,PBC-2.5,2.5,90.0,0.2,1.8417,1.9659884739118059,
Shi,force,law,29,PBC-2.5,2.5,100.0,0.2,2.0118,2.201193032696409,
Shi,force,law,30,PBC-5,5.0,10.0,0.2,0.318,0.24550760865985222,
Shi,force,law,31,PBC-5,5.0,20.0,0.2,0.6953,0.48910125805124127,
Shi,force,law,32,PBC-5,5.0,30.0,0.2,0.9763,0.7316506293228627,
Shi,force,law,33,PBC-5,5.0,40.0,0.2,1.1302,0.979399163070791,
Shi,force,law,34,PBC-5,5.0,50.0,0.2,1.2929,1.2232209557621856,
Shi,force,law,35,PBC-5,5.0,60.0,0.2,1.5178,1.4681754755708807,
Shi,force,law,36,PBC-5,5.0,70.0,0.2,1.7426,1.72552469125941,
Shi,force,law,37,PBC-5,5.0,80.0,0.2,2.0207,1.9728062986421309,
Shi,force,law,38,PBC-5,5.0,90.0,0.2,2.2426,2.2266666911420185,
Shi,force,law,39,PBC-5,5.0,100.0,0.2,2.4438,2.4923536725378863,
Shi,force,law,40,PBC-7.5,7.5,10.0,0.2,0.284,0.22002742377337417,
Shi,force,law,41,PBC-7.5,7.5,20.0,0.2,0.642,0.4383476881096845,
Shi,force,law,42,PBC-7.5,7.5,30.0,0.2,0.9024,0.6546613823797303,
Shi,force,law,43,PBC-7.5,7.5,40.0,0.2,1.0592,0.8718812396871114,
Shi,force,law,44,PBC-7.5,7.5,50.0,0.2,1.1775,1.096311608450911,
Shi,force,law,45,PBC-7.5,7.5,60.0,0.2,1.2899,1.3252345829439793,
Shi,force,law,46,PBC-7.5,7.5,70.0,0.2,1.4734,1.548254366230492,
Shi,force,law,47,PBC-7.5,7.5,80.0,0.2,1.6598,1.7754363701326927,
Shi,force,law,48,PBC-7.5,7.5,90.0,0.2,1.8817,2.0004116773517087,
Shi,force,law,49,PBC-7.5,7.5,100.0,0.2,2.1095,2.224345086540811,
Shi,force,gp_r4,0,PVDF-TrFE,0.0,10.0,0.2,0.1065,0.1235756581665024,0.0455254618378531
Shi,force,gp_r4,1,PVDF-TrFE,0.0,20.0,0.2,0.2633,0.2616061861784297,0.01731807178579306
Shi,force,gp_r4,2,PVDF-TrFE,0.0,30.0,0.2,0.3698,0.3643739106597822,0.014009927296293401
Shi,force,gp_r4,3,PVDF-TrFE,0.0,40.0,0.2,0.432,0.43788660946755686,0.014942672333609573
Shi,force,gp_r4,4,PVDF-TrFE,0.0,50.0,0.2,0.4941,0.49520735585386555,0.01562424588148505
Shi,force,gp_r4,5,PVDF-TrFE,0.0,60.0,0.2,0.568,0.5671188655998981,0.01310796242052746
Shi,force,gp_r4,6,PVDF-TrFE,0.0,70.0,0.2,0.6538,0.6543586981062628,0.01065171795086233
Shi,force,gp_r4,7,PVDF-TrFE,0.0,80.0,0.2,0.7485,0.7473586212391178,0.012935355805982342
Shi,force,gp_r4,8,PVDF-TrFE,0.0,90.0,0.2,0.8432,0.8405678826733488,0.017886258182241842
Shi,force,gp_r4,9,PVDF-TrFE,0.0,100.0,0.2,0.9379,0.9604547987890141,0.045661469744482944
Shi,force,gp_r4,10,PB-5,0.0,40.0,0.2,0.9763,0.9494183974394441,0.06051175256392208
Shi,force,gp_r4,11,PB-5,0.0,70.0,0.2,1.3195,1.31799417787098,0.018984801543455273
Shi,force,gp_r4,12,PB-5,0.0,80.0,0.2,1.4704,1.4782244529336295,0.013205935418069928
Shi,force,gp_r4,13,PB-5,0.0,90.0,0.2,1.6598,1.642834388444248,0.017345541316898708
Shi,force,gp_r4,14,PB-5,0.0,100.0,0.2,1.8343,1.8636750012162069,0.04300678617755021
Shi,force,gp_r4,15,PBC-1,1.0,20.0,0.2,0.4867,0.6386720907911021,0.07892868737839892
Shi,force,gp_r4,16,PBC-1,1.0,50.0,0.2,1.0015,0.9807609834038454,0.023000168786685433
Shi,force,gp_r4,17,PBC-1,1.0,60.0,0.2,1.1006,1.114056658451609,0.013354205227785368
Shi,force,gp_r4,18,PBC-1,1.0,70.0,0.2,1.2278,1.2024543541911425,0.010584562687003411
Shi,force,gp_r4,19,PBC-1,1.0,80.0,0.2,1.3521,1.3866270785059047,0.012833332006927085
Shi,force,gp_r4,20,PBC-1,1.0,90.0,0.2,1.5621,1.5389954003815967,0.016869481183639106
Shi,force,gp_r4,21,PBC-1,1.0,100.0,0.2,1.7426,1.7850585006593613,0.03853618991874954
Shi,force,gp_r4,22,PBC-2.5,2.5,20.0,0.2,0.5385,0.5984504085673745,0.03582127733666639
Shi,force,gp_r4,23,PBC-2.5,2.5,30.0,0.2,0.7663,0.7327668820023792,0.015543544343253989
Shi,force,gp_r4,24,PBC-2.5,2.5,40.0,0.2,0.8876,0.9144746165122958,0.01494685413489038
Shi,force,gp_r4,25,PBC-2.5,2.5,50.0,0.2,1.0473,1.0430857085693614,0.020388717345037114
Shi,force,gp_r4,26,PBC-2.5,2.5,70.0,0.2,1.4453,1.4458682919293213,0.01600950107076979
Shi,force,gp_r4,27,PBC-2.5,2.5,80.0,0.2,1.6524,1.6500394140399925,0.013071531729715669
Shi,force,gp_r4,28,PBC-2.5,2.5,90.0,0.2,1.8417,1.839059264057255,0.01734426905545269
Shi,force,gp_r4,29,PBC-2.5,2.5,100.0,0.2,2.0118,2.025970159054922,0.04085666102963182
Shi,force,gp_r4,30,PBC-5,5.0,10.0,0.2,0.318,0.35713236617447486,0.041754205365819
Shi,force,gp_r4,31,PBC-5,5.0,20.0,0.2,0.6953,0.7020076718972093,0.017033691986355334
Shi,force,gp_r4,32,PBC-5,5.0,30.0,0.2,0.9763,0.9502198026767366,0.013999821410233123
Shi,force,gp_r4,33,PBC-5,5.0,40.0,0.2,1.1302,1.1454708394276945,0.01492153118365954
Shi,force,gp_r4,34,PBC-5,5.0,50.0,0.2,1.2929,1.305720968323041,0.015608245801908503
Shi,force,gp_r4,35,PBC-5,5.0,60.0,0.2,1.5178,1.4921638377274093,0.013096701718998925
Shi,force,gp_r4,36,PBC-5,5.0,70.0,0.2,1.7426,1.7732280264562097,0.010645195009678551
Shi,force,gp_r4,37,PBC-5,5.0,80.0,0.2,2.0207,1.9978594311152083,0.012923037531693727
Shi,force,gp_r4,38,PBC-5,5.0,90.0,0.2,2.2426,2.2558545118545106,0.017561216843973215
Shi,force,gp_r4,39,PBC-5,5.0,100.0,0.2,2.4438,2.4229313912999846,0.04260628698743014
Shi,force,gp_r4,40,PBC-7.5,7.5,10.0,0.2,0.284,0.3284673869976851,0.044994961268150425
Shi,force,gp_r4,41,PBC-7.5,7.5,20.0,0.2,0.642,0.6415229241806951,0.017156977267045088
Shi,force,gp_r4,42,PBC-7.5,7.5,30.0,0.2,0.9024,0.8956602169681493,0.014007742552477323
Shi,force,gp_r4,43,PBC-7.5,7.5,40.0,0.2,1.0592,1.0647580453228254,0.014933633030695368
Shi,force,gp_r4,44,PBC-7.5,7.5,50.0,0.2,1.1775,1.1685500898935923,0.015623354269179126
Shi,force,gp_r4,45,PBC-7.5,7.5,60.0,0.2,1.2899,1.3101009396732626,0.013109490359359004
Shi,force,gp_r4,46,PBC-7.5,7.5,70.0,0.2,1.4734,1.4532663567268431,0.010651620638881571
Shi,force,gp_r4,47,PBC-7.5,7.5,80.0,0.2,1.6598,1.669518322918028,0.01293480279015719
Shi,force,gp_r4,48,PBC-7.5,7.5,90.0,0.2,1.8817,1.8841006278780525,0.017961217077700868
Shi,force,gp_r4,49,PBC-7.5,7.5,100.0,0.2,2.1095,2.0877485965600564,0.04614733032150539
Shi,force,lawgp_r4,0,PVDF-TrFE,0.0,10.0,0.2,0.1065,0.14375832469011893,0.03959593662927737
Shi,force,lawgp_r4,1,PVDF-TrFE,0.0,20.0,0.2,0.2633,0.2559638217841734,0.0185924674792473
Shi,force,lawgp_r4,2,PVDF-TrFE,0.0,30.0,0.2,0.3698,0.36540962863700366,0.016668767719723265
Shi,force,lawgp_r4,3,PVDF-TrFE,0.0,40.0,0.2,0.432,0.43725440579895486,0.017614971168553182
Shi,force,lawgp_r4,4,PVDF-TrFE,0.0,50.0,0.2,0.4941,0.49368460038580386,0.01680507071956859
Shi,force,lawgp_r4,5,PVDF-TrFE,0.0,60.0,0.2,0.568,0.5682387398383727,0.012868426118437038
Shi,force,lawgp_r4,6,PVDF-TrFE,0.0,70.0,0.2,0.6538,0.6535686650818119,0.011026750152558447
Shi,force,lawgp_r4,7,PVDF-TrFE,0.0,80.0,0.2,0.7485,0.7505506804402282,0.012321414315571627
Shi,force,lawgp_r4,8,PVDF-TrFE,0.0,90.0,0.2,0.8432,0.8356138582426227,0.019417465118957186
Shi,force,lawgp_r4,9,PVDF-TrFE,0.0,100.0,0.2,0.9379,0.9776865803575623,0.04285350407834446
Shi,force,lawgp_r4,10,PB-5,0.0,40.0,0.2,0.9763,0.8056844065518705,0.1264082688016761
Shi,force,lawgp_r4,11,PB-5,0.0,70.0,0.2,1.3195,1.3124446072725662,0.02912914146735359
Shi,force,lawgp_r4,12,PB-5,0.0,80.0,0.2,1.4704,1.4766027243253677,0.01586792923162196
Shi,force,lawgp_r4,13,PB-5,0.0,90.0,0.2,1.6598,1.6550840185498967,0.019540579746758924
Shi,force,lawgp_r4,14,PB-5,0.0,100.0,0.2,1.8343,1.8146692731527048,0.04250533939244827
Shi,force,lawgp_r4,15,PBC-1,1.0,20.0,0.2,0.4867,0.6183448213858953,0.12350609044561527
Shi,force,lawgp_r4,16,PBC-1,1.0,50.0,0.2,1.0015,0.9636085883484781,0.03406128741726359
Shi,force,lawgp_r4,17,PBC-1,1.0,60.0,0.2,1.1006,1.1281683591342802,0.015482569317153649
Shi,force,lawgp_r4,18,PBC-1,1.0,70.0,0.2,1.2278,1.1968314949244847,0.011581016063076478
Shi,force,lawgp_r4,19,PBC-1,1.0,80.0,0.2,1.3521,1.3876048081951782,0.012427680720154826
Shi,force,lawgp_r4,20,PBC-1,1.0,90.0,0.2,1.5621,1.5281651416767414,0.01940742710631377
Shi,force,lawgp_r4,21,PBC-1,1.0,100.0,0.2,1.7426,1.7949399675697844,0.04240583402664864
Shi,force,lawgp_r4,22,PBC-2.5,2.5,20.0,0.2,0.5385,0.6227189752153306,0.0400814662416731
Shi,force,lawgp_r4,23,PBC-2.5,2.5,30.0,0.2,0.7663,0.7213947531501678,0.01863845255688188
Shi,force,lawgp_r4,24,PBC-2.5,2.5,40.0,0.2,0.8876,0.9155407622179901,0.018113594165533698
Shi,force,lawgp_r4,25,PBC-2.5,2.5,50.0,0.2,1.0473,1.0319588895056255,0.025119579741864285
Shi,force,lawgp_r4,26,PBC-2.5,2.5,70.0,0.2,1.4453,1.4521268145383543,0.01991426214008716
Shi,force,lawgp_r4,27,PBC-2.5,2.5,80.0,0.2,1.6524,1.6517222945039447,0.014230345982030131
Shi,force,lawgp_r4,28,PBC-2.5,2.5,90.0,0.2,1.8417,1.8342652780011912,0.019446147540085865
Shi,force,lawgp_r4,29,PBC-2.5,2.5,100.0,0.2,2.0118,2.0479970704809896,0.042779050784276657
Shi,force,lawgp_r4,30,PBC-5,5.0,10.0,0.2,0.318,0.4028513874413037,0.039595933374406
Shi,force,lawgp_r4,31,PBC-5,5.0,20.0,0.2,0.6953,0.6896319347033151,0.01859003691609164
Shi,force,lawgp_r4,32,PBC-5,5.0,30.0,0.2,0.9763,0.9530844394549505,0.016668767632014636
Shi,force,lawgp_r4,33,PBC-5,5.0,40.0,0.2,1.1302,1.1437019422652592,0.017614971168552478
Shi,force,lawgp_r4,34,PBC-5,5.0,50.0,0.2,1.2929,1.3059196121881194,0.016805070719567775
Shi,force,lawgp_r4,35,PBC-5,5.0,60.0,0.2,1.5178,1.492433791781183,0.012868426118437385
Shi,force,lawgp_r4,36,PBC-5,5.0,70.0,0.2,1.7426,1.7722362411697115,0.011026750152558062
Shi,force,lawgp_r4,37,PBC-5,5.0,80.0,0.2,2.0207,1.994469340794398,0.01232141422782547
Shi,force,lawgp_r4,38,PBC-5,5.0,90.0,0.2,2.2426,2.250815751460241,0.019417453221003904
Shi,force,lawgp_r4,39,PBC-5,5.0,100.0,0.2,2.4438,2.459989402418901,0.042848179908836374
Shi,force,lawgp_r4,40,PBC-7.5,7.5,10.0,0.2,0.284,0.36879849500772754,0.03959593500255222
Shi,force,lawgp_r4,41,PBC-7.5,7.5,20.0,0.2,0.642,0.6259068368680265,0.01859059536770683
Shi,force,lawgp_r4,42,PBC-7.5,7.5,30.0,0.2,0.9024,0.8965948808090783,0.016668767672021738
Shi,force,lawgp_r4,43,PBC-7.5,7.5,40.0,0.2,1.0592,1.0668872786409445,0.017614971168552946
Shi,force,lawgp_r4,44,PBC-7.5,7.5,50.0,0.2,1.1775,1.1641679642169627,0.01680507071956832
Shi,force,lawgp_r4,45,PBC-7.5,7.5,60.0,0.2,1.2899,1.3127585136330606,0.012868426118436346
Shi,force,lawgp_r4,46,PBC-7.5,7.5,70.0,0.2,1.4734,1.4512468814994641,0.01102675015255883
Shi,force,lawgp_r4,47,PBC-7.5,7.5,80.0,0.2,1.6598,1.6776889607115908,0.012321414271681187
Shi,force,lawgp_r4,48,PBC-7.5,7.5,90.0,0.2,1.8817,1.8730324693742924,0.019417459181939555
Shi,force,lawgp_r4,49,PBC-7.5,7.5,100.0,0.2,2.1095,2.1213116475329006,0.04285087118984045
Li,loo,gp,0,20% BTO/PVDF,0.0,40.0,3.0,1.015,0.8772223093539218,0.7048116331055403
Li,loo,gp,1,20% BTO/PVDF,0.0,90.0,3.0,2.201,2.1330911748402057,0.5118965427711882
Li,loo,gp,2,20% BTO/PVDF,0.0,130.0,3.0,3.081,3.145707590253844,0.49605365660102896
Li,loo,gp,3,20% BTO/PVDF,0.0,170.0,3.0,4.165,4.112153310978614,0.5007688580164407
Li,loo,gp,4,20% BTO/PVDF,0.0,230.0,3.0,5.393,5.743761617582047,0.5024843756666433
Li,loo,gp,5,20% BTO/PVDF,0.0,300.0,3.0,7.52,7.359107523827528,0.51708844606084
Li,loo,gp,6,20% BTO/PVDF,0.0,370.0,3.0,8.993,9.131120947100108,0.5118134022753291
Li,loo,gp,7,20% BTO/PVDF,0.0,420.0,3.0,10.63,9.983195468190923,0.4872151777615585
Li,loo,gp,8,20% BTO/PVDF,0.0,480.0,3.0,11.06,12.058083074386003,0.7145191793546006
Li,loo,gp,9,20% TOS-BTO/PVDF,1.0,15.0,3.0,0.953,1.7063308575319622,0.600533721973063
Li,loo,gp,10,20% TOS-BTO/PVDF,1.0,40.0,3.0,2.385,2.3808662396522076,0.5281395323950069
Li,loo,gp,11,20% TOS-BTO/PVDF,1.0,90.0,3.0,5.229,4.455641120659558,0.43804042764162826
Li,loo,gp,12,20% TOS-BTO/PVDF,1.0,130.0,3.0,6.252,6.554528543991497,0.4852155726495404
Li,loo,gp,13,20% TOS-BTO/PVDF,1.0,170.0,3.0,8.768,8.172706991383507,0.469947367583279
Li,loo,gp,14,20% TOS-BTO/PVDF,1.0,230.0,3.0,10.282,11.556228518852787,0.3508611546940782
Li,loo,gp,15,20% TOS-BTO/PVDF,1.0,300.0,3.0,14.783,14.387754223803604,0.502421953416882
Li,loo,gp,16,20% TOS-BTO/PVDF,1.0,370.0,3.0,17.709,17.612774959682174,0.5118134001963693
Li,loo,gp,17,20% TOS-BTO/PVDF,1.0,420.0,3.0,20.041,19.52482383026849,0.5036657163520444
Li,loo,gp,18,20% TOS-BTO/PVDF,1.0,480.0,3.0,21.678,22.487777959303415,0.6920743116643533
Li,loo,lawgp,0,20% BTO/PVDF,0.0,40.0,3.0,1.015,1.2561399957484007,0.41745033776672796
Li,loo,lawgp,1,20% BTO/PVDF,0.0,90.0,3.0,2.201,2.840216261570312,0.36955412574811913
Li,loo,lawgp,2,20% BTO/PVDF,0.0,130.0,3.0,3.081,3.263995400387388,0.4237580513739431
Li,loo,lawgp,3,20% BTO/PVDF,0.0,170.0,3.0,4.165,4.54469248811344,0.4042238640896304
Li,loo,lawgp,4,20% BTO/PVDF,0.0,230.0,3.0,5.393,5.410474691628626,0.4275500685824121
Li,loo,lawgp,5,20% BTO/PVDF,0.0,300.0,3.0,7.52,7.536936168500493,0.42510710960053977
Li,loo,lawgp,6,20% BTO/PVDF,0.0,370.0,3.0,8.993,9.10506770911209,0.42428022784295244
Li,loo,lawgp,7,20% BTO/PVDF,0.0,420.0,3.0,10.63,10.167049669764761,0.41338420505704415
Li,loo,lawgp,8,20% BTO/PVDF,0.0,480.0,3.0,11.06,11.917164248976482,0.44889491277599797
Li,loo,lawgp,9,20% TOS-BTO/PVDF,1.0,15.0,3.0,0.953,0.8169626435490872,0.4701908489705322
Li,loo,lawgp,10,20% TOS-BTO/PVDF,1.0,40.0,3.0,2.385,1.9637057062605185,0.41103647447464164
Li,loo,lawgp,11,20% TOS-BTO/PVDF,1.0,90.0,3.0,5.229,4.289953024960876,0.3444967080022495
Li,loo,lawgp,12,20% TOS-BTO/PVDF,1.0,130.0,3.0,6.252,6.707526491517456,0.3737760925284979
Li,loo,lawgp,13,20% TOS-BTO/PVDF,1.0,170.0,3.0,8.768,8.077809006239374,0.3852154595531204
Li,loo,lawgp,14,20% TOS-BTO/PVDF,1.0,230.0,3.0,10.282,10.92230100753321,0.4081287052996425
Li,loo,lawgp,15,20% TOS-BTO/PVDF,1.0,300.0,3.0,14.783,14.257663990351524,0.40910144611820926
Li,loo,lawgp,16,20% TOS-BTO/PVDF,1.0,370.0,3.0,17.709,17.51313265532141,0.42174038350900594
Li,loo,lawgp,17,20% TOS-BTO/PVDF,1.0,420.0,3.0,20.041,20.035448798808975,0.4254829246786854
Li,loo,lawgp,18,20% TOS-BTO/PVDF,1.0,480.0,3.0,21.678,23.138644435665153,0.38512932044048265
Li,loo,law,0,20% BTO/PVDF,0.0,40.0,3.0,1.015,0.9671232950772134,
Li,loo,law,1,20% BTO/PVDF,0.0,90.0,3.0,2.201,2.1759866485013624,
Li,loo,law,2,20% BTO/PVDF,0.0,130.0,3.0,3.081,3.144942360747678,
Li,loo,law,3,20% BTO/PVDF,0.0,170.0,3.0,4.165,4.108512899633532,
Li,loo,law,4,20% BTO/PVDF,0.0,230.0,3.0,5.393,5.57448984331934,
Li,loo,law,5,20% BTO/PVDF,0.0,300.0,3.0,7.52,7.217514184940961,
Li,loo,law,6,20% BTO/PVDF,0.0,370.0,3.0,8.993,8.936404824898291,
Li,loo,law,7,20% BTO/PVDF,0.0,420.0,3.0,10.63,10.008035000965256,
Li,loo,law,8,20% BTO/PVDF,0.0,480.0,3.0,11.06,11.852885675219222,
Li,loo,law,9,20% TOS-BTO/PVDF,1.0,15.0,3.0,0.953,0.7083428109419216,
Li,loo,law,10,20% TOS-BTO/PVDF,1.0,40.0,3.0,2.385,1.8880407708663811,
Li,loo,law,11,20% TOS-BTO/PVDF,1.0,90.0,3.0,5.229,4.23970696993428,
Li,loo,law,12,20% TOS-BTO/PVDF,1.0,130.0,3.0,6.252,6.136995485405107,
Li,loo,law,13,20% TOS-BTO/PVDF,1.0,170.0,3.0,8.768,7.998778498090197,
Li,loo,law,14,20% TOS-BTO/PVDF,1.0,230.0,3.0,10.282,10.906927439532932,
Li,loo,law,15,20% TOS-BTO/PVDF,1.0,300.0,3.0,14.783,14.083535814203042,
Li,loo,law,16,20% TOS-BTO/PVDF,1.0,370.0,3.0,17.709,17.421210967502166,
Li,loo,law,17,20% TOS-BTO/PVDF,1.0,420.0,3.0,20.041,19.771674868577993,
Li,loo,law,18,20% TOS-BTO/PVDF,1.0,480.0,3.0,21.678,23.11551262391952,
Li,loo,gp_r4,0,20% BTO/PVDF,0.0,40.0,3.0,1.015,0.8772224999707134,0.7048135655192115
Li,loo,gp_r4,1,20% BTO/PVDF,0.0,90.0,3.0,2.201,2.1330911748402057,0.5118965427711882
Li,loo,gp_r4,2,20% BTO/PVDF,0.0,130.0,3.0,3.081,3.145707590253844,0.49605365660102896
Li,loo,gp_r4,3,20% BTO/PVDF,0.0,170.0,3.0,4.165,4.112153677463718,0.5007711387170355
Li,loo,gp_r4,4,20% BTO/PVDF,0.0,230.0,3.0,5.393,5.7437617052830365,0.5024841162192027
Li,loo,gp_r4,5,20% BTO/PVDF,0.0,300.0,3.0,7.52,7.359107450869281,0.517088582322254
Li,loo,gp_r4,6,20% BTO/PVDF,0.0,370.0,3.0,8.993,9.131120729720308,0.5118131159260061
Li,loo,gp_r4,7,20% BTO/PVDF,0.0,420.0,3.0,10.63,9.983195468190923,0.4872151777615585
Li,loo,gp_r4,8,20% BTO/PVDF,0.0,480.0,3.0,11.06,12.058083145146615,0.7145192835799293
Li,loo,gp_r4,9,20% TOS-BTO/PVDF,1.0,15.0,3.0,0.953,1.706330836567874,0.6005338563467597
Li,loo,gp_r4,10,20% TOS-BTO/PVDF,1.0,40.0,3.0,2.385,2.3808662358570674,0.528139681570132
Li,loo,gp_r4,11,20% TOS-BTO/PVDF,1.0,90.0,3.0,5.229,4.455640373189817,0.4380385262668083
Li,loo,gp_r4,12,20% TOS-BTO/PVDF,1.0,130.0,3.0,6.252,6.554528543991497,0.4852155726495404
Li,loo,gp_r4,13,20% TOS-BTO/PVDF,1.0,170.0,3.0,8.768,8.172706991383507,0.469947367583279
Li,loo,gp_r4,14,20% TOS-BTO/PVDF,1.0,230.0,3.0,10.282,11.556228516440726,0.35086151733901505
Li,loo,gp_r4,15,20% TOS-BTO/PVDF,1.0,300.0,3.0,14.783,14.387754223803604,0.502421953416882
Li,loo,gp_r4,16,20% TOS-BTO/PVDF,1.0,370.0,3.0,17.709,17.612775173884486,0.5118134033677171
Li,loo,gp_r4,17,20% TOS-BTO/PVDF,1.0,420.0,3.0,20.041,19.52482383026849,0.5036657163520444
Li,loo,gp_r4,18,20% TOS-BTO/PVDF,1.0,480.0,3.0,21.678,22.487779033270925,0.6920736359744084
Li,loo,lawgp_r4,0,20% BTO/PVDF,0.0,40.0,3.0,1.015,1.2635643579591544,0.41621915737259474
Li,loo,lawgp_r4,1,20% BTO/PVDF,0.0,90.0,3.0,2.201,2.8403531321109567,0.3693942326501073
Li,loo,lawgp_r4,2,20% BTO/PVDF,0.0,130.0,3.0,3.081,3.235412096221281,0.42081448124981313
Li,loo,lawgp_r4,3,20% BTO/PVDF,0.0,170.0,3.0,4.165,4.544458987532403,0.4041103052240908
Li,loo,lawgp_r4,4,20% BTO/PVDF,0.0,230.0,3.0,5.393,5.390820911751791,0.42491944972288026
Li,loo,lawgp_r4,5,20% BTO/PVDF,0.0,300.0,3.0,7.52,7.537494646678868,0.42494358979338864
Li,loo,lawgp_r4,6,20% BTO/PVDF,0.0,370.0,3.0,8.993,9.129778673779128,0.4214286277510872
Li,loo,lawgp_r4,7,20% BTO/PVDF,0.0,420.0,3.0,10.63,10.160291152004108,0.4117584450665343
Li,loo,lawgp_r4,8,20% BTO/PVDF,0.0,480.0,3.0,11.06,11.951511093678445,0.44784072961229593
Li,loo,lawgp_r4,9,20% TOS-BTO/PVDF,1.0,15.0,3.0,0.953,0.8169626435490872,0.4701912567524387
Li,loo,lawgp_r4,10,20% TOS-BTO/PVDF,1.0,40.0,3.0,2.385,1.9637057442270904,0.4110365227776607
Li,loo,lawgp_r4,11,20% TOS-BTO/PVDF,1.0,90.0,3.0,5.229,4.289952027295201,0.3444931852639605
Li,loo,lawgp_r4,12,20% TOS-BTO/PVDF,1.0,130.0,3.0,6.252,6.707526491517456,0.3737760925284979
Li,loo,lawgp_r4,13,20% TOS-BTO/PVDF,1.0,170.0,3.0,8.768,7.9656551801589055,0.35296476248829844
Li,loo,lawgp_r4,14,20% TOS-BTO/PVDF,1.0,230.0,3.0,10.282,10.954851843289681,0.4058120730694607
Li,loo,lawgp_r4,15,20% TOS-BTO/PVDF,1.0,300.0,3.0,14.783,14.257826135021284,0.40889566094740204
Li,loo,lawgp_r4,16,20% TOS-BTO/PVDF,1.0,370.0,3.0,17.709,17.521287542217173,0.41909349043768335
Li,loo,lawgp_r4,17,20% TOS-BTO/PVDF,1.0,420.0,3.0,20.041,20.028897110971148,0.42280287631436086
Li,loo,lawgp_r4,18,20% TOS-BTO/PVDF,1.0,480.0,3.0,21.678,23.1365898949858,0.38475521365776166
Li,composition,gp,0,20% BTO/PVDF,0.0,40.0,3.0,1.015,7.222469139143186,23.140312234780822
Li,composition,gp,1,20% BTO/PVDF,0.0,90.0,3.0,2.201,8.043824057232516,23.130533801003157
Li,composition,gp,2,20% BTO/PVDF,0.0,130.0,3.0,3.081,8.707296950757637,23.124833655206395
Li,composition,gp,3,20% BTO/PVDF,0.0,170.0,3.0,4.165,9.373377705932826,23.12090151980206
Li,composition,gp,4,20% BTO/PVDF,0.0,230.0,3.0,5.393,10.371131363223563,23.118157394814936
Li,composition,gp,5,20% BTO/PVDF,0.0,300.0,3.0,7.52,11.521666354175034,23.11961497825675
Li,composition,gp,6,20% BTO/PVDF,0.0,370.0,3.0,8.993,12.643595141410973,23.126186995054592
Li,composition,gp,7,20% BTO/PVDF,0.0,420.0,3.0,10.63,13.419730752544828,23.13422003042139
Li,composition,gp,8,20% BTO/PVDF,0.0,480.0,3.0,11.06,14.315925585053577,23.147893621608393
Li,composition,gp,9,20% TOS-BTO/PVDF,1.0,15.0,3.0,0.953,3.7961271161423387,7.0744445646458844
Li,composition,gp,10,20% TOS-BTO/PVDF,1.0,40.0,3.0,2.385,3.9985879283345183,7.069802420367353
Li,composition,gp,11,20% TOS-BTO/PVDF,1.0,90.0,3.0,5.229,4.424517697118681,7.062712490151309
Li,composition,gp,12,20% TOS-BTO/PVDF,1.0,130.0,3.0,6.252,4.78116110933692,7.05879908629119
Li,composition,gp,13,20% TOS-BTO/PVDF,1.0,170.0,3.0,8.768,5.147204760952172,7.0561538370816335
Li,composition,gp,14,20% TOS-BTO/PVDF,1.0,230.0,3.0,10.282,5.703547247877282,7.054135521241606
Li,composition,gp,15,20% TOS-BTO/PVDF,1.0,300.0,3.0,14.783,6.343892741548219,7.054335910621224
Li,composition,gp,16,20% TOS-BTO/PVDF,1.0,370.0,3.0,17.709,6.950397153350119,7.057367425821076
Li,composition,gp,17,20% TOS-BTO/PVDF,1.0,420.0,3.0,20.041,7.350034056052829,7.06166506715187
Li,composition,gp,18,20% TOS-BTO/PVDF,1.0,480.0,3.0,21.678,7.78165938462754,7.069918555683294
Li,composition,lawgp,0,20% BTO/PVDF,0.0,40.0,3.0,1.015,2.244001080178952,0.4846509313712154
Li,composition,lawgp,1,20% BTO/PVDF,0.0,90.0,3.0,2.201,4.853781501543831,0.48465093137122106
Li,composition,lawgp,2,20% BTO/PVDF,0.0,130.0,3.0,3.081,6.297121561438307,0.48465093137122106
Li,composition,lawgp,3,20% BTO/PVDF,0.0,170.0,3.0,4.165,8.508881228428613,0.48465093137122106
Li,composition,lawgp,4,20% BTO/PVDF,0.0,230.0,3.0,5.393,10.663340345763634,0.48465093137122106
Li,composition,lawgp,5,20% BTO/PVDF,0.0,300.0,3.0,7.52,14.584358558378076,0.48465093137122106
Li,composition,lawgp,6,20% BTO/PVDF,0.0,370.0,3.0,8.993,17.69475327388195,0.48465093137122106
Li,composition,lawgp,7,20% BTO/PVDF,0.0,420.0,3.0,10.63,20.041016728639164,0.48465093137122106
Li,composition,lawgp,8,20% BTO/PVDF,0.0,480.0,3.0,11.06,22.25878168098642,0.48465093137122106
Li,composition,lawgp,9,20% TOS-BTO/PVDF,1.0,15.0,3.0,0.953,0.37772344996930457,0.2651203392081836
Li,composition,lawgp,10,20% TOS-BTO/PVDF,1.0,40.0,3.0,2.385,0.9991209072041078,0.22721236520087068
Li,composition,lawgp,11,20% TOS-BTO/PVDF,1.0,90.0,3.0,5.229,2.1962853085231995,0.22721236520087068
Li,composition,lawgp,12,20% TOS-BTO/PVDF,1.0,130.0,3.0,6.252,3.118564888284729,0.22721236520087068
Li,composition,lawgp,13,20% TOS-BTO/PVDF,1.0,170.0,3.0,8.768,4.145963596300964,0.22721236520087068
Li,composition,lawgp,14,20% TOS-BTO/PVDF,1.0,230.0,3.0,10.282,5.481976300259763,0.22721236520087068
Li,composition,lawgp,15,20% TOS-BTO/PVDF,1.0,300.0,3.0,14.783,7.398440703496911,0.22721236520087068
Li,composition,lawgp,16,20% TOS-BTO/PVDF,1.0,370.0,3.0,17.709,8.97790554850574,0.22721236520087068
Li,composition,lawgp,17,20% TOS-BTO/PVDF,1.0,420.0,3.0,20.041,10.407465669642832,0.22721236520087068
Li,composition,lawgp,18,20% TOS-BTO/PVDF,1.0,480.0,3.0,21.678,11.332277077781754,0.22721236520087068
Li,composition,law,0,20% BTO/PVDF,0.0,40.0,3.0,1.015,1.889111911899641,
Li,composition,law,1,20% BTO/PVDF,0.0,90.0,3.0,2.201,4.250501801774192,
Li,composition,law,2,20% BTO/PVDF,0.0,130.0,3.0,3.081,6.139613713673833,
Li,composition,law,3,20% BTO/PVDF,0.0,170.0,3.0,4.165,8.028725625573474,
Li,composition,law,4,20% BTO/PVDF,0.0,230.0,3.0,5.393,10.862393493422935,
Li,composition,law,5,20% BTO/PVDF,0.0,300.0,3.0,7.52,14.168339339247305,
Li,composition,law,6,20% BTO/PVDF,0.0,370.0,3.0,8.993,17.47428518507168,
Li,composition,law,7,20% BTO/PVDF,0.0,420.0,3.0,10.63,19.835675074946227,
Li,composition,law,8,20% BTO/PVDF,0.0,480.0,3.0,11.06,22.66934294279569,
Li,composition,law,9,20% TOS-BTO/PVDF,1.0,15.0,3.0,0.953,0.36270994475138135,
Li,composition,law,10,20% TOS-BTO/PVDF,1.0,40.0,3.0,2.385,0.9672265193370169,
Li,composition,law,11,20% TOS-BTO/PVDF,1.0,90.0,3.0,5.229,2.1762596685082882,
Li,composition,law,12,20% TOS-BTO/PVDF,1.0,130.0,3.0,6.252,3.143486187845305,
Li,composition,law,13,20% TOS-BTO/PVDF,1.0,170.0,3.0,8.768,4.110712707182322,
Li,composition,law,14,20% TOS-BTO/PVDF,1.0,230.0,3.0,10.282,5.561552486187847,
Li,composition,law,15,20% TOS-BTO/PVDF,1.0,300.0,3.0,14.783,7.254198895027627,
Li,composition,law,16,20% TOS-BTO/PVDF,1.0,370.0,3.0,17.709,8.946845303867407,
Li,composition,law,17,20% TOS-BTO/PVDF,1.0,420.0,3.0,20.041,10.155878453038678,
Li,composition,law,18,20% TOS-BTO/PVDF,1.0,480.0,3.0,21.678,11.606718232044203,
Li,composition,gp_r4,0,20% BTO/PVDF,0.0,40.0,3.0,1.015,2.372022784106237,0.6036564551213839
Li,composition,gp_r4,1,20% BTO/PVDF,0.0,90.0,3.0,2.201,4.646453329504564,0.5787684255460785
Li,composition,gp_r4,2,20% BTO/PVDF,0.0,130.0,3.0,3.081,6.4998949605151735,0.5812704428935981
Li,composition,gp_r4,3,20% BTO/PVDF,0.0,170.0,3.0,4.165,8.372909316264485,0.5862643985257893
Li,composition,gp_r4,4,20% BTO/PVDF,0.0,230.0,3.0,5.393,11.202811862137235,0.5922240924857171
Li,composition,gp_r4,5,20% BTO/PVDF,0.0,300.0,3.0,7.52,14.482498805558414,0.596538448102425
Li,composition,gp_r4,6,20% BTO/PVDF,0.0,370.0,3.0,8.993,17.613496142671664,0.5939346240391292
Li,composition,gp_r4,7,20% BTO/PVDF,0.0,420.0,3.0,10.63,19.68521307466157,0.5993466441149841
Li,composition,gp_r4,8,20% BTO/PVDF,0.0,480.0,3.0,11.06,21.94551923611182,0.6808365846752296
Li,composition,gp_r4,9,20% TOS-BTO/PVDF,1.0,15.0,3.0,0.953,0.592261572731581,0.37176521146701774
Li,composition,gp_r4,10,20% TOS-BTO/PVDF,1.0,40.0,3.0,2.385,1.0806583003302768,0.3132337925434266
Li,composition,gp_r4,11,20% TOS-BTO/PVDF,1.0,90.0,3.0,5.229,2.149488279227569,0.2730862219776212
Li,composition,gp_r4,12,20% TOS-BTO/PVDF,1.0,130.0,3.0,6.252,3.076878200484485,0.27158009327213234
Li,composition,gp_r4,13,20% TOS-BTO/PVDF,1.0,170.0,3.0,8.768,4.054260670285371,0.27381637162810935
Li,composition,gp_r4,14,20% TOS-BTO/PVDF,1.0,230.0,3.0,10.282,5.594028827850023,0.2774127634235113
Li,composition,gp_r4,15,20% TOS-BTO/PVDF,1.0,300.0,3.0,14.783,7.443593340967093,0.2804573166002799
Li,composition,gp_r4,16,20% TOS-BTO/PVDF,1.0,370.0,3.0,17.709,9.184562802439943,0.27974761204570986
Li,composition,gp_r4,17,20% TOS-BTO/PVDF,1.0,420.0,3.0,20.041,10.244917070837129,0.2780432686484407
Li,composition,gp_r4,18,20% TOS-BTO/PVDF,1.0,480.0,3.0,21.678,11.230796593761823,0.3176550136853774
Li,composition,lawgp_r4,0,20% BTO/PVDF,0.0,40.0,3.0,1.015,2.384832977704759,0.019429121267627705
Li,composition,lawgp_r4,1,20% BTO/PVDF,0.0,90.0,3.0,2.201,5.228544323701977,0.019429160332945006
Li,composition,lawgp_r4,2,20% BTO/PVDF,0.0,130.0,3.0,3.081,6.252081930463557,0.019429157307947528
Li,composition,lawgp_r4,3,20% BTO/PVDF,0.0,170.0,3.0,4.165,8.767680812339975,0.019429160777599538
Li,composition,lawgp_r4,4,20% BTO/PVDF,0.0,230.0,3.0,5.393,10.282463699972078,0.019429164292117697
Li,composition,lawgp_r4,5,20% BTO/PVDF,0.0,300.0,3.0,7.52,14.782758738506386,0.019429164342589844
Li,composition,lawgp_r4,6,20% BTO/PVDF,0.0,370.0,3.0,8.993,17.708983132241173,0.01942916386687027
Li,composition,lawgp_r4,7,20% BTO/PVDF,0.0,420.0,3.0,10.63,20.040997117383814,0.019429163816502195
Li,composition,lawgp_r4,8,20% BTO/PVDF,0.0,480.0,3.0,11.06,21.678703536477574,0.019429164298093722
Li,composition,lawgp_r4,9,20% TOS-BTO/PVDF,1.0,15.0,3.0,0.953,0.3777234499693043,0.26512049127895215
Li,composition,lawgp_r4,10,20% TOS-BTO/PVDF,1.0,40.0,3.0,2.385,0.9825745921825467,0.2651066649997284
Li,composition,lawgp_r4,11,20% TOS-BTO/PVDF,1.0,90.0,3.0,5.229,2.1913725108333475,0.2651066649997284
Li,composition,lawgp_r4,12,20% TOS-BTO/PVDF,1.0,130.0,3.0,6.252,3.157708212358613,0.2651066649997284
Li,composition,lawgp_r4,13,20% TOS-BTO/PVDF,1.0,170.0,3.0,8.768,4.126127303602722,0.2651066649997284
Li,composition,lawgp_r4,14,20% TOS-BTO/PVDF,1.0,230.0,3.0,10.282,5.574691287978201,0.2651066649997284
Li,composition,lawgp_r4,15,20% TOS-BTO/PVDF,1.0,300.0,3.0,14.783,7.271773617436441,0.2651066649997284
Li,composition,lawgp_r4,16,20% TOS-BTO/PVDF,1.0,370.0,3.0,17.709,8.962176844560743,0.2651066649997284
Li,composition,lawgp_r4,17,20% TOS-BTO/PVDF,1.0,420.0,3.0,20.041,10.17558068852134,0.2651066649997284
Li,composition,lawgp_r4,18,20% TOS-BTO/PVDF,1.0,480.0,3.0,21.678,11.615994942526047,0.2651066649997284
Li,force,gp,0,20% BTO/PVDF,0.0,40.0,3.0,1.015,0.8726685283401778,0.7298625466827745
Li,force,gp,1,20% BTO/PVDF,0.0,90.0,3.0,2.201,2.1281813143169517,0.4749211785217364
Li,force,gp,2,20% BTO/PVDF,0.0,130.0,3.0,3.081,3.153226787319336,0.5082941264884164
Li,force,gp,3,20% BTO/PVDF,0.0,170.0,3.0,4.165,4.074696892767287,0.49095210152075586
Li,force,gp,4,20% BTO/PVDF,0.0,230.0,3.0,5.393,5.749046813740675,0.3544324192203558
Li,force,gp,5,20% BTO/PVDF,0.0,300.0,3.0,7.52,7.3505677114493135,0.5239493383823037
Li,force,gp,6,20% BTO/PVDF,0.0,370.0,3.0,8.993,9.122228187691329,0.5327738430482437
Li,force,gp,7,20% BTO/PVDF,0.0,420.0,3.0,10.63,9.974256684214009,0.4865169827885572
Li,force,gp,8,20% BTO/PVDF,0.0,480.0,3.0,11.06,12.143657690600122,0.6431623049066015
Li,force,gp,9,20% TOS-BTO/PVDF,1.0,15.0,3.0,0.953,1.7063308575319622,0.600533721973063
Li,force,gp,10,20% TOS-BTO/PVDF,1.0,40.0,3.0,2.385,2.381180862114441,0.5472542124100169
Li,force,gp,11,20% TOS-BTO/PVDF,1.0,90.0,3.0,5.229,4.455411392062097,0.4575041882690067
Li,force,gp,12,20% TOS-BTO/PVDF,1.0,130.0,3.0,6.252,6.554336747478274,0.5058250587806679
Li,force,gp,13,20% TOS-BTO/PVDF,1.0,170.0,3.0,8.768,8.171743527236478,0.49013576775547485
Li,force,gp,14,20% TOS-BTO/PVDF,1.0,230.0,3.0,10.282,11.557984338757436,0.3519133129770716
Li,force,gp,15,20% TOS-BTO/PVDF,1.0,300.0,3.0,14.783,14.386184198668136,0.5215156124240554
Li,force,gp,16,20% TOS-BTO/PVDF,1.0,370.0,3.0,17.709,17.632006109158258,0.5325100479677106
Li,force,gp,17,20% TOS-BTO/PVDF,1.0,420.0,3.0,20.041,19.51572544013649,0.48653019389747393
Li,force,gp,18,20% TOS-BTO/PVDF,1.0,480.0,3.0,21.678,22.64290386711856,0.6403674300966194
Li,force,lawgp,0,20% BTO/PVDF,0.0,40.0,3.0,1.015,1.0676969480523142,0.47211881868063527
Li,force,lawgp,1,20% BTO/PVDF,0.0,90.0,3.0,2.201,2.2613069439220777,0.4275959810730585
Li,force,lawgp,2,20% BTO/PVDF,0.0,130.0,3.0,3.081,3.3034857443203514,0.4434608767940074
Li,force,lawgp,3,20% BTO/PVDF,0.0,170.0,3.0,4.165,4.213650630847902,0.4504175976584942
Li,force,lawgp,4,20% BTO/PVDF,0.0,230.0,3.0,5.393,5.717725526884083,0.45231408413189816
Li,force,lawgp,5,20% BTO/PVDF,0.0,300.0,3.0,7.52,7.340694668186651,0.4508436660358185
Li,force,lawgp,6,20% BTO/PVDF,0.0,370.0,3.0,8.993,9.067539397460198,0.4759524262964491
Li,force,lawgp,7,20% BTO/PVDF,0.0,420.0,3.0,10.63,10.15065264979778,0.4554550568692872
Li,force,lawgp,8,20% BTO/PVDF,0.0,480.0,3.0,11.06,11.92280850452,0.36842069070351546
Li,force,lawgp,9,20% TOS-BTO/PVDF,1.0,15.0,3.0,0.953,0.8169626435490872,0.4701908489705322
Li,force,lawgp,10,20% TOS-BTO/PVDF,1.0,40.0,3.0,2.385,1.9886144238431607,0.47211881868063527
Li,force,lawgp,11,20% TOS-BTO/PVDF,1.0,90.0,3.0,5.229,4.325027265346792,0.4275959810730585
Li,force,lawgp,12,20% TOS-BTO/PVDF,1.0,130.0,3.0,6.252,6.654300088130202,0.4434358900299854
Li,force,lawgp,13,20% TOS-BTO/PVDF,1.0,170.0,3.0,8.768,8.103916229314489,0.4504175976584942
Li,force,lawgp,14,20% TOS-BTO/PVDF,1.0,230.0,3.0,10.282,11.050163123078992,0.45231408413189816
Li,force,lawgp,15,20% TOS-BTO/PVDF,1.0,300.0,3.0,14.783,14.206716297412775,0.4508436660358185
Li,force,lawgp,16,20% TOS-BTO/PVDF,1.0,370.0,3.0,17.709,17.55234554011108,0.4759524262964491
Li,force,lawgp,17,20% TOS-BTO/PVDF,1.0,420.0,3.0,20.041,19.914292517491912,0.4554550568692872
Li,force,lawgp,18,20% TOS-BTO/PVDF,1.0,480.0,3.0,21.678,23.185435453228727,0.36842069070351546
Li,force,law,0,20% BTO/PVDF,0.0,40.0,3.0,1.015,0.9671232950755344,
Li,force,law,1,20% BTO/PVDF,0.0,90.0,3.0,2.201,2.175986648509571,
Li,force,law,2,20% BTO/PVDF,0.0,130.0,3.0,3.081,3.144942360728075,
Li,force,law,3,20% BTO/PVDF,0.0,170.0,3.0,4.165,4.10851289962361,
Li,force,law,4,20% BTO/PVDF,0.0,230.0,3.0,5.393,5.574489843338035,
Li,force,law,5,20% BTO/PVDF,0.0,300.0,3.0,7.52,7.217514184976921,
Li,force,law,6,20% BTO/PVDF,0.0,370.0,3.0,8.993,8.936404824851289,
Li,force,law,7,20% BTO/PVDF,0.0,420.0,3.0,10.63,10.008035000883861,
Li,force,law,8,20% BTO/PVDF,0.0,480.0,3.0,11.06,11.85288567521079,
Li,force,law,9,20% TOS-BTO/PVDF,1.0,15.0,3.0,0.953,0.7083428109419216,
Li,force,law,10,20% TOS-BTO/PVDF,1.0,40.0,3.0,2.385,1.8880407708663807,
Li,force,law,11,20% TOS-BTO/PVDF,1.0,90.0,3.0,5.229,4.239706969934285,
Li,force,law,12,20% TOS-BTO/PVDF,1.0,130.0,3.0,6.252,6.136995485405106,
Li,force,law,13,20% TOS-BTO/PVDF,1.0,170.0,3.0,8.768,7.998778498090197,
Li,force,law,14,20% TOS-BTO/PVDF,1.0,230.0,3.0,10.282,10.906927439532945,
Li,force,law,15,20% TOS-BTO/PVDF,1.0,300.0,3.0,14.783,14.083535814203046,
Li,force,law,16,20% TOS-BTO/PVDF,1.0,370.0,3.0,17.709,17.42121096750217,
Li,force,law,17,20% TOS-BTO/PVDF,1.0,420.0,3.0,20.041,19.771674868577993,
Li,force,law,18,20% TOS-BTO/PVDF,1.0,480.0,3.0,21.678,23.115512623919518,
Li,force,gp_r4,0,20% BTO/PVDF,0.0,40.0,3.0,1.015,0.8726682079865125,0.7298626153305681
Li,force,gp_r4,1,20% BTO/PVDF,0.0,90.0,3.0,2.201,2.128181335429616,0.4749210384534868
Li,force,gp_r4,2,20% BTO/PVDF,0.0,130.0,3.0,3.081,3.153226787319336,0.5082941264884164
Li,force,gp_r4,3,20% BTO/PVDF,0.0,170.0,3.0,4.165,4.074696559542313,0.49095228792584383
Li,force,gp_r4,4,20% BTO/PVDF,0.0,230.0,3.0,5.393,5.749046813740675,0.3544324192203558
Li,force,gp_r4,5,20% BTO/PVDF,0.0,300.0,3.0,7.52,7.3505677114493135,0.5239493383823037
Li,force,gp_r4,6,20% BTO/PVDF,0.0,370.0,3.0,8.993,9.122227550264318,0.5327736048951687
Li,force,gp_r4,7,20% BTO/PVDF,0.0,420.0,3.0,10.63,9.974256803233011,0.4865166153475319
Li,force,gp_r4,8,20% BTO/PVDF,0.0,480.0,3.0,11.06,12.143657933460688,0.6431627515937598
Li,force,gp_r4,9,20% TOS-BTO/PVDF,1.0,15.0,3.0,0.953,1.706330836567874,0.6005338563467597
Li,force,gp_r4,10,20% TOS-BTO/PVDF,1.0,40.0,3.0,2.385,2.381181005581361,0.5472543244209389
Li,force,gp_r4,11,20% TOS-BTO/PVDF,1.0,90.0,3.0,5.229,4.455411366955453,0.45750405489345686
Li,force,gp_r4,12,20% TOS-BTO/PVDF,1.0,130.0,3.0,6.252,6.554336747478274,0.5058250587806679
Li,force,gp_r4,13,20% TOS-BTO/PVDF,1.0,170.0,3.0,8.768,8.171743005245723,0.4901359446611338
Li,force,gp_r4,14,20% TOS-BTO/PVDF,1.0,230.0,3.0,10.282,11.557984338757436,0.3519133129770716
Li,force,gp_r4,15,20% TOS-BTO/PVDF,1.0,300.0,3.0,14.783,14.386184198668136,0.5215156124240554
Li,force,gp_r4,16,20% TOS-BTO/PVDF,1.0,370.0,3.0,17.709,17.6320051761164,0.5325098037894497
Li,force,gp_r4,17,20% TOS-BTO/PVDF,1.0,420.0,3.0,20.041,19.515725818835246,0.4865298267501183
Li,force,gp_r4,18,20% TOS-BTO/PVDF,1.0,480.0,3.0,21.678,22.642903290290516,0.6403678831825595
Li,force,lawgp_r4,0,20% BTO/PVDF,0.0,40.0,3.0,1.015,1.0676969480523144,0.4721187443044392
Li,force,lawgp_r4,1,20% BTO/PVDF,0.0,90.0,3.0,2.201,2.25066688330377,0.42490379544965323
Li,force,lawgp_r4,2,20% BTO/PVDF,0.0,130.0,3.0,3.081,3.3033411103487964,0.44331786344460855
Li,force,lawgp_r4,3,20% BTO/PVDF,0.0,170.0,3.0,4.165,4.2022624007943365,0.4502557986395325
Li,force,lawgp_r4,4,20% BTO/PVDF,0.0,230.0,3.0,5.393,5.741234775357386,0.4611294310166523
Li,force,lawgp_r4,5,20% BTO/PVDF,0.0,300.0,3.0,7.52,7.332954273471914,0.45415861739539165
Li,force,lawgp_r4,6,20% BTO/PVDF,0.0,370.0,3.0,8.993,9.098845454046266,0.4783201878408125
Li,force,lawgp_r4,7,20% BTO/PVDF,0.0,420.0,3.0,10.63,10.150288452316632,0.455565394960076
Li,force,lawgp_r4,8,20% BTO/PVDF,0.0,480.0,3.0,11.06,11.922801906743004,0.36896591004698887
Li,force,lawgp_r4,9,20% TOS-BTO/PVDF,1.0,15.0,3.0,0.953,0.8169626435490872,0.4701912567524387
Li,force,lawgp_r4,10,20% TOS-BTO/PVDF,1.0,40.0,3.0,2.385,1.9886144238431607,0.4721187443044392
Li,force,lawgp_r4,11,20% TOS-BTO/PVDF,1.0,90.0,3.0,5.229,4.333958176670875,0.4248955541424112
Li,force,lawgp_r4,12,20% TOS-BTO/PVDF,1.0,130.0,3.0,6.252,6.655158152202586,0.44329248434984314
Li,force,lawgp_r4,13,20% TOS-BTO/PVDF,1.0,170.0,3.0,8.768,8.092528145776374,0.4502557986395325
Li,force,lawgp_r4,14,20% TOS-BTO/PVDF,1.0,230.0,3.0,10.282,11.122660081729949,0.4611294292374224
Li,force,lawgp_r4,15,20% TOS-BTO/PVDF,1.0,300.0,3.0,14.783,14.19774682128822,0.45415861739539043
Li,force,lawgp_r4,16,20% TOS-BTO/PVDF,1.0,370.0,3.0,17.709,17.576992146089456,0.4783201878408125
Li,force,lawgp_r4,17,20% TOS-BTO/PVDF,1.0,420.0,3.0,20.041,19.91392832058667,0.455565394960076
Li,force,lawgp_r4,18,20% TOS-BTO/PVDF,1.0,480.0,3.0,21.678,23.18542884441807,0.36896591004698887
ParkG,loo,gp,0,70 g,0.07,1.0,105.0,0.1312,0.3069842697809081,0.43716415439315803
ParkG,loo,gp,1,70 g,0.07,1.0,110.0,0.2212,0.19188659147168796,0.32558908721300495
ParkG,loo,gp,2,70 g,0.07,1.0,115.0,0.2032,0.6040451562561957,0.9236826698853355
ParkG,loo,gp,3,70 g,0.07,1.0,120.0,0.1792,0.6218922034998898,0.9235826902766425
ParkG,loo,gp,4,70 g,0.07,1.0,125.0,0.1792,0.591850614637661,0.9236741037565772
ParkG,loo,gp,5,70 g,0.07,1.0,130.0,0.2753,0.5924919294666138,0.9238080892018342
ParkG,loo,gp,6,70 g,0.07,1.0,135.0,0.9059,0.4394593724942823,0.43390449637990003
ParkG,loo,gp,7,70 g,0.07,1.0,140.0,0.6837,0.6505016194200242,0.9239362959170969
ParkG,loo,gp,8,70 g,0.07,1.0,145.0,0.8639,0.6350479988656509,0.9237731512511812
ParkG,loo,gp,9,70 g,0.07,1.0,150.0,0.8339,0.6227160253785208,0.9237835565013903
ParkG,loo,gp,10,70 g,0.07,1.0,155.0,1.3504,0.9369694604803056,0.32139060173892114
ParkG,loo,gp,11,70 g,0.07,1.0,160.0,0.8819,0.5914840832227387,0.9236497607868089
ParkG,loo,gp,12,70 g,0.07,1.0,165.0,0.4915,0.6247897912889157,0.923936249527739
ParkG,loo,gp,13,70 g,0.07,1.0,170.0,0.7137,0.587710705815114,0.923865890209212
ParkG,loo,gp,14,70 g,0.07,1.0,175.0,0.7257,0.6737263971012206,0.9239307951916174
ParkG,loo,gp,15,70 g,0.07,1.0,180.0,0.3834,0.7491109949108463,0.9235784510097653
ParkG,loo,gp,16,70 g,0.07,1.0,185.0,0.3534,0.7064049932412856,0.9236463987041033
ParkG,loo,gp,17,70 g,0.07,1.0,190.0,0.2393,0.6379097180230799,0.9236472873693017
ParkG,loo,gp,18,70 g,0.07,1.0,195.0,0.2753,0.5998299269093332,0.923795611937723
ParkG,loo,gp,19,70 g,0.07,1.0,200.0,0.4074,0.6652553743758041,0.9238187597143028
ParkG,loo,gp,20,70 g,0.07,1.0,205.0,0.3053,0.6106211860210247,0.9238086629088328
ParkG,loo,gp,21,70 g,0.07,1.0,210.0,0.2032,0.6480648761885897,0.9235653687229615
ParkG,loo,gp,22,70 g,0.07,1.0,215.0,0.2393,0.6242420251109928,0.9236905801060302
ParkG,loo,gp,23,70 g,0.07,1.0,220.0,0.2633,0.6004639577292198,0.9237793227981367
ParkG,loo,gp,24,70 g,0.07,1.0,225.0,0.1792,0.6002755285380811,0.92365368034138
ParkG,loo,gp,25,70 g,0.07,1.0,230.0,0.1191,0.5783712991715775,0.9236163562174872
ParkG,loo,gp,26,70 g,0.07,1.0,235.0,0.1312,0.6654913412315838,0.9233330596439242
ParkG,loo,gp,27,70 g,0.07,1.0,240.0,0.2393,0.6529214083402509,0.9236018199683556
ParkG,loo,gp,28,70 g,0.07,1.0,245.0,0.1312,0.6580798938679324,0.9233570489765278
ParkG,loo,gp,29,70 g,0.07,1.0,250.0,0.1552,0.7235167060454555,0.9231436170258068
ParkG,loo,gp,30,70 g,0.07,1.0,255.0,0.2933,0.6576482410837234,0.9236794374046262
ParkG,loo,gp,31,70 g,0.07,1.0,260.0,0.4615,0.6403282179681368,0.9239011409258718
ParkG,loo,gp,32,70 g,0.07,1.0,265.0,0.8098,0.8876325597947891,0.9238876444809143
ParkG,loo,gp,33,70 g,0.07,1.0,270.0,1.2062,0.5044492933787947,0.42551194666477493
ParkG,loo,gp,34,70 g,0.07,1.0,275.0,0.7678,1.291966909843989,0.9224235169497006
ParkG,loo,gp,35,70 g,0.07,1.0,280.0,0.5215,1.7683275531471325,0.9169999103009647
ParkG,loo,gp,36,70 g,0.07,1.0,285.0,0.3774,1.4455641952121732,0.9191496457586292
ParkG,loo,gp,37,70 g,0.07,1.0,290.0,0.3233,0.9846171893301554,0.9223707853565881
ParkG,loo,gp,38,70 g,0.07,1.0,295.0,0.2933,0.268901122994771,0.3961019448824622
ParkG,loo,gp,39,170 g,0.17,1.0,105.0,0.1605,0.15916688225406372,0.36710313633949065
ParkG,loo,gp,40,170 g,0.17,1.0,110.0,0.2987,0.5953834896153807,0.9451428102758928
ParkG,loo,gp,41,170 g,0.17,1.0,115.0,0.4128,0.382419504240303,0.3165035896792538
ParkG,loo,gp,42,170 g,0.17,1.0,120.0,0.3828,0.60448071127773,0.9238943683035289
ParkG,loo,gp,43,170 g,0.17,1.0,125.0,0.3467,0.5774331330172885,0.9239014822779326
ParkG,loo,gp,44,170 g,0.17,1.0,130.0,0.4128,0.5806328391314758,0.9239377496271421
ParkG,loo,gp,45,170 g,0.17,1.0,135.0,0.3527,0.7011474068092955,0.9236536414327067
ParkG,loo,gp,46,170 g,0.17,1.0,140.0,0.5389,0.6628668630353507,0.9239202026253358
ParkG,loo,gp,47,170 g,0.17,1.0,145.0,0.9954,0.6236791667456273,0.9235262598687352
ParkG,loo,gp,48,170 g,0.17,1.0,150.0,0.9053,0.6165328477930261,0.9236736370970301
ParkG,loo,gp,49,170 g,0.17,1.0,155.0,1.1936,0.7482439068877378,0.949330859658045
ParkG,loo,gp,50,170 g,0.17,1.0,160.0,0.5749,0.6181181151107183,0.9239520876832023
ParkG,loo,gp,51,170 g,0.17,1.0,165.0,0.665,0.6098620120335456,0.9239250518124339
ParkG,loo,gp,52,170 g,0.17,1.0,170.0,0.3888,0.6157832257303871,0.9238811067762916
ParkG,loo,gp,53,170 g,0.17,1.0,175.0,0.4308,0.7707179948730221,0.9459831907088564
ParkG,loo,gp,54,170 g,0.17,1.0,180.0,0.9653,0.699457392374284,0.9237739466602277
ParkG,loo,gp,55,170 g,0.17,1.0,185.0,1.7701,0.6994094412502294,0.9459705877609303
ParkG,loo,gp,56,170 g,0.17,1.0,190.0,1.1395,0.5595558077956003,0.922896697789623
ParkG,loo,gp,57,170 g,0.17,1.0,195.0,0.8032,0.5537968266450823,0.9236881197240507
ParkG,loo,gp,58,170 g,0.17,1.0,200.0,0.5689,0.6514893420410928,0.923943453668405
ParkG,loo,gp,59,170 g,0.17,1.0,205.0,0.5629,0.5884266845041317,0.9239538426607222
ParkG,loo,gp,60,170 g,0.17,1.0,210.0,0.3948,0.6317444622259275,0.9238633733514244
ParkG,loo,gp,61,170 g,0.17,1.0,215.0,0.3227,0.6171208111604073,0.9238156645786932
ParkG,loo,gp,62,170 g,0.17,1.0,220.0,0.2927,0.5979429201932377,0.9238208754966453
ParkG,loo,gp,63,170 g,0.17,1.0,225.0,0.3007,0.5898581222413852,0.9238465835254811
ParkG,loo,gp,64,170 g,0.17,1.0,230.0,0.2326,0.5685991737600713,0.923814277314476
ParkG,loo,gp,65,170 g,0.17,1.0,235.0,0.1665,0.6624938223482116,0.9234205234042314
ParkG,loo,gp,66,170 g,0.17,1.0,240.0,0.1005,0.6647052438308346,0.923252748884578
ParkG,loo,gp,67,170 g,0.17,1.0,245.0,0.1005,0.66068444887974,0.9232706771692266
ParkG,loo,gp,68,170 g,0.17,1.0,250.0,0.1305,0.7256300252094351,0.9230638609074783
ParkG,loo,gp,69,170 g,0.17,1.0,255.0,0.3467,0.653105405960501,0.9237671830121709
ParkG,loo,gp,70,170 g,0.17,1.0,260.0,0.3828,0.6470410493820147,0.9238230332604366
ParkG,loo,gp,71,170 g,0.17,1.0,265.0,0.3767,0.9275081843474676,0.9228630186603625
ParkG,loo,gp,72,170 g,0.17,1.0,270.0,0.4668,1.1914517344254567,0.9217049978067781
ParkG,loo,gp,73,170 g,0.17,1.0,275.0,0.589,1.3164320658701858,0.9214565963457383
ParkG,loo,gp,74,170 g,0.17,1.0,280.0,0.5389,1.7644624034499223,0.9171942231971204
ParkG,loo,gp,75,170 g,0.17,1.0,285.0,0.7371,1.3894247684399093,0.9216892028498407
ParkG,loo,gp,76,170 g,0.17,1.0,290.0,0.5509,0.3906414152048142,0.4028680568321855
ParkG,loo,gp,77,170 g,0.17,1.0,295.0,0.2867,0.44251277310315434,0.3670308699584051
ParkG,loo,gp,78,370 g,0.37,1.0,105.0,0.1365,0.3059572997890359,0.417956898845602
ParkG,loo,gp,79,370 g,0.37,1.0,110.0,0.2927,0.4470756417721599,0.33386734175620886
ParkG,loo,gp,80,370 g,0.37,1.0,115.0,0.7371,0.530034305169152,0.3321049364652257
ParkG,loo,gp,81,370 g,0.37,1.0,120.0,0.7011,0.588559454853438,0.3317150257528555
ParkG,loo,gp,82,370 g,0.37,1.0,125.0,0.4428,0.5690867346046107,0.9239581530739525
ParkG,loo,gp,83,370 g,0.37,1.0,130.0,0.1966,0.39669404567288297,0.3319159540548104
ParkG,loo,gp,84,370 g,0.37,1.0,135.0,0.3888,0.6777604387081342,0.9459664039910131
ParkG,loo,gp,85,370 g,0.37,1.0,140.0,1.3857,0.5893672085837758,0.9221711166258759
ParkG,loo,gp,86,370 g,0.37,1.0,145.0,0.659,0.6526303151289004,0.9239450736769647
ParkG,loo,gp,87,370 g,0.37,1.0,150.0,0.3888,0.7375482024210892,0.3311780933175498
ParkG,loo,gp,88,370 g,0.37,1.0,155.0,0.7551,0.7114567771531107,0.9239427008821458
ParkG,loo,gp,89,370 g,0.37,1.0,160.0,0.7912,0.5994046470211626,0.923800319988077
ParkG,loo,gp,90,370 g,0.37,1.0,165.0,0.9713,0.5831309383340936,0.9234492389136252
ParkG,loo,gp,91,370 g,0.37,1.0,170.0,0.8092,1.3157205186060317,0.3290044290152762
ParkG,loo,gp,92,370 g,0.37,1.0,175.0,1.8362,0.5764197438153078,0.9196861518369893
ParkG,loo,gp,93,370 g,0.37,1.0,180.0,2.3887,0.6967545070230856,0.9420853784047264
ParkG,loo,gp,94,370 g,0.37,1.0,185.0,1.0854,0.6438562405957797,0.9233860374301728
ParkG,loo,gp,95,370 g,0.37,1.0,190.0,0.8212,0.587782392183958,0.9237355348310748
ParkG,loo,gp,96,370 g,0.37,1.0,195.0,0.5629,0.5749656946100925,0.9239495640680973
ParkG,loo,gp,97,370 g,0.37,1.0,200.0,0.629,0.6463519819401897,0.9239496379977832
ParkG,loo,gp,98,370 g,0.37,1.0,205.0,0.5329,0.5910285107918891,0.9239563866242563
ParkG,loo,gp,99,370 g,0.37,1.0,210.0,0.1665,0.6511791070381638,0.9234666576047277
ParkG,loo,gp,100,370 g,0.37,1.0,215.0,0.1425,0.6324790971484305,0.9234915701738428
ParkG,loo,gp,101,370 g,0.37,1.0,220.0,0.1725,0.6082290412025403,0.923623675534684
ParkG,loo,gp,102,370 g,0.37,1.0,225.0,0.1485,0.6028987068558794,0.9235917774950242
ParkG,loo,gp,103,370 g,0.37,1.0,230.0,0.2867,0.5639154475040418,0.9238805820014225
ParkG,loo,gp,104,370 g,0.37,1.0,235.0,1.0014,0.2975855720580109,0.530585013275785
ParkG,loo,gp,105,370 g,0.37,1.0,240.0,0.3287,0.3534718365155806,0.5362529860950865
ParkG,loo,gp,106,370 g,0.37,1.0,245.0,1.0494,0.5788668247618535,0.9232448967017434
ParkG,loo,gp,107,370 g,0.37,1.0,250.0,1.2476,0.6761626739157287,0.9456265792075333
ParkG,loo,gp,108,370 g,0.37,1.0,255.0,0.629,0.6289810140522478,0.9239326868369422
ParkG,loo,gp,109,370 g,0.37,1.0,260.0,0.617,0.6270116004633528,0.9239462793480715
ParkG,loo,gp,110,370 g,0.37,1.0,265.0,0.5749,0.9090309196347256,0.9234654399051742
ParkG,loo,gp,111,370 g,0.37,1.0,270.0,0.3828,1.201753435951399,0.9212154812243044
ParkG,loo,gp,112,370 g,0.37,1.0,275.0,0.1906,1.3740989000853259,0.9185257851580291
ParkG,loo,gp,113,370 g,0.37,1.0,280.0,0.4428,1.7859907458675273,0.9161481133362066
ParkG,loo,gp,114,370 g,0.37,1.0,285.0,0.3587,1.4486056931477378,0.9189902911570675
ParkG,loo,gp,115,370 g,0.37,1.0,290.0,0.4608,0.9710950242316233,0.9229125819107888
ParkG,loo,gp,116,370 g,0.37,1.0,295.0,0.3107,0.258973556409272,0.4180436588352451
ParkG,loo,gp,117,570 g,0.57,1.0,105.0,0.5594,0.23767534666658147,0.6523012131016572
ParkG,loo,gp,118,570 g,0.57,1.0,110.0,0.3008,0.5893636250953942,0.949458761069183
ParkG,loo,gp,119,570 g,0.57,1.0,115.0,0.3368,0.5925872610063004,0.9238583309430664
ParkG,loo,gp,120,570 g,0.57,1.0,120.0,0.3008,0.6115116247024341,0.9238013656083025
ParkG,loo,gp,121,570 g,0.57,1.0,125.0,0.1624,0.5932861223158089,0.9236471607525918
ParkG,loo,gp,122,570 g,0.57,1.0,130.0,0.2105,0.5980480299907682,0.9237058490140719
ParkG,loo,gp,123,570 g,0.57,1.0,135.0,0.6436,0.33145446310411575,0.33489001556002734
ParkG,loo,gp,124,570 g,0.57,1.0,140.0,0.4511,0.6703442193214569,0.9238517844477102
ParkG,loo,gp,125,570 g,0.57,1.0,145.0,0.3248,0.6811048683395907,0.9236669864333766
ParkG,loo,gp,126,570 g,0.57,1.0,150.0,0.3248,0.6662881791451479,0.9237069648877969
ParkG,loo,gp,127,570 g,0.57,1.0,155.0,0.3248,0.7482126269982391,0.9234640770956514
ParkG,loo,gp,128,570 g,0.57,1.0,160.0,0.2887,0.6425924185947259,0.9237132204790929
ParkG,loo,gp,129,570 g,0.57,1.0,165.0,0.5293,0.6215485918403513,0.9239490467764879
ParkG,loo,gp,130,570 g,0.57,1.0,170.0,0.5173,0.6047413137206803,0.923955045603813
ParkG,loo,gp,131,570 g,0.57,1.0,175.0,0.4331,0.6986493467685089,0.9237833403086128
ParkG,loo,gp,132,570 g,0.57,1.0,180.0,0.3729,0.7500113229719019,0.9235555149358806
ParkG,loo,gp,133,570 g,0.57,1.0,185.0,0.391,0.7032006697435653,0.9237143382583243
ParkG,loo,gp,134,570 g,0.57,1.0,190.0,0.4571,0.6193118708395702,0.9239253476725274
ParkG,loo,gp,135,570 g,0.57,1.0,195.0,0.5894,0.5726510307536624,0.923939334582538
ParkG,loo,gp,136,570 g,0.57,1.0,200.0,1.3172,0.5864342981634404,0.9224208875154257
ParkG,loo,gp,137,570 g,0.57,1.0,205.0,0.9323,0.4185824112397437,0.6516694388288312
ParkG,loo,gp,138,570 g,0.57,1.0,210.0,2.0209,0.48402598819214737,0.9173177152244891
ParkG,loo,gp,139,570 g,0.57,1.0,215.0,1.5938,0.5032176283953316,0.9204759666522657
ParkG,loo,gp,140,570 g,0.57,1.0,220.0,1.0405,0.5320332264995191,0.92307446459859
ParkG,loo,gp,141,570 g,0.57,1.0,225.0,0.8481,0.5418345790313961,0.9235771052777735
ParkG,loo,gp,142,570 g,0.57,1.0,230.0,0.5293,0.5426673052613222,0.9239525671729267
ParkG,loo,gp,143,570 g,0.57,1.0,235.0,0.5173,0.6326130367065372,0.9239375358924098
ParkG,loo,gp,144,570 g,0.57,1.0,240.0,0.8601,0.5995994659853972,0.9237050213600121
ParkG,loo,gp,145,570 g,0.57,1.0,245.0,0.9263,0.5897265725564731,0.9235636984718508
ParkG,loo,gp,146,570 g,0.57,1.0,250.0,1.5517,0.6032665581949884,0.9215129268941544
ParkG,loo,gp,147,570 g,0.57,1.0,255.0,1.0706,0.5905980421851711,0.9232342969097823
ParkG,loo,gp,148,570 g,0.57,1.0,260.0,0.397,0.694245647334524,0.33526905639667065
ParkG,loo,gp,149,570 g,0.57,1.0,265.0,0.3489,0.9301430460555808,0.9227562966442219
ParkG,loo,gp,150,570 g,0.57,1.0,270.0,0.403,1.1992643546966506,0.9213375905662804
ParkG,loo,gp,151,570 g,0.57,1.0,275.0,0.403,1.3428160937598497,0.9202210195233784
ParkG,loo,gp,152,570 g,0.57,1.0,280.0,0.8721,1.6923314849530442,0.9202300136829559
ParkG,loo,gp,153,570 g,0.57,1.0,285.0,0.806,1.3791342358301386,0.9220878833110061
ParkG,loo,gp,154,570 g,0.57,1.0,290.0,0.4812,1.139107154843315,0.6473230671494349
ParkG,loo,gp,155,570 g,0.57,1.0,295.0,0.1925,0.8371070414540888,0.9226837576589816
ParkG,loo,gp,156,870 g,0.87,1.0,105.0,0.242,0.40845363420633346,0.44308853889245914
ParkG,loo,gp,157,870 g,0.87,1.0,110.0,0.2901,0.6186191344413556,0.9476435907566466
ParkG,loo,gp,158,870 g,0.87,1.0,115.0,0.3262,0.593500497416139,0.923847076792893
ParkG,loo,gp,159,870 g,0.87,1.0,120.0,0.4645,0.5974520333139777,0.9239323648865585
ParkG,loo,gp,160,870 g,0.87,1.0,125.0,0.5186,0.5624700479371062,0.9239460334610136
ParkG,loo,gp,161,870 g,0.87,1.0,130.0,0.4224,0.5798027532558279,0.9239414543735495
ParkG,loo,gp,162,870 g,0.87,1.0,135.0,0.2901,0.7064806406287352,0.9235274598323897
ParkG,loo,gp,163,870 g,0.87,1.0,140.0,0.1337,0.24687426666177187,0.6809745191010325
ParkG,loo,gp,164,870 g,0.87,1.0,145.0,0.5306,0.6635887394973391,0.9239186332750069
ParkG,loo,gp,165,870 g,0.87,1.0,150.0,0.7171,0.6327780988107793,0.923910893612515
ParkG,loo,gp,166,870 g,0.87,1.0,155.0,0.6148,0.7234073882648924,0.923910425253153
ParkG,loo,gp,167,870 g,0.87,1.0,160.0,0.2961,0.6419621862641198,0.9237257944555373
ParkG,loo,gp,168,870 g,0.87,1.0,165.0,0.1758,0.6517042755612943,0.9234814926981418
ParkG,loo,gp,169,870 g,0.87,1.0,170.0,0.1397,0.637021148298444,0.9234550029047901
ParkG,loo,gp,170,870 g,0.87,1.0,175.0,0.1337,0.7241863684114509,0.9230724109520674
ParkG,loo,gp,171,870 g,0.87,1.0,180.0,0.1397,0.7701410351489139,0.9228739830414087
ParkG,loo,gp,172,870 g,0.87,1.0,185.0,0.1577,0.7231030078455745,0.9231509204722002
ParkG,loo,gp,173,870 g,0.87,1.0,190.0,0.1337,0.6468791764702196,0.9233970178513262
ParkG,loo,gp,174,870 g,0.87,1.0,195.0,0.1337,0.39562028636048474,0.6809204956679267
ParkG,loo,gp,175,870 g,0.87,1.0,200.0,0.2841,0.6757403100826469,0.9236132360945503
ParkG,loo,gp,176,870 g,0.87,1.0,205.0,0.1638,0.622693588837055,0.9235509209153363
ParkG,loo,gp,177,870 g,0.87,1.0,210.0,0.1217,0.6549806662028635,0.9233451148952977
ParkG,loo,gp,178,870 g,0.87,1.0,215.0,0.26,0.6224753942611752,0.923721086573631
ParkG,loo,gp,179,870 g,0.87,1.0,220.0,0.3803,0.5904077847555282,0.9239126938786054
ParkG,loo,gp,180,870 g,0.87,1.0,225.0,0.3302,0.5873180721604739,0.9238764304904405
ParkG,loo,gp,181,870 g,0.87,1.0,230.0,0.4645,0.5541686912171335,0.6808907796049549
ParkG,loo,gp,182,870 g,0.87,1.0,235.0,1.1802,0.5748177428631814,0.9228402112598121
ParkG,loo,gp,183,870 g,0.87,1.0,240.0,1.3306,0.5593942824912448,0.6774911341830802
ParkG,loo,gp,184,870 g,0.87,1.0,245.0,0.663,0.6126430687835136,0.9239277768871456
ParkG,loo,gp,185,870 g,0.87,1.0,250.0,0.5367,0.6909957771132968,0.923894121517369
ParkG,loo,gp,186,870 g,0.87,1.0,255.0,0.3382,0.653824242367512,0.9237488504853558
ParkG,loo,gp,187,870 g,0.87,1.0,260.0,0.5908,0.7044708160138016,0.9485274203840337
ParkG,loo,gp,188,870 g,0.87,1.0,265.0,2.6417,0.7314735834584685,0.9153566121729686
ParkG,loo,gp,189,870 g,0.87,1.0,270.0,3.207,0.9262430708074851,0.9131365153586192
ParkG,loo,gp,190,870 g,0.87,1.0,275.0,4.7126,0.9178862896130866,0.8918571391933029
ParkG,loo,gp,191,870 g,0.87,1.0,280.0,7.357,0.9740788638570703,0.8305672155994727
ParkG,loo,gp,192,870 g,0.87,1.0,285.0,4.5001,0.9946523761451,0.8981107688474932
ParkG,loo,gp,193,870 g,0.87,1.0,290.0,2.9003,0.7589769870192071,0.9132942174924376
ParkG,loo,gp,194,870 g,0.87,1.0,295.0,2.7981,0.6949974256512061,0.9385400289986489
ParkG,loo,gp,195,1070 g,1.07,1.0,105.0,0.5131,0.3802544022332047,0.7423364463527465
ParkG,loo,gp,196,1070 g,1.07,1.0,110.0,0.3447,0.6396150262423584,0.9540714490270802
ParkG,loo,gp,197,1070 g,1.07,1.0,115.0,0.477,0.5804709869195561,0.9239407035776319
ParkG,loo,gp,198,1070 g,1.07,1.0,120.0,0.6574,0.5807073758780774,0.9239039689787479
ParkG,loo,gp,199,1070 g,1.07,1.0,125.0,0.6694,0.5491785484803471,0.9238416860414008
ParkG,loo,gp,200,1070 g,1.07,1.0,130.0,0.9099,0.536733293408991,0.9234287353858074
ParkG,loo,gp,201,1070 g,1.07,1.0,135.0,1.2465,0.4201032905137615,0.7393745062451921
ParkG,loo,gp,202,1070 g,1.07,1.0,140.0,0.3628,0.67785416568935,0.9237184940555956
ParkG,loo,gp,203,1070 g,1.07,1.0,145.0,0.1824,0.6932123445853886,0.9233283069939413
ParkG,loo,gp,204,1070 g,1.07,1.0,150.0,0.2065,0.6763417393473489,0.9234595539452883
ParkG,loo,gp,205,1070 g,1.07,1.0,155.0,0.1283,0.7651612362853762,0.9228700599366624
ParkG,loo,gp,206,1070 g,1.07,1.0,160.0,0.2185,0.6485620248767325,0.923577564069303
ParkG,loo,gp,207,1070 g,1.07,1.0,165.0,0.2125,0.6485863325800707,0.923564814874943
ParkG,loo,gp,208,1070 g,1.07,1.0,170.0,0.2606,0.6267360801361059,0.9237112554647473
ParkG,loo,gp,209,1070 g,1.07,1.0,175.0,0.3207,0.708221673543638,0.9235836278586553
ParkG,loo,gp,210,1070 g,1.07,1.0,180.0,0.1884,0.7659180061518258,0.9230445036749141
ParkG,loo,gp,211,1070 g,1.07,1.0,185.0,0.1343,0.7251044650171212,0.9230757769316821
ParkG,loo,gp,212,1070 g,1.07,1.0,190.0,0.1524,0.6452923603645873,0.9234528053777189
ParkG,loo,gp,213,1070 g,1.07,1.0,195.0,0.1524,0.610334057906197,0.9235743083621702
ParkG,loo,gp,214,1070 g,1.07,1.0,200.0,0.2425,0.6792770053017726,0.923530103487612
ParkG,loo,gp,215,1070 g,1.07,1.0,205.0,0.1824,0.6211104352036794,0.9235913407813582
ParkG,loo,gp,216,1070 g,1.07,1.0,210.0,0.1223,0.017372571189524955,0.7423096856761549
ParkG,loo,gp,217,1070 g,1.07,1.0,215.0,0.2185,0.6260149469128032,0.9236516769206143
ParkG,loo,gp,218,1070 g,1.07,1.0,220.0,0.3628,0.5919164345495759,0.9238980140752306
ParkG,loo,gp,219,1070 g,1.07,1.0,225.0,0.6153,0.5625119934668045,0.9239162954575618
ParkG,loo,gp,220,1070 g,1.07,1.0,230.0,0.459,0.5488694428213582,0.9239701331023595
ParkG,loo,gp,221,1070 g,1.07,1.0,235.0,0.1704,0.6621646205747368,0.9234292753926231
ParkG,loo,gp,222,1070 g,1.07,1.0,240.0,0.2666,0.6506024429350976,0.9236569870930589
ParkG,loo,gp,223,1070 g,1.07,1.0,245.0,0.2065,0.6516878255239535,0.9235440065727076
ParkG,loo,gp,224,1070 g,1.07,1.0,250.0,0.2726,0.7134908933073454,0.9234680944365762
ParkG,loo,gp,225,1070 g,1.07,1.0,255.0,0.5612,0.6347988071589302,0.9239446707818963
ParkG,loo,gp,226,1070 g,1.07,1.0,260.0,0.7536,0.6853012653686703,0.7424532414626331
ParkG,loo,gp,227,1070 g,1.07,1.0,265.0,1.7996,2.1040274423194534,0.741332754164287
ParkG,loo,gp,228,1070 g,1.07,1.0,270.0,3.982,0.8660585406236869,0.9021340674134539
ParkG,loo,gp,229,1070 g,1.07,1.0,275.0,4.499,4.743219180328434,0.6190412554165164
ParkG,loo,gp,230,1070 g,1.07,1.0,280.0,5.6773,1.056894206063822,0.880589944507561
ParkG,loo,gp,231,1070 g,1.07,1.0,285.0,5.3767,0.9351760130037483,0.8795794058328266
ParkG,loo,gp,232,1070 g,1.07,1.0,290.0,2.4369,3.3616859171791753,0.3338546109919341
ParkG,loo,gp,233,1070 g,1.07,1.0,295.0,1.4089,0.7320451851888866,0.9229066540238218
ParkG,loo,lawgp,0,70 g,0.07,1.0,105.0,0.1312,0.2414226285391709,0.3716831239796031
ParkG,loo,lawgp,1,70 g,0.07,1.0,110.0,0.2212,0.19137150571755987,0.2870078211526015
ParkG,loo,lawgp,2,70 g,0.07,1.0,115.0,0.2032,0.24439551969546114,0.2789988604138339
ParkG,loo,lawgp,3,70 g,0.07,1.0,120.0,0.1792,0.2153313133640023,0.31519975621695556
ParkG,loo,lawgp,4,70 g,0.07,1.0,125.0,0.1792,0.3024510134722805,0.3149399776117185
ParkG,loo,lawgp,5,70 g,0.07,1.0,130.0,0.2753,0.474081254493948,0.3145309273337179
ParkG,loo,lawgp,6,70 g,0.07,1.0,135.0,0.9059,0.448844612173903,0.3128594416872848
ParkG,loo,lawgp,7,70 g,0.07,1.0,140.0,0.6837,0.930792397393945,0.27692536467758466
ParkG,loo,lawgp,8,70 g,0.07,1.0,145.0,0.8639,0.8787743713932509,0.3149401960762135
ParkG,loo,lawgp,9,70 g,0.07,1.0,150.0,0.8339,1.0544192613104177,0.31408667689061587
ParkG,loo,lawgp,10,70 g,0.07,1.0,155.0,1.3504,0.9950293209518057,0.2779059043207589
ParkG,loo,lawgp,11,70 g,0.07,1.0,160.0,0.8819,0.8305903696544525,0.27786606414937143
ParkG,loo,lawgp,12,70 g,0.07,1.0,165.0,0.4915,0.8036971920969651,0.3139411933758353
ParkG,loo,lawgp,13,70 g,0.07,1.0,170.0,0.7137,0.5477820976272977,0.314585678589233
ParkG,loo,lawgp,14,70 g,0.07,1.0,175.0,0.7257,0.46728092570209717,0.314233101198833
ParkG,loo,lawgp,15,70 g,0.07,1.0,180.0,0.3834,0.5107383134518207,0.278036431528857
ParkG,loo,lawgp,16,70 g,0.07,1.0,185.0,0.3534,0.45956239354432066,0.3149017418746706
ParkG,loo,lawgp,17,70 g,0.07,1.0,190.0,0.2393,0.42688525354851325,0.3147839860014568
ParkG,loo,lawgp,18,70 g,0.07,1.0,195.0,0.2753,0.3565140040175505,0.2778475964084749
ParkG,loo,lawgp,19,70 g,0.07,1.0,200.0,0.4074,0.27796184832968907,0.31472457661611375
ParkG,loo,lawgp,20,70 g,0.07,1.0,205.0,0.3053,0.36290997788680407,0.27789598046766767
ParkG,loo,lawgp,21,70 g,0.07,1.0,210.0,0.2032,0.25175943344437635,0.27797127648200837
ParkG,loo,lawgp,22,70 g,0.07,1.0,215.0,0.2393,0.25365621737818583,0.2779758948588726
ParkG,loo,lawgp,23,70 g,0.07,1.0,220.0,0.2633,0.20896288474908456,0.3149102194766655
ParkG,loo,lawgp,24,70 g,0.07,1.0,225.0,0.1792,0.2049733481048396,0.3149457602532306
ParkG,loo,lawgp,25,70 g,0.07,1.0,230.0,0.1191,0.13511496739840895,0.27799373906944047
ParkG,loo,lawgp,26,70 g,0.07,1.0,235.0,0.1312,0.16815525990868468,0.3149356639448371
ParkG,loo,lawgp,27,70 g,0.07,1.0,240.0,0.2393,0.14532429354711593,0.2777981233062698
ParkG,loo,lawgp,28,70 g,0.07,1.0,245.0,0.1312,0.16651454765500046,0.31495046838075036
ParkG,loo,lawgp,29,70 g,0.07,1.0,250.0,0.1552,0.14765313742897435,0.27796553886714087
ParkG,loo,lawgp,30,70 g,0.07,1.0,255.0,0.2933,0.3182559434542587,0.27795921908269583
ParkG,loo,lawgp,31,70 g,0.07,1.0,260.0,0.4615,0.5719733900645223,0.3146848418632738
ParkG,loo,lawgp,32,70 g,0.07,1.0,265.0,0.8098,0.7102489396064946,0.3148332933952212
ParkG,loo,lawgp,33,70 g,0.07,1.0,270.0,1.2062,0.8308785439114044,0.2760961245747531
ParkG,loo,lawgp,34,70 g,0.07,1.0,275.0,0.7678,0.9425968302936225,0.2772926525507241
ParkG,loo,lawgp,35,70 g,0.07,1.0,280.0,0.5215,0.8070438487634648,0.31501457588650045
ParkG,loo,lawgp,36,70 g,0.07,1.0,285.0,0.3774,0.5293265074792594,0.31554906547922357
ParkG,loo,lawgp,37,70 g,0.07,1.0,290.0,0.3233,0.31745464972153725,0.3181469813735689
ParkG,loo,lawgp,38,70 g,0.07,1.0,295.0,0.2933,0.26070846849436585,0.36689133472299723
ParkG,loo,lawgp,39,170 g,0.17,1.0,105.0,0.1605,0.28775304962796755,0.365950543960698
ParkG,loo,lawgp,40,170 g,0.17,1.0,110.0,0.2987,0.2832554676737704,0.31790412714864796
ParkG,loo,lawgp,41,170 g,0.17,1.0,115.0,0.4128,0.309748532068417,0.3152062709040268
ParkG,loo,lawgp,42,170 g,0.17,1.0,120.0,0.3828,0.34573153329819295,0.3150252075936998
ParkG,loo,lawgp,43,170 g,0.17,1.0,125.0,0.3467,0.2698960076500531,0.4501676688825742
ParkG,loo,lawgp,44,170 g,0.17,1.0,130.0,0.4128,0.2692458547727872,0.2769060454088802
ParkG,loo,lawgp,45,170 g,0.17,1.0,135.0,0.3527,0.5287783283534436,0.31461563296328254
ParkG,loo,lawgp,46,170 g,0.17,1.0,140.0,0.5389,0.6921459915833547,0.3145724083227208
ParkG,loo,lawgp,47,170 g,0.17,1.0,145.0,0.9954,0.699252234877689,0.2770009612603555
ParkG,loo,lawgp,48,170 g,0.17,1.0,150.0,0.9053,1.1433132317845747,0.27955846596720213
ParkG,loo,lawgp,49,170 g,0.17,1.0,155.0,1.1936,0.7860203309724652,0.27692014518984964
ParkG,loo,lawgp,50,170 g,0.17,1.0,160.0,0.5749,0.8471626690139004,0.3138116168584306
ParkG,loo,lawgp,51,170 g,0.17,1.0,165.0,0.665,0.31372662131911666,0.27533179540207686
ParkG,loo,lawgp,52,170 g,0.17,1.0,170.0,0.3888,0.5981820546746314,0.27669949491171775
ParkG,loo,lawgp,53,170 g,0.17,1.0,175.0,0.4308,0.8176022816439601,0.31364758435141177
ParkG,loo,lawgp,54,170 g,0.17,1.0,180.0,0.9653,1.1397305286965507,0.27643969607214314
ParkG,loo,lawgp,55,170 g,0.17,1.0,185.0,1.7701,1.0933311101764867,0.2723605064254145
ParkG,loo,lawgp,56,170 g,0.17,1.0,190.0,1.1395,1.2829898341311297,0.29081225069683186
ParkG,loo,lawgp,57,170 g,0.17,1.0,195.0,0.8032,0.8803409262484643,0.30352766392157005
ParkG,loo,lawgp,58,170 g,0.17,1.0,200.0,0.5689,0.6660259037469554,0.2842404935909238
ParkG,loo,lawgp,59,170 g,0.17,1.0,205.0,0.5629,0.4617194665128918,0.31460640375366117
ParkG,loo,lawgp,60,170 g,0.17,1.0,210.0,0.3948,0.40952190459542687,0.27759385838162853
ParkG,loo,lawgp,61,170 g,0.17,1.0,215.0,0.3227,0.3372553307036985,0.3147704102313084
ParkG,loo,lawgp,62,170 g,0.17,1.0,220.0,0.2927,0.29618661752745223,0.3147723174581347
ParkG,loo,lawgp,63,170 g,0.17,1.0,225.0,0.3007,0.22114516611458984,0.44998369499240193
ParkG,loo,lawgp,64,170 g,0.17,1.0,230.0,0.2326,0.21559884711070404,0.4502913958677872
ParkG,loo,lawgp,65,170 g,0.17,1.0,235.0,0.1665,0.1751164074173875,0.3147749084459454
ParkG,loo,lawgp,66,170 g,0.17,1.0,240.0,0.1005,0.2873396468606427,0.4503597450858383
ParkG,loo,lawgp,67,170 g,0.17,1.0,245.0,0.1005,0.1562115103369505,0.3147840754185542
ParkG,loo,lawgp,68,170 g,0.17,1.0,250.0,0.1305,0.3713419267558566,0.44947543252315686
ParkG,loo,lawgp,69,170 g,0.17,1.0,255.0,0.3467,0.2515718962182447,0.31463612264270785
ParkG,loo,lawgp,70,170 g,0.17,1.0,260.0,0.3828,0.3565234965195361,0.31473335080166515
ParkG,loo,lawgp,71,170 g,0.17,1.0,265.0,0.3767,0.42041455276812634,0.27761728296996474
ParkG,loo,lawgp,72,170 g,0.17,1.0,270.0,0.4668,0.5068960421240088,0.31474154080162864
ParkG,loo,lawgp,73,170 g,0.17,1.0,275.0,0.589,0.6111902235590446,0.3148267909089885
ParkG,loo,lawgp,74,170 g,0.17,1.0,280.0,0.5389,0.7523686532865755,0.3147730838876874
ParkG,loo,lawgp,75,170 g,0.17,1.0,285.0,0.7371,0.5248787746411556,0.31471028505911813
ParkG,loo,lawgp,76,170 g,0.17,1.0,290.0,0.5509,0.5328109651771138,0.2866410214361164
ParkG,loo,lawgp,77,170 g,0.17,1.0,295.0,0.2867,0.4481871832485048,0.36579602140806144
ParkG,loo,lawgp,78,370 g,0.37,1.0,105.0,0.1365,0.37666407653106,0.37606672681329223
ParkG,loo,lawgp,79,370 g,0.37,1.0,110.0,0.2927,0.4121126929896894,0.3036846379448574
ParkG,loo,lawgp,80,370 g,0.37,1.0,115.0,0.7371,0.5541693267347287,0.2930646061069217
ParkG,loo,lawgp,81,370 g,0.37,1.0,120.0,0.7011,0.4709011663717657,0.3172866184020703
ParkG,loo,lawgp,82,370 g,0.37,1.0,125.0,0.4428,0.4812996887948719,0.3172745763895538
ParkG,loo,lawgp,83,370 g,0.37,1.0,130.0,0.1966,0.5893054588978646,0.31625030814257166
ParkG,loo,lawgp,84,370 g,0.37,1.0,135.0,0.3888,0.8111897229069325,0.2958064163995889
ParkG,loo,lawgp,85,370 g,0.37,1.0,140.0,1.3857,0.6360687797146302,0.2851925218311649
ParkG,loo,lawgp,86,370 g,0.37,1.0,145.0,0.659,0.7825477132141947,0.3168228362837325
ParkG,loo,lawgp,87,370 g,0.37,1.0,150.0,0.3888,0.48953709778146237,0.2919403921951128
ParkG,loo,lawgp,88,370 g,0.37,1.0,155.0,0.7551,0.5314427410723935,0.29135547704538556
ParkG,loo,lawgp,89,370 g,0.37,1.0,160.0,0.7912,0.7194947064933618,0.317093000935271
ParkG,loo,lawgp,90,370 g,0.37,1.0,165.0,0.9713,0.6124323505937359,0.2902536732999308
ParkG,loo,lawgp,91,370 g,0.37,1.0,170.0,0.8092,1.1348169222506446,0.2900590060502415
ParkG,loo,lawgp,92,370 g,0.37,1.0,175.0,1.8362,1.6321170342228961,0.29335605210557847
ParkG,loo,lawgp,93,370 g,0.37,1.0,180.0,2.3887,1.2638493600173377,0.3092411586923851
ParkG,loo,lawgp,94,370 g,0.37,1.0,185.0,1.0854,1.6105263524843507,0.2867177766493361
ParkG,loo,lawgp,95,370 g,0.37,1.0,190.0,0.8212,0.5184428711564636,0.29017512428765224
ParkG,loo,lawgp,96,370 g,0.37,1.0,195.0,0.5629,0.4917442235414959,0.5336810305159537
ParkG,loo,lawgp,97,370 g,0.37,1.0,200.0,0.629,0.5617903295886765,0.2918657785118121
ParkG,loo,lawgp,98,370 g,0.37,1.0,205.0,0.5329,0.36730994298398506,0.3169382267453766
ParkG,loo,lawgp,99,370 g,0.37,1.0,210.0,0.1665,0.3578057015403201,0.2918427324549667
ParkG,loo,lawgp,100,370 g,0.37,1.0,215.0,0.1425,0.21856038699768582,0.31724440995659475
ParkG,loo,lawgp,101,370 g,0.37,1.0,220.0,0.1725,0.23571310798233266,0.29190014082029064
ParkG,loo,lawgp,102,370 g,0.37,1.0,225.0,0.1485,0.064820690970083,0.29158865997824157
ParkG,loo,lawgp,103,370 g,0.37,1.0,230.0,0.2867,0.4641956544346163,0.3168465626166553
ParkG,loo,lawgp,104,370 g,0.37,1.0,235.0,1.0014,0.22810641332697673,0.28337619954425325
ParkG,loo,lawgp,105,370 g,0.37,1.0,240.0,0.3287,1.0094942812686987,0.2843695340671044
ParkG,loo,lawgp,106,370 g,0.37,1.0,245.0,1.0494,0.458672673168045,0.5319968283533016
ParkG,loo,lawgp,107,370 g,0.37,1.0,250.0,1.2476,1.0141874869124718,0.29185968214870894
ParkG,loo,lawgp,108,370 g,0.37,1.0,255.0,0.629,0.9044208779994365,0.31592373801419904
ParkG,loo,lawgp,109,370 g,0.37,1.0,260.0,0.617,0.6319048259741409,0.3171105345508764
ParkG,loo,lawgp,110,370 g,0.37,1.0,265.0,0.5749,0.5867338093601434,0.29187703024190187
ParkG,loo,lawgp,111,370 g,0.37,1.0,270.0,0.3828,0.3168451764021866,0.29188067263714407
ParkG,loo,lawgp,112,370 g,0.37,1.0,275.0,0.1906,0.5259183140877234,0.31713095117592627
ParkG,loo,lawgp,113,370 g,0.37,1.0,280.0,0.4428,0.38579809004677323,0.29167702624117775
ParkG,loo,lawgp,114,370 g,0.37,1.0,285.0,0.3587,0.6056383520127021,0.2927251093579365
ParkG,loo,lawgp,115,370 g,0.37,1.0,290.0,0.4608,0.3242867119048431,0.303519836691504
ParkG,loo,lawgp,116,370 g,0.37,1.0,295.0,0.3107,0.49001400099094883,0.39002315847208113
ParkG,loo,lawgp,117,570 g,0.57,1.0,105.0,0.5594,0.29365977035795826,0.3918874959104301
ParkG,loo,lawgp,118,570 g,0.57,1.0,110.0,0.3008,0.4431140408600046,0.30415025910263144
ParkG,loo,lawgp,119,570 g,0.57,1.0,115.0,0.3368,0.30913869117395654,0.3177036311511239
ParkG,loo,lawgp,120,570 g,0.57,1.0,120.0,0.3008,0.31726973123235874,0.29252932694790995
ParkG,loo,lawgp,121,570 g,0.57,1.0,125.0,0.1624,0.31555342788733826,0.31731633893890276
ParkG,loo,lawgp,122,570 g,0.57,1.0,130.0,0.2105,0.39637016166938716,0.31701038899619893
ParkG,loo,lawgp,123,570 g,0.57,1.0,135.0,0.6436,0.36855762939007664,0.2915448015055271
ParkG,loo,lawgp,124,570 g,0.57,1.0,140.0,0.4511,0.4321312786993834,0.31737367287659823
ParkG,loo,lawgp,125,570 g,0.57,1.0,145.0,0.3248,0.3162956603856859,0.29238144737480065
ParkG,loo,lawgp,126,570 g,0.57,1.0,150.0,0.3248,0.34224064538984555,0.2923786483284568
ParkG,loo,lawgp,127,570 g,0.57,1.0,155.0,0.3248,0.3357209892007433,0.31736769540295956
ParkG,loo,lawgp,128,570 g,0.57,1.0,160.0,0.2887,0.4259168428567997,0.2921562838113578
ParkG,loo,lawgp,129,570 g,0.57,1.0,165.0,0.5293,0.41671036112150944,0.29219316786237043
ParkG,loo,lawgp,130,570 g,0.57,1.0,170.0,0.5173,0.5240502706394086,0.2923785644575215
ParkG,loo,lawgp,131,570 g,0.57,1.0,175.0,0.4331,0.4577060487289825,0.292402166412709
ParkG,loo,lawgp,132,570 g,0.57,1.0,180.0,0.3729,0.4275165550129828,0.2924583822621906
ParkG,loo,lawgp,133,570 g,0.57,1.0,185.0,0.391,0.44390951965240844,0.2923035908732144
ParkG,loo,lawgp,134,570 g,0.57,1.0,190.0,0.4571,0.2932139616428322,0.29170170145582325
ParkG,loo,lawgp,135,570 g,0.57,1.0,195.0,0.5894,0.9974869251114192,0.28866975005072554
ParkG,loo,lawgp,136,570 g,0.57,1.0,200.0,1.3172,0.5152119205463517,0.28291453766709507
ParkG,loo,lawgp,137,570 g,0.57,1.0,205.0,0.9323,1.7370905277692212,0.2793584030025605
ParkG,loo,lawgp,138,570 g,0.57,1.0,210.0,2.0209,1.1382435223681642,0.2843864883184867
ParkG,loo,lawgp,139,570 g,0.57,1.0,215.0,1.5938,1.6661019542329931,0.2917473788378851
ParkG,loo,lawgp,140,570 g,0.57,1.0,220.0,1.0405,1.1857152341745887,0.316851378275625
ParkG,loo,lawgp,141,570 g,0.57,1.0,225.0,0.8481,0.8069574759282286,0.3172525790603332
ParkG,loo,lawgp,142,570 g,0.57,1.0,230.0,0.5293,0.5545251715531314,0.29235157494009173
ParkG,loo,lawgp,143,570 g,0.57,1.0,235.0,0.5173,0.673342590261752,0.2920259646077601
ParkG,loo,lawgp,144,570 g,0.57,1.0,240.0,0.8601,0.5654962076203038,0.2910924603443031
ParkG,loo,lawgp,145,570 g,0.57,1.0,245.0,0.9263,1.1044316479945473,0.31647176808135236
ParkG,loo,lawgp,146,570 g,0.57,1.0,250.0,1.5517,1.0837619368593832,0.29215182111156474
ParkG,loo,lawgp,147,570 g,0.57,1.0,255.0,1.0706,1.0679167833007694,0.29217263516353575
ParkG,loo,lawgp,148,570 g,0.57,1.0,260.0,0.397,0.5555126297450164,0.29243197909172874
ParkG,loo,lawgp,149,570 g,0.57,1.0,265.0,0.3489,0.37289337845057663,0.3176254240606085
ParkG,loo,lawgp,150,570 g,0.57,1.0,270.0,0.403,0.3511300832273836,0.31773062916341643
ParkG,loo,lawgp,151,570 g,0.57,1.0,275.0,0.403,0.802105677290855,0.2928957801703089
ParkG,loo,lawgp,152,570 g,0.57,1.0,280.0,0.8721,1.1293364060911666,0.3171482592215518
ParkG,loo,lawgp,153,570 g,0.57,1.0,285.0,0.806,0.9603432832921918,0.29334201881762945
ParkG,loo,lawgp,154,570 g,0.57,1.0,290.0,0.4812,0.441494891499303,0.32070686903809575
ParkG,loo,lawgp,155,570 g,0.57,1.0,295.0,0.1925,0.39309043120575937,0.3775019174452599
ParkG,loo,lawgp,156,870 g,0.87,1.0,105.0,0.242,0.30223387378198413,0.37732240915846454
ParkG,loo,lawgp,157,870 g,0.87,1.0,110.0,0.2901,0.2592165462776264,0.3043850792811985
ParkG,loo,lawgp,158,870 g,0.87,1.0,115.0,0.3262,0.372274497986404,0.2937104933851024
ParkG,loo,lawgp,159,870 g,0.87,1.0,120.0,0.4645,0.4123955490521159,0.317656420946018
ParkG,loo,lawgp,160,870 g,0.87,1.0,125.0,0.5186,0.46871223808611323,0.2923941403489055
ParkG,loo,lawgp,161,870 g,0.87,1.0,130.0,0.4224,0.4648598343179039,0.29235124562549153
ParkG,loo,lawgp,162,870 g,0.87,1.0,135.0,0.2901,0.3546384661685238,0.31741294621952637
ParkG,loo,lawgp,163,870 g,0.87,1.0,140.0,0.1337,0.46285292762053476,0.3165978592518512
ParkG,loo,lawgp,164,870 g,0.87,1.0,145.0,0.5306,0.3880496294886505,0.29213847094493256
ParkG,loo,lawgp,165,870 g,0.87,1.0,150.0,0.7171,0.47078901629157466,0.31715528170800694
ParkG,loo,lawgp,166,870 g,0.87,1.0,155.0,0.6148,0.511576694843003,0.2923288081295719
ParkG,loo,lawgp,167,870 g,0.87,1.0,160.0,0.2961,0.3735306453284305,0.29230824630231206
ParkG,loo,lawgp,168,870 g,0.87,1.0,165.0,0.1758,0.1796031164657671,0.29239642626581897
ParkG,loo,lawgp,169,870 g,0.87,1.0,170.0,0.1397,0.17301114392116712,0.29239969374485403
ParkG,loo,lawgp,170,870 g,0.87,1.0,175.0,0.1337,0.15779260558884203,0.2931233164998102
ParkG,loo,lawgp,171,870 g,0.87,1.0,180.0,0.1397,0.14132645738868985,0.31736310164454956
ParkG,loo,lawgp,172,870 g,0.87,1.0,185.0,0.1577,0.14544011908520932,0.3173580076660421
ParkG,loo,lawgp,173,870 g,0.87,1.0,190.0,0.1337,0.17582623095209093,0.3173549857124236
ParkG,loo,lawgp,174,870 g,0.87,1.0,195.0,0.1337,0.23862105623399946,0.29229186987277395
ParkG,loo,lawgp,175,870 g,0.87,1.0,200.0,0.2841,0.1954885486825671,0.2922189155480183
ParkG,loo,lawgp,176,870 g,0.87,1.0,205.0,0.1638,0.21007827714843436,0.3173469603797768
ParkG,loo,lawgp,177,870 g,0.87,1.0,210.0,0.1217,0.1781944814557871,0.2924334654569706
ParkG,loo,lawgp,178,870 g,0.87,1.0,215.0,0.26,0.2820329240757179,0.29239004897803067
ParkG,loo,lawgp,179,870 g,0.87,1.0,220.0,0.3803,0.3535562350532451,0.2923590721381373
ParkG,loo,lawgp,180,870 g,0.87,1.0,225.0,0.3302,0.517854818479661,0.31725218169476216
ParkG,loo,lawgp,181,870 g,0.87,1.0,230.0,0.4645,0.802983899498182,0.31601416035089414
ParkG,loo,lawgp,182,870 g,0.87,1.0,235.0,1.1802,0.8006207025014573,0.3167592638586455
ParkG,loo,lawgp,183,870 g,0.87,1.0,240.0,1.3306,0.7724869704398669,0.31594199905300047
ParkG,loo,lawgp,184,870 g,0.87,1.0,245.0,0.663,0.8928967320586011,0.29146503521630357
ParkG,loo,lawgp,185,870 g,0.87,1.0,250.0,0.5367,0.47515465147753533,0.29145126620887746
ParkG,loo,lawgp,186,870 g,0.87,1.0,255.0,0.3382,0.5521018915657647,0.31518113076003174
ParkG,loo,lawgp,187,870 g,0.87,1.0,260.0,0.5908,1.3008322023484444,0.28626571444578447
ParkG,loo,lawgp,188,870 g,0.87,1.0,265.0,2.6417,1.6820430313986567,0.30525373188789173
ParkG,loo,lawgp,189,870 g,0.87,1.0,270.0,3.207,3.214278616133275,0.29123192441154455
ParkG,loo,lawgp,190,870 g,0.87,1.0,275.0,4.7126,5.357973253839642,0.3082005482163344
ParkG,loo,lawgp,191,870 g,0.87,1.0,280.0,7.357,5.335710240165611,0.25656613338757506
ParkG,loo,lawgp,192,870 g,0.87,1.0,285.0,4.5001,3.673722671657575,0.5374895626003603
ParkG,loo,lawgp,193,870 g,0.87,1.0,290.0,2.9003,2.843664428405387,0.30448937070121257
ParkG,loo,lawgp,194,870 g,0.87,1.0,295.0,2.7981,1.5160086143565745,0.5319211665332534
ParkG,loo,lawgp,195,1070 g,1.07,1.0,105.0,0.5131,0.3286740863451752,0.3771907754799079
ParkG,loo,lawgp,196,1070 g,1.07,1.0,110.0,0.3447,0.4518954130046278,0.3042857199860683
ParkG,loo,lawgp,197,1070 g,1.07,1.0,115.0,0.477,0.5069546046192093,0.3177340810575049
ParkG,loo,lawgp,198,1070 g,1.07,1.0,120.0,0.6574,0.5837419430667516,0.2925548013936739
ParkG,loo,lawgp,199,1070 g,1.07,1.0,125.0,0.6694,0.8085307804215485,0.31706051686701014
ParkG,loo,lawgp,200,1070 g,1.07,1.0,130.0,0.9099,1.0465987732085387,0.29168769042201126
ParkG,loo,lawgp,201,1070 g,1.07,1.0,135.0,1.2465,0.5837568646172694,0.31403889333364027
ParkG,loo,lawgp,202,1070 g,1.07,1.0,140.0,0.3628,0.6706493555296478,0.31616690984234064
ParkG,loo,lawgp,203,1070 g,1.07,1.0,145.0,0.1824,0.1346732025035978,0.29226756838319945
ParkG,loo,lawgp,204,1070 g,1.07,1.0,150.0,0.2065,0.20345682350094907,0.29240083596240696
ParkG,loo,lawgp,205,1070 g,1.07,1.0,155.0,0.1283,0.18936219209964406,0.31737972400687614
ParkG,loo,lawgp,206,1070 g,1.07,1.0,160.0,0.2185,0.1838842580618419,0.3173454265441447
ParkG,loo,lawgp,207,1070 g,1.07,1.0,165.0,0.2125,0.24473231522621072,0.31734946320506896
ParkG,loo,lawgp,208,1070 g,1.07,1.0,170.0,0.2606,0.26033418916395545,0.3173632282566237
ParkG,loo,lawgp,209,1070 g,1.07,1.0,175.0,0.3207,0.25642406301079085,0.2960534705460657
ParkG,loo,lawgp,210,1070 g,1.07,1.0,180.0,0.1884,0.23149176158604368,0.3173536037362236
ParkG,loo,lawgp,211,1070 g,1.07,1.0,185.0,0.1343,0.17322241076364975,0.29242010972350596
ParkG,loo,lawgp,212,1070 g,1.07,1.0,190.0,0.1524,0.391316102016355,0.5422653966815351
ParkG,loo,lawgp,213,1070 g,1.07,1.0,195.0,0.1524,0.19099872309983523,0.31735605627401553
ParkG,loo,lawgp,214,1070 g,1.07,1.0,200.0,0.2425,0.1593719538827466,0.31728616168937085
ParkG,loo,lawgp,215,1070 g,1.07,1.0,205.0,0.1824,0.21148433137862654,0.29241320449428804
ParkG,loo,lawgp,216,1070 g,1.07,1.0,210.0,0.1223,0.19615281815269903,0.29240943306848616
ParkG,loo,lawgp,217,1070 g,1.07,1.0,215.0,0.2185,0.21132661600595773,0.2923923604985909
ParkG,loo,lawgp,218,1070 g,1.07,1.0,220.0,0.3628,0.45958892079355584,0.29228012096798467
ParkG,loo,lawgp,219,1070 g,1.07,1.0,225.0,0.6153,0.5074465435910533,0.2922302460646336
ParkG,loo,lawgp,220,1070 g,1.07,1.0,230.0,0.459,0.43139715469595774,0.2923454157678913
ParkG,loo,lawgp,221,1070 g,1.07,1.0,235.0,0.1704,0.39468310918699506,0.29755191546730336
ParkG,loo,lawgp,222,1070 g,1.07,1.0,240.0,0.2666,0.2403668197932376,0.29240752250259583
ParkG,loo,lawgp,223,1070 g,1.07,1.0,245.0,0.2065,0.31591292974438573,0.2926863761398361
ParkG,loo,lawgp,224,1070 g,1.07,1.0,250.0,0.2726,0.32747284571255203,0.3178036812667951
ParkG,loo,lawgp,225,1070 g,1.07,1.0,255.0,0.5612,0.5424877393731568,0.2928934398900861
ParkG,loo,lawgp,226,1070 g,1.07,1.0,260.0,0.7536,0.8545866499125528,0.29604845339401364
ParkG,loo,lawgp,227,1070 g,1.07,1.0,265.0,1.7996,2.3971484229341686,0.28985100613809345
ParkG,loo,lawgp,228,1070 g,1.07,1.0,270.0,3.982,3.1238575242025703,0.28059279267866155
ParkG,loo,lawgp,229,1070 g,1.07,1.0,275.0,4.499,5.342209974628348,0.290765789930228
ParkG,loo,lawgp,230,1070 g,1.07,1.0,280.0,5.6773,7.053967787757131,0.30924878789677157
ParkG,loo,lawgp,231,1070 g,1.07,1.0,285.0,5.3767,4.416285025840071,0.3060369866851867
ParkG,loo,lawgp,232,1070 g,1.07,1.0,290.0,2.4369,3.173651773731584,0.3163671149950413
ParkG,loo,lawgp,233,1070 g,1.07,1.0,295.0,1.4089,1.7829125759506221,0.3785682016590419
ParkG,loo,law,0,70 g,0.07,1.0,105.0,0.1312,0.0027286359384371913,
ParkG,loo,law,1,70 g,0.07,1.0,110.0,0.2212,0.0028907123138173637,
ParkG,loo,law,2,70 g,0.07,1.0,115.0,0.2032,0.0030681220462458973,
ParkG,loo,law,3,70 g,0.07,1.0,120.0,0.1792,0.0032623873221318545,
ParkG,loo,law,4,70 g,0.07,1.0,125.0,0.1792,0.0034755365941218377,
ParkG,loo,law,5,70 g,0.07,1.0,130.0,0.2753,0.003709586673274941,
ParkG,loo,law,6,70 g,0.07,1.0,135.0,0.9059,0.003963864208846918,
ParkG,loo,law,7,70 g,0.07,1.0,140.0,0.6837,0.004252339898021166,
ParkG,loo,law,8,70 g,0.07,1.0,145.0,0.8639,0.004569420803859499,
ParkG,loo,law,9,70 g,0.07,1.0,150.0,0.8339,0.00492557454213521,
ParkG,loo,law,10,70 g,0.07,1.0,155.0,1.3504,0.005317310720636043,
ParkG,loo,law,11,70 g,0.07,1.0,160.0,0.8819,0.005772989950671791,
ParkG,loo,law,12,70 g,0.07,1.0,165.0,0.4915,0.00628881333136326,
ParkG,loo,law,13,70 g,0.07,1.0,170.0,0.7137,0.006863237239331635,
ParkG,loo,law,14,70 g,0.07,1.0,175.0,0.7257,0.0075250446683206035,
ParkG,loo,law,15,70 g,0.07,1.0,180.0,0.3834,0.008298835361525226,
ParkG,loo,law,16,70 g,0.07,1.0,185.0,0.3534,0.009186148367050529,
ParkG,loo,law,17,70 g,0.07,1.0,190.0,0.2393,0.010227380188990234,
ParkG,loo,law,18,70 g,0.07,1.0,195.0,0.2753,0.011446173133073204,
ParkG,loo,law,19,70 g,0.07,1.0,200.0,0.4074,0.01288674571749741,
ParkG,loo,law,20,70 g,0.07,1.0,205.0,0.3053,0.014637979956911427,
ParkG,loo,law,21,70 g,0.07,1.0,210.0,0.2032,0.016770216275026048,
ParkG,loo,law,22,70 g,0.07,1.0,215.0,0.2393,0.019376461594651135,
ParkG,loo,law,23,70 g,0.07,1.0,220.0,0.2633,0.02263463249126124,
ParkG,loo,law,24,70 g,0.07,1.0,225.0,0.1792,0.026812769258655618,
ParkG,loo,law,25,70 g,0.07,1.0,230.0,0.1191,0.032236911277165346,
ParkG,loo,law,26,70 g,0.07,1.0,235.0,0.1312,0.0394053473847586,
ParkG,loo,law,27,70 g,0.07,1.0,240.0,0.2393,0.04907392614031388,
ParkG,loo,law,28,70 g,0.07,1.0,245.0,0.1312,0.06301836775180125,
ParkG,loo,law,29,70 g,0.07,1.0,250.0,0.1552,0.08320693330404749,
ParkG,loo,law,30,70 g,0.07,1.0,255.0,0.2933,0.11343782003402474,
ParkG,loo,law,31,70 g,0.07,1.0,260.0,0.4615,0.1608817584279931,
ParkG,loo,law,32,70 g,0.07,1.0,265.0,0.8098,0.23308827943727714,
ParkG,loo,law,33,70 g,0.07,1.0,270.0,1.2062,0.33437669888758514,
ParkG,loo,law,34,70 g,0.07,1.0,275.0,0.7678,0.560622368794374,
ParkG,loo,law,35,70 g,0.07,1.0,280.0,0.5215,0.7447244178844221,
ParkG,loo,law,36,70 g,0.07,1.0,285.0,0.3774,0.596614969619895,
ParkG,loo,law,37,70 g,0.07,1.0,290.0,0.3233,0.37432721507886874,
ParkG,loo,law,38,70 g,0.07,1.0,295.0,0.2933,0.2354037145568128,
ParkG,loo,law,39,170 g,0.17,1.0,105.0,0.1605,0.0027035401782911236,
ParkG,loo,law,40,170 g,0.17,1.0,110.0,0.2987,0.002864158062763669,
ParkG,loo,law,41,170 g,0.17,1.0,115.0,0.4128,0.003039548225483496,
ParkG,loo,law,42,170 g,0.17,1.0,120.0,0.3828,0.0032319592817309922,
ParkG,loo,law,43,170 g,0.17,1.0,125.0,0.3467,0.003443229203511827,
ParkG,loo,law,44,170 g,0.17,1.0,130.0,0.4128,0.003675464777228357,
ParkG,loo,law,45,170 g,0.17,1.0,135.0,0.3527,0.003932528752892207,
ParkG,loo,law,46,170 g,0.17,1.0,140.0,0.5389,0.004216177051862389,
ParkG,loo,law,47,170 g,0.17,1.0,145.0,0.9954,0.004529830074078409,
ParkG,loo,law,48,170 g,0.17,1.0,150.0,0.9053,0.004883410243636391,
ParkG,loo,law,49,170 g,0.17,1.0,155.0,1.1936,0.0052768127301527825,
ParkG,loo,law,50,170 g,0.17,1.0,160.0,0.5749,0.005728285001333049,
ParkG,loo,law,51,170 g,0.17,1.0,165.0,0.665,0.006232357831818126,
ParkG,loo,law,52,170 g,0.17,1.0,170.0,0.3888,0.006810742928753243,
ParkG,loo,law,53,170 g,0.17,1.0,175.0,0.4308,0.00746826843389759,
ParkG,loo,law,54,170 g,0.17,1.0,180.0,0.9653,0.008215296131837043,
ParkG,loo,law,55,170 g,0.17,1.0,185.0,1.7701,0.009071676586074866,
ParkG,loo,law,56,170 g,0.17,1.0,190.0,1.1395,0.010109784347518188,
ParkG,loo,law,57,170 g,0.17,1.0,195.0,0.8032,0.01132669891774136,
ParkG,loo,law,58,170 g,0.17,1.0,200.0,0.5689,0.012772372421868497,
ParkG,loo,law,59,170 g,0.17,1.0,205.0,0.5629,0.014498469284453922,
ParkG,loo,law,60,170 g,0.17,1.0,210.0,0.3948,0.016609510570123144,
ParkG,loo,law,61,170 g,0.17,1.0,215.0,0.3227,0.019204106432562897,
ParkG,loo,law,62,170 g,0.17,1.0,220.0,0.2927,0.022444798845182475,
ParkG,loo,law,63,170 g,0.17,1.0,225.0,0.3007,0.026560580948172173,
ParkG,loo,law,64,170 g,0.17,1.0,230.0,0.2326,0.03192206271019358,
ParkG,loo,law,65,170 g,0.17,1.0,235.0,0.1665,0.03905267720779858,
ParkG,loo,law,66,170 g,0.17,1.0,240.0,0.1005,0.048805548125471214,
ParkG,loo,law,67,170 g,0.17,1.0,245.0,0.1005,0.06252253129388877,
ParkG,loo,law,68,170 g,0.17,1.0,250.0,0.1305,0.08258151920682112,
ParkG,loo,law,69,170 g,0.17,1.0,255.0,0.3467,0.11265028429263403,
ParkG,loo,law,70,170 g,0.17,1.0,260.0,0.3828,0.16153059720712842,
ParkG,loo,law,71,170 g,0.17,1.0,265.0,0.3767,0.24465912215642888,
ParkG,loo,law,72,170 g,0.17,1.0,270.0,0.4668,0.38477593493640505,
ParkG,loo,law,73,170 g,0.17,1.0,275.0,0.589,0.5848795037610175,
ParkG,loo,law,74,170 g,0.17,1.0,280.0,0.5389,0.711008142652219,
ParkG,loo,law,75,170 g,0.17,1.0,285.0,0.7371,0.5495653081177059,
ParkG,loo,law,76,170 g,0.17,1.0,290.0,0.5509,0.3619273271657828,
ParkG,loo,law,77,170 g,0.17,1.0,295.0,0.2867,0.23392239897683978,
ParkG,loo,law,78,370 g,0.37,1.0,105.0,0.1365,0.004210020427736073,
ParkG,loo,law,79,370 g,0.37,1.0,110.0,0.2927,0.004460148847227627,
ParkG,loo,law,80,370 g,0.37,1.0,115.0,0.7371,0.004732077243857217,
ParkG,loo,law,81,370 g,0.37,1.0,120.0,0.7011,0.005031570064745087,
ParkG,loo,law,82,370 g,0.37,1.0,125.0,0.4428,0.005361465783994064,
ParkG,loo,law,83,370 g,0.37,1.0,130.0,0.1966,0.005724858488325991,
ParkG,loo,law,84,370 g,0.37,1.0,135.0,0.3888,0.006123708474231589,
ParkG,loo,law,85,370 g,0.37,1.0,140.0,1.3857,0.0065596435967355425,
ParkG,loo,law,86,370 g,0.37,1.0,145.0,0.659,0.007057729268114435,
ParkG,loo,law,87,370 g,0.37,1.0,150.0,0.3888,0.007610621851067922,
ParkG,loo,law,88,370 g,0.37,1.0,155.0,0.7551,0.008223828054489374,
ParkG,loo,law,89,370 g,0.37,1.0,160.0,0.7912,0.008918084120302061,
ParkG,loo,law,90,370 g,0.37,1.0,165.0,0.9713,0.009701436652745107,
ParkG,loo,law,91,370 g,0.37,1.0,170.0,0.8092,0.01059853643485944,
ParkG,loo,law,92,370 g,0.37,1.0,175.0,1.8362,0.011598618512591809,
ParkG,loo,law,93,370 g,0.37,1.0,180.0,2.3887,0.012756993930744198,
ParkG,loo,law,94,370 g,0.37,1.0,185.0,1.0854,0.0141578018959092,
ParkG,loo,law,95,370 g,0.37,1.0,190.0,0.8212,0.01576285735612976,
ParkG,loo,law,96,370 g,0.37,1.0,195.0,0.5629,0.01765640127731288,
ParkG,loo,law,97,370 g,0.37,1.0,200.0,0.629,0.01989044478428907,
ParkG,loo,law,98,370 g,0.37,1.0,205.0,0.5329,0.022586528956814376,
ParkG,loo,law,99,370 g,0.37,1.0,210.0,0.1665,0.025896647934087684,
ParkG,loo,law,100,370 g,0.37,1.0,215.0,0.1425,0.029939268278424216,
ParkG,loo,law,101,370 g,0.37,1.0,220.0,0.1725,0.03498553172132867,
ParkG,loo,law,102,370 g,0.37,1.0,225.0,0.1485,0.04141847275312413,
ParkG,loo,law,103,370 g,0.37,1.0,230.0,0.2867,0.049705796146430364,
ParkG,loo,law,104,370 g,0.37,1.0,235.0,1.0014,0.06033568339679543,
ParkG,loo,law,105,370 g,0.37,1.0,240.0,0.3287,0.07581922034202612,
ParkG,loo,law,106,370 g,0.37,1.0,245.0,1.0494,0.09600710940299617,
ParkG,loo,law,107,370 g,0.37,1.0,250.0,1.2476,0.12591239661154344,
ParkG,loo,law,108,370 g,0.37,1.0,255.0,0.629,0.1746245458826991,
ParkG,loo,law,109,370 g,0.37,1.0,260.0,0.617,0.250705003658415,
ParkG,loo,law,110,370 g,0.37,1.0,265.0,0.5749,0.38053229195473376,
ParkG,loo,law,111,370 g,0.37,1.0,270.0,0.3828,0.6130447123198766,
ParkG,loo,law,112,370 g,0.37,1.0,275.0,0.1906,0.9734698034451994,
ParkG,loo,law,113,370 g,0.37,1.0,280.0,0.4428,1.1558065432058153,
ParkG,loo,law,114,370 g,0.37,1.0,285.0,0.3587,0.916802592195103,
ParkG,loo,law,115,370 g,0.37,1.0,290.0,0.4608,0.5771537311953362,
ParkG,loo,law,116,370 g,0.37,1.0,295.0,0.3107,0.3663621613707659,
ParkG,loo,law,117,570 g,0.57,1.0,105.0,0.5594,0.007789437657048082,
ParkG,loo,law,118,570 g,0.57,1.0,110.0,0.3008,0.008254869874756448,
ParkG,loo,law,119,570 g,0.57,1.0,115.0,0.3368,0.00876099966185664,
ParkG,loo,law,120,570 g,0.57,1.0,120.0,0.3008,0.00931569406517137,
ParkG,loo,law,121,570 g,0.57,1.0,125.0,0.1624,0.009925756371891584,
ParkG,loo,law,122,570 g,0.57,1.0,130.0,0.2105,0.010595581202888137,
ParkG,loo,law,123,570 g,0.57,1.0,135.0,0.6436,0.011330264390838283,
ParkG,loo,law,124,570 g,0.57,1.0,140.0,0.4511,0.012153037193462267,
ParkG,loo,law,125,570 g,0.57,1.0,145.0,0.3248,0.013067631260686857,
ParkG,loo,law,126,570 g,0.57,1.0,150.0,0.3248,0.014086806075790307,
ParkG,loo,law,127,570 g,0.57,1.0,155.0,0.3248,0.0152296913968015,
ParkG,loo,law,128,570 g,0.57,1.0,160.0,0.2887,0.016518099547554295,
ParkG,loo,law,129,570 g,0.57,1.0,165.0,0.5293,0.017967518584523848,
ParkG,loo,law,130,570 g,0.57,1.0,170.0,0.5173,0.019624928078731566,
ParkG,loo,law,131,570 g,0.57,1.0,175.0,0.4331,0.021525220309781365,
ParkG,loo,law,132,570 g,0.57,1.0,180.0,0.3729,0.02371326381834203,
ParkG,loo,law,133,570 g,0.57,1.0,185.0,0.391,0.026245868380925432,
ParkG,loo,law,134,570 g,0.57,1.0,190.0,0.4571,0.029200315686015103,
ParkG,loo,law,135,570 g,0.57,1.0,195.0,0.5894,0.032672036075754064,
ParkG,loo,law,136,570 g,0.57,1.0,200.0,1.3172,0.03671344449640126,
ParkG,loo,law,137,570 g,0.57,1.0,205.0,0.9323,0.04172793839148377,
ParkG,loo,law,138,570 g,0.57,1.0,210.0,2.0209,0.047507003728003386,
ParkG,loo,law,139,570 g,0.57,1.0,215.0,1.5938,0.054973835471940576,
ParkG,loo,law,140,570 g,0.57,1.0,220.0,1.0405,0.06439856084291132,
ParkG,loo,law,141,570 g,0.57,1.0,225.0,0.8481,0.07626871550820878,
ParkG,loo,law,142,570 g,0.57,1.0,230.0,0.5293,0.09181402354329066,
ParkG,loo,law,143,570 g,0.57,1.0,235.0,0.5173,0.11222284005371296,
ParkG,loo,law,144,570 g,0.57,1.0,240.0,0.8601,0.13942286925770644,
ParkG,loo,law,145,570 g,0.57,1.0,245.0,0.9263,0.17809647059001085,
ParkG,loo,law,146,570 g,0.57,1.0,250.0,1.5517,0.23179408382751213,
ParkG,loo,law,147,570 g,0.57,1.0,255.0,1.0706,0.32047487477679865,
ParkG,loo,law,148,570 g,0.57,1.0,260.0,0.397,0.4713904884617412,
ParkG,loo,law,149,570 g,0.57,1.0,265.0,0.3489,0.7236751049615133,
ParkG,loo,law,150,570 g,0.57,1.0,270.0,0.403,1.1671914073910152,
ParkG,loo,law,151,570 g,0.57,1.0,275.0,0.403,1.8559112057941096,
ParkG,loo,law,152,570 g,0.57,1.0,280.0,0.8721,2.2122063713485574,
ParkG,loo,law,153,570 g,0.57,1.0,285.0,0.806,1.7220761669902915,
ParkG,loo,law,154,570 g,0.57,1.0,290.0,0.4812,1.0984017345742372,
ParkG,loo,law,155,570 g,0.57,1.0,295.0,0.1925,0.6921976384862033,
ParkG,loo,law,156,870 g,0.87,1.0,105.0,0.242,0.017054889135906557,
ParkG,loo,law,157,870 g,0.87,1.0,110.0,0.2901,0.018069165631540044,
ParkG,loo,law,158,870 g,0.87,1.0,115.0,0.3262,0.019176758968199287,
ParkG,loo,law,159,870 g,0.87,1.0,120.0,0.4645,0.02038645071203684,
ParkG,loo,law,160,870 g,0.87,1.0,125.0,0.5186,0.021716393704645114,
ParkG,loo,law,161,870 g,0.87,1.0,130.0,0.4224,0.023185629187593936,
ParkG,loo,law,162,870 g,0.87,1.0,135.0,0.2901,0.024810506799289454,
ParkG,loo,law,163,870 g,0.87,1.0,140.0,0.1337,0.026613472748089437,
ParkG,loo,law,164,870 g,0.87,1.0,145.0,0.5306,0.028591582197075503,
ParkG,loo,law,165,870 g,0.87,1.0,150.0,0.7171,0.030809163520615475,
ParkG,loo,law,166,870 g,0.87,1.0,155.0,0.6148,0.03331371795613706,
ParkG,loo,law,167,870 g,0.87,1.0,160.0,0.2961,0.03615414407654132,
ParkG,loo,law,168,870 g,0.87,1.0,165.0,0.1758,0.03935569608210965,
ParkG,loo,law,169,870 g,0.87,1.0,170.0,0.1397,0.04299190402958921,
ParkG,loo,law,170,870 g,0.87,1.0,175.0,0.1337,0.04715061951302709,
ParkG,loo,law,171,870 g,0.87,1.0,180.0,0.1397,0.05193879491329135,
ParkG,loo,law,172,870 g,0.87,1.0,185.0,0.1577,0.05748915622461299,
ParkG,loo,law,173,870 g,0.87,1.0,190.0,0.1337,0.06398491457027329,
ParkG,loo,law,174,870 g,0.87,1.0,195.0,0.1337,0.07163391064567737,
ParkG,loo,law,175,870 g,0.87,1.0,200.0,0.2841,0.08067130360242546,
ParkG,loo,law,176,870 g,0.87,1.0,205.0,0.1638,0.09165266432340571,
ParkG,loo,law,177,870 g,0.87,1.0,210.0,0.1217,0.10497657054345934,
ParkG,loo,law,178,870 g,0.87,1.0,215.0,0.26,0.12124653475826795,
ParkG,loo,law,179,870 g,0.87,1.0,220.0,0.3803,0.14157193323663791,
ParkG,loo,law,180,870 g,0.87,1.0,225.0,0.3302,0.16766197810362743,
ParkG,loo,law,181,870 g,0.87,1.0,230.0,0.4645,0.20115146269009707,
ParkG,loo,law,182,870 g,0.87,1.0,235.0,1.1802,0.24351358515987892,
ParkG,loo,law,183,870 g,0.87,1.0,240.0,1.3306,0.30279397357094745,
ParkG,loo,law,184,870 g,0.87,1.0,245.0,0.663,0.39247118153938987,
ParkG,loo,law,185,870 g,0.87,1.0,250.0,0.5367,0.5213923111689722,
ParkG,loo,law,186,870 g,0.87,1.0,255.0,0.3382,0.7253826675325079,
ParkG,loo,law,187,870 g,0.87,1.0,260.0,0.5908,1.0487370522876462,
ParkG,loo,law,188,870 g,0.87,1.0,265.0,2.6417,1.4750324834203463,
ParkG,loo,law,189,870 g,0.87,1.0,270.0,3.207,2.3560936909525414,
ParkG,loo,law,190,870 g,0.87,1.0,275.0,4.7126,3.535900331339276,
ParkG,loo,law,191,870 g,0.87,1.0,280.0,7.357,3.72598173866624,
ParkG,loo,law,192,870 g,0.87,1.0,285.0,4.5001,3.395587700488981,
ParkG,loo,law,193,870 g,0.87,1.0,290.0,2.9003,2.2515301552650375,
ParkG,loo,law,194,870 g,0.87,1.0,295.0,2.7981,1.3875338575971126,
ParkG,loo,law,195,1070 g,1.07,1.0,105.0,0.5131,0.025811601904610116,
ParkG,loo,law,196,1070 g,1.07,1.0,110.0,0.3447,0.02735507033600503,
ParkG,loo,law,197,1070 g,1.07,1.0,115.0,0.477,0.029026004962942907,
ParkG,loo,law,198,1070 g,1.07,1.0,120.0,0.6574,0.030851329867921065,
ParkG,loo,law,199,1070 g,1.07,1.0,125.0,0.6694,0.03286443831109481,
ParkG,loo,law,200,1070 g,1.07,1.0,130.0,0.9099,0.03506359223025339,
ParkG,loo,law,201,1070 g,1.07,1.0,135.0,1.2465,0.03748104363005183,
ParkG,loo,law,202,1070 g,1.07,1.0,140.0,0.3628,0.040274517184769106,
ParkG,loo,law,203,1070 g,1.07,1.0,145.0,0.1824,0.04331816573109042,
ParkG,loo,law,204,1070 g,1.07,1.0,150.0,0.2065,0.046694040143218665,
ParkG,loo,law,205,1070 g,1.07,1.0,155.0,0.1283,0.05049501012540403,
ParkG,loo,law,206,1070 g,1.07,1.0,160.0,0.2185,0.054748833008861596,
ParkG,loo,law,207,1070 g,1.07,1.0,165.0,0.2125,0.05958122880649439,
ParkG,loo,law,208,1070 g,1.07,1.0,170.0,0.2606,0.06506694749059333,
ParkG,loo,law,209,1070 g,1.07,1.0,175.0,0.3207,0.07133893144086154,
ParkG,loo,law,210,1070 g,1.07,1.0,180.0,0.1884,0.07862932804628836,
ParkG,loo,law,211,1070 g,1.07,1.0,185.0,0.1343,0.08706221834901783,
ParkG,loo,law,212,1070 g,1.07,1.0,190.0,0.1524,0.0968841716670241,
ParkG,loo,law,213,1070 g,1.07,1.0,195.0,0.1524,0.10846996314293883,
ParkG,loo,law,214,1070 g,1.07,1.0,200.0,0.2425,0.12217350762908546,
ParkG,loo,law,215,1070 g,1.07,1.0,205.0,0.1824,0.13879096734439428,
ParkG,loo,law,216,1070 g,1.07,1.0,210.0,0.1223,0.15903117714943593,
ParkG,loo,law,217,1070 g,1.07,1.0,215.0,0.2185,0.18371641906157846,
ParkG,loo,law,218,1070 g,1.07,1.0,220.0,0.3628,0.2144179619611893,
ParkG,loo,law,219,1070 g,1.07,1.0,225.0,0.6153,0.2529651879439447,
ParkG,loo,law,220,1070 g,1.07,1.0,230.0,0.459,0.30473677673229144,
ParkG,loo,law,221,1070 g,1.07,1.0,235.0,0.1704,0.3752232699217133,
ParkG,loo,law,222,1070 g,1.07,1.0,240.0,0.2666,0.468987593041416,
ParkG,loo,law,223,1070 g,1.07,1.0,245.0,0.2065,0.6051859493921372,
ParkG,loo,law,224,1070 g,1.07,1.0,250.0,0.2726,0.8064425228243239,
ParkG,loo,law,225,1070 g,1.07,1.0,255.0,0.5612,1.1138502558478793,
ParkG,loo,law,226,1070 g,1.07,1.0,260.0,0.7536,1.6441186534596088,
ParkG,loo,law,227,1070 g,1.07,1.0,265.0,1.7996,2.46460991653191,
ParkG,loo,law,228,1070 g,1.07,1.0,270.0,3.982,3.61880322596895,
ParkG,loo,law,229,1070 g,1.07,1.0,275.0,4.499,6.181295312838323,
ParkG,loo,law,230,1070 g,1.07,1.0,280.0,5.6773,7.903670201526976,
ParkG,loo,law,231,1070 g,1.07,1.0,285.0,5.3767,5.370066414191488,
ParkG,loo,law,232,1070 g,1.07,1.0,290.0,2.4369,3.8762337016256105,
ParkG,loo,law,233,1070 g,1.07,1.0,295.0,1.4089,2.4074208311740994,
ParkG,loo,gp_r4,0,70 g,0.07,1.0,105.0,0.1312,0.22316918125896823,0.3960342170180318
ParkG,loo,gp_r4,1,70 g,0.07,1.0,110.0,0.2212,0.19188659147168796,0.32558908721300495
ParkG,loo,gp_r4,2,70 g,0.07,1.0,115.0,0.2032,0.23700066729661923,0.3233259793238433
ParkG,loo,gp_r4,3,70 g,0.07,1.0,120.0,0.1792,0.21120943941534404,0.32292078389203793
ParkG,loo,gp_r4,4,70 g,0.07,1.0,125.0,0.1792,0.2569320980598707,0.3229488091186785
ParkG,loo,gp_r4,5,70 g,0.07,1.0,130.0,0.2753,0.4981635989911274,0.32150551900740904
ParkG,loo,gp_r4,6,70 g,0.07,1.0,135.0,0.9059,0.4172310527712534,0.31995141737420013
ParkG,loo,gp_r4,7,70 g,0.07,1.0,140.0,0.6837,0.7943465884439906,0.32246551320488354
ParkG,loo,gp_r4,8,70 g,0.07,1.0,145.0,0.8639,0.8348135392093939,0.32271614820854894
ParkG,loo,gp_r4,9,70 g,0.07,1.0,150.0,0.8339,1.1565446534879589,0.32096289389460525
ParkG,loo,gp_r4,10,70 g,0.07,1.0,155.0,1.3504,0.9369694247411352,0.3213905277946894
ParkG,loo,gp_r4,11,70 g,0.07,1.0,160.0,0.8819,0.8998086886507619,0.3228297136940402
ParkG,loo,gp_r4,12,70 g,0.07,1.0,165.0,0.4915,0.7418414659953786,0.3217817132252163
ParkG,loo,gp_r4,13,70 g,0.07,1.0,170.0,0.7137,0.4305568388507114,0.32262583664524364
ParkG,loo,gp_r4,14,70 g,0.07,1.0,175.0,0.7257,0.35738491115153953,0.3208834774048371
ParkG,loo,gp_r4,15,70 g,0.07,1.0,180.0,0.3834,0.588953569088354,0.3226593434077139
ParkG,loo,gp_r4,16,70 g,0.07,1.0,185.0,0.3534,0.6112503206279548,0.32227226973361983
ParkG,loo,gp_r4,17,70 g,0.07,1.0,190.0,0.2393,0.5149049759682125,0.3227439649173888
ParkG,loo,gp_r4,18,70 g,0.07,1.0,195.0,0.2753,0.37175928297900324,0.32300226822775474
ParkG,loo,gp_r4,19,70 g,0.07,1.0,200.0,0.4074,0.3111890389760088,0.3226904785452632
ParkG,loo,gp_r4,20,70 g,0.07,1.0,205.0,0.3053,0.3613221079635313,0.3227443719519487
ParkG,loo,gp_r4,21,70 g,0.07,1.0,210.0,0.2032,0.3352438498792684,0.3227329142306985
ParkG,loo,gp_r4,22,70 g,0.07,1.0,215.0,0.2393,0.2788734991769777,0.32283653440235055
ParkG,loo,gp_r4,23,70 g,0.07,1.0,220.0,0.2633,0.2550733032155466,0.3228303153939718
ParkG,loo,gp_r4,24,70 g,0.07,1.0,225.0,0.1792,0.23696777838233019,0.32280321400910345
ParkG,loo,gp_r4,25,70 g,0.07,1.0,230.0,0.1191,0.18704194685280529,0.32286646484994447
ParkG,loo,gp_r4,26,70 g,0.07,1.0,235.0,0.1312,0.16262858551962323,0.32280526339812055
ParkG,loo,gp_r4,27,70 g,0.07,1.0,240.0,0.2393,0.08416827172170493,0.32266146715921323
ParkG,loo,gp_r4,28,70 g,0.07,1.0,245.0,0.1312,0.12739281662481972,0.32282992257752263
ParkG,loo,gp_r4,29,70 g,0.07,1.0,250.0,0.1552,0.16275351294271778,0.3228316217366459
ParkG,loo,gp_r4,30,70 g,0.07,1.0,255.0,0.2933,0.29114178754464537,0.32282784051747326
ParkG,loo,gp_r4,31,70 g,0.07,1.0,260.0,0.4615,0.5407593058219342,0.32278000754873526
ParkG,loo,gp_r4,32,70 g,0.07,1.0,265.0,0.8098,0.7684963782222272,0.32291402656357043
ParkG,loo,gp_r4,33,70 g,0.07,1.0,270.0,1.2062,0.7441484811639087,0.3215602105358745
ParkG,loo,gp_r4,34,70 g,0.07,1.0,275.0,0.7678,0.8327863105488147,0.3226339515497338
ParkG,loo,gp_r4,35,70 g,0.07,1.0,280.0,0.5215,0.6132596557390639,0.32303995474007324
ParkG,loo,gp_r4,36,70 g,0.07,1.0,285.0,0.3774,0.49407153185492636,0.3232990981112354
ParkG,loo,gp_r4,37,70 g,0.07,1.0,290.0,0.3233,0.377821779640082,0.325590672687138
ParkG,loo,gp_r4,38,70 g,0.07,1.0,295.0,0.2933,0.268901145786589,0.39610189236458626
ParkG,loo,gp_r4,39,170 g,0.17,1.0,105.0,0.1605,0.15916691513030534,0.3671031623848974
ParkG,loo,gp_r4,40,170 g,0.17,1.0,110.0,0.2987,0.27263897342996934,0.3192478808008416
ParkG,loo,gp_r4,41,170 g,0.17,1.0,115.0,0.4128,0.3824196865539429,0.3165035363321158
ParkG,loo,gp_r4,42,170 g,0.17,1.0,120.0,0.3828,0.3906618175811545,0.31609300602166596
ParkG,loo,gp_r4,43,170 g,0.17,1.0,125.0,0.3467,0.3053572230958924,0.31601808039609797
ParkG,loo,gp_r4,44,170 g,0.17,1.0,130.0,0.4128,0.28779254828825923,0.3154584991803246
ParkG,loo,gp_r4,45,170 g,0.17,1.0,135.0,0.3527,0.5759545683320206,0.3153835606449658
ParkG,loo,gp_r4,46,170 g,0.17,1.0,140.0,0.5389,0.7790318628488045,0.31495874360518855
ParkG,loo,gp_r4,47,170 g,0.17,1.0,145.0,0.9954,0.7473092549581115,0.3144946423521435
ParkG,loo,gp_r4,48,170 g,0.17,1.0,150.0,0.9053,1.0306827257501663,0.31571979011241874
ParkG,loo,gp_r4,49,170 g,0.17,1.0,155.0,1.1936,0.8979521752383105,0.3154686873996399
ParkG,loo,gp_r4,50,170 g,0.17,1.0,160.0,0.5749,0.9470640765612794,0.31301169050581396
ParkG,loo,gp_r4,51,170 g,0.17,1.0,165.0,0.665,0.4612152836303245,0.31432441125199545
ParkG,loo,gp_r4,52,170 g,0.17,1.0,170.0,0.3888,0.5862103789292769,0.3162754101977793
ParkG,loo,gp_r4,53,170 g,0.17,1.0,175.0,0.4308,0.9077559953059833,0.31448438499630177
ParkG,loo,gp_r4,54,170 g,0.17,1.0,180.0,0.9653,1.18734885682094,0.31473152184697734
ParkG,loo,gp_r4,55,170 g,0.17,1.0,185.0,1.7701,0.9791224821177003,0.3101090720768726
ParkG,loo,gp_r4,56,170 g,0.17,1.0,190.0,1.1395,1.0296219400797548,0.31630267957530356
ParkG,loo,gp_r4,57,170 g,0.17,1.0,195.0,0.8032,0.7296954676483234,0.3158870693169466
ParkG,loo,gp_r4,58,170 g,0.17,1.0,200.0,0.5689,0.6140202226003789,0.3159208978777255
ParkG,loo,gp_r4,59,170 g,0.17,1.0,205.0,0.5629,0.4172162976619057,0.3159251230325166
ParkG,loo,gp_r4,60,170 g,0.17,1.0,210.0,0.3948,0.3060690936535068,0.3159031490483909
ParkG,loo,gp_r4,61,170 g,0.17,1.0,215.0,0.3227,0.2331901078301734,0.31594669362005895
ParkG,loo,gp_r4,62,170 g,0.17,1.0,220.0,0.2927,0.23372177906110664,0.31609719327854496
ParkG,loo,gp_r4,63,170 g,0.17,1.0,225.0,0.3007,0.20472364471381954,0.3159507750296229
ParkG,loo,gp_r4,64,170 g,0.17,1.0,230.0,0.2326,0.21514758490570118,0.3160398064373098
ParkG,loo,gp_r4,65,170 g,0.17,1.0,235.0,0.1665,0.21131885947933454,0.3159901848208268
ParkG,loo,gp_r4,66,170 g,0.17,1.0,240.0,0.1005,0.18706137303320858,0.3160467329116126
ParkG,loo,gp_r4,67,170 g,0.17,1.0,245.0,0.1005,0.1831771417718191,0.31609873475847694
ParkG,loo,gp_r4,68,170 g,0.17,1.0,250.0,0.1305,0.2628618258816187,0.3157517723428628
ParkG,loo,gp_r4,69,170 g,0.17,1.0,255.0,0.3467,0.25502040570465856,0.3158651925693845
ParkG,loo,gp_r4,70,170 g,0.17,1.0,260.0,0.3828,0.3735713867552804,0.3160217206144884
ParkG,loo,gp_r4,71,170 g,0.17,1.0,265.0,0.3767,0.5734967218827236,0.3157321381657978
ParkG,loo,gp_r4,72,170 g,0.17,1.0,270.0,0.4668,0.677180537458876,0.31528294471194257
ParkG,loo,gp_r4,73,170 g,0.17,1.0,275.0,0.589,0.5836992337921282,0.31604112140687973
ParkG,loo,gp_r4,74,170 g,0.17,1.0,280.0,0.5389,0.6047664961788694,0.31605568862184247
ParkG,loo,gp_r4,75,170 g,0.17,1.0,285.0,0.7371,0.498627040297963,0.31612831455135254
ParkG,loo,gp_r4,76,170 g,0.17,1.0,290.0,0.5509,0.47873467463626523,0.31932599441298465
ParkG,loo,gp_r4,77,170 g,0.17,1.0,295.0,0.2867,0.44251277310315434,0.3670308699584051
ParkG,loo,gp_r4,78,370 g,0.37,1.0,105.0,0.1365,0.30595798079092873,0.41795674244773107
ParkG,loo,gp_r4,79,370 g,0.37,1.0,110.0,0.2927,0.44707564973114455,0.3338673050151929
ParkG,loo,gp_r4,80,370 g,0.37,1.0,115.0,0.7371,0.5300341935859428,0.3321050069048931
ParkG,loo,gp_r4,81,370 g,0.37,1.0,120.0,0.7011,0.588559454853438,0.3317150257528555
ParkG,loo,gp_r4,82,370 g,0.37,1.0,125.0,0.4428,0.3881242446231496,0.33123217252472603
ParkG,loo,gp_r4,83,370 g,0.37,1.0,130.0,0.1966,0.39669404567288297,0.3319159540548104
ParkG,loo,gp_r4,84,370 g,0.37,1.0,135.0,0.3888,0.7645974040599363,0.3287243110854731
ParkG,loo,gp_r4,85,370 g,0.37,1.0,140.0,1.3857,0.5108874911792645,0.3251378182185825
ParkG,loo,gp_r4,86,370 g,0.37,1.0,145.0,0.659,0.8825642799060417,0.33015476609981087
ParkG,loo,gp_r4,87,370 g,0.37,1.0,150.0,0.3888,0.7375484211196786,0.3311780095970319
ParkG,loo,gp_r4,88,370 g,0.37,1.0,155.0,0.7551,0.5631764051199368,0.33067660763384515
ParkG,loo,gp_r4,89,370 g,0.37,1.0,160.0,0.7912,0.757478134476237,0.33143103289837206
ParkG,loo,gp_r4,90,370 g,0.37,1.0,165.0,0.9713,0.708417416136479,0.3298543902323012
ParkG,loo,gp_r4,91,370 g,0.37,1.0,170.0,0.8092,1.3157205186060317,0.3290044290152762
ParkG,loo,gp_r4,92,370 g,0.37,1.0,175.0,1.8362,1.475636822227798,0.33139263000565417
ParkG,loo,gp_r4,93,370 g,0.37,1.0,180.0,2.3887,1.4453634692718895,0.32695122635163326
ParkG,loo,gp_r4,94,370 g,0.37,1.0,185.0,1.0854,1.7237243664587198,0.3236453928831875
ParkG,loo,gp_r4,95,370 g,0.37,1.0,190.0,0.8212,0.9070153125894215,0.3318020575498357
ParkG,loo,gp_r4,96,370 g,0.37,1.0,195.0,0.5629,0.7018957801034643,0.33132342539294707
ParkG,loo,gp_r4,97,370 g,0.37,1.0,200.0,0.629,0.5772821322511812,0.33131507794313686
ParkG,loo,gp_r4,98,370 g,0.37,1.0,205.0,0.5329,0.4891291228947233,0.3312150988160087
ParkG,loo,gp_r4,99,370 g,0.37,1.0,210.0,0.1665,0.5040664760113911,0.33075620657982485
ParkG,loo,gp_r4,100,370 g,0.37,1.0,215.0,0.1425,0.30700061656722777,0.3314632922006553
ParkG,loo,gp_r4,101,370 g,0.37,1.0,220.0,0.1725,0.18442172311396077,0.3313285672661804
ParkG,loo,gp_r4,102,370 g,0.37,1.0,225.0,0.1485,0.2745083730750381,0.3313788872029031
ParkG,loo,gp_r4,103,370 g,0.37,1.0,230.0,0.2867,0.5273572458772082,0.3296307703861626
ParkG,loo,gp_r4,104,370 g,0.37,1.0,235.0,1.0014,0.2419685934755234,0.3233704764754114
ParkG,loo,gp_r4,105,370 g,0.37,1.0,240.0,0.3287,0.9739501540967463,0.32532723305201333
ParkG,loo,gp_r4,106,370 g,0.37,1.0,245.0,1.0494,0.7957724850434056,0.3302975064907488
ParkG,loo,gp_r4,107,370 g,0.37,1.0,250.0,1.2476,0.8757229743884566,0.3307548043010331
ParkG,loo,gp_r4,108,370 g,0.37,1.0,255.0,0.629,0.9907241920551166,0.3293176930575728
ParkG,loo,gp_r4,109,370 g,0.37,1.0,260.0,0.617,0.5579918543120636,0.3311528565283231
ParkG,loo,gp_r4,110,370 g,0.37,1.0,265.0,0.5749,0.35701061664088046,0.331230047527735
ParkG,loo,gp_r4,111,370 g,0.37,1.0,270.0,0.3828,0.27082157883159536,0.33127940488263785
ParkG,loo,gp_r4,112,370 g,0.37,1.0,275.0,0.1906,0.3238809069146393,0.33115740577124814
ParkG,loo,gp_r4,113,370 g,0.37,1.0,280.0,0.4428,0.2682599983602268,0.33085330385819706
ParkG,loo,gp_r4,114,370 g,0.37,1.0,285.0,0.3587,0.4866072728370281,0.33157611844891255
ParkG,loo,gp_r4,115,370 g,0.37,1.0,290.0,0.4608,0.3371388235746138,0.3338903219807607
ParkG,loo,gp_r4,116,370 g,0.37,1.0,295.0,0.3107,0.258973556409272,0.4180436588352451
ParkG,loo,gp_r4,117,570 g,0.57,1.0,105.0,0.5594,0.2310037178100795,0.440268588668122
ParkG,loo,gp_r4,118,570 g,0.57,1.0,110.0,0.3008,0.44103505024812445,0.338172888332249
ParkG,loo,gp_r4,119,570 g,0.57,1.0,115.0,0.3368,0.34759028743638914,0.3368144420736345
ParkG,loo,gp_r4,120,570 g,0.57,1.0,120.0,0.3008,0.2796081645082788,0.33579267443132543
ParkG,loo,gp_r4,121,570 g,0.57,1.0,125.0,0.1624,0.25138145954071894,0.33584288144962143
ParkG,loo,gp_r4,122,570 g,0.57,1.0,130.0,0.2105,0.34773782129631836,0.33558447532677377
ParkG,loo,gp_r4,123,570 g,0.57,1.0,135.0,0.6436,0.3314544636796154,0.3348900328401254
ParkG,loo,gp_r4,124,570 g,0.57,1.0,140.0,0.4511,0.578075157735379,0.3352754247533134
ParkG,loo,gp_r4,125,570 g,0.57,1.0,145.0,0.3248,0.4482594548607186,0.3357863449709407
ParkG,loo,gp_r4,126,570 g,0.57,1.0,150.0,0.3248,0.29254402385592343,0.33566961262261164
ParkG,loo,gp_r4,127,570 g,0.57,1.0,155.0,0.3248,0.3127288173244578,0.3357368446714313
ParkG,loo,gp_r4,128,570 g,0.57,1.0,160.0,0.2887,0.4658520983449478,0.33526074040572185
ParkG,loo,gp_r4,129,570 g,0.57,1.0,165.0,0.5293,0.4075587565664069,0.335576072305815
ParkG,loo,gp_r4,130,570 g,0.57,1.0,170.0,0.5173,0.4975812557374939,0.3357304540129054
ParkG,loo,gp_r4,131,570 g,0.57,1.0,175.0,0.4331,0.5900121500855475,0.33570506906744846
ParkG,loo,gp_r4,132,570 g,0.57,1.0,180.0,0.3729,0.5680866776636513,0.3355917472587168
ParkG,loo,gp_r4,133,570 g,0.57,1.0,185.0,0.391,0.39939152602888733,0.33577039973233724
ParkG,loo,gp_r4,134,570 g,0.57,1.0,190.0,0.4571,0.4012070019556931,0.3355997322860096
ParkG,loo,gp_r4,135,570 g,0.57,1.0,195.0,0.5894,0.7702219041643291,0.33474061888401835
ParkG,loo,gp_r4,136,570 g,0.57,1.0,200.0,1.3172,0.7205339734943791,0.32976418501411975
ParkG,loo,gp_r4,137,570 g,0.57,1.0,205.0,0.9323,1.6883053731515814,0.32505834881349494
ParkG,loo,gp_r4,138,570 g,0.57,1.0,210.0,2.0209,1.21421106657826,0.3292619578199202
ParkG,loo,gp_r4,139,570 g,0.57,1.0,215.0,1.5938,1.4443474425657317,0.3364782278590917
ParkG,loo,gp_r4,140,570 g,0.57,1.0,220.0,1.0405,1.1690150743803533,0.3353266675957029
ParkG,loo,gp_r4,141,570 g,0.57,1.0,225.0,0.8481,0.6594462211169211,0.3350169105104726
ParkG,loo,gp_r4,142,570 g,0.57,1.0,230.0,0.5293,0.6151477279816272,0.33571930185198096
ParkG,loo,gp_r4,143,570 g,0.57,1.0,235.0,0.5173,0.6917818356927286,0.3355727438399653
ParkG,loo,gp_r4,144,570 g,0.57,1.0,240.0,0.8601,0.7617932215927415,0.3351795863207071
ParkG,loo,gp_r4,145,570 g,0.57,1.0,245.0,0.9263,1.3030630199086186,0.33341098078631143
ParkG,loo,gp_r4,146,570 g,0.57,1.0,250.0,1.5517,1.0745793007444344,0.3347279092428428
ParkG,loo,gp_r4,147,570 g,0.57,1.0,255.0,1.0706,0.964893300732881,0.3358374943725616
ParkG,loo,gp_r4,148,570 g,0.57,1.0,260.0,0.397,0.6942456162695141,0.3352692682629683
ParkG,loo,gp_r4,149,570 g,0.57,1.0,265.0,0.3489,0.3633090911588873,0.3357770578552726
ParkG,loo,gp_r4,150,570 g,0.57,1.0,270.0,0.403,0.3921088986283948,0.3357124582052846
ParkG,loo,gp_r4,151,570 g,0.57,1.0,275.0,0.403,0.7852856045259682,0.3351861000119277
ParkG,loo,gp_r4,152,570 g,0.57,1.0,280.0,0.8721,0.8227020953708638,0.3357108814205868
ParkG,loo,gp_r4,153,570 g,0.57,1.0,285.0,0.806,0.8134942056425993,0.33681129665895393
ParkG,loo,gp_r4,154,570 g,0.57,1.0,290.0,0.4812,0.5543662477571687,0.3385424747224564
ParkG,loo,gp_r4,155,570 g,0.57,1.0,295.0,0.1925,0.5873097462541921,0.4399023136718229
ParkG,loo,gp_r4,156,870 g,0.87,1.0,105.0,0.242,0.40845343553297403,0.44308877885535697
ParkG,loo,gp_r4,157,870 g,0.87,1.0,110.0,0.2901,0.25964900829531967,0.3389928899435952
ParkG,loo,gp_r4,158,870 g,0.87,1.0,115.0,0.3262,0.3618860333462211,0.33731125954120234
ParkG,loo,gp_r4,159,870 g,0.87,1.0,120.0,0.4645,0.4241077373586286,0.3363792332896349
ParkG,loo,gp_r4,160,870 g,0.87,1.0,125.0,0.5186,0.4560401391815786,0.33631841791729
ParkG,loo,gp_r4,161,870 g,0.87,1.0,130.0,0.4224,0.44718484354096594,0.33628865744513237
ParkG,loo,gp_r4,162,870 g,0.87,1.0,135.0,0.2901,0.33571140304028685,0.3363817386696983
ParkG,loo,gp_r4,163,870 g,0.87,1.0,140.0,0.1337,0.400805897541689,0.33612676447195666
ParkG,loo,gp_r4,164,870 g,0.87,1.0,145.0,0.5306,0.3795778166674653,0.3360443515486362
ParkG,loo,gp_r4,165,870 g,0.87,1.0,150.0,0.7171,0.545445871694774,0.3367078096649734
ParkG,loo,gp_r4,166,870 g,0.87,1.0,155.0,0.6148,0.5166520515746889,0.3363967168730389
ParkG,loo,gp_r4,167,870 g,0.87,1.0,160.0,0.2961,0.3920893742459057,0.3362589534188869
ParkG,loo,gp_r4,168,870 g,0.87,1.0,165.0,0.1758,0.19990388595180952,0.33632634223492197
ParkG,loo,gp_r4,169,870 g,0.87,1.0,170.0,0.1397,0.13651287671363943,0.3362972828071357
ParkG,loo,gp_r4,170,870 g,0.87,1.0,175.0,0.1337,0.12980651711125035,0.33629935421058793
ParkG,loo,gp_r4,171,870 g,0.87,1.0,180.0,0.1397,0.12304618972940029,0.3363051217792119
ParkG,loo,gp_r4,172,870 g,0.87,1.0,185.0,0.1577,0.10464863359231769,0.33629259016758273
ParkG,loo,gp_r4,173,870 g,0.87,1.0,190.0,0.1337,0.1414415794683045,0.336299006393956
ParkG,loo,gp_r4,174,870 g,0.87,1.0,195.0,0.1337,0.2322708142596111,0.33615801497401515
ParkG,loo,gp_r4,175,870 g,0.87,1.0,200.0,0.2841,0.18435453355007814,0.33614737959585334
ParkG,loo,gp_r4,176,870 g,0.87,1.0,205.0,0.1638,0.25031802785477897,0.3363345283734223
ParkG,loo,gp_r4,177,870 g,0.87,1.0,210.0,0.1217,0.28146045543584136,0.33636959716154824
ParkG,loo,gp_r4,178,870 g,0.87,1.0,215.0,0.26,0.29864566378008794,0.3363036067696253
ParkG,loo,gp_r4,179,870 g,0.87,1.0,220.0,0.3803,0.30618596165940437,0.3361987446611367
ParkG,loo,gp_r4,180,870 g,0.87,1.0,225.0,0.3302,0.443828661221829,0.3365083749832643
ParkG,loo,gp_r4,181,870 g,0.87,1.0,230.0,0.4645,0.7691734689447982,0.3356213522262459
ParkG,loo,gp_r4,182,870 g,0.87,1.0,235.0,1.1802,0.8627770153363821,0.33624534551280627
ParkG,loo,gp_r4,183,870 g,0.87,1.0,240.0,1.3306,0.9180626651809333,0.33617261339225785
ParkG,loo,gp_r4,184,870 g,0.87,1.0,245.0,0.663,0.956920863344449,0.3346125951763183
ParkG,loo,gp_r4,185,870 g,0.87,1.0,250.0,0.5367,0.415395429741332,0.33578052045005513
ParkG,loo,gp_r4,186,870 g,0.87,1.0,255.0,0.3382,0.4208481021550579,0.3366065646703218
ParkG,loo,gp_r4,187,870 g,0.87,1.0,260.0,0.5908,1.2332998177035943,0.32912123766132406
ParkG,loo,gp_r4,188,870 g,0.87,1.0,265.0,2.6417,1.572604368966267,0.3211577516225976
ParkG,loo,gp_r4,189,870 g,0.87,1.0,270.0,3.207,3.7638662906820413,0.3345061032094364
ParkG,loo,gp_r4,190,870 g,0.87,1.0,275.0,4.7126,5.614713408889349,0.3188407362915956
ParkG,loo,gp_r4,191,870 g,0.87,1.0,280.0,7.357,4.864806942588451,0.2824527253939369
ParkG,loo,gp_r4,192,870 g,0.87,1.0,285.0,4.5001,5.714180147806267,0.2844385721783084
ParkG,loo,gp_r4,193,870 g,0.87,1.0,290.0,2.9003,3.737931796849087,0.3367394420945188
ParkG,loo,gp_r4,194,870 g,0.87,1.0,295.0,2.7981,1.3501055208365829,0.4314538113415964
ParkG,loo,gp_r4,195,1070 g,1.07,1.0,105.0,0.5131,0.3314653151819297,0.4553171009836965
ParkG,loo,gp_r4,196,1070 g,1.07,1.0,110.0,0.3447,0.47067529968855665,0.3400682253633188
ParkG,loo,gp_r4,197,1070 g,1.07,1.0,115.0,0.477,0.4706607650710556,0.33874235293578536
ParkG,loo,gp_r4,198,1070 g,1.07,1.0,120.0,0.6574,0.5559276296775431,0.3374543925922959
ParkG,loo,gp_r4,199,1070 g,1.07,1.0,125.0,0.6694,0.8486474907831818,0.33754962645222486
ParkG,loo,gp_r4,200,1070 g,1.07,1.0,130.0,0.9099,0.9991196579856407,0.3372397398613767
ParkG,loo,gp_r4,201,1070 g,1.07,1.0,135.0,1.2465,0.6166758726518936,0.33469363820758674
ParkG,loo,gp_r4,202,1070 g,1.07,1.0,140.0,0.3628,0.6957645668832203,0.3360072436998826
ParkG,loo,gp_r4,203,1070 g,1.07,1.0,145.0,0.1824,0.29410576925842086,0.33791737199841954
ParkG,loo,gp_r4,204,1070 g,1.07,1.0,150.0,0.2065,0.16487720042064224,0.33755875136682395
ParkG,loo,gp_r4,205,1070 g,1.07,1.0,155.0,0.1283,0.24332739472088039,0.33746299822422715
ParkG,loo,gp_r4,206,1070 g,1.07,1.0,160.0,0.2185,0.1765243437925451,0.3375846309813502
ParkG,loo,gp_r4,207,1070 g,1.07,1.0,165.0,0.2125,0.23536645202912093,0.33763709861590313
ParkG,loo,gp_r4,208,1070 g,1.07,1.0,170.0,0.2606,0.27712832385009767,0.3376273619438744
ParkG,loo,gp_r4,209,1070 g,1.07,1.0,175.0,0.3207,0.24028980309609965,0.337597638889211
ParkG,loo,gp_r4,210,1070 g,1.07,1.0,180.0,0.1884,0.2467044474027721,0.33760283341498937
ParkG,loo,gp_r4,211,1070 g,1.07,1.0,185.0,0.1343,0.1775719262596197,0.33765571590363463
ParkG,loo,gp_r4,212,1070 g,1.07,1.0,190.0,0.1524,0.1404352640655464,0.33762782706504424
ParkG,loo,gp_r4,213,1070 g,1.07,1.0,195.0,0.1524,0.20446097110432093,0.33759342659149416
ParkG,loo,gp_r4,214,1070 g,1.07,1.0,200.0,0.2425,0.1725291397031179,0.3376545971609716
ParkG,loo,gp_r4,215,1070 g,1.07,1.0,205.0,0.1824,0.15653595192631853,0.33765175165856265
ParkG,loo,gp_r4,216,1070 g,1.07,1.0,210.0,0.1223,0.1535449442519936,0.3376536259714273
ParkG,loo,gp_r4,217,1070 g,1.07,1.0,215.0,0.2185,0.2254615078829057,0.3376476466388273
ParkG,loo,gp_r4,218,1070 g,1.07,1.0,220.0,0.3628,0.42220024090435143,0.33747790931128957
ParkG,loo,gp_r4,219,1070 g,1.07,1.0,225.0,0.6153,0.3906659234267949,0.33755579562769766
ParkG,loo,gp_r4,220,1070 g,1.07,1.0,230.0,0.459,0.4039806825967659,0.33759222311111453
ParkG,loo,gp_r4,221,1070 g,1.07,1.0,235.0,0.1704,0.4484140612826113,0.33726462271974605
ParkG,loo,gp_r4,222,1070 g,1.07,1.0,240.0,0.2666,0.2670073603448422,0.3376429019293767
ParkG,loo,gp_r4,223,1070 g,1.07,1.0,245.0,0.2065,0.28220978969648414,0.33761343140749994
ParkG,loo,gp_r4,224,1070 g,1.07,1.0,250.0,0.2726,0.28244036973522163,0.33761579390819346
ParkG,loo,gp_r4,225,1070 g,1.07,1.0,255.0,0.5612,0.28124892662500456,0.3366138345729878
ParkG,loo,gp_r4,226,1070 g,1.07,1.0,260.0,0.7536,1.01231993314962,0.33765415604616933
ParkG,loo,gp_r4,227,1070 g,1.07,1.0,265.0,1.7996,2.239399849024646,0.3344690457221337
ParkG,loo,gp_r4,228,1070 g,1.07,1.0,270.0,3.982,3.0366453623709617,0.32068594573738685
ParkG,loo,gp_r4,229,1070 g,1.07,1.0,275.0,4.499,5.236452330854362,0.3304809047964004
ParkG,loo,gp_r4,230,1070 g,1.07,1.0,280.0,5.6773,5.451798081637906,0.33920958016144775
ParkG,loo,gp_r4,231,1070 g,1.07,1.0,285.0,5.3767,4.246000203405277,0.3282663155073656
ParkG,loo,gp_r4,232,1070 g,1.07,1.0,290.0,2.4369,3.361685498347965,0.3338545493731814
ParkG,loo,gp_r4,233,1070 g,1.07,1.0,295.0,1.4089,1.6829354783067436,0.4551670031909104
ParkG,loo,lawgp_r4,0,70 g,0.07,1.0,105.0,0.1312,0.22770987747363913,0.3668900063041638
ParkG,loo,lawgp_r4,1,70 g,0.07,1.0,110.0,0.2212,0.17415124371753063,0.31811393530746024
ParkG,loo,lawgp_r4,2,70 g,0.07,1.0,115.0,0.2032,0.19195924824373004,0.31539589680055424
ParkG,loo,lawgp_r4,3,70 g,0.07,1.0,120.0,0.1792,0.2153312817358565,0.3151998072023497
ParkG,loo,lawgp_r4,4,70 g,0.07,1.0,125.0,0.1792,0.3024509564255018,0.31493995765746013
ParkG,loo,lawgp_r4,5,70 g,0.07,1.0,130.0,0.2753,0.47407758945509637,0.31453113237108227
ParkG,loo,lawgp_r4,6,70 g,0.07,1.0,135.0,0.9059,0.44884415847640535,0.31285933387743015
ParkG,loo,lawgp_r4,7,70 g,0.07,1.0,140.0,0.6837,0.7816140914188345,0.31477987688557263
ParkG,loo,lawgp_r4,8,70 g,0.07,1.0,145.0,0.8639,0.8787743713932509,0.3149401960762135
ParkG,loo,lawgp_r4,9,70 g,0.07,1.0,150.0,0.8339,1.0544193349776845,0.314086643213915
ParkG,loo,lawgp_r4,10,70 g,0.07,1.0,155.0,1.3504,0.8333607347506717,0.3129458137560277
ParkG,loo,lawgp_r4,11,70 g,0.07,1.0,160.0,0.8819,0.8691094884869275,0.3149560644530614
ParkG,loo,lawgp_r4,12,70 g,0.07,1.0,165.0,0.4915,0.8036969475669749,0.3139411690063631
ParkG,loo,lawgp_r4,13,70 g,0.07,1.0,170.0,0.7137,0.5477826706376278,0.31458559685717297
ParkG,loo,lawgp_r4,14,70 g,0.07,1.0,175.0,0.7257,0.46728092570209717,0.314233101198833
ParkG,loo,lawgp_r4,15,70 g,0.07,1.0,180.0,0.3834,0.5441427928181823,0.31465486446559915
ParkG,loo,lawgp_r4,16,70 g,0.07,1.0,185.0,0.3534,0.45956239354432066,0.3149017418746706
ParkG,loo,lawgp_r4,17,70 g,0.07,1.0,190.0,0.2393,0.426865828610777,0.3147805587708904
ParkG,loo,lawgp_r4,18,70 g,0.07,1.0,195.0,0.2753,0.3599922361815962,0.3149481170056806
ParkG,loo,lawgp_r4,19,70 g,0.07,1.0,200.0,0.4074,0.27796184832968907,0.31472457661611375
ParkG,loo,lawgp_r4,20,70 g,0.07,1.0,205.0,0.3053,0.2923486843565775,0.3149467591328947
ParkG,loo,lawgp_r4,21,70 g,0.07,1.0,210.0,0.2032,0.29517856561624367,0.3148618232308491
ParkG,loo,lawgp_r4,22,70 g,0.07,1.0,215.0,0.2393,0.2478235975981044,0.31494812736332756
ParkG,loo,lawgp_r4,23,70 g,0.07,1.0,220.0,0.2633,0.20896288474908456,0.3149102194766655
ParkG,loo,lawgp_r4,24,70 g,0.07,1.0,225.0,0.1792,0.2049733481048396,0.3149457602532306
ParkG,loo,lawgp_r4,25,70 g,0.07,1.0,230.0,0.1191,0.19137692215243524,0.3149134140066836
ParkG,loo,lawgp_r4,26,70 g,0.07,1.0,235.0,0.1312,0.16815536448976762,0.31493552240489936
ParkG,loo,lawgp_r4,27,70 g,0.07,1.0,240.0,0.2393,0.11085171816954478,0.3147536608019294
ParkG,loo,lawgp_r4,28,70 g,0.07,1.0,245.0,0.1312,0.1665146070208427,0.3149506600436269
ParkG,loo,lawgp_r4,29,70 g,0.07,1.0,250.0,0.1552,0.22599212356243562,0.31496966223011325
ParkG,loo,lawgp_r4,30,70 g,0.07,1.0,255.0,0.2933,0.35255334266884275,0.3149395527639663
ParkG,loo,lawgp_r4,31,70 g,0.07,1.0,260.0,0.4615,0.5719733793880679,0.314684819490187
ParkG,loo,lawgp_r4,32,70 g,0.07,1.0,265.0,0.8098,0.7102484647260067,0.31483328784919495
ParkG,loo,lawgp_r4,33,70 g,0.07,1.0,270.0,1.2062,0.6765697404571415,0.3126201015449068
ParkG,loo,lawgp_r4,34,70 g,0.07,1.0,275.0,0.7678,0.8565086767869324,0.3147010340892213
ParkG,loo,lawgp_r4,35,70 g,0.07,1.0,280.0,0.5215,0.8070438487634648,0.31501457588650045
ParkG,loo,lawgp_r4,36,70 g,0.07,1.0,285.0,0.3774,0.5293275069826786,0.31554928354682593
ParkG,loo,lawgp_r4,37,70 g,0.07,1.0,290.0,0.3233,0.3174547057156482,0.3181469656945471
ParkG,loo,lawgp_r4,38,70 g,0.07,1.0,295.0,0.2933,0.2607099543364413,0.3668913859321282
ParkG,loo,lawgp_r4,39,170 g,0.17,1.0,105.0,0.1605,0.287747588681566,0.36594535558652325
ParkG,loo,lawgp_r4,40,170 g,0.17,1.0,110.0,0.2987,0.2832554676737704,0.31790412714864796
ParkG,loo,lawgp_r4,41,170 g,0.17,1.0,115.0,0.4128,0.30974822645914446,0.3152064694642469
ParkG,loo,lawgp_r4,42,170 g,0.17,1.0,120.0,0.3828,0.34573153329819295,0.3150252075936998
ParkG,loo,lawgp_r4,43,170 g,0.17,1.0,125.0,0.3467,0.3586971238118826,0.31480622686715043
ParkG,loo,lawgp_r4,44,170 g,0.17,1.0,130.0,0.4128,0.3647410257981596,0.31471426439046735
ParkG,loo,lawgp_r4,45,170 g,0.17,1.0,135.0,0.3527,0.5287785642075847,0.314615498756232
ParkG,loo,lawgp_r4,46,170 g,0.17,1.0,140.0,0.5389,0.6921460258212899,0.31457236817315615
ParkG,loo,lawgp_r4,47,170 g,0.17,1.0,145.0,0.9954,0.7627885976114437,0.3143524372391017
ParkG,loo,lawgp_r4,48,170 g,0.17,1.0,150.0,0.9053,0.9824427793430732,0.31453221392194003
ParkG,loo,lawgp_r4,49,170 g,0.17,1.0,155.0,1.1936,0.7956049889341337,0.31374617984774883
ParkG,loo,lawgp_r4,50,170 g,0.17,1.0,160.0,0.5749,0.8471626690139004,0.3138116168584306
ParkG,loo,lawgp_r4,51,170 g,0.17,1.0,165.0,0.665,0.5425120308035226,0.3143720992654331
ParkG,loo,lawgp_r4,52,170 g,0.17,1.0,170.0,0.3888,0.6125531395939529,0.3148521364510835
ParkG,loo,lawgp_r4,53,170 g,0.17,1.0,175.0,0.4308,0.8176073024436414,0.3136362016880229
ParkG,loo,lawgp_r4,54,170 g,0.17,1.0,180.0,0.9653,0.9969244385277682,0.3146851988739842
ParkG,loo,lawgp_r4,55,170 g,0.17,1.0,185.0,1.7701,0.9019716680246278,0.30998013279076997
ParkG,loo,lawgp_r4,56,170 g,0.17,1.0,190.0,1.1395,1.1005106824646225,0.31486739397086017
ParkG,loo,lawgp_r4,57,170 g,0.17,1.0,195.0,0.8032,0.9064791784843768,0.3146187813025248
ParkG,loo,lawgp_r4,58,170 g,0.17,1.0,200.0,0.5689,0.6832885263435916,0.31470936537516264
ParkG,loo,lawgp_r4,59,170 g,0.17,1.0,205.0,0.5629,0.46171929185218546,0.3146062823387492
ParkG,loo,lawgp_r4,60,170 g,0.17,1.0,210.0,0.3948,0.39679740816938913,0.31477120009370735
ParkG,loo,lawgp_r4,61,170 g,0.17,1.0,215.0,0.3227,0.3372553307036985,0.3147704102313084
ParkG,loo,lawgp_r4,62,170 g,0.17,1.0,220.0,0.2927,0.2961869201932188,0.3147711108765665
ParkG,loo,lawgp_r4,63,170 g,0.17,1.0,225.0,0.3007,0.2458679287086262,0.314746922270567
ParkG,loo,lawgp_r4,64,170 g,0.17,1.0,230.0,0.2326,0.21605150825759123,0.3147697971185105
ParkG,loo,lawgp_r4,65,170 g,0.17,1.0,235.0,0.1665,0.17511626628516286,0.31477397565785303
ParkG,loo,lawgp_r4,66,170 g,0.17,1.0,240.0,0.1005,0.1535875274492579,0.3147726294312635
ParkG,loo,lawgp_r4,67,170 g,0.17,1.0,245.0,0.1005,0.15621155824221744,0.31478407996625574
ParkG,loo,lawgp_r4,68,170 g,0.17,1.0,250.0,0.1305,0.22232969750115222,0.31472748390675065
ParkG,loo,lawgp_r4,69,170 g,0.17,1.0,255.0,0.3467,0.2515719478859805,0.31463599384299595
ParkG,loo,lawgp_r4,70,170 g,0.17,1.0,260.0,0.3828,0.3565235145126097,0.31473335029671273
ParkG,loo,lawgp_r4,71,170 g,0.17,1.0,265.0,0.3767,0.45043705487665564,0.31465927140570743
ParkG,loo,lawgp_r4,72,170 g,0.17,1.0,270.0,0.4668,0.5068960421240088,0.31474154080162864
ParkG,loo,lawgp_r4,73,170 g,0.17,1.0,275.0,0.589,0.6111902235590446,0.3148267909089885
ParkG,loo,lawgp_r4,74,170 g,0.17,1.0,280.0,0.5389,0.7523686532865755,0.3147730838876874
ParkG,loo,lawgp_r4,75,170 g,0.17,1.0,285.0,0.7371,0.5248787746411556,0.31471028505911813
ParkG,loo,lawgp_r4,76,170 g,0.17,1.0,290.0,0.5509,0.4163830939017784,0.3177999145494671
ParkG,loo,lawgp_r4,77,170 g,0.17,1.0,295.0,0.2867,0.4481871832485048,0.36579602140806144
ParkG,loo,lawgp_r4,78,370 g,0.37,1.0,105.0,0.1365,0.37666428213862463,0.37606629356663884
ParkG,loo,lawgp_r4,79,370 g,0.37,1.0,110.0,0.2927,0.44754807458303847,0.32044753133099374
ParkG,loo,lawgp_r4,80,370 g,0.37,1.0,115.0,0.7371,0.4266381254672272,0.31709923029774395
ParkG,loo,lawgp_r4,81,370 g,0.37,1.0,120.0,0.7011,0.47090375460801537,0.3172856387957071
ParkG,loo,lawgp_r4,82,370 g,0.37,1.0,125.0,0.4428,0.4812991695854678,0.31727433692270607
ParkG,loo,lawgp_r4,83,370 g,0.37,1.0,130.0,0.1966,0.5893050660116506,0.3162489584139506
ParkG,loo,lawgp_r4,84,370 g,0.37,1.0,135.0,0.3888,0.706380467927997,0.31597365590822607
ParkG,loo,lawgp_r4,85,370 g,0.37,1.0,140.0,1.3857,0.4395519327416931,0.30926220817569855
ParkG,loo,lawgp_r4,86,370 g,0.37,1.0,145.0,0.659,0.7825477132141947,0.3168228362837325
ParkG,loo,lawgp_r4,87,370 g,0.37,1.0,150.0,0.3888,0.7869385714493724,0.3155655299160083
ParkG,loo,lawgp_r4,88,370 g,0.37,1.0,155.0,0.7551,0.6002614584464653,0.31680381698990756
ParkG,loo,lawgp_r4,89,370 g,0.37,1.0,160.0,0.7912,0.7194951204316007,0.31709319621654836
ParkG,loo,lawgp_r4,90,370 g,0.37,1.0,165.0,0.9713,0.8920273147385036,0.31703516639686713
ParkG,loo,lawgp_r4,91,370 g,0.37,1.0,170.0,0.8092,1.4375085779177286,0.31234698526695387
ParkG,loo,lawgp_r4,92,370 g,0.37,1.0,175.0,1.8362,1.420724306133771,0.3171716806814007
ParkG,loo,lawgp_r4,93,370 g,0.37,1.0,180.0,2.3887,1.2638495126955944,0.3092411646385073
ParkG,loo,lawgp_r4,94,370 g,0.37,1.0,185.0,1.0854,1.501295666986688,0.3142922300054996
ParkG,loo,lawgp_r4,95,370 g,0.37,1.0,190.0,0.8212,1.0283151563512603,0.31705767691909575
ParkG,loo,lawgp_r4,96,370 g,0.37,1.0,195.0,0.5629,0.7451854772412397,0.31718077648068094
ParkG,loo,lawgp_r4,97,370 g,0.37,1.0,200.0,0.629,0.49538554786056427,0.31695158264570034
ParkG,loo,lawgp_r4,98,370 g,0.37,1.0,205.0,0.5329,0.36730990499270844,0.31693807690501874
ParkG,loo,lawgp_r4,99,370 g,0.37,1.0,210.0,0.1665,0.3539185133212378,0.3168960994317172
ParkG,loo,lawgp_r4,100,370 g,0.37,1.0,215.0,0.1425,0.21855877500545703,0.3172437156304995
ParkG,loo,lawgp_r4,101,370 g,0.37,1.0,220.0,0.1725,0.17134705941132902,0.31720672308278763
ParkG,loo,lawgp_r4,102,370 g,0.37,1.0,225.0,0.1485,0.29006282521534676,0.31714221592085484
ParkG,loo,lawgp_r4,103,370 g,0.37,1.0,230.0,0.2867,0.4641956544346163,0.3168465626166553
ParkG,loo,lawgp_r4,104,370 g,0.37,1.0,235.0,1.0014,0.3751582866783867,0.312836780905105
ParkG,loo,lawgp_r4,105,370 g,0.37,1.0,240.0,0.3287,0.9650921796925501,0.3121481956720155
ParkG,loo,lawgp_r4,106,370 g,0.37,1.0,245.0,1.0494,0.8120327331808072,0.31681848264010015
ParkG,loo,lawgp_r4,107,370 g,0.37,1.0,250.0,1.2476,0.7720192580407459,0.31545421266229917
ParkG,loo,lawgp_r4,108,370 g,0.37,1.0,255.0,0.629,0.9044212014840909,0.315924646976469
ParkG,loo,lawgp_r4,109,370 g,0.37,1.0,260.0,0.617,0.6319048259741409,0.3171105345508764
ParkG,loo,lawgp_r4,110,370 g,0.37,1.0,265.0,0.5749,0.39321256470972576,0.31682715384309684
ParkG,loo,lawgp_r4,111,370 g,0.37,1.0,270.0,0.3828,0.3295901946327961,0.3172459950263735
ParkG,loo,lawgp_r4,112,370 g,0.37,1.0,275.0,0.1906,0.5259181771651054,0.317130849719801
ParkG,loo,lawgp_r4,113,370 g,0.37,1.0,280.0,0.4428,0.5723914756338834,0.31758076313159395
ParkG,loo,lawgp_r4,114,370 g,0.37,1.0,285.0,0.3587,0.48500074514369884,0.3174221688653437
ParkG,loo,lawgp_r4,115,370 g,0.37,1.0,290.0,0.4608,0.2835926224983623,0.3204756479235409
ParkG,loo,lawgp_r4,116,370 g,0.37,1.0,295.0,0.3107,0.33904109618064543,0.3764353460351378
ParkG,loo,lawgp_r4,117,570 g,0.57,1.0,105.0,0.5594,0.3134624493650049,0.3770018826185231
ParkG,loo,lawgp_r4,118,570 g,0.57,1.0,110.0,0.3008,0.43027016175311883,0.3206750440036928
ParkG,loo,lawgp_r4,119,570 g,0.57,1.0,115.0,0.3368,0.30913869117395654,0.3177036311511239
ParkG,loo,lawgp_r4,120,570 g,0.57,1.0,120.0,0.3008,0.2517004606984243,0.31758092073578387
ParkG,loo,lawgp_r4,121,570 g,0.57,1.0,125.0,0.1624,0.3155527988885439,0.31731601012100585
ParkG,loo,lawgp_r4,122,570 g,0.57,1.0,130.0,0.2105,0.39636999838641856,0.3170103907626871
ParkG,loo,lawgp_r4,123,570 g,0.57,1.0,135.0,0.6436,0.31282174979512245,0.3164202953120316
ParkG,loo,lawgp_r4,124,570 g,0.57,1.0,140.0,0.4511,0.4321312786993834,0.31737367287659823
ParkG,loo,lawgp_r4,125,570 g,0.57,1.0,145.0,0.3248,0.4182703910436627,0.3172664607716369
ParkG,loo,lawgp_r4,126,570 g,0.57,1.0,150.0,0.3248,0.3448799736624313,0.3173709758278816
ParkG,loo,lawgp_r4,127,570 g,0.57,1.0,155.0,0.3248,0.33572094726763047,0.31736769837057166
ParkG,loo,lawgp_r4,128,570 g,0.57,1.0,160.0,0.2887,0.4213189257446205,0.31719789727800884
ParkG,loo,lawgp_r4,129,570 g,0.57,1.0,165.0,0.5293,0.40133834184399303,0.3172251206306861
ParkG,loo,lawgp_r4,130,570 g,0.57,1.0,170.0,0.5173,0.4532094782512817,0.3173501159101896
ParkG,loo,lawgp_r4,131,570 g,0.57,1.0,175.0,0.4331,0.45972925400527775,0.31734640747987247
ParkG,loo,lawgp_r4,132,570 g,0.57,1.0,180.0,0.3729,0.43075826860720023,0.3173606321279522
ParkG,loo,lawgp_r4,133,570 g,0.57,1.0,185.0,0.391,0.4243387373619769,0.31738650944666563
ParkG,loo,lawgp_r4,134,570 g,0.57,1.0,190.0,0.4571,0.533813837024487,0.3173958723062792
ParkG,loo,lawgp_r4,135,570 g,0.57,1.0,195.0,0.5894,0.792286941704844,0.31701193419478907
ParkG,loo,lawgp_r4,136,570 g,0.57,1.0,200.0,1.3172,0.8606671079115413,0.31512512587612673
ParkG,loo,lawgp_r4,137,570 g,0.57,1.0,205.0,0.9323,1.5231693859202904,0.31183442578949605
ParkG,loo,lawgp_r4,138,570 g,0.57,1.0,210.0,2.0209,1.2290257449445616,0.3136160168993419
ParkG,loo,lawgp_r4,139,570 g,0.57,1.0,215.0,1.5938,1.3353444691522203,0.31762103240341866
ParkG,loo,lawgp_r4,140,570 g,0.57,1.0,220.0,1.0405,1.1857146869845199,0.3168500488601255
ParkG,loo,lawgp_r4,141,570 g,0.57,1.0,225.0,0.8481,0.806956649452719,0.31725280551565477
ParkG,loo,lawgp_r4,142,570 g,0.57,1.0,230.0,0.5293,0.6830624203453841,0.31741932995663535
ParkG,loo,lawgp_r4,143,570 g,0.57,1.0,235.0,0.5173,0.6996333857126243,0.31733279101980216
ParkG,loo,lawgp_r4,144,570 g,0.57,1.0,240.0,0.8601,0.7940989848751687,0.3172010269414391
ParkG,loo,lawgp_r4,145,570 g,0.57,1.0,245.0,0.9263,1.104433591370228,0.3164713228319072
ParkG,loo,lawgp_r4,146,570 g,0.57,1.0,250.0,1.5517,0.9105274646549759,0.3149728769010826
ParkG,loo,lawgp_r4,147,570 g,0.57,1.0,255.0,1.0706,0.8921449049715353,0.317269175565107
ParkG,loo,lawgp_r4,148,570 g,0.57,1.0,260.0,0.397,0.7299955935341313,0.31618407316597813
ParkG,loo,lawgp_r4,149,570 g,0.57,1.0,265.0,0.3489,0.3728934592959359,0.31762541790165766
ParkG,loo,lawgp_r4,150,570 g,0.57,1.0,270.0,0.403,0.3511300832273836,0.31773062916341643
ParkG,loo,lawgp_r4,151,570 g,0.57,1.0,275.0,0.403,0.8788668275437013,0.3175204763273797
ParkG,loo,lawgp_r4,152,570 g,0.57,1.0,280.0,0.8721,1.129336409532533,0.31714826326306844
ParkG,loo,lawgp_r4,153,570 g,0.57,1.0,285.0,0.806,0.7964084265392367,0.3170774975007802
ParkG,loo,lawgp_r4,154,570 g,0.57,1.0,290.0,0.4812,0.4414945877690942,0.32070745560749697
ParkG,loo,lawgp_r4,155,570 g,0.57,1.0,295.0,0.1925,0.393092390858339,0.3775014431510481
ParkG,loo,lawgp_r4,156,870 g,0.87,1.0,105.0,0.242,0.30223387378198413,0.37732240915846454
ParkG,loo,lawgp_r4,157,870 g,0.87,1.0,110.0,0.2901,0.3095790977382416,0.3209552809364608
ParkG,loo,lawgp_r4,158,870 g,0.87,1.0,115.0,0.3262,0.38595422104317856,0.3176822544402258
ParkG,loo,lawgp_r4,159,870 g,0.87,1.0,120.0,0.4645,0.4123955490521159,0.317656420946018
ParkG,loo,lawgp_r4,160,870 g,0.87,1.0,125.0,0.5186,0.4075699216152611,0.3173656281381575
ParkG,loo,lawgp_r4,161,870 g,0.87,1.0,130.0,0.4224,0.37969986236732567,0.3173376273675191
ParkG,loo,lawgp_r4,162,870 g,0.87,1.0,135.0,0.2901,0.35463997453518536,0.3174108808753566
ParkG,loo,lawgp_r4,163,870 g,0.87,1.0,140.0,0.1337,0.46285212426780986,0.31659853604962307
ParkG,loo,lawgp_r4,164,870 g,0.87,1.0,145.0,0.5306,0.4320895654699327,0.31727970330470473
ParkG,loo,lawgp_r4,165,870 g,0.87,1.0,150.0,0.7171,0.47078901629157466,0.31715528170800694
ParkG,loo,lawgp_r4,166,870 g,0.87,1.0,155.0,0.6148,0.46417644215085935,0.31734090622127253
ParkG,loo,lawgp_r4,167,870 g,0.87,1.0,160.0,0.2961,0.4144842085990963,0.3171948190248493
ParkG,loo,lawgp_r4,168,870 g,0.87,1.0,165.0,0.1758,0.26750111272040655,0.31736021867973263
ParkG,loo,lawgp_r4,169,870 g,0.87,1.0,170.0,0.1397,0.17014040520064724,0.3173822665558073
ParkG,loo,lawgp_r4,170,870 g,0.87,1.0,175.0,0.1337,0.1396388265285992,0.31736576500428704
ParkG,loo,lawgp_r4,171,870 g,0.87,1.0,180.0,0.1397,0.14132655747811423,0.31736316912718904
ParkG,loo,lawgp_r4,172,870 g,0.87,1.0,185.0,0.1577,0.14544011908520932,0.3173580076660421
ParkG,loo,lawgp_r4,173,870 g,0.87,1.0,190.0,0.1337,0.17582623095209093,0.3173549857124236
ParkG,loo,lawgp_r4,174,870 g,0.87,1.0,195.0,0.1337,0.20671328174154374,0.3173101108595547
ParkG,loo,lawgp_r4,175,870 g,0.87,1.0,200.0,0.2841,0.1543609384278511,0.3171624306222964
ParkG,loo,lawgp_r4,176,870 g,0.87,1.0,205.0,0.1638,0.2100784456375939,0.3173467959817186
ParkG,loo,lawgp_r4,177,870 g,0.87,1.0,210.0,0.1217,0.2393434905368803,0.31726230249448834
ParkG,loo,lawgp_r4,178,870 g,0.87,1.0,215.0,0.26,0.23145194570714872,0.31732714259919687
ParkG,loo,lawgp_r4,179,870 g,0.87,1.0,220.0,0.3803,0.28461850539505873,0.31712225135278194
ParkG,loo,lawgp_r4,180,870 g,0.87,1.0,225.0,0.3302,0.517854818479661,0.31725218169476216
ParkG,loo,lawgp_r4,181,870 g,0.87,1.0,230.0,0.4645,0.8029837142371518,0.3160139944158548
ParkG,loo,lawgp_r4,182,870 g,0.87,1.0,235.0,1.1802,0.800620692222201,0.31675929606529585
ParkG,loo,lawgp_r4,183,870 g,0.87,1.0,240.0,1.3306,0.7724880705047951,0.3159413293799294
ParkG,loo,lawgp_r4,184,870 g,0.87,1.0,245.0,0.663,0.8205348433313355,0.316739555133432
ParkG,loo,lawgp_r4,185,870 g,0.87,1.0,250.0,0.5367,0.5336599034429191,0.3173525687739673
ParkG,loo,lawgp_r4,186,870 g,0.87,1.0,255.0,0.3382,0.6864118828269559,0.31786379956097205
ParkG,loo,lawgp_r4,187,870 g,0.87,1.0,260.0,0.5908,1.2887920802473745,0.3144914839508736
ParkG,loo,lawgp_r4,188,870 g,0.87,1.0,265.0,2.6417,1.6820430313986567,0.30525373188789173
ParkG,loo,lawgp_r4,189,870 g,0.87,1.0,270.0,3.207,3.505493184652256,0.3144410447736189
ParkG,loo,lawgp_r4,190,870 g,0.87,1.0,275.0,4.7126,5.357971802781429,0.3082002292505666
ParkG,loo,lawgp_r4,191,870 g,0.87,1.0,280.0,7.357,4.979068621989798,0.27347131293562305
ParkG,loo,lawgp_r4,192,870 g,0.87,1.0,285.0,4.5001,5.090556152310141,0.3139856527450514
ParkG,loo,lawgp_r4,193,870 g,0.87,1.0,290.0,2.9003,3.6272798431021296,0.3164899822339077
ParkG,loo,lawgp_r4,194,870 g,0.87,1.0,295.0,2.7981,1.8448400256694493,0.3722079303974225
ParkG,loo,lawgp_r4,195,1070 g,1.07,1.0,105.0,0.5131,0.3286741080553364,0.3771907199377495
ParkG,loo,lawgp_r4,196,1070 g,1.07,1.0,110.0,0.3447,0.4843719213428566,0.3207911201418578
ParkG,loo,lawgp_r4,197,1070 g,1.07,1.0,115.0,0.477,0.5069546046192093,0.3177340810575049
ParkG,loo,lawgp_r4,198,1070 g,1.07,1.0,120.0,0.6574,0.5954499116595741,0.3175768050338676
ParkG,loo,lawgp_r4,199,1070 g,1.07,1.0,125.0,0.6694,0.8085307804215485,0.31706051686701014
ParkG,loo,lawgp_r4,200,1070 g,1.07,1.0,130.0,0.9099,0.8406687530623154,0.31748161062231234
ParkG,loo,lawgp_r4,201,1070 g,1.07,1.0,135.0,1.2465,0.5837568646172694,0.31403889333364027
ParkG,loo,lawgp_r4,202,1070 g,1.07,1.0,140.0,0.3628,0.6706493555296478,0.31616690984234064
ParkG,loo,lawgp_r4,203,1070 g,1.07,1.0,145.0,0.1824,0.3934341104514393,0.31722187924016226
ParkG,loo,lawgp_r4,204,1070 g,1.07,1.0,150.0,0.2065,0.18777114144855483,0.3173315438422851
ParkG,loo,lawgp_r4,205,1070 g,1.07,1.0,155.0,0.1283,0.18936214449007976,0.3173794123085619
ParkG,loo,lawgp_r4,206,1070 g,1.07,1.0,160.0,0.2185,0.1838842580618419,0.3173454265441447
ParkG,loo,lawgp_r4,207,1070 g,1.07,1.0,165.0,0.2125,0.24473231522621072,0.31734946320506896
ParkG,loo,lawgp_r4,208,1070 g,1.07,1.0,170.0,0.2606,0.2603343536997901,0.3173635709324879
ParkG,loo,lawgp_r4,209,1070 g,1.07,1.0,175.0,0.3207,0.2224092793660659,0.317277527403159
ParkG,loo,lawgp_r4,210,1070 g,1.07,1.0,180.0,0.1884,0.2314918100316414,0.3173537731355181
ParkG,loo,lawgp_r4,211,1070 g,1.07,1.0,185.0,0.1343,0.20082658303471923,0.31736104589668673
ParkG,loo,lawgp_r4,212,1070 g,1.07,1.0,190.0,0.1524,0.1746402655366129,0.31737553486633524
ParkG,loo,lawgp_r4,213,1070 g,1.07,1.0,195.0,0.1524,0.19099874388463517,0.3173559986047824
ParkG,loo,lawgp_r4,214,1070 g,1.07,1.0,200.0,0.2425,0.1593712753715643,0.31728764094163214
ParkG,loo,lawgp_r4,215,1070 g,1.07,1.0,205.0,0.1824,0.18432896532743404,0.31736960291781313
ParkG,loo,lawgp_r4,216,1070 g,1.07,1.0,210.0,0.1223,0.23860369530157394,0.317344371175524
ParkG,loo,lawgp_r4,217,1070 g,1.07,1.0,215.0,0.2185,0.30081206041640435,0.317353432453919
ParkG,loo,lawgp_r4,218,1070 g,1.07,1.0,220.0,0.3628,0.3963484130428341,0.31731912243847726
ParkG,loo,lawgp_r4,219,1070 g,1.07,1.0,225.0,0.6153,0.3734996309565992,0.31690290601224547
ParkG,loo,lawgp_r4,220,1070 g,1.07,1.0,230.0,0.459,0.4022562615699836,0.31732153374425087
ParkG,loo,lawgp_r4,221,1070 g,1.07,1.0,235.0,0.1704,0.4076867087957638,0.31697287904942434
ParkG,loo,lawgp_r4,222,1070 g,1.07,1.0,240.0,0.2666,0.2517455512570792,0.31743677928242603
ParkG,loo,lawgp_r4,223,1070 g,1.07,1.0,245.0,0.2065,0.25776907380111197,0.3176130353298761
ParkG,loo,lawgp_r4,224,1070 g,1.07,1.0,250.0,0.2726,0.32747284571255203,0.3178036812667951
ParkG,loo,lawgp_r4,225,1070 g,1.07,1.0,255.0,0.5612,0.513157045471341,0.3178079542988369
ParkG,loo,lawgp_r4,226,1070 g,1.07,1.0,260.0,0.7536,1.1587238793786492,0.3175927738639154
ParkG,loo,lawgp_r4,227,1070 g,1.07,1.0,265.0,1.7996,2.0072937927481553,0.31826007124880695
ParkG,loo,lawgp_r4,228,1070 g,1.07,1.0,270.0,3.982,2.911738348076364,0.30371866280033266
ParkG,loo,lawgp_r4,229,1070 g,1.07,1.0,275.0,4.499,5.613600557888975,0.31194144367243065
ParkG,loo,lawgp_r4,230,1070 g,1.07,1.0,280.0,5.6773,7.053967787757131,0.30924878789677157
ParkG,loo,lawgp_r4,231,1070 g,1.07,1.0,285.0,5.3767,4.416285481436358,0.3060368506840154
ParkG,loo,lawgp_r4,232,1070 g,1.07,1.0,290.0,2.4369,3.1736514715483035,0.3163671622484082
ParkG,loo,lawgp_r4,233,1070 g,1.07,1.0,295.0,1.4089,1.7829125759506221,0.3785682016590419
ParkG,preload,gp,0,70 g,0.07,1.0,105.0,0.1312,0.5583647753244898,0.9857332274926238
ParkG,preload,gp,1,70 g,0.07,1.0,110.0,0.2212,0.5506697437186937,0.9857332274926225
ParkG,preload,gp,2,70 g,0.07,1.0,115.0,0.2032,0.6201943745823769,0.9857332274926225
ParkG,preload,gp,3,70 g,0.07,1.0,120.0,0.1792,0.6399363519678092,0.9857332274926225
ParkG,preload,gp,4,70 g,0.07,1.0,125.0,0.1792,0.6065156593942677,0.9857332274926225
ParkG,preload,gp,5,70 g,0.07,1.0,130.0,0.2753,0.6076316835099995,0.9857332274926225
ParkG,preload,gp,6,70 g,0.07,1.0,135.0,0.9059,0.6777518749495428,0.9857332274926225
ParkG,preload,gp,7,70 g,0.07,1.0,140.0,0.6837,0.6732702670062377,0.9857332274926225
ParkG,preload,gp,8,70 g,0.07,1.0,145.0,0.8639,0.6568663184121181,0.9857332274926225
ParkG,preload,gp,9,70 g,0.07,1.0,150.0,0.8339,0.6432185680959354,0.9857332274926225
ParkG,preload,gp,10,70 g,0.07,1.0,155.0,1.3504,0.6864321804736175,0.9857332274926225
ParkG,preload,gp,11,70 g,0.07,1.0,160.0,0.8819,0.6092212089333117,0.9857332274926225
ParkG,preload,gp,12,70 g,0.07,1.0,165.0,0.4915,0.6442647871158682,0.9857332274926225
ParkG,preload,gp,13,70 g,0.07,1.0,170.0,0.7137,0.6043173926870242,0.9857332274926225
ParkG,preload,gp,14,70 g,0.07,1.0,175.0,0.7257,0.6989991261664452,0.9857332274926225
ParkG,preload,gp,15,70 g,0.07,1.0,180.0,0.3834,0.7810748100023203,0.9857332274926225
ParkG,preload,gp,16,70 g,0.07,1.0,185.0,0.3534,0.7340072649966234,0.9857332274926225
ParkG,preload,gp,17,70 g,0.07,1.0,190.0,0.2393,0.6579405590850766,0.9857332274926225
ParkG,preload,gp,18,70 g,0.07,1.0,195.0,0.2753,0.6158053553469564,0.9857332274926225
ParkG,preload,gp,19,70 g,0.07,1.0,200.0,0.4074,0.6887134420438396,0.9857332274926225
ParkG,preload,gp,20,70 g,0.07,1.0,205.0,0.3053,0.6278946328533144,0.9857332274926225
ParkG,preload,gp,21,70 g,0.07,1.0,210.0,0.2032,0.6690744935191566,0.9857332274926225
ParkG,preload,gp,22,70 g,0.07,1.0,215.0,0.2393,0.6427602372257974,0.9857332274926225
ParkG,preload,gp,23,70 g,0.07,1.0,220.0,0.2633,0.6164459333417549,0.9857332274926225
ParkG,preload,gp,24,70 g,0.07,1.0,225.0,0.1792,0.6158941654349663,0.9857332274926225
ParkG,preload,gp,25,70 g,0.07,1.0,230.0,0.1191,0.5912268930759549,0.9857332274926225
ParkG,preload,gp,26,70 g,0.07,1.0,235.0,0.1312,0.6881644936254554,0.9857332274926225
ParkG,preload,gp,27,70 g,0.07,1.0,240.0,0.2393,0.6745498419562795,0.9857332274926225
ParkG,preload,gp,28,70 g,0.07,1.0,245.0,0.1312,0.6799586074771422,0.9857332274926225
ParkG,preload,gp,29,70 g,0.07,1.0,250.0,0.1552,0.7522636750335479,0.9857332274926225
ParkG,preload,gp,30,70 g,0.07,1.0,255.0,0.2933,0.679954850807234,0.9857332274926225
ParkG,preload,gp,31,70 g,0.07,1.0,260.0,0.4615,0.6613116576710936,0.9857332274926225
ParkG,preload,gp,32,70 g,0.07,1.0,265.0,0.8098,0.9347120341050805,0.9857332274926225
ParkG,preload,gp,33,70 g,0.07,1.0,270.0,1.2062,1.1806933625607732,0.9857332274926225
ParkG,preload,gp,34,70 g,0.07,1.0,275.0,0.7678,1.3586069486026031,0.9857332274926225
ParkG,preload,gp,35,70 g,0.07,1.0,280.0,0.5215,1.7680847279536214,0.9857332274926225
ParkG,preload,gp,36,70 g,0.07,1.0,285.0,0.3774,1.4847549322111742,0.9857332274926225
ParkG,preload,gp,37,70 g,0.07,1.0,290.0,0.3233,1.0338743417701035,0.9857332274926225
ParkG,preload,gp,38,70 g,0.07,1.0,295.0,0.2933,0.8668324635956023,0.9857332274926238
ParkG,preload,gp,39,170 g,0.17,1.0,105.0,0.1605,0.13285197281346606,0.42445653915178067
ParkG,preload,gp,40,170 g,0.17,1.0,110.0,0.2987,0.23352105436210102,0.40770980090801173
ParkG,preload,gp,41,170 g,0.17,1.0,115.0,0.4128,0.3366774978117191,0.4073785792420415
ParkG,preload,gp,42,170 g,0.17,1.0,120.0,0.3828,0.32962652576975915,0.4069694865049201
ParkG,preload,gp,43,170 g,0.17,1.0,125.0,0.3467,0.28229498022133853,0.4069605153389675
ParkG,preload,gp,44,170 g,0.17,1.0,130.0,0.4128,0.3996492550167598,0.4069550228107314
ParkG,preload,gp,45,170 g,0.17,1.0,135.0,0.3527,0.6854678670868587,0.4069544266542375
ParkG,preload,gp,46,170 g,0.17,1.0,140.0,0.5389,0.8619904127824294,0.40695435498080157
ParkG,preload,gp,47,170 g,0.17,1.0,145.0,0.9954,0.8805887213181345,0.4069543328448868
ParkG,preload,gp,48,170 g,0.17,1.0,150.0,0.9053,0.9343371908353717,0.4069543320912423
ParkG,preload,gp,49,170 g,0.17,1.0,155.0,1.1936,1.0256940650460624,0.4069543315056516
ParkG,preload,gp,50,170 g,0.17,1.0,160.0,0.5749,0.9337100656546222,0.4069543314823967
ParkG,preload,gp,51,170 g,0.17,1.0,165.0,0.665,0.8133555999381397,0.4069543314709658
ParkG,preload,gp,52,170 g,0.17,1.0,170.0,0.3888,0.9304532178272134,0.40695433147002674
ParkG,preload,gp,53,170 g,0.17,1.0,175.0,0.4308,1.1265917659590974,0.4069543314698217
ParkG,preload,gp,54,170 g,0.17,1.0,180.0,0.9653,1.076236180809306,0.4069543314697895
ParkG,preload,gp,55,170 g,0.17,1.0,185.0,1.7701,0.779860805961129,0.4069543314697852
ParkG,preload,gp,56,170 g,0.17,1.0,190.0,1.1395,0.49430620649337365,0.40695433146978466
ParkG,preload,gp,57,170 g,0.17,1.0,195.0,0.8032,0.3715501401352456,0.4069543314697844
ParkG,preload,gp,58,170 g,0.17,1.0,200.0,0.5689,0.3180855072014022,0.4069543314697844
ParkG,preload,gp,59,170 g,0.17,1.0,205.0,0.5629,0.1925671498370749,0.4069543314697844
ParkG,preload,gp,60,170 g,0.17,1.0,210.0,0.3948,0.0458844286836253,0.40695433146978477
ParkG,preload,gp,61,170 g,0.17,1.0,215.0,0.3227,-0.0035726668138525985,0.40695433146978577
ParkG,preload,gp,62,170 g,0.17,1.0,220.0,0.2927,0.02641104194523558,0.4069543314697892
ParkG,preload,gp,63,170 g,0.17,1.0,225.0,0.3007,0.08150747849693796,0.40695433146982196
ParkG,preload,gp,64,170 g,0.17,1.0,230.0,0.2326,0.17399509208616748,0.4069543314700271
ParkG,preload,gp,65,170 g,0.17,1.0,235.0,0.1665,0.27668848517313066,0.4069543314709658
ParkG,preload,gp,66,170 g,0.17,1.0,240.0,0.1005,0.33609253447234305,0.4069543314823967
ParkG,preload,gp,67,170 g,0.17,1.0,245.0,0.1005,0.37115127399574016,0.40695433150565197
ParkG,preload,gp,68,170 g,0.17,1.0,250.0,0.1305,0.3928028758138301,0.40695433209124293
ParkG,preload,gp,69,170 g,0.17,1.0,255.0,0.3467,0.42713290767581324,0.40695433284488736
ParkG,preload,gp,70,170 g,0.17,1.0,260.0,0.3828,0.5712248900387656,0.40695435498080246
ParkG,preload,gp,71,170 g,0.17,1.0,265.0,0.3767,0.8039330752685359,0.4069544266542376
ParkG,preload,gp,72,170 g,0.17,1.0,270.0,0.4668,0.9030552730367488,0.4069550228107314
ParkG,preload,gp,73,170 g,0.17,1.0,275.0,0.589,0.7549983044671735,0.40696051533896715
ParkG,preload,gp,74,170 g,0.17,1.0,280.0,0.5389,0.553328336144916,0.40696948650491954
ParkG,preload,gp,75,170 g,0.17,1.0,285.0,0.7371,0.43811176331741003,0.4073785792420411
ParkG,preload,gp,76,170 g,0.17,1.0,290.0,0.5509,0.38868239668748317,0.4077098009080119
ParkG,preload,gp,77,170 g,0.17,1.0,295.0,0.2867,0.36888502900048337,0.4244565391517801
ParkG,preload,gp,78,370 g,0.37,1.0,105.0,0.1365,0.4995400570261565,0.958938690864297
ParkG,preload,gp,79,370 g,0.37,1.0,110.0,0.2927,0.4829983555413946,0.9589386908642953
ParkG,preload,gp,80,370 g,0.37,1.0,115.0,0.7371,0.5159841345072799,0.9589386908642953
ParkG,preload,gp,81,370 g,0.37,1.0,120.0,0.7011,0.5410877103214419,0.9589386908642953
ParkG,preload,gp,82,370 g,0.37,1.0,125.0,0.4428,0.5291882774856109,0.9589386908642953
ParkG,preload,gp,83,370 g,0.37,1.0,130.0,0.1966,0.5681126050203985,0.9589386908642953
ParkG,preload,gp,84,370 g,0.37,1.0,135.0,0.3888,0.7007050026167803,0.9589386908642953
ParkG,preload,gp,85,370 g,0.37,1.0,140.0,1.3857,0.5614531468252195,0.9589386908642953
ParkG,preload,gp,86,370 g,0.37,1.0,145.0,0.659,0.6412466393654014,0.9589386908642953
ParkG,preload,gp,87,370 g,0.37,1.0,150.0,0.3888,0.6511803219200769,0.9589386908642953
ParkG,preload,gp,88,370 g,0.37,1.0,155.0,0.7551,0.7197121097854287,0.9589386908642953
ParkG,preload,gp,89,370 g,0.37,1.0,160.0,0.7912,0.5713221219358644,0.9589386908642953
ParkG,preload,gp,90,370 g,0.37,1.0,165.0,0.9713,0.5509045675104282,0.9589386908642953
ParkG,preload,gp,91,370 g,0.37,1.0,170.0,0.8092,0.5449767030378867,0.9589386908642953
ParkG,preload,gp,92,370 g,0.37,1.0,175.0,1.8362,0.5476000513510408,0.9589386908642953
ParkG,preload,gp,93,370 g,0.37,1.0,180.0,2.3887,0.5482265667345853,0.9589386908642953
ParkG,preload,gp,94,370 g,0.37,1.0,185.0,1.0854,0.6313026981190135,0.9589386908642953
ParkG,preload,gp,95,370 g,0.37,1.0,190.0,0.8212,0.5561632550679328,0.9589386908642953
ParkG,preload,gp,96,370 g,0.37,1.0,195.0,0.5629,0.5377213032416295,0.9589386908642953
ParkG,preload,gp,97,370 g,0.37,1.0,200.0,0.629,0.6327935069194783,0.9589386908642953
ParkG,preload,gp,98,370 g,0.37,1.0,205.0,0.5329,0.5588738379486774,0.9589386908642953
ParkG,preload,gp,99,370 g,0.37,1.0,210.0,0.1665,0.6374922044709717,0.9589386908642953
ParkG,preload,gp,100,370 g,0.37,1.0,215.0,0.1425,0.612397676707051,0.9589386908642953
ParkG,preload,gp,101,370 g,0.37,1.0,220.0,0.1725,0.5800471048938481,0.9589386908642953
ParkG,preload,gp,102,370 g,0.37,1.0,225.0,0.1485,0.5727901142199491,0.9589386908642953
ParkG,preload,gp,103,370 g,0.37,1.0,230.0,0.2867,0.5213075378815052,0.9589386908642953
ParkG,preload,gp,104,370 g,0.37,1.0,235.0,1.0014,0.5609456216014888,0.9589386908642953
ParkG,preload,gp,105,370 g,0.37,1.0,240.0,0.3287,0.6302655852147122,0.9589386908642953
ParkG,preload,gp,106,370 g,0.37,1.0,245.0,1.0494,0.5457871220458166,0.9589386908642953
ParkG,preload,gp,107,370 g,0.37,1.0,250.0,1.2476,0.6137576592604895,0.9589386908642953
ParkG,preload,gp,108,370 g,0.37,1.0,255.0,0.629,0.6097286359889313,0.9589386908642953
ParkG,preload,gp,109,370 g,0.37,1.0,260.0,0.617,0.6070600676572484,0.9589386908642953
ParkG,preload,gp,110,370 g,0.37,1.0,265.0,0.5749,0.9792863864929808,0.9589386908642953
ParkG,preload,gp,111,370 g,0.37,1.0,270.0,0.3828,1.3402377101972753,0.9589386908642953
ParkG,preload,gp,112,370 g,0.37,1.0,275.0,0.1906,1.5275458977351244,0.9589386908642953
ParkG,preload,gp,113,370 g,0.37,1.0,280.0,0.4428,1.9661153847884698,0.9589386908642953
ParkG,preload,gp,114,370 g,0.37,1.0,285.0,0.3587,1.6182024675193576,0.9589386908642953
ParkG,preload,gp,115,370 g,0.37,1.0,290.0,0.4608,1.05786815741185,0.9589386908642953
ParkG,preload,gp,116,370 g,0.37,1.0,295.0,0.3107,0.8698229301195584,0.958938690864297
ParkG,preload,gp,117,570 g,0.57,1.0,105.0,0.5594,0.20456315066292263,0.5053307332325975
ParkG,preload,gp,118,570 g,0.57,1.0,110.0,0.3008,0.35138354653249093,0.4810577895731802
ParkG,preload,gp,119,570 g,0.57,1.0,115.0,0.3368,0.5351580506140284,0.4796436511486149
ParkG,preload,gp,120,570 g,0.57,1.0,120.0,0.3008,0.5640045462602961,0.4794387964720691
ParkG,preload,gp,121,570 g,0.57,1.0,125.0,0.1624,0.4183733039600406,0.4794072626578287
ParkG,preload,gp,122,570 g,0.57,1.0,130.0,0.2105,0.3154148420714817,0.47940493185878325
ParkG,preload,gp,123,570 g,0.57,1.0,135.0,0.6436,0.4521718153499915,0.47940470267616253
ParkG,preload,gp,124,570 g,0.57,1.0,140.0,0.4511,0.6722728210271056,0.4794046737052127
ParkG,preload,gp,125,570 g,0.57,1.0,145.0,0.3248,0.6970365109851361,0.4794046714835301
ParkG,preload,gp,126,570 g,0.57,1.0,150.0,0.3248,0.639291179407374,0.4794046712467698
ParkG,preload,gp,127,570 g,0.57,1.0,155.0,0.3248,0.6643373090449962,0.479404671230514
ParkG,preload,gp,128,570 g,0.57,1.0,160.0,0.2887,0.7177728586329887,0.4794046712274673
ParkG,preload,gp,129,570 g,0.57,1.0,165.0,0.5293,0.7938024788059855,0.47940467122721475
ParkG,preload,gp,130,570 g,0.57,1.0,170.0,0.5173,1.0114864311498706,0.47940467122719094
ParkG,preload,gp,131,570 g,0.57,1.0,175.0,0.4331,1.330086427203093,0.4794046712271886
ParkG,preload,gp,132,570 g,0.57,1.0,180.0,0.3729,1.3404163274226204,0.4794046712271878
ParkG,preload,gp,133,570 g,0.57,1.0,185.0,0.391,0.90757065951022,0.47940467122718755
ParkG,preload,gp,134,570 g,0.57,1.0,190.0,0.4571,0.47076645259415395,0.47940467122718766
ParkG,preload,gp,135,570 g,0.57,1.0,195.0,0.5894,0.3124685358788295,0.47940467122718755
ParkG,preload,gp,136,570 g,0.57,1.0,200.0,1.3172,0.3180350131093486,0.47940467122718733
ParkG,preload,gp,137,570 g,0.57,1.0,205.0,0.9323,0.27823324990671816,0.47940467122718755
ParkG,preload,gp,138,570 g,0.57,1.0,210.0,2.0209,0.17431179056036772,0.47940467122718755
ParkG,preload,gp,139,570 g,0.57,1.0,215.0,1.5938,0.11939733384116713,0.4794046712271878
ParkG,preload,gp,140,570 g,0.57,1.0,220.0,1.0405,0.14954465776940107,0.479404671227188
ParkG,preload,gp,141,570 g,0.57,1.0,225.0,0.8481,0.3063226594775483,0.4794046712271883
ParkG,preload,gp,142,570 g,0.57,1.0,230.0,0.5293,0.6580800159126671,0.47940467122719094
ParkG,preload,gp,143,570 g,0.57,1.0,235.0,0.5173,1.0448832415999427,0.47940467122721475
ParkG,preload,gp,144,570 g,0.57,1.0,240.0,0.8601,1.236938592976187,0.47940467122746794
ParkG,preload,gp,145,570 g,0.57,1.0,245.0,0.9263,1.2724415825276256,0.4794046712305145
ParkG,preload,gp,146,570 g,0.57,1.0,250.0,1.5517,1.1427857252344227,0.4794046712467701
ParkG,preload,gp,147,570 g,0.57,1.0,255.0,1.0706,0.927863226334613,0.4794046714835299
ParkG,preload,gp,148,570 g,0.57,1.0,260.0,0.397,0.9163116883089925,0.4794046737052127
ParkG,preload,gp,149,570 g,0.57,1.0,265.0,0.3489,1.1565079869831798,0.4794047026761628
ParkG,preload,gp,150,570 g,0.57,1.0,270.0,0.403,1.5191278150192873,0.4794049318587835
ParkG,preload,gp,151,570 g,0.57,1.0,275.0,0.403,1.957669093639209,0.4794072626578288
ParkG,preload,gp,152,570 g,0.57,1.0,280.0,0.8721,2.195556380538995,0.4794387964720691
ParkG,preload,gp,153,570 g,0.57,1.0,285.0,0.806,1.9489731305885556,0.4796436511486145
ParkG,preload,gp,154,570 g,0.57,1.0,290.0,0.4812,1.5214802988832803,0.48105778957317985
ParkG,preload,gp,155,570 g,0.57,1.0,295.0,0.1925,1.2671936733554487,0.5053307332325975
ParkG,preload,gp,156,870 g,0.87,1.0,105.0,0.242,0.6045454622476568,0.617489754429655
ParkG,preload,gp,157,870 g,0.87,1.0,110.0,0.2901,0.3796177550672936,0.6174897544296476
ParkG,preload,gp,158,870 g,0.87,1.0,115.0,0.3262,0.39769200165081925,0.6174897544296476
ParkG,preload,gp,159,870 g,0.87,1.0,120.0,0.4645,0.4900283052765213,0.6174897544296476
ParkG,preload,gp,160,870 g,0.87,1.0,125.0,0.5186,0.48277732501870807,0.6174897544296476
ParkG,preload,gp,161,870 g,0.87,1.0,130.0,0.4224,0.6851283084661853,0.6174897544296476
ParkG,preload,gp,162,870 g,0.87,1.0,135.0,0.2901,1.0080043763603133,0.6174897544296476
ParkG,preload,gp,163,870 g,0.87,1.0,140.0,0.1337,0.2641206825877711,0.6174897544296476
ParkG,preload,gp,164,870 g,0.87,1.0,145.0,0.5306,0.26148457862141333,0.6174897544296476
ParkG,preload,gp,165,870 g,0.87,1.0,150.0,0.7171,0.3184597866134932,0.6174897544296476
ParkG,preload,gp,166,870 g,0.87,1.0,155.0,0.6148,0.21648321636238427,0.6174897544296476
ParkG,preload,gp,167,870 g,0.87,1.0,160.0,0.2961,0.2185628363420411,0.6174897544296476
ParkG,preload,gp,168,870 g,0.87,1.0,165.0,0.1758,0.29602890470949933,0.6174897544296476
ParkG,preload,gp,169,870 g,0.87,1.0,170.0,0.1397,0.3269966610454975,0.6174897544296476
ParkG,preload,gp,170,870 g,0.87,1.0,175.0,0.1337,0.1456168642404031,0.6174897544296476
ParkG,preload,gp,171,870 g,0.87,1.0,180.0,0.1397,-0.01544115333846574,0.6174897544296476
ParkG,preload,gp,172,870 g,0.87,1.0,185.0,0.1577,0.2404440624702101,0.6174897544296476
ParkG,preload,gp,173,870 g,0.87,1.0,190.0,0.1337,0.2906257368610177,0.6174897544296476
ParkG,preload,gp,174,870 g,0.87,1.0,195.0,0.1337,0.3715937491893756,0.6174897544296476
ParkG,preload,gp,175,870 g,0.87,1.0,200.0,0.2841,0.6991400430330177,0.6174897544296476
ParkG,preload,gp,176,870 g,0.87,1.0,205.0,0.1638,0.5227378480961694,0.6174897544296476
ParkG,preload,gp,177,870 g,0.87,1.0,210.0,0.1217,1.0008656863061594,0.6174897544296476
ParkG,preload,gp,178,870 g,0.87,1.0,215.0,0.26,0.8763005910012535,0.6174897544296476
ParkG,preload,gp,179,870 g,0.87,1.0,220.0,0.3803,0.7193335632308071,0.6174897544296476
ParkG,preload,gp,180,870 g,0.87,1.0,225.0,0.3302,0.7883453906179603,0.6174897544296476
ParkG,preload,gp,181,870 g,0.87,1.0,230.0,0.4645,0.5390115288215981,0.6174897544296476
ParkG,preload,gp,182,870 g,0.87,1.0,235.0,1.1802,0.2392693304807299,0.6174897544296476
ParkG,preload,gp,183,870 g,0.87,1.0,240.0,1.3306,0.5508565488160544,0.6174897544296476
ParkG,preload,gp,184,870 g,0.87,1.0,245.0,0.663,0.41833451556171,0.6174897544296476
ParkG,preload,gp,185,870 g,0.87,1.0,250.0,0.5367,0.6833363021667993,0.6174897544296476
ParkG,preload,gp,186,870 g,0.87,1.0,255.0,0.3382,0.7659086245448322,0.6174897544296476
ParkG,preload,gp,187,870 g,0.87,1.0,260.0,0.5908,0.5946392840062067,0.6174897544296476
ParkG,preload,gp,188,870 g,0.87,1.0,265.0,2.6417,1.1685325561897004,0.6174897544296476
ParkG,preload,gp,189,870 g,0.87,1.0,270.0,3.207,2.4609627963774825,0.6174897544296476
ParkG,preload,gp,190,870 g,0.87,1.0,275.0,4.7126,2.803330673259377,0.6174897544296476
ParkG,preload,gp,191,870 g,0.87,1.0,280.0,7.357,3.6243252175274234,0.6174897544296476
ParkG,preload,gp,192,870 g,0.87,1.0,285.0,4.5001,3.455319249440582,0.6174897544296476
ParkG,preload,gp,193,870 g,0.87,1.0,290.0,2.9003,1.6244415476823817,0.6174897544296476
ParkG,preload,gp,194,870 g,0.87,1.0,295.0,2.7981,0.9326334358512138,0.617489754429655
ParkG,preload,gp,195,1070 g,1.07,1.0,105.0,0.5131,0.44045868367547425,0.7453609847306674
ParkG,preload,gp,196,1070 g,1.07,1.0,110.0,0.3447,0.457393009812914,0.7373499028147152
ParkG,preload,gp,197,1070 g,1.07,1.0,115.0,0.477,0.5010806067793497,0.7361996130224415
ParkG,preload,gp,198,1070 g,1.07,1.0,120.0,0.6574,0.5455095236202628,0.7361013149586959
ParkG,preload,gp,199,1070 g,1.07,1.0,125.0,0.6694,0.5584110067065605,0.7360875587451461
ParkG,preload,gp,200,1070 g,1.07,1.0,130.0,0.9099,0.5309794096262253,0.7360846596004512
ParkG,preload,gp,201,1070 g,1.07,1.0,135.0,1.2465,0.4984199632234274,0.7360838314976296
ParkG,preload,gp,202,1070 g,1.07,1.0,140.0,0.3628,0.5135579573538247,0.7360836822503216
ParkG,preload,gp,203,1070 g,1.07,1.0,145.0,0.1824,0.5804139921722158,0.7360836618616956
ParkG,preload,gp,204,1070 g,1.07,1.0,150.0,0.2065,0.6330899205292394,0.7360836582753264
ParkG,preload,gp,205,1070 g,1.07,1.0,155.0,0.1283,0.6124762973584561,0.7360836575895638
ParkG,preload,gp,206,1070 g,1.07,1.0,160.0,0.2185,0.5335376267216577,0.7360836574410111
ParkG,preload,gp,207,1070 g,1.07,1.0,165.0,0.2125,0.4545503580261704,0.7360836574145192
ParkG,preload,gp,208,1070 g,1.07,1.0,170.0,0.2606,0.40956027618236457,0.7360836574100836
ParkG,preload,gp,209,1070 g,1.07,1.0,175.0,0.3207,0.39181681857992007,0.736083657409242
ParkG,preload,gp,210,1070 g,1.07,1.0,180.0,0.1884,0.3795767685429551,0.7360836574090828
ParkG,preload,gp,211,1070 g,1.07,1.0,185.0,0.1343,0.3583012368514343,0.7360836574090514
ParkG,preload,gp,212,1070 g,1.07,1.0,190.0,0.1524,0.3271005586129951,0.7360836574090457
ParkG,preload,gp,213,1070 g,1.07,1.0,195.0,0.1524,0.29140660312856403,0.7360836574090447
ParkG,preload,gp,214,1070 g,1.07,1.0,200.0,0.2425,0.25190329274448175,0.7360836574090445
ParkG,preload,gp,215,1070 g,1.07,1.0,205.0,0.1824,0.2151343158359763,0.7360836574090447
ParkG,preload,gp,216,1070 g,1.07,1.0,210.0,0.1223,0.2060162973312944,0.7360836574090457
ParkG,preload,gp,217,1070 g,1.07,1.0,215.0,0.2185,0.24208721674447475,0.7360836574090514
ParkG,preload,gp,218,1070 g,1.07,1.0,220.0,0.3628,0.3192408335416912,0.7360836574090827
ParkG,preload,gp,219,1070 g,1.07,1.0,225.0,0.6153,0.44178708738922307,0.736083657409242
ParkG,preload,gp,220,1070 g,1.07,1.0,230.0,0.459,0.6147350019384559,0.7360836574100836
ParkG,preload,gp,221,1070 g,1.07,1.0,235.0,0.1704,0.7764748568586285,0.7360836574145192
ParkG,preload,gp,222,1070 g,1.07,1.0,240.0,0.2666,0.8198242605949128,0.7360836574410111
ParkG,preload,gp,223,1070 g,1.07,1.0,245.0,0.2065,0.7331384989694552,0.7360836575895638
ParkG,preload,gp,224,1070 g,1.07,1.0,250.0,0.2726,0.6482284250359285,0.7360836582753265
ParkG,preload,gp,225,1070 g,1.07,1.0,255.0,0.5612,0.7444850627684361,0.7360836618616956
ParkG,preload,gp,226,1070 g,1.07,1.0,260.0,0.7536,1.1430922222106914,0.7360836822503216
ParkG,preload,gp,227,1070 g,1.07,1.0,265.0,1.7996,1.8253448701708566,0.7360838314976296
ParkG,preload,gp,228,1070 g,1.07,1.0,270.0,3.982,2.6478204772526306,0.7360846596004512
ParkG,preload,gp,229,1070 g,1.07,1.0,275.0,4.499,3.3745960824526406,0.7360875587451461
ParkG,preload,gp,230,1070 g,1.07,1.0,280.0,5.6773,3.656644941720394,0.7361013149586959
ParkG,preload,gp,231,1070 g,1.07,1.0,285.0,5.3767,3.330407719929313,0.7361996130224415
ParkG,preload,gp,232,1070 g,1.07,1.0,290.0,2.4369,2.694489709926943,0.7373499028147152
ParkG,preload,gp,233,1070 g,1.07,1.0,295.0,1.4089,2.1263853684345757,0.7453609847306674
ParkG,preload,lawgp,0,70 g,0.07,1.0,105.0,0.1312,0.2982159869695704,0.5143649928078623
ParkG,preload,lawgp,1,70 g,0.07,1.0,110.0,0.2212,0.3159024481944411,0.5101430619759861
ParkG,preload,lawgp,2,70 g,0.07,1.0,115.0,0.2032,0.3342672141456691,0.5090424293744871
ParkG,preload,lawgp,3,70 g,0.07,1.0,120.0,0.1792,0.34727314693908246,0.5089066277790525
ParkG,preload,lawgp,4,70 g,0.07,1.0,125.0,0.1792,0.35862173098547073,0.5089013136453017
ParkG,preload,lawgp,5,70 g,0.07,1.0,130.0,0.2753,0.3807655921524519,0.5089001264244749
ParkG,preload,lawgp,6,70 g,0.07,1.0,135.0,0.9059,0.4257778918702929,0.5088997531041832
ParkG,preload,lawgp,7,70 g,0.07,1.0,140.0,0.6837,0.49267600230859543,0.5088997367707819
ParkG,preload,lawgp,8,70 g,0.07,1.0,145.0,0.8639,0.5602042700066405,0.508899717245162
ParkG,preload,lawgp,9,70 g,0.07,1.0,150.0,0.8339,0.5971084691601036,0.508899706840421
ParkG,preload,lawgp,10,70 g,0.07,1.0,155.0,1.3504,0.5850030889582717,0.5088997054414406
ParkG,preload,lawgp,11,70 g,0.07,1.0,160.0,0.8819,0.5350865447003772,0.50889970542086
ParkG,preload,lawgp,12,70 g,0.07,1.0,165.0,0.4915,0.4855896114012396,0.5088997053925289
ParkG,preload,lawgp,13,70 g,0.07,1.0,170.0,0.7137,0.479638271615398,0.5088997053839117
ParkG,preload,lawgp,14,70 g,0.07,1.0,175.0,0.7257,0.5360392407287214,0.5088997053836637
ParkG,preload,lawgp,15,70 g,0.07,1.0,180.0,0.3834,0.6278131048011437,0.5088997053832854
ParkG,preload,lawgp,16,70 g,0.07,1.0,185.0,0.3534,0.6938466814953606,0.5088997053830844
ParkG,preload,lawgp,17,70 g,0.07,1.0,190.0,0.2393,0.6892257225357615,0.508899705383061
ParkG,preload,lawgp,18,70 g,0.07,1.0,195.0,0.2753,0.6219042691791201,0.5088997053830608
ParkG,preload,lawgp,19,70 g,0.07,1.0,200.0,0.4074,0.5329279706604921,0.5088997053830603
ParkG,preload,lawgp,20,70 g,0.07,1.0,205.0,0.3053,0.4552675818771793,0.5088997053830608
ParkG,preload,lawgp,21,70 g,0.07,1.0,210.0,0.2032,0.39890414424944903,0.508899705383061
ParkG,preload,lawgp,22,70 g,0.07,1.0,215.0,0.2393,0.36013172058425186,0.5088997053830844
ParkG,preload,lawgp,23,70 g,0.07,1.0,220.0,0.2633,0.3314802988487317,0.5088997053832854
ParkG,preload,lawgp,24,70 g,0.07,1.0,225.0,0.1792,0.3056159403094363,0.5088997053836637
ParkG,preload,lawgp,25,70 g,0.07,1.0,230.0,0.1191,0.27866307245982275,0.5088997053839117
ParkG,preload,lawgp,26,70 g,0.07,1.0,235.0,0.1312,0.2533958690955875,0.5088997053925289
ParkG,preload,lawgp,27,70 g,0.07,1.0,240.0,0.2393,0.23831991525794813,0.50889970542086
ParkG,preload,lawgp,28,70 g,0.07,1.0,245.0,0.1312,0.24194186344248284,0.5088997054414406
ParkG,preload,lawgp,29,70 g,0.07,1.0,250.0,0.1552,0.2659741575596775,0.508899706840421
ParkG,preload,lawgp,30,70 g,0.07,1.0,255.0,0.2933,0.30331389097198785,0.508899717245162
ParkG,preload,lawgp,31,70 g,0.07,1.0,260.0,0.4615,0.3448303331422735,0.5088997367707819
ParkG,preload,lawgp,32,70 g,0.07,1.0,265.0,0.8098,0.3902427434873377,0.5088997531041831
ParkG,preload,lawgp,33,70 g,0.07,1.0,270.0,1.2062,0.45153695987605524,0.508900126424475
ParkG,preload,lawgp,34,70 g,0.07,1.0,275.0,0.7678,0.5356046513098228,0.5089013136453017
ParkG,preload,lawgp,35,70 g,0.07,1.0,280.0,0.5215,0.5879471324574637,0.5089066277790525
ParkG,preload,lawgp,36,70 g,0.07,1.0,285.0,0.3774,0.5415021972404234,0.5090424293744871
ParkG,preload,lawgp,37,70 g,0.07,1.0,290.0,0.3233,0.46190685190114583,0.5101430619759861
ParkG,preload,lawgp,38,70 g,0.07,1.0,295.0,0.2933,0.40101843078864374,0.5143649928078623
ParkG,preload,lawgp,39,170 g,0.17,1.0,105.0,0.1605,0.33022444203451157,0.5579945577808713
ParkG,preload,lawgp,40,170 g,0.17,1.0,110.0,0.2987,0.33045308723437583,0.5579944098287684
ParkG,preload,lawgp,41,170 g,0.17,1.0,115.0,0.4128,0.3307475620441208,0.5579943094049976
ParkG,preload,lawgp,42,170 g,0.17,1.0,120.0,0.3828,0.33111004659192084,0.5579942488647117
ParkG,preload,lawgp,43,170 g,0.17,1.0,125.0,0.3467,0.3315347496660121,0.5579942163980454
ParkG,preload,lawgp,44,170 g,0.17,1.0,130.0,0.4128,0.3320071468028829,0.5579942008560098
ParkG,preload,lawgp,45,170 g,0.17,1.0,135.0,0.3527,0.3325053184427108,0.5579941941791895
ParkG,preload,lawgp,46,170 g,0.17,1.0,140.0,0.5389,0.3330034945611781,0.5579941915864235
ParkG,preload,lawgp,47,170 g,0.17,1.0,145.0,0.9954,0.33347713487573477,0.5579941906680635
ParkG,preload,lawgp,48,170 g,0.17,1.0,150.0,0.9053,0.33390828842002507,0.5579941903682157
ParkG,preload,lawgp,49,170 g,0.17,1.0,155.0,1.1936,0.3342898338578168,0.5579941902769271
ParkG,preload,lawgp,50,170 g,0.17,1.0,160.0,0.5749,0.3346275437925805,0.5579941902507112
ParkG,preload,lawgp,51,170 g,0.17,1.0,165.0,0.665,0.33493961073386086,0.5579941902435351
ParkG,preload,lawgp,52,170 g,0.17,1.0,170.0,0.3888,0.33525406590796564,0.5579941902416469
ParkG,preload,lawgp,53,170 g,0.17,1.0,175.0,0.4308,0.33560510704386115,0.5579941902411664
ParkG,preload,lawgp,54,170 g,0.17,1.0,180.0,0.9653,0.33602952300634703,0.5579941902410477
ParkG,preload,lawgp,55,170 g,0.17,1.0,185.0,1.7701,0.3365642064189618,0.5579941902410192
ParkG,preload,lawgp,56,170 g,0.17,1.0,190.0,1.1395,0.3372454090424262,0.5579941902410124
ParkG,preload,lawgp,57,170 g,0.17,1.0,195.0,0.8032,0.3381101001849967,0.5579941902410108
ParkG,preload,lawgp,58,170 g,0.17,1.0,200.0,0.5689,0.3391995598078879,0.5579941902410106
ParkG,preload,lawgp,59,170 g,0.17,1.0,205.0,0.5629,0.34056517126822555,0.5579941902410108
ParkG,preload,lawgp,60,170 g,0.17,1.0,210.0,0.3948,0.34227639605621,0.5579941902410124
ParkG,preload,lawgp,61,170 g,0.17,1.0,215.0,0.3227,0.3444313289407967,0.5579941902410192
ParkG,preload,lawgp,62,170 g,0.17,1.0,220.0,0.2927,0.34717122736074296,0.5579941902410477
ParkG,preload,lawgp,63,170 g,0.17,1.0,225.0,0.3007,0.3507021696518596,0.5579941902411664
ParkG,preload,lawgp,64,170 g,0.17,1.0,230.0,0.2326,0.35533002633548116,0.5579941902416469
ParkG,preload,lawgp,65,170 g,0.17,1.0,235.0,0.1665,0.3615206031959506,0.5579941902435351
ParkG,preload,lawgp,66,170 g,0.17,1.0,240.0,0.1005,0.3700083520934536,0.5579941902507112
ParkG,preload,lawgp,67,170 g,0.17,1.0,245.0,0.1005,0.3820016542839221,0.5579941902769271
ParkG,preload,lawgp,68,170 g,0.17,1.0,250.0,0.1305,0.39958652204434625,0.5579941903682157
ParkG,preload,lawgp,69,170 g,0.17,1.0,255.0,0.3467,0.4265472933426696,0.5579941906680635
ParkG,preload,lawgp,70,170 g,0.17,1.0,260.0,0.3828,0.4700413160640043,0.5579941915864235
ParkG,preload,lawgp,71,170 g,0.17,1.0,265.0,0.3767,0.5436251008554698,0.5579941941791895
ParkG,preload,lawgp,72,170 g,0.17,1.0,270.0,0.4668,0.6687816958095609,0.5579942008560098
ParkG,preload,lawgp,73,170 g,0.17,1.0,275.0,0.589,0.846567190666395,0.5579942163980454
ParkG,preload,lawgp,74,170 g,0.17,1.0,280.0,0.5389,0.9456516255730887,0.5579942488647117
ParkG,preload,lawgp,75,170 g,0.17,1.0,285.0,0.7371,0.82636715994417,0.5579943094049976
ParkG,preload,lawgp,76,170 g,0.17,1.0,290.0,0.5509,0.6514087426062677,0.5579944098287684
ParkG,preload,lawgp,77,170 g,0.17,1.0,295.0,0.2867,0.5330154403243884,0.5579945577808713
ParkG,preload,lawgp,78,370 g,0.37,1.0,105.0,0.1365,0.31419815835134357,0.5210629412691059
ParkG,preload,lawgp,79,370 g,0.37,1.0,110.0,0.2927,0.31486485036438583,0.5208569151994108
ParkG,preload,lawgp,80,370 g,0.37,1.0,115.0,0.7371,0.3156852596574098,0.5207495381044833
ParkG,preload,lawgp,81,370 g,0.37,1.0,120.0,0.7011,0.3172463513034013,0.5207047910506375
ParkG,preload,lawgp,82,370 g,0.37,1.0,125.0,0.4428,0.3201743054292565,0.5206897543231844
ParkG,preload,lawgp,83,370 g,0.37,1.0,130.0,0.1966,0.32477770477254114,0.5206855939734115
ParkG,preload,lawgp,84,370 g,0.37,1.0,135.0,0.3888,0.3307508638743075,0.5206846101560568
ParkG,preload,lawgp,85,370 g,0.37,1.0,140.0,1.3857,0.3371859347911429,0.5206843999747219
ParkG,preload,lawgp,86,370 g,0.37,1.0,145.0,0.659,0.3429638991867202,0.520684356699687
ParkG,preload,lawgp,87,370 g,0.37,1.0,150.0,0.3888,0.3473493453530811,0.5206843476622558
ParkG,preload,lawgp,88,370 g,0.37,1.0,155.0,0.7551,0.3504793377994288,0.5206843457223653
ParkG,preload,lawgp,89,370 g,0.37,1.0,160.0,0.7912,0.3534550293287114,0.5206843453065559
ParkG,preload,lawgp,90,370 g,0.37,1.0,165.0,0.9713,0.35790500628137695,0.5206843452212596
ParkG,preload,lawgp,91,370 g,0.37,1.0,170.0,0.8092,0.36516646415626736,0.520684345204804
ParkG,preload,lawgp,92,370 g,0.37,1.0,175.0,1.8362,0.3755093148642078,0.5206843452017587
ParkG,preload,lawgp,93,370 g,0.37,1.0,180.0,2.3887,0.3879084978883482,0.5206843452011988
ParkG,preload,lawgp,94,370 g,0.37,1.0,185.0,1.0854,0.40057181871956865,0.520684345201094
ParkG,preload,lawgp,95,370 g,0.37,1.0,190.0,0.8212,0.4118356326186887,0.5206843452010739
ParkG,preload,lawgp,96,370 g,0.37,1.0,195.0,0.5629,0.42068495083120755,0.5206843452010701
ParkG,preload,lawgp,97,370 g,0.37,1.0,200.0,0.629,0.42655071369032155,0.5206843452010695
ParkG,preload,lawgp,98,370 g,0.37,1.0,205.0,0.5329,0.4288477412919517,0.5206843452010701
ParkG,preload,lawgp,99,370 g,0.37,1.0,210.0,0.1665,0.42700136466173916,0.5206843452010739
ParkG,preload,lawgp,100,370 g,0.37,1.0,215.0,0.1425,0.42112312058638796,0.520684345201094
ParkG,preload,lawgp,101,370 g,0.37,1.0,220.0,0.1725,0.41270326605163676,0.5206843452011988
ParkG,preload,lawgp,102,370 g,0.37,1.0,225.0,0.1485,0.4045458306475394,0.5206843452017587
ParkG,preload,lawgp,103,370 g,0.37,1.0,230.0,0.2867,0.3997987971048966,0.520684345204804
ParkG,preload,lawgp,104,370 g,0.37,1.0,235.0,1.0014,0.40069440187612787,0.5206843452212596
ParkG,preload,lawgp,105,370 g,0.37,1.0,240.0,0.3287,0.40791189191863847,0.5206843453065559
ParkG,preload,lawgp,106,370 g,0.37,1.0,245.0,1.0494,0.4212482003633007,0.5206843457223653
ParkG,preload,lawgp,107,370 g,0.37,1.0,250.0,1.2476,0.44179964791649123,0.5206843476622558
ParkG,preload,lawgp,108,370 g,0.37,1.0,255.0,0.629,0.47546832980060516,0.520684356699687
ParkG,preload,lawgp,109,370 g,0.37,1.0,260.0,0.617,0.5377417164196566,0.5206843999747219
ParkG,preload,lawgp,110,370 g,0.37,1.0,265.0,0.5749,0.6601597868961039,0.5206846101560568
ParkG,preload,lawgp,111,370 g,0.37,1.0,270.0,0.3828,0.8930162915256833,0.5206855939734115
ParkG,preload,lawgp,112,370 g,0.37,1.0,275.0,0.1906,1.2463415692208342,0.5206897543231844
ParkG,preload,lawgp,113,370 g,0.37,1.0,280.0,0.4428,1.449950156983619,0.5207047910506375
ParkG,preload,lawgp,114,370 g,0.37,1.0,285.0,0.3587,1.205408478592674,0.5207495381044833
ParkG,preload,lawgp,115,370 g,0.37,1.0,290.0,0.4608,0.8543891003416204,0.5208569151994108
ParkG,preload,lawgp,116,370 g,0.37,1.0,295.0,0.3107,0.6276019324835016,0.5210629412691059
ParkG,preload,lawgp,117,570 g,0.57,1.0,105.0,0.5594,0.2911850054260103,0.49952658287181323
ParkG,preload,lawgp,118,570 g,0.57,1.0,110.0,0.3008,0.3305547726587362,0.4988787133432981
ParkG,preload,lawgp,119,570 g,0.57,1.0,115.0,0.3368,0.3945981583864791,0.4988687061006275
ParkG,preload,lawgp,120,570 g,0.57,1.0,120.0,0.3008,0.4034984717307071,0.4988683374013801
ParkG,preload,lawgp,121,570 g,0.57,1.0,125.0,0.1624,0.3597283312189699,0.4988683335391837
ParkG,preload,lawgp,122,570 g,0.57,1.0,130.0,0.2105,0.32623736515278445,0.4988683329759685
ParkG,preload,lawgp,123,570 g,0.57,1.0,135.0,0.6436,0.38681835363490374,0.4988683329404817
ParkG,preload,lawgp,124,570 g,0.57,1.0,140.0,0.4511,0.4830535346688657,0.49886833293632177
ParkG,preload,lawgp,125,570 g,0.57,1.0,145.0,0.3248,0.4358575197546702,0.49886833293589894
ParkG,preload,lawgp,126,570 g,0.57,1.0,150.0,0.3248,0.3910891951403951,0.49886833293585475
ParkG,preload,lawgp,127,570 g,0.57,1.0,155.0,0.3248,0.42476672299626883,0.4988683329358501
ParkG,preload,lawgp,128,570 g,0.57,1.0,160.0,0.2887,0.4551379301353185,0.4988683329358496
ParkG,preload,lawgp,129,570 g,0.57,1.0,165.0,0.5293,0.47543522986972225,0.49886833293584953
ParkG,preload,lawgp,130,570 g,0.57,1.0,170.0,0.5173,0.5245912883511377,0.49886833293584953
ParkG,preload,lawgp,131,570 g,0.57,1.0,175.0,0.4331,0.6685349445370904,0.49886833293584953
ParkG,preload,lawgp,132,570 g,0.57,1.0,180.0,0.3729,0.7018205117678776,0.49886833293584953
ParkG,preload,lawgp,133,570 g,0.57,1.0,185.0,0.391,0.5338863535262237,0.49886833293584953
ParkG,preload,lawgp,134,570 g,0.57,1.0,190.0,0.4571,0.420369071376833,0.49886833293584953
ParkG,preload,lawgp,135,570 g,0.57,1.0,195.0,0.5894,0.3907290976828664,0.49886833293584953
ParkG,preload,lawgp,136,570 g,0.57,1.0,200.0,1.3172,0.394580080006123,0.49886833293584953
ParkG,preload,lawgp,137,570 g,0.57,1.0,205.0,0.9323,0.37506219236588656,0.49886833293584953
ParkG,preload,lawgp,138,570 g,0.57,1.0,210.0,2.0209,0.33144556877582965,0.49886833293584953
ParkG,preload,lawgp,139,570 g,0.57,1.0,215.0,1.5938,0.324477294930741,0.49886833293584953
ParkG,preload,lawgp,140,570 g,0.57,1.0,220.0,1.0405,0.34186692454013584,0.49886833293584953
ParkG,preload,lawgp,141,570 g,0.57,1.0,225.0,0.8481,0.36930448921619724,0.49886833293584953
ParkG,preload,lawgp,142,570 g,0.57,1.0,230.0,0.5293,0.4604083288425028,0.49886833293584953
ParkG,preload,lawgp,143,570 g,0.57,1.0,235.0,0.5173,0.5762057459562759,0.49886833293584953
ParkG,preload,lawgp,144,570 g,0.57,1.0,240.0,0.8601,0.6086176178168059,0.4988683329358496
ParkG,preload,lawgp,145,570 g,0.57,1.0,245.0,0.9263,0.7008629124809643,0.4988683329358501
ParkG,preload,lawgp,146,570 g,0.57,1.0,250.0,1.5517,0.7701476416296449,0.49886833293585475
ParkG,preload,lawgp,147,570 g,0.57,1.0,255.0,1.0706,0.7871321008305907,0.49886833293589894
ParkG,preload,lawgp,148,570 g,0.57,1.0,260.0,0.397,0.928305289043542,0.49886833293632177
ParkG,preload,lawgp,149,570 g,0.57,1.0,265.0,0.3489,1.228035048092933,0.4988683329404817
ParkG,preload,lawgp,150,570 g,0.57,1.0,270.0,0.403,1.7093353284236443,0.4988683329759685
ParkG,preload,lawgp,151,570 g,0.57,1.0,275.0,0.403,2.4602400999915437,0.4988683335391837
ParkG,preload,lawgp,152,570 g,0.57,1.0,280.0,0.8721,2.9344802069868225,0.4988683374013801
ParkG,preload,lawgp,153,570 g,0.57,1.0,285.0,0.806,2.389860525119806,0.4988687061006275
ParkG,preload,lawgp,154,570 g,0.57,1.0,290.0,0.4812,1.6389112895383946,0.4988787133432981
ParkG,preload,lawgp,155,570 g,0.57,1.0,295.0,0.1925,1.1680969145279718,0.49952658287181323
ParkG,preload,lawgp,156,870 g,0.87,1.0,105.0,0.242,0.44175118488966303,0.455096994759501
ParkG,preload,lawgp,157,870 g,0.87,1.0,110.0,0.2901,0.36356665260624255,0.45509699475942733
ParkG,preload,lawgp,158,870 g,0.87,1.0,115.0,0.3262,0.3962269690211406,0.45509699475942733
ParkG,preload,lawgp,159,870 g,0.87,1.0,120.0,0.4645,0.444854310898347,0.45509699475942733
ParkG,preload,lawgp,160,870 g,0.87,1.0,125.0,0.5186,0.43948746557718066,0.45509699475942733
ParkG,preload,lawgp,161,870 g,0.87,1.0,130.0,0.4224,0.5192067159538191,0.45509699475942733
ParkG,preload,lawgp,162,870 g,0.87,1.0,135.0,0.2901,0.6567607768000499,0.45509699475942733
ParkG,preload,lawgp,163,870 g,0.87,1.0,140.0,0.1337,0.36463968993147816,0.45509699475942733
ParkG,preload,lawgp,164,870 g,0.87,1.0,145.0,0.5306,0.3182718800569464,0.45509699475942733
ParkG,preload,lawgp,165,870 g,0.87,1.0,150.0,0.7171,0.33161843258826224,0.45509699475942733
ParkG,preload,lawgp,166,870 g,0.87,1.0,155.0,0.6148,0.3028929138506297,0.45509699475942733
ParkG,preload,lawgp,167,870 g,0.87,1.0,160.0,0.2961,0.3229832884858898,0.45509699475942733
ParkG,preload,lawgp,168,870 g,0.87,1.0,165.0,0.1758,0.3452607582794005,0.45509699475942733
ParkG,preload,lawgp,169,870 g,0.87,1.0,170.0,0.1397,0.3612290158065406,0.45509699475942733
ParkG,preload,lawgp,170,870 g,0.87,1.0,175.0,0.1337,0.34852977914573496,0.45509699475942733
ParkG,preload,lawgp,171,870 g,0.87,1.0,180.0,0.1397,0.2968942545744495,0.45509699475942733
ParkG,preload,lawgp,172,870 g,0.87,1.0,185.0,0.1577,0.3177708784540696,0.45509699475942733
ParkG,preload,lawgp,173,870 g,0.87,1.0,190.0,0.1337,0.3358963146580024,0.45509699475942733
ParkG,preload,lawgp,174,870 g,0.87,1.0,195.0,0.1337,0.35736172945510336,0.45509699475942733
ParkG,preload,lawgp,175,870 g,0.87,1.0,200.0,0.2841,0.46206568388127417,0.45509699475942733
ParkG,preload,lawgp,176,870 g,0.87,1.0,205.0,0.1638,0.4102918488210755,0.45509699475942733
ParkG,preload,lawgp,177,870 g,0.87,1.0,210.0,0.1217,0.5227334184550501,0.45509699475942733
ParkG,preload,lawgp,178,870 g,0.87,1.0,215.0,0.26,0.511031548743476,0.45509699475942733
ParkG,preload,lawgp,179,870 g,0.87,1.0,220.0,0.3803,0.500126663764464,0.45509699475942733
ParkG,preload,lawgp,180,870 g,0.87,1.0,225.0,0.3302,0.5624139700920552,0.45509699475942733
ParkG,preload,lawgp,181,870 g,0.87,1.0,230.0,0.4645,0.49407138439587306,0.45509699475942733
ParkG,preload,lawgp,182,870 g,0.87,1.0,235.0,1.1802,0.4126857185214778,0.45509699475942733
ParkG,preload,lawgp,183,870 g,0.87,1.0,240.0,1.3306,0.5157441336569462,0.45509699475942733
ParkG,preload,lawgp,184,870 g,0.87,1.0,245.0,0.663,0.5246231976542588,0.45509699475942733
ParkG,preload,lawgp,185,870 g,0.87,1.0,250.0,0.5367,0.6567974337577822,0.45509699475942733
ParkG,preload,lawgp,186,870 g,0.87,1.0,255.0,0.3382,0.7788217394413254,0.45509699475942733
ParkG,preload,lawgp,187,870 g,0.87,1.0,260.0,0.5908,0.8848839290400021,0.45509699475942733
ParkG,preload,lawgp,188,870 g,0.87,1.0,265.0,2.6417,1.3824093513576625,0.45509699475942733
ParkG,preload,lawgp,189,870 g,0.87,1.0,270.0,3.207,2.347841423059435,0.45509699475942733
ParkG,preload,lawgp,190,870 g,0.87,1.0,275.0,4.7126,2.941406205121491,0.45509699475942733
ParkG,preload,lawgp,191,870 g,0.87,1.0,280.0,7.357,3.530874444619367,0.45509699475942733
ParkG,preload,lawgp,192,870 g,0.87,1.0,285.0,4.5001,3.1380936943901903,0.45509699475942733
ParkG,preload,lawgp,193,870 g,0.87,1.0,290.0,2.9003,1.83144355335374,0.45509699475942733
ParkG,preload,lawgp,194,870 g,0.87,1.0,295.0,2.7981,1.2070262957057067,0.455096994759501
ParkG,preload,lawgp,195,1070 g,1.07,1.0,105.0,0.5131,0.38477711342549303,0.4650241539875185
ParkG,preload,lawgp,196,1070 g,1.07,1.0,110.0,0.3447,0.3932614235117786,0.46454806750367833
ParkG,preload,lawgp,197,1070 g,1.07,1.0,115.0,0.477,0.4117189648529478,0.4645462215534271
ParkG,preload,lawgp,198,1070 g,1.07,1.0,120.0,0.6574,0.43813091145520766,0.464546097449593
ParkG,preload,lawgp,199,1070 g,1.07,1.0,125.0,0.6694,0.4503208553439814,0.4645460945266314
ParkG,preload,lawgp,200,1070 g,1.07,1.0,130.0,0.9099,0.4363166071152429,0.46454609406264635
ParkG,preload,lawgp,201,1070 g,1.07,1.0,135.0,1.2465,0.409544938518537,0.4645460940255645
ParkG,preload,lawgp,202,1070 g,1.07,1.0,140.0,0.3628,0.4079151837672045,0.4645460940215312
ParkG,preload,lawgp,203,1070 g,1.07,1.0,145.0,0.1824,0.4661350272753161,0.46454609402114605
ParkG,preload,lawgp,204,1070 g,1.07,1.0,150.0,0.2065,0.5108410867963679,0.46454609402110714
ParkG,preload,lawgp,205,1070 g,1.07,1.0,155.0,0.1283,0.4967223466863979,0.4645460940211033
ParkG,preload,lawgp,206,1070 g,1.07,1.0,160.0,0.2185,0.44987132748193165,0.4645460940211029
ParkG,preload,lawgp,207,1070 g,1.07,1.0,165.0,0.2125,0.42171128969601124,0.4645460940211029
ParkG,preload,lawgp,208,1070 g,1.07,1.0,170.0,0.2606,0.4180403913723578,0.4645460940211029
ParkG,preload,lawgp,209,1070 g,1.07,1.0,175.0,0.3207,0.4257189513690012,0.4645460940211029
ParkG,preload,lawgp,210,1070 g,1.07,1.0,180.0,0.1884,0.4384173135692538,0.4645460940211029
ParkG,preload,lawgp,211,1070 g,1.07,1.0,185.0,0.1343,0.45180611358356815,0.4645460940211029
ParkG,preload,lawgp,212,1070 g,1.07,1.0,190.0,0.1524,0.46262732986753397,0.4645460940211029
ParkG,preload,lawgp,213,1070 g,1.07,1.0,195.0,0.1524,0.4833797397228494,0.4645460940211029
ParkG,preload,lawgp,214,1070 g,1.07,1.0,200.0,0.2425,0.5136561829173545,0.4645460940211029
ParkG,preload,lawgp,215,1070 g,1.07,1.0,205.0,0.1824,0.5256367667277131,0.4645460940211029
ParkG,preload,lawgp,216,1070 g,1.07,1.0,210.0,0.1223,0.5497997973698319,0.4645460940211029
ParkG,preload,lawgp,217,1070 g,1.07,1.0,215.0,0.2185,0.6107193732436147,0.4645460940211029
ParkG,preload,lawgp,218,1070 g,1.07,1.0,220.0,0.3628,0.683473061963498,0.4645460940211029
ParkG,preload,lawgp,219,1070 g,1.07,1.0,225.0,0.6153,0.7578312317336089,0.4645460940211029
ParkG,preload,lawgp,220,1070 g,1.07,1.0,230.0,0.459,0.8930295365768531,0.4645460940211029
ParkG,preload,lawgp,221,1070 g,1.07,1.0,235.0,0.1704,1.1051120902390639,0.4645460940211029
ParkG,preload,lawgp,222,1070 g,1.07,1.0,240.0,0.2666,1.266790378030219,0.4645460940211029
ParkG,preload,lawgp,223,1070 g,1.07,1.0,245.0,0.2065,1.376926176637196,0.4645460940211033
ParkG,preload,lawgp,224,1070 g,1.07,1.0,250.0,0.2726,1.6031947096423136,0.46454609402110714
ParkG,preload,lawgp,225,1070 g,1.07,1.0,255.0,0.5612,2.0256883152469998,0.46454609402114605
ParkG,preload,lawgp,226,1070 g,1.07,1.0,260.0,0.7536,2.855749338519239,0.4645460940215312
ParkG,preload,lawgp,227,1070 g,1.07,1.0,265.0,1.7996,4.320870108373089,0.4645460940255645
ParkG,preload,lawgp,228,1070 g,1.07,1.0,270.0,3.982,6.474426461387465,0.46454609406264635
ParkG,preload,lawgp,229,1070 g,1.07,1.0,275.0,4.499,9.40451413745742,0.4645460945266314
ParkG,preload,lawgp,230,1070 g,1.07,1.0,280.0,5.6773,11.060000667080233,0.4645460974495931
ParkG,preload,lawgp,231,1070 g,1.07,1.0,285.0,5.3767,9.101143419068281,0.4645462215534271
ParkG,preload,lawgp,232,1070 g,1.07,1.0,290.0,2.4369,6.201893471083844,0.46454806750367833
ParkG,preload,lawgp,233,1070 g,1.07,1.0,295.0,1.4089,4.266620232931246,0.4650241539875185
ParkG,preload,law,0,70 g,0.07,1.0,105.0,0.1312,0.0010285756060580491,
ParkG,preload,law,1,70 g,0.07,1.0,110.0,0.2212,0.0010898065201023087,
ParkG,preload,law,2,70 g,0.07,1.0,115.0,0.2032,0.0011566640976851468,
ParkG,preload,law,3,70 g,0.07,1.0,120.0,0.1792,0.0012298583524624682,
ParkG,preload,law,4,70 g,0.07,1.0,125.0,0.1792,0.0013102147360190962,
ParkG,preload,law,5,70 g,0.07,1.0,130.0,0.2753,0.0013986973729724335,
ParkG,preload,law,6,70 g,0.07,1.0,135.0,0.9059,0.0014964379300653123,
ParkG,preload,law,7,70 g,0.07,1.0,140.0,0.6837,0.0016047717329473736,
ParkG,preload,law,8,70 g,0.07,1.0,145.0,0.8639,0.0017252832823161182,
ParkG,preload,law,9,70 g,0.07,1.0,150.0,0.8339,0.0018598640654494077,
ParkG,preload,law,10,70 g,0.07,1.0,155.0,1.3504,0.00201078660021561,
ParkG,preload,law,11,70 g,0.07,1.0,160.0,0.8819,0.0021808001214437085,
ParkG,preload,law,12,70 g,0.07,1.0,165.0,0.4915,0.0023732554288222094,
ParkG,preload,law,13,70 g,0.07,1.0,170.0,0.7137,0.0025922694762788817,
ParkG,preload,law,14,70 g,0.07,1.0,175.0,0.7257,0.002842944787375217,
ParkG,preload,law,15,70 g,0.07,1.0,180.0,0.3834,0.0031316655120734614,
ParkG,preload,law,16,70 g,0.07,1.0,185.0,0.3534,0.003466502163581984,
ParkG,preload,law,17,70 g,0.07,1.0,190.0,0.2393,0.0038577728794802865,
ParkG,preload,law,18,70 g,0.07,1.0,195.0,0.2753,0.004318833960521747,
ParkG,preload,law,19,70 g,0.07,1.0,200.0,0.4074,0.004867212524506207,
ParkG,preload,law,20,70 g,0.07,1.0,205.0,0.3053,0.005526260098418726,
ParkG,preload,law,21,70 g,0.07,1.0,210.0,0.2032,0.0063276173247852445,
ParkG,preload,law,22,70 g,0.07,1.0,215.0,0.2393,0.007314973032614111,
ParkG,preload,law,23,70 g,0.07,1.0,220.0,0.2633,0.008549945767010993,
ParkG,preload,law,24,70 g,0.07,1.0,225.0,0.1792,0.010121552042328019,
ParkG,preload,law,25,70 g,0.07,1.0,230.0,0.1191,0.012161941159175745,
ParkG,preload,law,26,70 g,0.07,1.0,235.0,0.1312,0.014873488169034919,
ParkG,preload,law,27,70 g,0.07,1.0,240.0,0.2393,0.018577312156957047,
ParkG,preload,law,28,70 g,0.07,1.0,245.0,0.1312,0.0238039440360332,
ParkG,preload,law,29,70 g,0.07,1.0,250.0,0.1552,0.03147033345333984,
ParkG,preload,law,30,70 g,0.07,1.0,255.0,0.2933,0.04323868132271557,
ParkG,preload,law,31,70 g,0.07,1.0,260.0,0.4615,0.06224987258740342,
ParkG,preload,law,32,70 g,0.07,1.0,265.0,0.8098,0.09445984983088981,
ParkG,preload,law,33,70 g,0.07,1.0,270.0,1.2062,0.14938538020004685,
ParkG,preload,law,34,70 g,0.07,1.0,275.0,0.7678,0.22794355579189482,
ParkG,preload,law,35,70 g,0.07,1.0,280.0,0.5215,0.27282338569456444,
ParkG,preload,law,36,70 g,0.07,1.0,285.0,0.3774,0.2207960096389938,
ParkG,preload,law,37,70 g,0.07,1.0,290.0,0.3233,0.14330490425056047,
ParkG,preload,law,38,70 g,0.07,1.0,295.0,0.2933,0.09080542745020416,
ParkG,preload,law,39,170 g,0.17,1.0,105.0,0.1605,0.00234429922712845,
ParkG,preload,law,40,170 g,0.17,1.0,110.0,0.2987,0.0024838969160888465,
ParkG,preload,law,41,170 g,0.17,1.0,115.0,0.4128,0.0026363264549109917,
ParkG,preload,law,42,170 g,0.17,1.0,120.0,0.3828,0.002803207548405831,
ParkG,preload,law,43,170 g,0.17,1.0,125.0,0.3467,0.0029864233211394117,
ParkG,preload,law,44,170 g,0.17,1.0,130.0,0.4128,0.0031881733539018196,
ParkG,preload,law,45,170 g,0.17,1.0,135.0,0.3527,0.003411039584156007,
ParkG,preload,law,46,170 g,0.17,1.0,140.0,0.5389,0.0036580687560823243,
ParkG,preload,law,47,170 g,0.17,1.0,145.0,0.9954,0.003932876334895045,
ParkG,preload,law,48,170 g,0.17,1.0,150.0,0.9053,0.004239778500821709,
ParkG,preload,law,49,170 g,0.17,1.0,155.0,1.1936,0.004583961216933242,
ParkG,preload,law,50,170 g,0.17,1.0,160.0,0.5749,0.00497169873062594,
ParkG,preload,law,51,170 g,0.17,1.0,165.0,0.665,0.005410638689105338,
ParkG,preload,law,52,170 g,0.17,1.0,170.0,0.3888,0.005910178044977382,
ParkG,preload,law,53,170 g,0.17,1.0,175.0,0.4308,0.006481964224785596,
ParkG,preload,law,54,170 g,0.17,1.0,180.0,0.9653,0.007140571420473762,
ParkG,preload,law,55,170 g,0.17,1.0,185.0,1.7701,0.007904425237549141,
ParkG,preload,law,56,170 g,0.17,1.0,190.0,1.1395,0.008797085074051936,
ParkG,preload,law,57,170 g,0.17,1.0,195.0,0.8032,0.009849050567429615,
ParkG,preload,law,58,170 g,0.17,1.0,200.0,0.5689,0.011100350122006575,
ParkG,preload,law,59,170 g,0.17,1.0,205.0,0.5629,0.012604320462168443,
ParkG,preload,law,60,170 g,0.17,1.0,210.0,0.3948,0.01443324088659743,
ParkG,preload,law,61,170 g,0.17,1.0,215.0,0.3227,0.01668692761924011,
ParkG,preload,law,62,170 g,0.17,1.0,220.0,0.2927,0.019506182657969714,
ParkG,preload,law,63,170 g,0.17,1.0,225.0,0.3007,0.02309444715335717,
ParkG,preload,law,64,170 g,0.17,1.0,230.0,0.2326,0.02775379068821309,
ParkG,preload,law,65,170 g,0.17,1.0,235.0,0.1665,0.033946885442941624,
ParkG,preload,law,66,170 g,0.17,1.0,240.0,0.1005,0.04240799390488123,
ParkG,preload,law,67,170 g,0.17,1.0,245.0,0.1005,0.05435035597074065,
ParkG,preload,law,68,170 g,0.17,1.0,250.0,0.1305,0.07187091487776444,
ParkG,preload,law,69,170 g,0.17,1.0,255.0,0.3467,0.09876999537474804,
ParkG,preload,law,70,170 g,0.17,1.0,260.0,0.3828,0.14222247929020532,
ParkG,preload,law,71,170 g,0.17,1.0,265.0,0.3767,0.21579863903650195,
ParkG,preload,law,72,170 g,0.17,1.0,270.0,0.4668,0.3409863276450145,
ParkG,preload,law,73,170 g,0.17,1.0,275.0,0.589,0.518834888917281,
ParkG,preload,law,74,170 g,0.17,1.0,280.0,0.5389,0.6179976491157977,
ParkG,preload,law,75,170 g,0.17,1.0,285.0,0.7371,0.49878546308959915,
ParkG,preload,law,76,170 g,0.17,1.0,290.0,0.5509,0.3238742642483251,
ParkG,preload,law,77,170 g,0.17,1.0,295.0,0.2867,0.20549184658399278,
ParkG,preload,law,78,370 g,0.37,1.0,105.0,0.1365,0.004732143298257354,
ParkG,preload,law,79,370 g,0.37,1.0,110.0,0.2927,0.00501393012276759,
ParkG,preload,law,80,370 g,0.37,1.0,115.0,0.7371,0.005321619522039536,
ParkG,preload,law,81,370 g,0.37,1.0,120.0,0.7011,0.005658481255269483,
ParkG,preload,law,82,370 g,0.37,1.0,125.0,0.4428,0.006028316909586379,
ParkG,preload,law,83,370 g,0.37,1.0,130.0,0.1966,0.00643556699251763,
ParkG,preload,law,84,370 g,0.37,1.0,135.0,0.3888,0.006885444004630379,
ParkG,preload,law,85,370 g,0.37,1.0,140.0,1.3857,0.00738409893765866,
ParkG,preload,law,86,370 g,0.37,1.0,145.0,0.659,0.007938831127011076,
ParkG,preload,law,87,370 g,0.37,1.0,150.0,0.3888,0.008558354824576802,
ParkG,preload,law,88,370 g,0.37,1.0,155.0,0.7551,0.009253140665692251,
ParkG,preload,law,89,370 g,0.37,1.0,160.0,0.7912,0.010035857007496325,
ParkG,preload,law,90,370 g,0.37,1.0,165.0,0.9713,0.010921945861787836,
ParkG,preload,law,91,370 g,0.37,1.0,170.0,0.8092,0.01193038229149874,
ParkG,preload,law,92,370 g,0.37,1.0,175.0,1.8362,0.013084686964820362,
ParkG,preload,law,93,370 g,0.37,1.0,180.0,2.3887,0.01441429268818342,
ParkG,preload,law,94,370 g,0.37,1.0,185.0,1.0854,0.015956413035237472,
ParkG,preload,law,95,370 g,0.37,1.0,190.0,0.8212,0.017758634339681015,
ParkG,preload,law,96,370 g,0.37,1.0,195.0,0.5629,0.019882567658180157,
ParkG,preload,law,97,370 g,0.37,1.0,200.0,0.629,0.022409083012211523,
ParkG,preload,law,98,370 g,0.37,1.0,205.0,0.5329,0.02544595410808369,
ParkG,preload,law,99,370 g,0.37,1.0,210.0,0.1665,0.029139258303790327,
ParkG,preload,law,100,370 g,0.37,1.0,215.0,0.1425,0.03369077302903085,
ParkG,preload,law,101,370 g,0.37,1.0,220.0,0.1725,0.03938521257937541,
ParkG,preload,law,102,370 g,0.37,1.0,225.0,0.1485,0.046634109527454684,
ParkG,preload,law,103,370 g,0.37,1.0,230.0,0.2867,0.05604881004068086,
ParkG,preload,law,104,370 g,0.37,1.0,235.0,1.0014,0.06856631355966701,
ParkG,preload,law,105,370 g,0.37,1.0,240.0,0.3287,0.08567497795343254,
ParkG,preload,law,106,370 g,0.37,1.0,245.0,1.0494,0.10983716728044006,
ParkG,preload,law,107,370 g,0.37,1.0,250.0,1.2476,0.1453166883927548,
ParkG,preload,law,108,370 g,0.37,1.0,255.0,0.629,0.19986302519507496,
ParkG,preload,law,109,370 g,0.37,1.0,260.0,0.617,0.28817611690130707,
ParkG,preload,law,110,370 g,0.37,1.0,265.0,0.5749,0.43829996182787473,
ParkG,preload,law,111,370 g,0.37,1.0,270.0,0.3828,0.6955294267627347,
ParkG,preload,law,112,370 g,0.37,1.0,275.0,0.1906,1.0652648307772312,
ParkG,preload,law,113,370 g,0.37,1.0,280.0,0.4428,1.2747255948053346,
ParkG,preload,law,114,370 g,0.37,1.0,285.0,0.3587,1.0256407478163074,
ParkG,preload,law,115,370 g,0.37,1.0,290.0,0.4608,0.6621258906972757,
ParkG,preload,law,116,370 g,0.37,1.0,295.0,0.3107,0.41835014205076676,
ParkG,preload,law,117,570 g,0.57,1.0,105.0,0.5594,0.01056184662026554,
ParkG,preload,law,118,570 g,0.57,1.0,110.0,0.3008,0.011190800058531087,
ParkG,preload,law,119,570 g,0.57,1.0,115.0,0.3368,0.011877572701740955,
ParkG,preload,law,120,570 g,0.57,1.0,120.0,0.3008,0.012629464055229961,
ParkG,preload,law,121,570 g,0.57,1.0,125.0,0.1624,0.013454961076836634,
ParkG,preload,law,122,570 g,0.57,1.0,130.0,0.2105,0.014363977339131308,
ParkG,preload,law,123,570 g,0.57,1.0,135.0,0.6436,0.015368150226377107,
ParkG,preload,law,124,570 g,0.57,1.0,140.0,0.4511,0.016481212802941382,
ParkG,preload,law,125,570 g,0.57,1.0,145.0,0.3248,0.017719462541663792,
ParkG,preload,law,126,570 g,0.57,1.0,150.0,0.3248,0.0191023567847883,
ParkG,preload,law,127,570 g,0.57,1.0,155.0,0.3248,0.020653275560678953,
ParkG,preload,law,128,570 g,0.57,1.0,160.0,0.2887,0.02240050759441638,
ParkG,preload,law,129,570 g,0.57,1.0,165.0,0.5293,0.024378537149832114,
ParkG,preload,law,130,570 g,0.57,1.0,170.0,0.5173,0.026629740988693473,
ParkG,preload,law,131,570 g,0.57,1.0,175.0,0.4331,0.029206651334356223,
ParkG,preload,law,132,570 g,0.57,1.0,180.0,0.3729,0.032175010401802,
ParkG,preload,law,133,570 g,0.57,1.0,185.0,0.391,0.035617947955506275,
ParkG,preload,law,134,570 g,0.57,1.0,190.0,0.4571,0.039641777206140726,
ParkG,preload,law,135,570 g,0.57,1.0,195.0,0.5894,0.04438416281125308,
ParkG,preload,law,136,570 g,0.57,1.0,200.0,1.3172,0.050025831080059015,
ParkG,preload,law,137,570 g,0.57,1.0,205.0,0.9323,0.05680767867629013,
ParkG,preload,law,138,570 g,0.57,1.0,210.0,2.0209,0.06505629573737771,
ParkG,preload,law,139,570 g,0.57,1.0,215.0,1.5938,0.07522293343939336,
ParkG,preload,law,140,570 g,0.57,1.0,220.0,1.0405,0.08794455084941281,
ParkG,preload,law,141,570 g,0.57,1.0,225.0,0.8481,0.10414224317921324,
ParkG,preload,law,142,570 g,0.57,1.0,230.0,0.5293,0.12518513448407007,
ParkG,preload,law,143,570 g,0.57,1.0,235.0,0.5173,0.15317328226740182,
ParkG,preload,law,144,570 g,0.57,1.0,240.0,0.8601,0.1914459728176183,
ParkG,preload,law,145,570 g,0.57,1.0,245.0,0.9263,0.2455358443821407,
ParkG,preload,law,146,570 g,0.57,1.0,250.0,1.5517,0.3250434545148649,
ParkG,preload,law,147,570 g,0.57,1.0,255.0,1.0706,0.44747421975699153,
ParkG,preload,law,148,570 g,0.57,1.0,260.0,0.397,0.6462090763571278,
ParkG,preload,law,149,570 g,0.57,1.0,265.0,0.3489,0.9855370372702602,
ParkG,preload,law,150,570 g,0.57,1.0,270.0,0.403,1.5715093715871613,
ParkG,preload,law,151,570 g,0.57,1.0,275.0,0.403,2.4245133911619066,
ParkG,preload,law,152,570 g,0.57,1.0,280.0,0.8721,2.9150766482445554,
ParkG,preload,law,153,570 g,0.57,1.0,285.0,0.806,2.335893652631991,
ParkG,preload,law,154,570 g,0.57,1.0,290.0,0.4812,1.4978435179472966,
ParkG,preload,law,155,570 g,0.57,1.0,295.0,0.1925,0.9419579115231238,
ParkG,preload,law,156,870 g,0.87,1.0,105.0,0.242,0.013998750286036248,
ParkG,preload,law,157,870 g,0.87,1.0,110.0,0.2901,0.014833247442390661,
ParkG,preload,law,158,870 g,0.87,1.0,115.0,0.3262,0.01574452383922386,
ParkG,preload,law,159,870 g,0.87,1.0,120.0,0.4645,0.0167422785131879,
ParkG,preload,law,160,870 g,0.87,1.0,125.0,0.5186,0.01783778884261515,
ParkG,preload,law,161,870 g,0.87,1.0,130.0,0.4224,0.01904422845366948,
ParkG,preload,law,162,870 g,0.87,1.0,135.0,0.2901,0.020377062247204102,
ParkG,preload,law,163,870 g,0.87,1.0,140.0,0.1337,0.021854540639711192,
ParkG,preload,law,164,870 g,0.87,1.0,145.0,0.5306,0.02349832247635859,
ParkG,preload,law,165,870 g,0.87,1.0,150.0,0.7171,0.025334266262758903,
ParkG,preload,law,166,870 g,0.87,1.0,155.0,0.6148,0.02739344360935209,
ParkG,preload,law,167,870 g,0.87,1.0,160.0,0.2961,0.0297134489334708,
ParkG,preload,law,168,870 g,0.87,1.0,165.0,0.1758,0.0323401083155221,
ParkG,preload,law,169,870 g,0.87,1.0,170.0,0.1397,0.03532973225633131,
ParkG,preload,law,170,870 g,0.87,1.0,175.0,0.1337,0.03875211864573198,
ParkG,preload,law,171,870 g,0.87,1.0,180.0,0.1397,0.0426946041868807,
ParkG,preload,law,172,870 g,0.87,1.0,185.0,0.1577,0.04726760205548809,
ParkG,preload,law,173,870 g,0.87,1.0,190.0,0.1337,0.05261227909687683,
ParkG,preload,law,174,870 g,0.87,1.0,195.0,0.1337,0.05891136513042085,
ParkG,preload,law,175,870 g,0.87,1.0,200.0,0.2841,0.06640463207886434,
ParkG,preload,law,176,870 g,0.87,1.0,205.0,0.1638,0.07541147638363832,
ParkG,preload,law,177,870 g,0.87,1.0,210.0,0.1217,0.0863645461523676,
ParkG,preload,law,178,870 g,0.87,1.0,215.0,0.26,0.0998609611131943,
ParkG,preload,law,179,870 g,0.87,1.0,220.0,0.3803,0.11674231024235424,
ParkG,preload,law,180,870 g,0.87,1.0,225.0,0.3302,0.13822311984009497,
ParkG,preload,law,181,870 g,0.87,1.0,230.0,0.4645,0.1661036221852113,
ParkG,preload,law,182,870 g,0.87,1.0,235.0,1.1802,0.20313434275397177,
ParkG,preload,law,183,870 g,0.87,1.0,240.0,1.3306,0.25366441936401357,
ParkG,preload,law,184,870 g,0.87,1.0,245.0,0.663,0.32484031636183813,
ParkG,preload,law,185,870 g,0.87,1.0,250.0,0.5367,0.42890685461250555,
ParkG,preload,law,186,870 g,0.87,1.0,255.0,0.3382,0.587739148514576,
ParkG,preload,law,187,870 g,0.87,1.0,260.0,0.5908,0.8415984102635404,
ParkG,preload,law,188,870 g,0.87,1.0,265.0,2.6417,1.262867265916365,
ParkG,preload,law,189,870 g,0.87,1.0,270.0,3.207,1.9518436337358511,
ParkG,preload,law,190,870 g,0.87,1.0,275.0,4.7126,2.859782250446536,
ParkG,preload,law,191,870 g,0.87,1.0,280.0,7.357,3.2908657489516786,
ParkG,preload,law,192,870 g,0.87,1.0,285.0,4.5001,2.667239796741657,
ParkG,preload,law,193,870 g,0.87,1.0,290.0,2.9003,1.7767637768268116,
ParkG,preload,law,194,870 g,0.87,1.0,295.0,2.7981,1.1526365052620122,
ParkG,preload,law,195,1070 g,1.07,1.0,105.0,0.5131,0.04639010534579772,
ParkG,preload,law,196,1070 g,1.07,1.0,110.0,0.3447,0.0491504801992974,
ParkG,preload,law,197,1070 g,1.07,1.0,115.0,0.477,0.052164338665102936,
ParkG,preload,law,198,1070 g,1.07,1.0,120.0,0.6574,0.055463636552323704,
ParkG,preload,law,199,1070 g,1.07,1.0,125.0,0.6694,0.0590855186940641,
ParkG,preload,law,200,1070 g,1.07,1.0,130.0,0.9099,0.06307336172282138,
ParkG,preload,law,201,1070 g,1.07,1.0,135.0,1.2465,0.06747806919894368,
ParkG,preload,law,202,1070 g,1.07,1.0,140.0,0.3628,0.07235969119925484,
ParkG,preload,law,203,1070 g,1.07,1.0,145.0,0.1824,0.07778946444302004,
ParkG,preload,law,204,1070 g,1.07,1.0,150.0,0.2065,0.08385240216704273,
ParkG,preload,law,205,1070 g,1.07,1.0,155.0,0.1283,0.09065060925455376,
ParkG,preload,law,206,1070 g,1.07,1.0,160.0,0.2185,0.09830756353664816,
ParkG,preload,law,207,1070 g,1.07,1.0,165.0,0.2125,0.10697369774484375,
ParkG,preload,law,208,1070 g,1.07,1.0,170.0,0.2606,0.11683375215525661,
ParkG,preload,law,209,1070 g,1.07,1.0,175.0,0.3207,0.1281165671349366,
ParkG,preload,law,210,1070 g,1.07,1.0,180.0,0.1884,0.14110828182989937,
ParkG,preload,law,211,1070 g,1.07,1.0,185.0,0.1343,0.15617035538828827,
ParkG,preload,law,212,1070 g,1.07,1.0,190.0,0.1524,0.1737645212784066,
ParkG,preload,law,213,1070 g,1.07,1.0,195.0,0.1524,0.1944878759976206,
ParkG,preload,law,214,1070 g,1.07,1.0,200.0,0.2425,0.2191230525474495,
ParkG,preload,law,215,1070 g,1.07,1.0,205.0,0.1824,0.24871129642373352,
ParkG,preload,law,216,1070 g,1.07,1.0,210.0,0.1223,0.2846610765764256,
ParkG,preload,law,217,1070 g,1.07,1.0,215.0,0.2185,0.32891316157810835,
ParkG,preload,law,218,1070 g,1.07,1.0,220.0,0.3628,0.3841978012089239,
ParkG,preload,law,219,1070 g,1.07,1.0,225.0,0.6153,0.4544465367311385,
ParkG,preload,law,220,1070 g,1.07,1.0,230.0,0.459,0.5454719126366377,
ParkG,preload,law,221,1070 g,1.07,1.0,235.0,0.1704,0.6661274501807944,
ParkG,preload,law,222,1070 g,1.07,1.0,240.0,0.2666,0.8303602026833874,
ParkG,preload,law,223,1070 g,1.07,1.0,245.0,0.2065,1.0609829475265653,
ParkG,preload,law,224,1070 g,1.07,1.0,250.0,0.2726,1.3968607772625432,
ParkG,preload,law,225,1070 g,1.07,1.0,255.0,0.5612,1.9069308655158281,
ParkG,preload,law,226,1070 g,1.07,1.0,260.0,0.7536,2.7169636511347703,
ParkG,preload,law,227,1070 g,1.07,1.0,265.0,1.7996,4.0509422453573185,
ParkG,preload,law,228,1070 g,1.07,1.0,270.0,3.982,6.219000829671334,
ParkG,preload,law,229,1070 g,1.07,1.0,275.0,4.499,9.100664858069525,
ParkG,preload,law,230,1070 g,1.07,1.0,280.0,5.6773,10.625887019105049,
ParkG,preload,law,231,1070 g,1.07,1.0,285.0,5.3767,8.812074210675068,
ParkG,preload,law,232,1070 g,1.07,1.0,290.0,2.4369,5.952569043030306,
ParkG,preload,law,233,1070 g,1.07,1.0,295.0,1.4089,3.881205852333571,
ParkG,preload,gp_r4,0,70 g,0.07,1.0,105.0,0.1312,0.28294756389342113,0.49742028392169385
ParkG,preload,gp_r4,1,70 g,0.07,1.0,110.0,0.2212,0.3242058977812056,0.4719930501030448
ParkG,preload,gp_r4,2,70 g,0.07,1.0,115.0,0.2032,0.37118164000180587,0.470698372004643
ParkG,preload,gp_r4,3,70 g,0.07,1.0,120.0,0.1792,0.3794675595200701,0.4705766119192956
ParkG,preload,gp_r4,4,70 g,0.07,1.0,125.0,0.1792,0.3698634661419423,0.470573691770281
ParkG,preload,gp_r4,5,70 g,0.07,1.0,130.0,0.2753,0.36715183026221826,0.4705715491610961
ParkG,preload,gp_r4,6,70 g,0.07,1.0,135.0,0.9059,0.41445377418594653,0.4705712497456107
ParkG,preload,gp_r4,7,70 g,0.07,1.0,140.0,0.6837,0.5880874316728096,0.47057118545318444
ParkG,preload,gp_r4,8,70 g,0.07,1.0,145.0,0.8639,0.8260346802805618,0.4705711780451221
ParkG,preload,gp_r4,9,70 g,0.07,1.0,150.0,0.8339,0.9693920113798848,0.4705711773833814
ParkG,preload,gp_r4,10,70 g,0.07,1.0,155.0,1.3504,0.9303545933906826,0.47057117727178577
ParkG,preload,gp_r4,11,70 g,0.07,1.0,160.0,0.8819,0.6938697659819755,0.47057117724616215
ParkG,preload,gp_r4,12,70 g,0.07,1.0,165.0,0.4915,0.4164582659580197,0.47057117724190256
ParkG,preload,gp_r4,13,70 g,0.07,1.0,170.0,0.7137,0.22571765293477797,0.47057117724133474
ParkG,preload,gp_r4,14,70 g,0.07,1.0,175.0,0.7257,0.3192003312202464,0.470571177241269
ParkG,preload,gp_r4,15,70 g,0.07,1.0,180.0,0.3834,0.751313028969219,0.4705711772412565
ParkG,preload,gp_r4,16,70 g,0.07,1.0,185.0,0.3534,1.145074559182921,0.4705711772412536
ParkG,preload,gp_r4,17,70 g,0.07,1.0,190.0,0.2393,1.133113491579932,0.4705711772412537
ParkG,preload,gp_r4,18,70 g,0.07,1.0,195.0,0.2753,0.9060924548950051,0.4705711772412538
ParkG,preload,gp_r4,19,70 g,0.07,1.0,200.0,0.4074,0.7433030362720011,0.4705711772412537
ParkG,preload,gp_r4,20,70 g,0.07,1.0,205.0,0.3053,0.674480055979302,0.4705711772412537
ParkG,preload,gp_r4,21,70 g,0.07,1.0,210.0,0.2032,0.6164673868631318,0.4705711772412534
ParkG,preload,gp_r4,22,70 g,0.07,1.0,215.0,0.2393,0.5540694116194884,0.4705711772412537
ParkG,preload,gp_r4,23,70 g,0.07,1.0,220.0,0.2633,0.4926659524936091,0.470571177241256
ParkG,preload,gp_r4,24,70 g,0.07,1.0,225.0,0.1792,0.4096303732092488,0.47057117724126923
ParkG,preload,gp_r4,25,70 g,0.07,1.0,230.0,0.1191,0.2893097911705175,0.47057117724133457
ParkG,preload,gp_r4,26,70 g,0.07,1.0,235.0,0.1312,0.15203321549046078,0.47057117724190156
ParkG,preload,gp_r4,27,70 g,0.07,1.0,240.0,0.2393,0.04170615033251057,0.4705711772461625
ParkG,preload,gp_r4,28,70 g,0.07,1.0,245.0,0.1312,0.00940248781483155,0.47057117727178555
ParkG,preload,gp_r4,29,70 g,0.07,1.0,250.0,0.1552,0.07648692776933741,0.470571177383381
ParkG,preload,gp_r4,30,70 g,0.07,1.0,255.0,0.2933,0.20424816418141678,0.470571178045122
ParkG,preload,gp_r4,31,70 g,0.07,1.0,260.0,0.4615,0.31380129825242026,0.47057118545318366
ParkG,preload,gp_r4,32,70 g,0.07,1.0,265.0,0.8098,0.39602300253799466,0.4705712497456103
ParkG,preload,gp_r4,33,70 g,0.07,1.0,270.0,1.2062,0.4864992293788215,0.4705715491610958
ParkG,preload,gp_r4,34,70 g,0.07,1.0,275.0,0.7678,0.5769428044106761,0.4705736917702808
ParkG,preload,gp_r4,35,70 g,0.07,1.0,280.0,0.5215,0.6449409198861737,0.4705766119192951
ParkG,preload,gp_r4,36,70 g,0.07,1.0,285.0,0.3774,0.6590023756211117,0.4706983720046426
ParkG,preload,gp_r4,37,70 g,0.07,1.0,290.0,0.3233,0.5562847678035658,0.47199305010304443
ParkG,preload,gp_r4,38,70 g,0.07,1.0,295.0,0.2933,0.4113767140984643,0.49742028392169363
ParkG,preload,gp_r4,39,170 g,0.17,1.0,105.0,0.1605,0.13285187141219468,0.4244562297670568
ParkG,preload,gp_r4,40,170 g,0.17,1.0,110.0,0.2987,0.23352106369192316,0.407709504247692
ParkG,preload,gp_r4,41,170 g,0.17,1.0,115.0,0.4128,0.3366776766842936,0.40737828123892084
ParkG,preload,gp_r4,42,170 g,0.17,1.0,120.0,0.3828,0.32962667911454974,0.40696918904765533
ParkG,preload,gp_r4,43,170 g,0.17,1.0,125.0,0.3467,0.2822948909617488,0.4069602180324967
ParkG,preload,gp_r4,44,170 g,0.17,1.0,130.0,0.4128,0.3996490816324124,0.40695472549068185
ParkG,preload,gp_r4,45,170 g,0.17,1.0,135.0,0.3527,0.6854679727826378,0.40695412934180436
ParkG,preload,gp_r4,46,170 g,0.17,1.0,140.0,0.5389,0.8619905996215197,0.4069540576678298
ParkG,preload,gp_r4,47,170 g,0.17,1.0,145.0,0.9954,0.8805886539840716,0.4069540355321593
ParkG,preload,gp_r4,48,170 g,0.17,1.0,150.0,0.9053,0.9343370746384292,0.4069540347785072
ParkG,preload,gp_r4,49,170 g,0.17,1.0,155.0,1.1936,1.0256942384297945,0.40695403419292114
ParkG,preload,gp_r4,50,170 g,0.17,1.0,160.0,0.5749,0.9337101467129935,0.4069540341696658
ParkG,preload,gp_r4,51,170 g,0.17,1.0,165.0,0.665,0.8133554093073208,0.4069540341582352
ParkG,preload,gp_r4,52,170 g,0.17,1.0,170.0,0.3888,0.9304531834976371,0.4069540341572966
ParkG,preload,gp_r4,53,170 g,0.17,1.0,175.0,0.4308,1.1265921422521896,0.40695403415709125
ParkG,preload,gp_r4,54,170 g,0.17,1.0,180.0,0.9653,1.0762366085216777,0.40695403415705933
ParkG,preload,gp_r4,55,170 g,0.17,1.0,185.0,1.7701,0.7798609202008463,0.40695403415705506
ParkG,preload,gp_r4,56,170 g,0.17,1.0,190.0,1.1395,0.494306119510238,0.40695403415705417
ParkG,preload,gp_r4,57,170 g,0.17,1.0,195.0,0.8032,0.37155011925960985,0.40695403415705433
ParkG,preload,gp_r4,58,170 g,0.17,1.0,200.0,0.5689,0.31808558067548226,0.40695403415705445
ParkG,preload,gp_r4,59,170 g,0.17,1.0,205.0,0.5629,0.1925671021491262,0.40695403415705433
ParkG,preload,gp_r4,60,170 g,0.17,1.0,210.0,0.3948,0.04588421389926667,0.4069540341570546
ParkG,preload,gp_r4,61,170 g,0.17,1.0,215.0,0.3227,-0.0035728494925568732,0.4069540341570548
ParkG,preload,gp_r4,62,170 g,0.17,1.0,220.0,0.2927,0.02641095260215154,0.40695403415705905
ParkG,preload,gp_r4,63,170 g,0.17,1.0,225.0,0.3007,0.081507413936584,0.40695403415709136
ParkG,preload,gp_r4,64,170 g,0.17,1.0,230.0,0.2326,0.1739951173978953,0.40695403415729603
ParkG,preload,gp_r4,65,170 g,0.17,1.0,235.0,0.1665,0.27668859497202214,0.4069540341582348
ParkG,preload,gp_r4,66,170 g,0.17,1.0,240.0,0.1005,0.33609259014376247,0.4069540341696658
ParkG,preload,gp_r4,67,170 g,0.17,1.0,245.0,0.1005,0.37115134421815066,0.4069540341929208
ParkG,preload,gp_r4,68,170 g,0.17,1.0,250.0,0.1305,0.39280295314730546,0.4069540347785072
ParkG,preload,gp_r4,69,170 g,0.17,1.0,255.0,0.3467,0.4271328445420972,0.40695403553215903
ParkG,preload,gp_r4,70,170 g,0.17,1.0,260.0,0.3828,0.5712248013616574,0.40695405766783027
ParkG,preload,gp_r4,71,170 g,0.17,1.0,265.0,0.3767,0.8039331789589307,0.40695412934180436
ParkG,preload,gp_r4,72,170 g,0.17,1.0,270.0,0.4668,0.903055465523986,0.4069547254906813
ParkG,preload,gp_r4,73,170 g,0.17,1.0,275.0,0.589,0.7549983269685899,0.4069602180324966
ParkG,preload,gp_r4,74,170 g,0.17,1.0,280.0,0.5389,0.5533283065654591,0.4069691890476547
ParkG,preload,gp_r4,75,170 g,0.17,1.0,285.0,0.7371,0.43811181921665265,0.4073782812389203
ParkG,preload,gp_r4,76,170 g,0.17,1.0,290.0,0.5509,0.38868248727218085,0.4077095042476917
ParkG,preload,gp_r4,77,170 g,0.17,1.0,295.0,0.2867,0.36888505559890244,0.42445622976705616
ParkG,preload,gp_r4,78,370 g,0.37,1.0,105.0,0.1365,0.43421024290209126,0.5079487496372577
ParkG,preload,gp_r4,79,370 g,0.37,1.0,110.0,0.2927,0.4322506556366448,0.4858822485294502
ParkG,preload,gp_r4,80,370 g,0.37,1.0,115.0,0.7371,0.4404664030727404,0.48423934228056864
ParkG,preload,gp_r4,81,370 g,0.37,1.0,120.0,0.7011,0.41074271617611474,0.4840755260316662
ParkG,preload,gp_r4,82,370 g,0.37,1.0,125.0,0.4428,0.36273750389367926,0.4840572942979789
ParkG,preload,gp_r4,83,370 g,0.37,1.0,130.0,0.1966,0.37063662196120384,0.48405170522175767
ParkG,preload,gp_r4,84,370 g,0.37,1.0,135.0,0.3888,0.4386531104337292,0.48405089584054595
ParkG,preload,gp_r4,85,370 g,0.37,1.0,140.0,1.3857,0.5144911292631354,0.48405087528343327
ParkG,preload,gp_r4,86,370 g,0.37,1.0,145.0,0.659,0.5752684206250894,0.48405087262230845
ParkG,preload,gp_r4,87,370 g,0.37,1.0,150.0,0.3888,0.6026610877611275,0.4840508720458941
ParkG,preload,gp_r4,88,370 g,0.37,1.0,155.0,0.7551,0.5728486539091248,0.4840508719560712
ParkG,preload,gp_r4,89,370 g,0.37,1.0,160.0,0.7912,0.503778720217109,0.48405087195234187
ParkG,preload,gp_r4,90,370 g,0.37,1.0,165.0,0.9713,0.4681952600488005,0.4840508719499109
ParkG,preload,gp_r4,91,370 g,0.37,1.0,170.0,0.8092,0.5064952506489517,0.4840508719495895
ParkG,preload,gp_r4,92,370 g,0.37,1.0,175.0,1.8362,0.6891333562866702,0.4840508719495528
ParkG,preload,gp_r4,93,370 g,0.37,1.0,180.0,2.3887,1.0218971804463206,0.48405087194954727
ParkG,preload,gp_r4,94,370 g,0.37,1.0,185.0,1.0854,1.2867774845805289,0.484050871949547
ParkG,preload,gp_r4,95,370 g,0.37,1.0,190.0,0.8212,1.2979362325338675,0.48405087194954655
ParkG,preload,gp_r4,96,370 g,0.37,1.0,195.0,0.5629,1.1858589794527863,0.48405087194954666
ParkG,preload,gp_r4,97,370 g,0.37,1.0,200.0,0.629,1.1346927861964582,0.48405087194954666
ParkG,preload,gp_r4,98,370 g,0.37,1.0,205.0,0.5329,1.1754625386804058,0.48405087194954655
ParkG,preload,gp_r4,99,370 g,0.37,1.0,210.0,0.1665,1.2227778968268603,0.48405087194954655
ParkG,preload,gp_r4,100,370 g,0.37,1.0,215.0,0.1425,1.1168582791919055,0.4840508719495469
ParkG,preload,gp_r4,101,370 g,0.37,1.0,220.0,0.1725,0.867897320450956,0.4840508719495474
ParkG,preload,gp_r4,102,370 g,0.37,1.0,225.0,0.1485,0.6077634552155313,0.48405087194955315
ParkG,preload,gp_r4,103,370 g,0.37,1.0,230.0,0.2867,0.4096667052025152,0.4840508719495896
ParkG,preload,gp_r4,104,370 g,0.37,1.0,235.0,1.0014,0.3285628840697155,0.48405087194991125
ParkG,preload,gp_r4,105,370 g,0.37,1.0,240.0,0.3287,0.39822751457004235,0.4840508719523423
ParkG,preload,gp_r4,106,370 g,0.37,1.0,245.0,1.0494,0.575861196274278,0.4840508719560717
ParkG,preload,gp_r4,107,370 g,0.37,1.0,250.0,1.2476,0.7055377666810857,0.48405087204589453
ParkG,preload,gp_r4,108,370 g,0.37,1.0,255.0,0.629,0.596862250712087,0.48405087262230884
ParkG,preload,gp_r4,109,370 g,0.37,1.0,260.0,0.617,0.28705969591088715,0.4840508752834336
ParkG,preload,gp_r4,110,370 g,0.37,1.0,265.0,0.5749,0.0004343295817391679,0.48405089584054617
ParkG,preload,gp_r4,111,370 g,0.37,1.0,270.0,0.3828,-0.1229072922824812,0.48405170522175794
ParkG,preload,gp_r4,112,370 g,0.37,1.0,275.0,0.1906,-0.06410128346012312,0.484057294297979
ParkG,preload,gp_r4,113,370 g,0.37,1.0,280.0,0.4428,0.10751077720704671,0.4840755260316665
ParkG,preload,gp_r4,114,370 g,0.37,1.0,285.0,0.3587,0.2203399744989204,0.48423934228056864
ParkG,preload,gp_r4,115,370 g,0.37,1.0,290.0,0.4608,0.1704297087797113,0.48588224852944994
ParkG,preload,gp_r4,116,370 g,0.37,1.0,295.0,0.3107,0.06986869718046407,0.5079487496372579
ParkG,preload,gp_r4,117,570 g,0.57,1.0,105.0,0.5594,0.2045630939788754,0.5053305077436813
ParkG,preload,gp_r4,118,570 g,0.57,1.0,110.0,0.3008,0.35138354649359016,0.48105755476114087
ParkG,preload,gp_r4,119,570 g,0.57,1.0,115.0,0.3368,0.5351580441699714,0.47964341557012935
ParkG,preload,gp_r4,120,570 g,0.57,1.0,120.0,0.3008,0.5640045250714101,0.4794385604609285
ParkG,preload,gp_r4,121,570 g,0.57,1.0,125.0,0.1624,0.41837329168427895,0.47940702651449035
ParkG,preload,gp_r4,122,570 g,0.57,1.0,130.0,0.2105,0.3154148353842881,0.47940469570324185
ParkG,preload,gp_r4,123,570 g,0.57,1.0,135.0,0.6436,0.4521717333010808,0.4794044665192283
ParkG,preload,gp_r4,124,570 g,0.57,1.0,140.0,0.4511,0.6722726735881998,0.47940443754804013
ParkG,preload,gp_r4,125,570 g,0.57,1.0,145.0,0.3248,0.6970364777408306,0.4794044353263401
ParkG,preload,gp_r4,126,570 g,0.57,1.0,150.0,0.3248,0.6392912432486616,0.47940443508957786
ParkG,preload,gp_r4,127,570 g,0.57,1.0,155.0,0.3248,0.6643373104232705,0.4794044350733217
ParkG,preload,gp_r4,128,570 g,0.57,1.0,160.0,0.2887,0.7177727722169293,0.4794044350702751
ParkG,preload,gp_r4,129,570 g,0.57,1.0,165.0,0.5293,0.7938023885726834,0.4794044350700224
ParkG,preload,gp_r4,130,570 g,0.57,1.0,170.0,0.5173,1.011486377037476,0.47940443506999836
ParkG,preload,gp_r4,131,570 g,0.57,1.0,175.0,0.4331,1.330086357343,0.4794044350699959
ParkG,preload,gp_r4,132,570 g,0.57,1.0,180.0,0.3729,1.3404163586252205,0.4794044350699952
ParkG,preload,gp_r4,133,570 g,0.57,1.0,185.0,0.391,0.9075709100713579,0.47940443506999497
ParkG,preload,gp_r4,134,570 g,0.57,1.0,190.0,0.4571,0.47076672878979736,0.4794044350699954
ParkG,preload,gp_r4,135,570 g,0.57,1.0,195.0,0.5894,0.31246866651041144,0.4794044350699954
ParkG,preload,gp_r4,136,570 g,0.57,1.0,200.0,1.3172,0.318035020167715,0.4794044350699951
ParkG,preload,gp_r4,137,570 g,0.57,1.0,205.0,0.9323,0.27823322756502844,0.4794044350699951
ParkG,preload,gp_r4,138,570 g,0.57,1.0,210.0,2.0209,0.17431177375392648,0.4794044350699951
ParkG,preload,gp_r4,139,570 g,0.57,1.0,215.0,1.5938,0.11939729132254118,0.4794044350699955
ParkG,preload,gp_r4,140,570 g,0.57,1.0,220.0,1.0405,0.14954462184017592,0.4794044350699952
ParkG,preload,gp_r4,141,570 g,0.57,1.0,225.0,0.8481,0.3063226844592275,0.4794044350699957
ParkG,preload,gp_r4,142,570 g,0.57,1.0,230.0,0.5293,0.6580800458042247,0.4794044350699986
ParkG,preload,gp_r4,143,570 g,0.57,1.0,235.0,0.5173,1.044883257639879,0.4794044350700222
ParkG,preload,gp_r4,144,570 g,0.57,1.0,240.0,0.8601,1.2369386591426152,0.4794044350702751
ParkG,preload,gp_r4,145,570 g,0.57,1.0,245.0,0.9263,1.272441596581725,0.4794044350733217
ParkG,preload,gp_r4,146,570 g,0.57,1.0,250.0,1.5517,1.1427856679642607,0.47940443508957786
ParkG,preload,gp_r4,147,570 g,0.57,1.0,255.0,1.0706,0.9278631780664814,0.4794044353263401
ParkG,preload,gp_r4,148,570 g,0.57,1.0,260.0,0.397,0.9163116057833511,0.47940443754804
ParkG,preload,gp_r4,149,570 g,0.57,1.0,265.0,0.3489,1.156507924431907,0.4794044665192282
ParkG,preload,gp_r4,150,570 g,0.57,1.0,270.0,0.403,1.5191279598365086,0.47940469570324196
ParkG,preload,gp_r4,151,570 g,0.57,1.0,275.0,0.403,1.9576694385508833,0.47940702651449074
ParkG,preload,gp_r4,152,570 g,0.57,1.0,280.0,0.8721,2.195556806526268,0.4794385604609285
ParkG,preload,gp_r4,153,570 g,0.57,1.0,285.0,0.806,1.9489735854183579,0.47964341557012946
ParkG,preload,gp_r4,154,570 g,0.57,1.0,290.0,0.4812,1.5214806133790622,0.48105755476114054
ParkG,preload,gp_r4,155,570 g,0.57,1.0,295.0,0.1925,1.2671937217309326,0.5053305077436815
ParkG,preload,gp_r4,156,870 g,0.87,1.0,105.0,0.242,0.5193504688935802,0.6016309082476083
ParkG,preload,gp_r4,157,870 g,0.87,1.0,110.0,0.2901,0.43777639232826776,0.5906170169315283
ParkG,preload,gp_r4,158,870 g,0.87,1.0,115.0,0.3262,0.41244328560100063,0.5894488989777185
ParkG,preload,gp_r4,159,870 g,0.87,1.0,120.0,0.4645,0.45277354871319875,0.5892940734326237
ParkG,preload,gp_r4,160,870 g,0.87,1.0,125.0,0.5186,0.5448934824771772,0.5892646269981132
ParkG,preload,gp_r4,161,870 g,0.87,1.0,130.0,0.4224,0.6396869616758633,0.5892620145555194
ParkG,preload,gp_r4,162,870 g,0.87,1.0,135.0,0.2901,0.621314692982934,0.5892617752908827
ParkG,preload,gp_r4,163,870 g,0.87,1.0,140.0,0.1337,0.45150361000585865,0.5892617322432647
ParkG,preload,gp_r4,164,870 g,0.87,1.0,145.0,0.5306,0.2640802128709515,0.589261721562883
ParkG,preload,gp_r4,165,870 g,0.87,1.0,150.0,0.7171,0.16720499824247093,0.5892617207319409
ParkG,preload,gp_r4,166,870 g,0.87,1.0,155.0,0.6148,0.1438855753032467,0.5892617206907302
ParkG,preload,gp_r4,167,870 g,0.87,1.0,160.0,0.2961,0.14600831190436347,0.5892617206771162
ParkG,preload,gp_r4,168,870 g,0.87,1.0,165.0,0.1758,0.14395951933502216,0.5892617206745087
ParkG,preload,gp_r4,169,870 g,0.87,1.0,170.0,0.1397,0.124737952131736,0.5892617206739037
ParkG,preload,gp_r4,170,870 g,0.87,1.0,175.0,0.1337,0.09245282442005409,0.5892617206737992
ParkG,preload,gp_r4,171,870 g,0.87,1.0,180.0,0.1397,0.07752085358845473,0.5892617206737756
ParkG,preload,gp_r4,172,870 g,0.87,1.0,185.0,0.1577,0.12548223786530188,0.5892617206737714
ParkG,preload,gp_r4,173,870 g,0.87,1.0,190.0,0.1337,0.25484535859482205,0.5892617206737705
ParkG,preload,gp_r4,174,870 g,0.87,1.0,195.0,0.1337,0.4405592427667566,0.5892617206737705
ParkG,preload,gp_r4,175,870 g,0.87,1.0,200.0,0.2841,0.6324931014411225,0.5892617206737704
ParkG,preload,gp_r4,176,870 g,0.87,1.0,205.0,0.1638,0.7868898015905347,0.5892617206737704
ParkG,preload,gp_r4,177,870 g,0.87,1.0,210.0,0.1217,0.8834107464716653,0.5892617206737706
ParkG,preload,gp_r4,178,870 g,0.87,1.0,215.0,0.26,0.9113578320015459,0.5892617206737714
ParkG,preload,gp_r4,179,870 g,0.87,1.0,220.0,0.3803,0.868217376564607,0.5892617206737755
ParkG,preload,gp_r4,180,870 g,0.87,1.0,225.0,0.3302,0.7554880187379146,0.5892617206737992
ParkG,preload,gp_r4,181,870 g,0.87,1.0,230.0,0.4645,0.5959280200296736,0.5892617206739037
ParkG,preload,gp_r4,182,870 g,0.87,1.0,235.0,1.1802,0.4677844087111362,0.5892617206745087
ParkG,preload,gp_r4,183,870 g,0.87,1.0,240.0,1.3306,0.4366830156936611,0.5892617206771162
ParkG,preload,gp_r4,184,870 g,0.87,1.0,245.0,0.663,0.48037372700946035,0.5892617206907302
ParkG,preload,gp_r4,185,870 g,0.87,1.0,250.0,0.5367,0.541691053920064,0.5892617207319409
ParkG,preload,gp_r4,186,870 g,0.87,1.0,255.0,0.3382,0.6324536462939414,0.5892617215628829
ParkG,preload,gp_r4,187,870 g,0.87,1.0,260.0,0.5908,0.9025964710611749,0.5892617322432647
ParkG,preload,gp_r4,188,870 g,0.87,1.0,265.0,2.6417,1.511693689576349,0.5892617752908829
ParkG,preload,gp_r4,189,870 g,0.87,1.0,270.0,3.207,2.3628892402989536,0.5892620145555193
ParkG,preload,gp_r4,190,870 g,0.87,1.0,275.0,4.7126,3.129149799543444,0.5892646269981131
ParkG,preload,gp_r4,191,870 g,0.87,1.0,280.0,7.357,3.4514715624585968,0.5892940734326236
ParkG,preload,gp_r4,192,870 g,0.87,1.0,285.0,4.5001,3.0619097069955297,0.5894488989777185
ParkG,preload,gp_r4,193,870 g,0.87,1.0,290.0,2.9003,2.1163858536653937,0.5906170169315282
ParkG,preload,gp_r4,194,870 g,0.87,1.0,295.0,2.7981,1.165774130735028,0.6016309082476085
ParkG,preload,gp_r4,195,1070 g,1.07,1.0,105.0,0.5131,0.4404578289973812,0.7453589698751942
ParkG,preload,gp_r4,196,1070 g,1.07,1.0,110.0,0.3447,0.45739228210277355,0.7373478459258129
ParkG,preload,gp_r4,197,1070 g,1.07,1.0,115.0,0.477,0.5010802913684607,0.7361975621467474
ParkG,preload,gp_r4,198,1070 g,1.07,1.0,120.0,0.6574,0.5455096778492334,0.7360992651449549
ParkG,preload,gp_r4,199,1070 g,1.07,1.0,125.0,0.6694,0.5584113115906588,0.7360855090419274
ParkG,preload,gp_r4,200,1070 g,1.07,1.0,130.0,0.9099,0.5309793290284686,0.7360826099155445
ParkG,preload,gp_r4,201,1070 g,1.07,1.0,135.0,1.2465,0.4984193002152648,0.7360817818226285
ParkG,preload,gp_r4,202,1070 g,1.07,1.0,140.0,0.3628,0.5135572902326087,0.7360816325797805
ParkG,preload,gp_r4,203,1070 g,1.07,1.0,145.0,0.1824,0.580414124984269,0.7360816121918
ParkG,preload,gp_r4,204,1070 g,1.07,1.0,150.0,0.2065,0.6330907539372823,0.7360816086055414
ParkG,preload,gp_r4,205,1070 g,1.07,1.0,155.0,0.1283,0.6124769496251539,0.7360816079198014
ParkG,preload,gp_r4,206,1070 g,1.07,1.0,160.0,0.2185,0.5335375732844413,0.7360816077712543
ParkG,preload,gp_r4,207,1070 g,1.07,1.0,165.0,0.2125,0.4545498652715171,0.7360816077447637
ParkG,preload,gp_r4,208,1070 g,1.07,1.0,170.0,0.2606,0.40955981014851084,0.7360816077403286
ParkG,preload,gp_r4,209,1070 g,1.07,1.0,175.0,0.3207,0.39181653007339606,0.7360816077394868
ParkG,preload,gp_r4,210,1070 g,1.07,1.0,180.0,0.1884,0.37957650280543154,0.7360816077393276
ParkG,preload,gp_r4,211,1070 g,1.07,1.0,185.0,0.1343,0.3583007145359933,0.7360816077392962
ParkG,preload,gp_r4,212,1070 g,1.07,1.0,190.0,0.1524,0.3270995723316424,0.7360816077392905
ParkG,preload,gp_r4,213,1070 g,1.07,1.0,195.0,0.1524,0.29140511173622624,0.7360816077392895
ParkG,preload,gp_r4,214,1070 g,1.07,1.0,200.0,0.2425,0.2519012200751945,0.7360816077392893
ParkG,preload,gp_r4,215,1070 g,1.07,1.0,205.0,0.1824,0.21513156815138673,0.7360816077392895
ParkG,preload,gp_r4,216,1070 g,1.07,1.0,210.0,0.1223,0.20601321883903662,0.7360816077392905
ParkG,preload,gp_r4,217,1070 g,1.07,1.0,215.0,0.2185,0.24208441272744602,0.7360816077392962
ParkG,preload,gp_r4,218,1070 g,1.07,1.0,220.0,0.3628,0.31923853634468236,0.7360816077393276
ParkG,preload,gp_r4,219,1070 g,1.07,1.0,225.0,0.6153,0.4417854383604204,0.7360816077394868
ParkG,preload,gp_r4,220,1070 g,1.07,1.0,230.0,0.459,0.6147346677322064,0.7360816077403285
ParkG,preload,gp_r4,221,1070 g,1.07,1.0,235.0,0.1704,0.7764761056907973,0.7360816077447637
ParkG,preload,gp_r4,222,1070 g,1.07,1.0,240.0,0.2666,0.8198257854247466,0.7360816077712543
ParkG,preload,gp_r4,223,1070 g,1.07,1.0,245.0,0.2065,0.7331386686857281,0.7360816079198014
ParkG,preload,gp_r4,224,1070 g,1.07,1.0,250.0,0.2726,0.64822701965277,0.7360816086055413
ParkG,preload,gp_r4,225,1070 g,1.07,1.0,255.0,0.5612,0.7444833137072147,0.7360816121918
ParkG,preload,gp_r4,226,1070 g,1.07,1.0,260.0,0.7536,1.1430922772990184,0.7360816325797805
ParkG,preload,gp_r4,227,1070 g,1.07,1.0,265.0,1.7996,1.8253484183722564,0.7360817818226284
ParkG,preload,gp_r4,228,1070 g,1.07,1.0,270.0,3.982,2.6478284285838445,0.7360826099155445
ParkG,preload,gp_r4,229,1070 g,1.07,1.0,275.0,4.499,3.374609207881512,0.7360855090419273
ParkG,preload,gp_r4,230,1070 g,1.07,1.0,280.0,5.6773,3.656660423821927,0.7360992651449549
ParkG,preload,gp_r4,231,1070 g,1.07,1.0,285.0,5.3767,3.3304196101697503,0.7361975621467473
ParkG,preload,gp_r4,232,1070 g,1.07,1.0,290.0,2.4369,2.694496604782817,0.7373478459258128
ParkG,preload,gp_r4,233,1070 g,1.07,1.0,295.0,1.4089,2.1263902670608337,0.7453589698751942
ParkG,preload,lawgp_r4,0,70 g,0.07,1.0,105.0,0.1312,0.29821598263895943,0.514365098291536
ParkG,preload,lawgp_r4,1,70 g,0.07,1.0,110.0,0.2212,0.31590244362160314,0.510143163223348
ParkG,preload,lawgp_r4,2,70 g,0.07,1.0,115.0,0.2032,0.3342672113720729,0.5090425296765934
ParkG,preload,lawgp_r4,3,70 g,0.07,1.0,120.0,0.1792,0.3472731430322487,0.5089067280239385
ParkG,preload,lawgp_r4,4,70 g,0.07,1.0,125.0,0.1792,0.35862172339506326,0.5089014138932836
ParkG,preload,lawgp_r4,5,70 g,0.07,1.0,130.0,0.2753,0.38076558398329197,0.5089002266694328
ParkG,preload,lawgp_r4,6,70 g,0.07,1.0,135.0,0.9059,0.42577789369292235,0.5088998533483468
ParkG,preload,lawgp_r4,7,70 g,0.07,1.0,140.0,0.6837,0.49267602763763335,0.5088998370149693
ParkG,preload,lawgp_r4,8,70 g,0.07,1.0,145.0,0.8639,0.5602043230254826,0.5088998174893553
ParkG,preload,lawgp_r4,9,70 g,0.07,1.0,150.0,0.8339,0.5971085367957633,0.5088998070846067
ParkG,preload,lawgp_r4,10,70 g,0.07,1.0,155.0,1.3504,0.5850031466857072,0.508899805685625
ParkG,preload,lawgp_r4,11,70 g,0.07,1.0,160.0,0.8819,0.5350865715639898,0.5088998056650446
ParkG,preload,lawgp_r4,12,70 g,0.07,1.0,165.0,0.4915,0.48558960474913504,0.5088998056367132
ParkG,preload,lawgp_r4,13,70 g,0.07,1.0,170.0,0.7137,0.47963825134896976,0.508899805628096
ParkG,preload,lawgp_r4,14,70 g,0.07,1.0,175.0,0.7257,0.536039242103209,0.5088998056278481
ParkG,preload,lawgp_r4,15,70 g,0.07,1.0,180.0,0.3834,0.6278131541923482,0.5088998056274697
ParkG,preload,lawgp_r4,16,70 g,0.07,1.0,185.0,0.3534,0.693846769129203,0.5088998056272687
ParkG,preload,lawgp_r4,17,70 g,0.07,1.0,190.0,0.2393,0.6892258108065913,0.5088998056272453
ParkG,preload,lawgp_r4,18,70 g,0.07,1.0,195.0,0.2753,0.6219043307553187,0.5088998056272452
ParkG,preload,lawgp_r4,19,70 g,0.07,1.0,200.0,0.4074,0.5329280047939394,0.5088998056272447
ParkG,preload,lawgp_r4,20,70 g,0.07,1.0,205.0,0.3053,0.45526759970808167,0.5088998056272452
ParkG,preload,lawgp_r4,21,70 g,0.07,1.0,210.0,0.2032,0.39890415377403304,0.5088998056272453
ParkG,preload,lawgp_r4,22,70 g,0.07,1.0,215.0,0.2393,0.360131725002778,0.5088998056272687
ParkG,preload,lawgp_r4,23,70 g,0.07,1.0,220.0,0.2633,0.33148029878309765,0.5088998056274697
ParkG,preload,lawgp_r4,24,70 g,0.07,1.0,225.0,0.1792,0.3056159335868927,0.5088998056278481
ParkG,preload,lawgp_r4,25,70 g,0.07,1.0,230.0,0.1191,0.27866305483367265,0.508899805628096
ParkG,preload,lawgp_r4,26,70 g,0.07,1.0,235.0,0.1312,0.253395837904928,0.5088998056367133
ParkG,preload,lawgp_r4,27,70 g,0.07,1.0,240.0,0.2393,0.23831987307005315,0.5088998056650446
ParkG,preload,lawgp_r4,28,70 g,0.07,1.0,245.0,0.1312,0.24194181855546276,0.508899805685625
ParkG,preload,lawgp_r4,29,70 g,0.07,1.0,250.0,0.1552,0.26597412026808115,0.5088998070846067
ParkG,preload,lawgp_r4,30,70 g,0.07,1.0,255.0,0.2933,0.30331386716838127,0.5088998174893553
ParkG,preload,lawgp_r4,31,70 g,0.07,1.0,260.0,0.4615,0.34483032123641527,0.5088998370149694
ParkG,preload,lawgp_r4,32,70 g,0.07,1.0,265.0,0.8098,0.39024273846503077,0.5088998533483468
ParkG,preload,lawgp_r4,33,70 g,0.07,1.0,270.0,1.2062,0.4515369584081703,0.5089002266694328
ParkG,preload,lawgp_r4,34,70 g,0.07,1.0,275.0,0.7678,0.5356046531305712,0.5089014138932836
ParkG,preload,lawgp_r4,35,70 g,0.07,1.0,280.0,0.5215,0.5879471393215681,0.5089067280239385
ParkG,preload,lawgp_r4,36,70 g,0.07,1.0,285.0,0.3774,0.5415022089226854,0.5090425296765934
ParkG,preload,lawgp_r4,37,70 g,0.07,1.0,290.0,0.3233,0.4619068640119789,0.510143163223348
ParkG,preload,lawgp_r4,38,70 g,0.07,1.0,295.0,0.2933,0.401018440875183,0.514365098291536
ParkG,preload,lawgp_r4,39,170 g,0.17,1.0,105.0,0.1605,0.3304753778767166,0.5579981615695249
ParkG,preload,lawgp_r4,40,170 g,0.17,1.0,110.0,0.2987,0.33061500106472264,0.557998161569518
ParkG,preload,lawgp_r4,41,170 g,0.17,1.0,115.0,0.4128,0.33076746130806384,0.5579981615695123
ParkG,preload,lawgp_r4,42,170 g,0.17,1.0,120.0,0.3828,0.33093437725051533,0.5579981615695079
ParkG,preload,lawgp_r4,43,170 g,0.17,1.0,125.0,0.3467,0.33111763038783426,0.5579981615695047
ParkG,preload,lawgp_r4,44,170 g,0.17,1.0,130.0,0.4128,0.33131941819988436,0.5579981615695024
ParkG,preload,lawgp_r4,45,170 g,0.17,1.0,135.0,0.3527,0.331542320224978,0.557998161569501
ParkG,preload,lawgp_r4,46,170 g,0.17,1.0,140.0,0.5389,0.33178938074347025,0.5579981615695001
ParkG,preload,lawgp_r4,47,170 g,0.17,1.0,145.0,0.9954,0.3320642129532517,0.5579981615694996
ParkG,preload,lawgp_r4,48,170 g,0.17,1.0,150.0,0.9053,0.33237113121265693,0.5579981615694993
ParkG,preload,lawgp_r4,49,170 g,0.17,1.0,155.0,1.1936,0.33271532030530415,0.5579981615694991
ParkG,preload,lawgp_r4,50,170 g,0.17,1.0,160.0,0.5749,0.3331030540556679,0.557998161569499
ParkG,preload,lawgp_r4,51,170 g,0.17,1.0,165.0,0.665,0.33354198046005673,0.557998161569499
ParkG,preload,lawgp_r4,52,170 g,0.17,1.0,170.0,0.3888,0.3340414975117929,0.5579981615694989
ParkG,preload,lawgp_r4,53,170 g,0.17,1.0,175.0,0.4308,0.33461325421317256,0.5579981615694989
ParkG,preload,lawgp_r4,54,170 g,0.17,1.0,180.0,0.9653,0.33527182666576844,0.5579981615694989
ParkG,preload,lawgp_r4,55,170 g,0.17,1.0,185.0,1.7701,0.3360356425086912,0.5579981615694989
ParkG,preload,lawgp_r4,56,170 g,0.17,1.0,190.0,1.1395,0.33692826311108665,0.5579981615694989
ParkG,preload,lawgp_r4,57,170 g,0.17,1.0,195.0,0.8032,0.33798018987817224,0.5579981615694989
ParkG,preload,lawgp_r4,58,170 g,0.17,1.0,200.0,0.5689,0.33923145269245963,0.5579981615694989
ParkG,preload,lawgp_r4,59,170 g,0.17,1.0,205.0,0.5629,0.3407353894312495,0.5579981615694989
ParkG,preload,lawgp_r4,60,170 g,0.17,1.0,210.0,0.3948,0.34256428022210944,0.5579981615694989
ParkG,preload,lawgp_r4,61,170 g,0.17,1.0,215.0,0.3227,0.34481794181423664,0.5579981615694989
ParkG,preload,lawgp_r4,62,170 g,0.17,1.0,220.0,0.2927,0.3476371764506585,0.5579981615694989
ParkG,preload,lawgp_r4,63,170 g,0.17,1.0,225.0,0.3007,0.35122542526429434,0.5579981615694989
ParkG,preload,lawgp_r4,64,170 g,0.17,1.0,230.0,0.2326,0.35588475756824883,0.5579981615694989
ParkG,preload,lawgp_r4,65,170 g,0.17,1.0,235.0,0.1665,0.36207784503360635,0.557998161569499
ParkG,preload,lawgp_r4,66,170 g,0.17,1.0,240.0,0.1005,0.37053894942608057,0.557998161569499
ParkG,preload,lawgp_r4,67,170 g,0.17,1.0,245.0,0.1005,0.3824813097631276,0.5579981615694991
ParkG,preload,lawgp_r4,68,170 g,0.17,1.0,250.0,0.1305,0.40000186833293,0.5579981615694993
ParkG,preload,lawgp_r4,69,170 g,0.17,1.0,255.0,0.3467,0.42690094898101016,0.5579981615694996
ParkG,preload,lawgp_r4,70,170 g,0.17,1.0,260.0,0.3828,0.4703534328043337,0.5579981615695001
ParkG,preload,lawgp_r4,71,170 g,0.17,1.0,265.0,0.3767,0.5439295917656216,0.557998161569501
ParkG,preload,lawgp_r4,72,170 g,0.17,1.0,270.0,0.4668,0.669117278795381,0.5579981615695024
ParkG,preload,lawgp_r4,73,170 g,0.17,1.0,275.0,0.589,0.8469658379464268,0.5579981615695047
ParkG,preload,lawgp_r4,74,170 g,0.17,1.0,280.0,0.5389,0.9461285960190423,0.5579981615695079
ParkG,preload,lawgp_r4,75,170 g,0.17,1.0,285.0,0.7371,0.826916408564089,0.5579981615695123
ParkG,preload,lawgp_r4,76,170 g,0.17,1.0,290.0,0.5509,0.6520052097049023,0.557998161569518
ParkG,preload,lawgp_r4,77,170 g,0.17,1.0,295.0,0.2867,0.5336227940116434,0.5579981615695249
ParkG,preload,lawgp_r4,78,370 g,0.37,1.0,105.0,0.1365,0.3141975751832643,0.52106445624569
ParkG,preload,lawgp_r4,79,370 g,0.37,1.0,110.0,0.2927,0.3148642671627148,0.520858460034284
ParkG,preload,lawgp_r4,80,370 g,0.37,1.0,115.0,0.7371,0.31568469821768214,0.5207510973670217
ParkG,preload,lawgp_r4,81,370 g,0.37,1.0,120.0,0.7011,0.317245777294908,0.5207063556211383
ParkG,preload,lawgp_r4,82,370 g,0.37,1.0,125.0,0.4428,0.32017361110957315,0.5206913203672022
ParkG,preload,lawgp_r4,83,370 g,0.37,1.0,130.0,0.1966,0.3247767337113969,0.5206871603230734
ParkG,preload,lawgp_r4,84,370 g,0.37,1.0,135.0,0.3888,0.330749477073216,0.5206861765520818
ParkG,preload,lawgp_r4,85,370 g,0.37,1.0,140.0,1.3857,0.33718408263781474,0.5206859663754264
ParkG,preload,lawgp_r4,86,370 g,0.37,1.0,145.0,0.659,0.34296165286184666,0.5206859231004884
ParkG,preload,lawgp_r4,87,370 g,0.37,1.0,150.0,0.3888,0.3473468620608277,0.5206859140629526
ParkG,preload,lawgp_r4,88,370 g,0.37,1.0,155.0,0.7551,0.3504767686013676,0.5206859121230206
ParkG,preload,lawgp_r4,89,370 g,0.37,1.0,160.0,0.7912,0.35345241094803825,0.5206859117071976
ParkG,preload,lawgp_r4,90,370 g,0.37,1.0,165.0,0.9713,0.357902196922292,0.5206859116218971
ParkG,preload,lawgp_r4,91,370 g,0.37,1.0,170.0,0.8092,0.36516317238478185,0.5206859116054403
ParkG,preload,lawgp_r4,92,370 g,0.37,1.0,175.0,1.8362,0.37550522337755005,0.5206859116023947
ParkG,preload,lawgp_r4,93,370 g,0.37,1.0,180.0,2.3887,0.3879034176377922,0.5206859116018347
ParkG,preload,lawgp_r4,94,370 g,0.37,1.0,185.0,1.0854,0.4005657717191216,0.52068591160173
ParkG,preload,lawgp_r4,95,370 g,0.37,1.0,190.0,0.8212,0.4118288098698408,0.5206859116017098
ParkG,preload,lawgp_r4,96,370 g,0.37,1.0,195.0,0.5629,0.4206776046548953,0.5206859116017061
ParkG,preload,lawgp_r4,97,370 g,0.37,1.0,200.0,0.629,0.42654310121090017,0.5206859116017055
ParkG,preload,lawgp_r4,98,370 g,0.37,1.0,205.0,0.5329,0.42884016164620453,0.5206859116017061
ParkG,preload,lawgp_r4,99,370 g,0.37,1.0,210.0,0.1665,0.4269942104070899,0.5206859116017098
ParkG,preload,lawgp_r4,100,370 g,0.37,1.0,215.0,0.1425,0.4211168349860861,0.52068591160173
ParkG,preload,lawgp_r4,101,370 g,0.37,1.0,220.0,0.1725,0.41269819286938136,0.5206859116018347
ParkG,preload,lawgp_r4,102,370 g,0.37,1.0,225.0,0.1485,0.4045420589407414,0.5206859116023947
ParkG,preload,lawgp_r4,103,370 g,0.37,1.0,230.0,0.2867,0.3997961263760908,0.5206859116054403
ParkG,preload,lawgp_r4,104,370 g,0.37,1.0,235.0,1.0014,0.40069247414225173,0.5206859116218971
ParkG,preload,lawgp_r4,105,370 g,0.37,1.0,240.0,0.3287,0.40791043151025463,0.5206859117071976
ParkG,preload,lawgp_r4,106,370 g,0.37,1.0,245.0,1.0494,0.42124723422006227,0.5206859121230206
ParkG,preload,lawgp_r4,107,370 g,0.37,1.0,250.0,1.2476,0.44179957642721446,0.5206859140629526
ParkG,preload,lawgp_r4,108,370 g,0.37,1.0,255.0,0.629,0.47546978864566336,0.5206859231004884
ParkG,preload,lawgp_r4,109,370 g,0.37,1.0,260.0,0.617,0.5377452864583543,0.5206859663754264
ParkG,preload,lawgp_r4,110,370 g,0.37,1.0,265.0,0.5749,0.6601656979311965,0.5206861765520818
ParkG,preload,lawgp_r4,111,370 g,0.37,1.0,270.0,0.3828,0.8930242643173136,0.5206871603230734
ParkG,preload,lawgp_r4,112,370 g,0.37,1.0,275.0,0.1906,1.246350863437605,0.5206913203672022
ParkG,preload,lawgp_r4,113,370 g,0.37,1.0,280.0,0.4428,1.4499597968653442,0.5207063556211383
ParkG,preload,lawgp_r4,114,370 g,0.37,1.0,285.0,0.3587,1.2054175476098352,0.5207510973670217
ParkG,preload,lawgp_r4,115,370 g,0.37,1.0,290.0,0.4608,0.8543969651832852,0.520858460034284
ParkG,preload,lawgp_r4,116,370 g,0.37,1.0,295.0,0.3107,0.6276083112987016,0.52106445624569
ParkG,preload,lawgp_r4,117,570 g,0.57,1.0,105.0,0.5594,0.3130544478921772,0.4983091615098367
ParkG,preload,lawgp_r4,118,570 g,0.57,1.0,110.0,0.3008,0.339921937484807,0.4964561788762344
ParkG,preload,lawgp_r4,119,570 g,0.57,1.0,115.0,0.3368,0.36497242687911036,0.4957207266290413
ParkG,preload,lawgp_r4,120,570 g,0.57,1.0,120.0,0.3008,0.3817016609089548,0.49551607959189614
ParkG,preload,lawgp_r4,121,570 g,0.57,1.0,125.0,0.1624,0.39242559262637755,0.4954737748554049
ParkG,preload,lawgp_r4,122,570 g,0.57,1.0,130.0,0.2105,0.40547502660398327,0.49546616144464245
ParkG,preload,lawgp_r4,123,570 g,0.57,1.0,135.0,0.6436,0.42465443422802845,0.4954647419562498
ParkG,preload,lawgp_r4,124,570 g,0.57,1.0,140.0,0.4511,0.4445299521010609,0.49546447842612384
ParkG,preload,lawgp_r4,125,570 g,0.57,1.0,145.0,0.3248,0.4587085917557474,0.4954644300511274
ParkG,preload,lawgp_r4,126,570 g,0.57,1.0,150.0,0.3248,0.46966106629703486,0.49546441938290675
ParkG,preload,lawgp_r4,127,570 g,0.57,1.0,155.0,0.3248,0.4870861983085929,0.49546441705166827
ParkG,preload,lawgp_r4,128,570 g,0.57,1.0,160.0,0.2887,0.5192160876636388,0.4954644167072104
ParkG,preload,lawgp_r4,129,570 g,0.57,1.0,165.0,0.5293,0.5665065489199141,0.4954644166699838
ParkG,preload,lawgp_r4,130,570 g,0.57,1.0,170.0,0.5173,0.6181672468842596,0.4954644166613429
ParkG,preload,lawgp_r4,131,570 g,0.57,1.0,175.0,0.4331,0.6525884260772649,0.4954644166590607
ParkG,preload,lawgp_r4,132,570 g,0.57,1.0,180.0,0.3729,0.6482474225419071,0.49546441665876
ParkG,preload,lawgp_r4,133,570 g,0.57,1.0,185.0,0.391,0.6009979614338528,0.49546441665872115
ParkG,preload,lawgp_r4,134,570 g,0.57,1.0,190.0,0.4571,0.5286582140254701,0.49546441665870833
ParkG,preload,lawgp_r4,135,570 g,0.57,1.0,195.0,0.5894,0.45606590883717907,0.4954644166587062
ParkG,preload,lawgp_r4,136,570 g,0.57,1.0,200.0,1.3172,0.39841438415689945,0.4954644166587061
ParkG,preload,lawgp_r4,137,570 g,0.57,1.0,205.0,0.9323,0.3591431720289135,0.4954644166587062
ParkG,preload,lawgp_r4,138,570 g,0.57,1.0,210.0,2.0209,0.3383436551435023,0.49546441665870833
ParkG,preload,lawgp_r4,139,570 g,0.57,1.0,215.0,1.5938,0.33872438772657404,0.49546441665872115
ParkG,preload,lawgp_r4,140,570 g,0.57,1.0,220.0,1.0405,0.3641225208362333,0.49546441665876
ParkG,preload,lawgp_r4,141,570 g,0.57,1.0,225.0,0.8481,0.4147315552059477,0.4954644166590607
ParkG,preload,lawgp_r4,142,570 g,0.57,1.0,230.0,0.5293,0.4841245954365362,0.4954644166613429
ParkG,preload,lawgp_r4,143,570 g,0.57,1.0,235.0,0.5173,0.5606864115663144,0.4954644166699838
ParkG,preload,lawgp_r4,144,570 g,0.57,1.0,240.0,0.8601,0.6329043509576924,0.4954644167072104
ParkG,preload,lawgp_r4,145,570 g,0.57,1.0,245.0,0.9263,0.6946053205602798,0.49546441705166827
ParkG,preload,lawgp_r4,146,570 g,0.57,1.0,250.0,1.5517,0.7490326847304937,0.49546441938290675
ParkG,preload,lawgp_r4,147,570 g,0.57,1.0,255.0,1.0706,0.8145574062129444,0.4954644300511274
ParkG,preload,lawgp_r4,148,570 g,0.57,1.0,260.0,0.397,0.9325224061514681,0.49546447842612384
ParkG,preload,lawgp_r4,149,570 g,0.57,1.0,265.0,0.3489,1.1798835012673277,0.4954647419562498
ParkG,preload,lawgp_r4,150,570 g,0.57,1.0,270.0,0.403,1.6793074445044938,0.4954661614446425
ParkG,preload,lawgp_r4,151,570 g,0.57,1.0,275.0,0.403,2.470809132952959,0.4954737748554049
ParkG,preload,lawgp_r4,152,570 g,0.57,1.0,280.0,0.8721,2.9408566841968424,0.49551607959189614
ParkG,preload,lawgp_r4,153,570 g,0.57,1.0,285.0,0.806,2.38499204396041,0.4957207266290413
ParkG,preload,lawgp_r4,154,570 g,0.57,1.0,290.0,0.4812,1.6014387636755472,0.4964561788762344
ParkG,preload,lawgp_r4,155,570 g,0.57,1.0,295.0,0.1925,1.1107780994697734,0.4983091615098367
ParkG,preload,lawgp_r4,156,870 g,0.87,1.0,105.0,0.242,0.4139303009328267,0.4443951137734707
ParkG,preload,lawgp_r4,157,870 g,0.87,1.0,110.0,0.2901,0.4152714175687259,0.4423744214330729
ParkG,preload,lawgp_r4,158,870 g,0.87,1.0,115.0,0.3262,0.4295028200723809,0.44187124270643374
ParkG,preload,lawgp_r4,159,870 g,0.87,1.0,120.0,0.4645,0.4596103690043646,0.44180473182242913
ParkG,preload,lawgp_r4,160,870 g,0.87,1.0,125.0,0.5186,0.49603039947900984,0.44179894579985607
ParkG,preload,lawgp_r4,161,870 g,0.87,1.0,130.0,0.4224,0.5163558708611427,0.4417981665164419
ParkG,preload,lawgp_r4,162,870 g,0.87,1.0,135.0,0.2901,0.4968078873930904,0.44179805417838347
ParkG,preload,lawgp_r4,163,870 g,0.87,1.0,140.0,0.1337,0.4371834179431268,0.441798039570643
ParkG,preload,lawgp_r4,164,870 g,0.87,1.0,145.0,0.5306,0.36706435970889245,0.44179803665905193
ParkG,preload,lawgp_r4,165,870 g,0.87,1.0,150.0,0.7171,0.31719150834558174,0.44179803626072417
ParkG,preload,lawgp_r4,166,870 g,0.87,1.0,155.0,0.6148,0.2962393222734348,0.4417980361951349
ParkG,preload,lawgp_r4,167,870 g,0.87,1.0,160.0,0.2961,0.2955914206942276,0.4417980361778762
ParkG,preload,lawgp_r4,168,870 g,0.87,1.0,165.0,0.1758,0.30247463980859896,0.4417980361757569
ParkG,preload,lawgp_r4,169,870 g,0.87,1.0,170.0,0.1397,0.30720311319521804,0.4417980361756479
ParkG,preload,lawgp_r4,170,870 g,0.87,1.0,175.0,0.1337,0.3061800167776239,0.4417980361756341
ParkG,preload,lawgp_r4,171,870 g,0.87,1.0,180.0,0.1397,0.30386317870612983,0.44179803617563274
ParkG,preload,lawgp_r4,172,870 g,0.87,1.0,185.0,0.1577,0.31052844104290805,0.4417980361756321
ParkG,preload,lawgp_r4,173,870 g,0.87,1.0,190.0,0.1337,0.33395090780890563,0.44179803617563185
ParkG,preload,lawgp_r4,174,870 g,0.87,1.0,195.0,0.1337,0.372574870529381,0.44179803617563185
ParkG,preload,lawgp_r4,175,870 g,0.87,1.0,200.0,0.2841,0.4169302252733235,0.4417980361756318
ParkG,preload,lawgp_r4,176,870 g,0.87,1.0,205.0,0.1638,0.45729459805117434,0.44179803617563185
ParkG,preload,lawgp_r4,177,870 g,0.87,1.0,210.0,0.1217,0.4894698740282025,0.44179803617563185
ParkG,preload,lawgp_r4,178,870 g,0.87,1.0,215.0,0.26,0.5124065961974636,0.4417980361756321
ParkG,preload,lawgp_r4,179,870 g,0.87,1.0,220.0,0.3803,0.5224758173040558,0.44179803617563274
ParkG,preload,lawgp_r4,180,870 g,0.87,1.0,225.0,0.3302,0.51454148262349,0.4417980361756341
ParkG,preload,lawgp_r4,181,870 g,0.87,1.0,230.0,0.4645,0.49156128727356263,0.4417980361756479
ParkG,preload,lawgp_r4,182,870 g,0.87,1.0,235.0,1.1802,0.4694762139798143,0.4417980361757569
ParkG,preload,lawgp_r4,183,870 g,0.87,1.0,240.0,1.3306,0.46650026580004567,0.4417980361778762
ParkG,preload,lawgp_r4,184,870 g,0.87,1.0,245.0,0.663,0.4925096984801012,0.4417980361951349
ParkG,preload,lawgp_r4,185,870 g,0.87,1.0,250.0,0.5367,0.5569111044343922,0.44179803626072417
ParkG,preload,lawgp_r4,186,870 g,0.87,1.0,255.0,0.3382,0.6864963649871468,0.44179803665905193
ParkG,preload,lawgp_r4,187,870 g,0.87,1.0,260.0,0.5908,0.9351378433602782,0.441798039570643
ParkG,preload,lawgp_r4,188,870 g,0.87,1.0,265.0,2.6417,1.3797207144368764,0.44179805417838347
ParkG,preload,lawgp_r4,189,870 g,0.87,1.0,270.0,3.207,2.10408396170544,0.4417981665164419
ParkG,preload,lawgp_r4,190,870 g,0.87,1.0,275.0,4.7126,3.0394491228440876,0.44179894579985607
ParkG,preload,lawgp_r4,191,870 g,0.87,1.0,280.0,7.357,3.4782610144976256,0.44180473182242913
ParkG,preload,lawgp_r4,192,870 g,0.87,1.0,285.0,4.5001,2.8309012058235146,0.44187124270643374
ParkG,preload,lawgp_r4,193,870 g,0.87,1.0,290.0,2.9003,1.890779790265416,0.4423744214330729
ParkG,preload,lawgp_r4,194,870 g,0.87,1.0,295.0,2.7981,1.2280438357044838,0.4443951137734707
ParkG,preload,lawgp_r4,195,1070 g,1.07,1.0,105.0,0.5131,0.38881527243934494,0.4648218755746786
ParkG,preload,lawgp_r4,196,1070 g,1.07,1.0,110.0,0.3447,0.3980830619102213,0.46369136874009026
ParkG,preload,lawgp_r4,197,1070 g,1.07,1.0,115.0,0.477,0.41210600620516913,0.4633683561307159
ParkG,preload,lawgp_r4,198,1070 g,1.07,1.0,120.0,0.6574,0.42506025639502265,0.4633190333331144
ParkG,preload,lawgp_r4,199,1070 g,1.07,1.0,125.0,0.6694,0.4310574577251977,0.4633155623945007
ParkG,preload,lawgp_r4,200,1070 g,1.07,1.0,130.0,0.9099,0.4302713238759609,0.46331541154805356
ParkG,preload,lawgp_r4,201,1070 g,1.07,1.0,135.0,1.2465,0.4308055790369804,0.4633153827473848
ParkG,preload,lawgp_r4,202,1070 g,1.07,1.0,140.0,0.3628,0.4413610164616375,0.4633153780996127
ParkG,preload,lawgp_r4,203,1070 g,1.07,1.0,145.0,0.1824,0.4601958757175026,0.46331537631173547
ParkG,preload,lawgp_r4,204,1070 g,1.07,1.0,150.0,0.2065,0.4740953688900551,0.4633153758050424
ParkG,preload,lawgp_r4,205,1070 g,1.07,1.0,155.0,0.1283,0.47126673613499465,0.46331537575133325
ParkG,preload,lawgp_r4,206,1070 g,1.07,1.0,160.0,0.2185,0.4531487953085668,0.4633153757480666
ParkG,preload,lawgp_r4,207,1070 g,1.07,1.0,165.0,0.2125,0.43166114931113153,0.463315375747282
ParkG,preload,lawgp_r4,208,1070 g,1.07,1.0,170.0,0.2606,0.4177221517150801,0.46331537574717324
ParkG,preload,lawgp_r4,209,1070 g,1.07,1.0,175.0,0.3207,0.4146631829465368,0.4633153757471472
ParkG,preload,lawgp_r4,210,1070 g,1.07,1.0,180.0,0.1884,0.4201252115752082,0.4633153757471374
ParkG,preload,lawgp_r4,211,1070 g,1.07,1.0,185.0,0.1343,0.43079194671204835,0.46331537574713605
ParkG,preload,lawgp_r4,212,1070 g,1.07,1.0,190.0,0.1524,0.4449460075397821,0.46331537574713605
ParkG,preload,lawgp_r4,213,1070 g,1.07,1.0,195.0,0.1524,0.46213044569424544,0.463315375747136
ParkG,preload,lawgp_r4,214,1070 g,1.07,1.0,200.0,0.2425,0.4824739995202978,0.463315375747136
ParkG,preload,lawgp_r4,215,1070 g,1.07,1.0,205.0,0.1824,0.5080250349335669,0.463315375747136
ParkG,preload,lawgp_r4,216,1070 g,1.07,1.0,210.0,0.1223,0.5437870282605706,0.46331537574713605
ParkG,preload,lawgp_r4,217,1070 g,1.07,1.0,215.0,0.2185,0.5958253184849795,0.46331537574713605
ParkG,preload,lawgp_r4,218,1070 g,1.07,1.0,220.0,0.3628,0.6696732206718919,0.4633153757471374
ParkG,preload,lawgp_r4,219,1070 g,1.07,1.0,225.0,0.6153,0.7697922558638297,0.4633153757471472
ParkG,preload,lawgp_r4,220,1070 g,1.07,1.0,230.0,0.459,0.8948567050143347,0.46331537574717324
ParkG,preload,lawgp_r4,221,1070 g,1.07,1.0,235.0,0.1704,1.0337024580805654,0.463315375747282
ParkG,preload,lawgp_r4,222,1070 g,1.07,1.0,240.0,0.2666,1.1779546299568002,0.4633153757480666
ParkG,preload,lawgp_r4,223,1070 g,1.07,1.0,245.0,0.2065,1.3487854918547104,0.46331537575133325
ParkG,preload,lawgp_r4,224,1070 g,1.07,1.0,250.0,0.2726,1.6121283963741326,0.4633153758050424
ParkG,preload,lawgp_r4,225,1070 g,1.07,1.0,255.0,0.5612,2.074279703294658,0.46331537631173547
ParkG,preload,lawgp_r4,226,1070 g,1.07,1.0,260.0,0.7536,2.881810437225626,0.4633153780996127
ParkG,preload,lawgp_r4,227,1070 g,1.07,1.0,265.0,1.7996,4.251150433595831,0.4633153827473848
ParkG,preload,lawgp_r4,228,1070 g,1.07,1.0,270.0,3.982,6.469094895084135,0.46331541154805356
ParkG,preload,lawgp_r4,229,1070 g,1.07,1.0,275.0,4.499,9.393754908436136,0.4633155623945007
ParkG,preload,lawgp_r4,230,1070 g,1.07,1.0,280.0,5.6773,10.941372689041367,0.4633190333331144
ParkG,preload,lawgp_r4,231,1070 g,1.07,1.0,285.0,5.3767,9.131725817700866,0.4633683561307159
ParkG,preload,lawgp_r4,232,1070 g,1.07,1.0,290.0,2.4369,6.278086428864716,0.46369136874009026
ParkG,preload,lawgp_r4,233,1070 g,1.07,1.0,295.0,1.4089,4.227112922060282,0.4648218755746786
ParkG,frequency,gp,0,70 g,0.07,1.0,105.0,0.1312,0.7783735208320317,1.021375232328192
ParkG,frequency,gp,1,70 g,0.07,1.0,110.0,0.2212,0.7819990511246429,1.0193609086304014
ParkG,frequency,gp,2,70 g,0.07,1.0,115.0,0.2032,0.7879126187398249,1.013567003354742
ParkG,frequency,gp,3,70 g,0.07,1.0,120.0,0.1792,0.7968338712113331,0.9980653615179996
ParkG,frequency,gp,4,70 g,0.07,1.0,125.0,0.1792,0.8088395131378243,0.9601486898411468
ParkG,frequency,gp,5,70 g,0.07,1.0,130.0,0.2753,0.8223484913401714,0.8773285069105866
ParkG,frequency,gp,6,70 g,0.07,1.0,135.0,0.9059,0.8337774970217777,0.7220986129124035
ParkG,frequency,gp,7,70 g,0.07,1.0,140.0,0.6837,0.8426825777166562,0.49668214483464757
ParkG,frequency,gp,8,70 g,0.07,1.0,145.0,0.8639,0.750573215381435,0.4861837810732511
ParkG,frequency,gp,9,70 g,0.07,1.0,150.0,0.8339,0.80298874879203,0.7087348884106299
ParkG,frequency,gp,10,70 g,0.07,1.0,155.0,1.3504,0.840417869582694,0.8534054051993659
ParkG,frequency,gp,11,70 g,0.07,1.0,160.0,0.8819,0.863599991818773,0.9170274399059324
ParkG,frequency,gp,12,70 g,0.07,1.0,165.0,0.4915,0.8858321423324799,0.917027437908377
ParkG,frequency,gp,13,70 g,0.07,1.0,170.0,0.7137,0.9071718504912605,0.8534053994033062
ParkG,frequency,gp,14,70 g,0.07,1.0,175.0,0.7257,0.9000338482818705,0.7087348803394193
ParkG,frequency,gp,15,70 g,0.07,1.0,180.0,0.3834,0.8046251564602255,0.4861837738702591
ParkG,frequency,gp,16,70 g,0.07,1.0,185.0,0.3534,0.7471124935728222,1.0168990407169518
ParkG,frequency,gp,17,70 g,0.07,1.0,190.0,0.2393,0.7471124999999997,1.0168990407170575
ParkG,frequency,gp,18,70 g,0.07,1.0,195.0,0.2753,0.7471125000000001,1.0168990407170575
ParkG,frequency,gp,19,70 g,0.07,1.0,200.0,0.4074,0.7471125000000001,1.0168990407170575
ParkG,frequency,gp,20,70 g,0.07,1.0,205.0,0.3053,0.7471125000000001,1.0168990407170575
ParkG,frequency,gp,21,70 g,0.07,1.0,210.0,0.2032,0.7471124999999847,1.0168990407170575
ParkG,frequency,gp,22,70 g,0.07,1.0,215.0,0.2393,0.7471122138951864,1.0168990407169518
ParkG,frequency,gp,23,70 g,0.07,1.0,220.0,0.2633,0.7591622515590664,1.0373333052426539
ParkG,frequency,gp,24,70 g,0.07,1.0,225.0,0.1792,0.7591623655913954,1.0373333052426745
ParkG,frequency,gp,25,70 g,0.07,1.0,230.0,0.1191,0.7591623655913979,1.0373333052426745
ParkG,frequency,gp,26,70 g,0.07,1.0,235.0,0.1312,0.7591623655913979,1.0373333052426745
ParkG,frequency,gp,27,70 g,0.07,1.0,240.0,0.2393,0.7591623655913979,1.0373333052426745
ParkG,frequency,gp,28,70 g,0.07,1.0,245.0,0.1312,0.7591623655913979,1.0373333052426745
ParkG,frequency,gp,29,70 g,0.07,1.0,250.0,0.1552,0.7591623655913959,1.0373333052426745
ParkG,frequency,gp,30,70 g,0.07,1.0,255.0,0.2933,0.7591622788719393,1.0373333052426539
ParkG,frequency,gp,31,70 g,0.07,1.0,260.0,0.4615,0.4248954651753384,0.28208950082977663
ParkG,frequency,gp,32,70 g,0.07,1.0,265.0,0.8098,0.48438142906416537,0.35422652379252967
ParkG,frequency,gp,33,70 g,0.07,1.0,270.0,1.2062,0.5012841757729635,0.36229098478604777
ParkG,frequency,gp,34,70 g,0.07,1.0,275.0,0.7678,0.5052053286064979,0.36285385003801995
ParkG,frequency,gp,35,70 g,0.07,1.0,280.0,0.5215,0.506029404719196,0.3628830473840886
ParkG,frequency,gp,36,70 g,0.07,1.0,285.0,0.3774,0.5061934631385934,0.3628842978667103
ParkG,frequency,gp,37,70 g,0.07,1.0,290.0,0.3233,0.5062250208287821,0.36288434483658577
ParkG,frequency,gp,38,70 g,0.07,1.0,295.0,0.2933,0.506230936637376,0.3628843464410449
ParkG,frequency,gp,39,170 g,0.17,1.0,105.0,0.1605,0.7786408431900504,1.021271876087562
ParkG,frequency,gp,40,170 g,0.17,1.0,110.0,0.2987,0.7829175237735644,1.01905114533741
ParkG,frequency,gp,41,170 g,0.17,1.0,115.0,0.4128,0.7903851734666383,1.0127013475733493
ParkG,frequency,gp,42,170 g,0.17,1.0,120.0,0.3828,0.8026695295996064,0.995851774312313
ParkG,frequency,gp,43,170 g,0.17,1.0,125.0,0.3467,0.8212695357590553,0.9551020706028656
ParkG,frequency,gp,44,170 g,0.17,1.0,130.0,0.4128,0.8461613121273013,0.8674750842099084
ParkG,frequency,gp,45,170 g,0.17,1.0,135.0,0.3527,0.8735088223508835,0.7068299456539109
ParkG,frequency,gp,46,170 g,0.17,1.0,140.0,0.5389,0.8955969323024146,0.4810846841250659
ParkG,frequency,gp,47,170 g,0.17,1.0,145.0,0.9954,0.8291661872576991,0.4704521279544374
ParkG,frequency,gp,48,170 g,0.17,1.0,150.0,0.9053,0.9271730913448063,0.6938555294523159
ParkG,frequency,gp,49,170 g,0.17,1.0,155.0,1.1936,0.9563141094904821,0.8437356412238769
ParkG,frequency,gp,50,170 g,0.17,1.0,160.0,0.5749,0.9751419292070924,0.9108393861269853
ParkG,frequency,gp,51,170 g,0.17,1.0,165.0,0.665,1.028761309812035,0.9108393836380738
ParkG,frequency,gp,52,170 g,0.17,1.0,170.0,0.3888,1.1395121145877087,0.8437356340815289
ParkG,frequency,gp,53,170 g,0.17,1.0,175.0,0.4308,1.3010024109295144,0.6938555197354147
ParkG,frequency,gp,54,170 g,0.17,1.0,180.0,0.9653,1.447253564255825,0.4704521186600024
ParkG,frequency,gp,55,170 g,0.17,1.0,185.0,1.7701,0.7471124935714459,1.0168990407169518
ParkG,frequency,gp,56,170 g,0.17,1.0,190.0,1.1395,0.7471124999999997,1.0168990407170575
ParkG,frequency,gp,57,170 g,0.17,1.0,195.0,0.8032,0.7471125000000001,1.0168990407170575
ParkG,frequency,gp,58,170 g,0.17,1.0,200.0,0.5689,0.7471125000000001,1.0168990407170575
ParkG,frequency,gp,59,170 g,0.17,1.0,205.0,0.5629,0.7471125000000001,1.0168990407170575
ParkG,frequency,gp,60,170 g,0.17,1.0,210.0,0.3948,0.7471124999999847,1.0168990407170575
ParkG,frequency,gp,61,170 g,0.17,1.0,215.0,0.3227,0.7471122138946412,1.0168990407169518
ParkG,frequency,gp,62,170 g,0.17,1.0,220.0,0.2927,0.7591622515589175,1.0373333052426539
ParkG,frequency,gp,63,170 g,0.17,1.0,225.0,0.3007,0.7591623655913954,1.0373333052426745
ParkG,frequency,gp,64,170 g,0.17,1.0,230.0,0.2326,0.7591623655913979,1.0373333052426745
ParkG,frequency,gp,65,170 g,0.17,1.0,235.0,0.1665,0.7591623655913979,1.0373333052426745
ParkG,frequency,gp,66,170 g,0.17,1.0,240.0,0.1005,0.7591623655913979,1.0373333052426745
ParkG,frequency,gp,67,170 g,0.17,1.0,245.0,0.1005,0.7591623655913979,1.0373333052426745
ParkG,frequency,gp,68,170 g,0.17,1.0,250.0,0.1305,0.7591623655913959,1.0373333052426745
ParkG,frequency,gp,69,170 g,0.17,1.0,255.0,0.3467,0.7591622788719001,1.0373333052426539
ParkG,frequency,gp,70,170 g,0.17,1.0,260.0,0.3828,0.4638552345577305,0.28205266812908913
ParkG,frequency,gp,71,170 g,0.17,1.0,265.0,0.3767,0.4942761422500759,0.35419913463120317
ParkG,frequency,gp,72,170 g,0.17,1.0,270.0,0.4668,0.5028494226457364,0.36228510965324656
ParkG,frequency,gp,73,170 g,0.17,1.0,275.0,0.589,0.5053506342913967,0.36285321373020923
ParkG,frequency,gp,74,170 g,0.17,1.0,280.0,0.5389,0.5060235736230615,0.3628830019411097
ParkG,frequency,gp,75,170 g,0.17,1.0,285.0,0.7371,0.5061868034278594,0.3628842953959771
ParkG,frequency,gp,76,170 g,0.17,1.0,290.0,0.5509,0.5062229939469501,0.36288434472541564
ParkG,frequency,gp,77,170 g,0.17,1.0,295.0,0.2867,0.5062304661563582,0.36288434643668444
ParkG,frequency,gp,78,370 g,0.37,1.0,105.0,0.1365,0.7742446568828298,1.0212206792072438
ParkG,frequency,gp,79,370 g,0.37,1.0,110.0,0.2927,0.775029950993124,1.0189283907773314
ParkG,frequency,gp,80,370 g,0.37,1.0,115.0,0.7371,0.7764268497091145,1.0124562951050509
ParkG,frequency,gp,81,370 g,0.37,1.0,120.0,0.7011,0.7782811348095207,0.9955185011709267
ParkG,frequency,gp,82,370 g,0.37,1.0,125.0,0.4428,0.7791344542110397,0.9551544692364891
ParkG,frequency,gp,83,370 g,0.37,1.0,130.0,0.1966,0.774084321435852,0.8696118208941468
ParkG,frequency,gp,84,370 g,0.37,1.0,135.0,0.3888,0.7514845114168553,0.7145207714579664
ParkG,frequency,gp,85,370 g,0.37,1.0,140.0,1.3857,0.6926150660481103,0.49574328166561055
ParkG,frequency,gp,86,370 g,0.37,1.0,145.0,0.659,1.2985280876449605,0.4843253423312086
ParkG,frequency,gp,87,370 g,0.37,1.0,150.0,0.3888,1.2337988154962711,0.7004146424095838
ParkG,frequency,gp,88,370 g,0.37,1.0,155.0,0.7551,1.1147652173890887,0.8450854897417007
ParkG,frequency,gp,89,370 g,0.37,1.0,160.0,0.7912,1.0429747794183017,0.9103940391881372
ParkG,frequency,gp,90,370 g,0.37,1.0,165.0,0.9713,1.0438953607712806,0.9103940350778398
ParkG,frequency,gp,91,370 g,0.37,1.0,170.0,0.8092,1.1098298007871625,0.8450854765599362
ParkG,frequency,gp,92,370 g,0.37,1.0,175.0,1.8362,1.2027389888828899,0.7004146187604354
ParkG,frequency,gp,93,370 g,0.37,1.0,180.0,2.3887,1.237450566730467,0.48432531059266937
ParkG,frequency,gp,94,370 g,0.37,1.0,185.0,1.0854,0.747112493568707,1.0168990407169518
ParkG,frequency,gp,95,370 g,0.37,1.0,190.0,0.8212,0.7471124999999997,1.0168990407170575
ParkG,frequency,gp,96,370 g,0.37,1.0,195.0,0.5629,0.7471125000000001,1.0168990407170575
ParkG,frequency,gp,97,370 g,0.37,1.0,200.0,0.629,0.7471125000000001,1.0168990407170575
ParkG,frequency,gp,98,370 g,0.37,1.0,205.0,0.5329,0.7471125000000001,1.0168990407170575
ParkG,frequency,gp,99,370 g,0.37,1.0,210.0,0.1665,0.7471124999999847,1.0168990407170575
ParkG,frequency,gp,100,370 g,0.37,1.0,215.0,0.1425,0.7471122138941608,1.0168990407169518
ParkG,frequency,gp,101,370 g,0.37,1.0,220.0,0.1725,0.7591622515587475,1.0373333052426539
ParkG,frequency,gp,102,370 g,0.37,1.0,225.0,0.1485,0.7591623655913954,1.0373333052426745
ParkG,frequency,gp,103,370 g,0.37,1.0,230.0,0.2867,0.7591623655913979,1.0373333052426745
ParkG,frequency,gp,104,370 g,0.37,1.0,235.0,1.0014,0.7591623655913979,1.0373333052426745
ParkG,frequency,gp,105,370 g,0.37,1.0,240.0,0.3287,0.7591623655913979,1.0373333052426745
ParkG,frequency,gp,106,370 g,0.37,1.0,245.0,1.0494,0.7591623655913979,1.0373333052426745
ParkG,frequency,gp,107,370 g,0.37,1.0,250.0,1.2476,0.7591623655913959,1.0373333052426745
ParkG,frequency,gp,108,370 g,0.37,1.0,255.0,0.629,0.7591622788719187,1.0373333052426539
ParkG,frequency,gp,109,370 g,0.37,1.0,260.0,0.617,0.4386809804077543,0.28296021978999464
ParkG,frequency,gp,110,370 g,0.37,1.0,265.0,0.5749,0.4717612290321217,0.35456583804431996
ParkG,frequency,gp,111,370 g,0.37,1.0,270.0,0.3828,0.4961400057981809,0.36233048138509916
ParkG,frequency,gp,112,370 g,0.37,1.0,275.0,0.1906,0.5038387992393056,0.3628563344208618
ParkG,frequency,gp,113,370 g,0.37,1.0,280.0,0.4428,0.5057259751598685,0.36288315565596935
ParkG,frequency,gp,114,370 g,0.37,1.0,285.0,0.3587,0.5061326678100158,0.36288430153050955
ParkG,frequency,gp,115,370 g,0.37,1.0,290.0,0.4608,0.5062136330276439,0.36288434493737703
ParkG,frequency,gp,116,370 g,0.37,1.0,295.0,0.3107,0.5062289024404573,0.362884346443277
ParkG,frequency,gp,117,570 g,0.57,1.0,105.0,0.5594,0.7649665163276385,1.021253125585718
ParkG,frequency,gp,118,570 g,0.57,1.0,110.0,0.3008,0.7579419258473921,1.019042343870609
ParkG,frequency,gp,119,570 g,0.57,1.0,115.0,0.3368,0.7457499491501456,1.0128200449033913
ParkG,frequency,gp,120,570 g,0.57,1.0,120.0,0.3008,0.7249824065604715,0.9965564195102167
ParkG,frequency,gp,121,570 g,0.57,1.0,125.0,0.1624,0.6904849511483224,0.9577345089124151
ParkG,frequency,gp,122,570 g,0.57,1.0,130.0,0.2105,0.6354198101100182,0.87496787542333
ParkG,frequency,gp,123,570 g,0.57,1.0,135.0,0.6436,0.5537415210489514,0.7230768342844639
ParkG,frequency,gp,124,570 g,0.57,1.0,140.0,0.4511,0.44955456881087164,0.5043780865334672
ParkG,frequency,gp,125,570 g,0.57,1.0,145.0,0.3248,0.6896048842698961,0.4929475390799397
ParkG,frequency,gp,126,570 g,0.57,1.0,150.0,0.3248,0.7471240259244623,0.7085937751979385
ParkG,frequency,gp,127,570 g,0.57,1.0,155.0,0.3248,0.7625900810526973,0.8501362584263241
ParkG,frequency,gp,128,570 g,0.57,1.0,160.0,0.2887,0.7583822674165925,0.9133734602212177
ParkG,frequency,gp,129,570 g,0.57,1.0,165.0,0.5293,0.7429930494078323,0.913373454234572
ParkG,frequency,gp,130,570 g,0.57,1.0,170.0,0.5173,0.7065679166314527,0.8501362382674059
ParkG,frequency,gp,131,570 g,0.57,1.0,175.0,0.4331,0.6308898823988215,0.7085937371375535
ParkG,frequency,gp,132,570 g,0.57,1.0,180.0,0.3729,0.514253489748387,0.49294749281679195
ParkG,frequency,gp,133,570 g,0.57,1.0,185.0,0.391,0.7471124935659864,1.0168990407169518
ParkG,frequency,gp,134,570 g,0.57,1.0,190.0,0.4571,0.7471124999999997,1.0168990407170575
ParkG,frequency,gp,135,570 g,0.57,1.0,195.0,0.5894,0.7471125000000001,1.0168990407170575
ParkG,frequency,gp,136,570 g,0.57,1.0,200.0,1.3172,0.7471125000000001,1.0168990407170575
ParkG,frequency,gp,137,570 g,0.57,1.0,205.0,0.9323,0.7471125000000001,1.0168990407170575
ParkG,frequency,gp,138,570 g,0.57,1.0,210.0,2.0209,0.7471124999999847,1.0168990407170575
ParkG,frequency,gp,139,570 g,0.57,1.0,215.0,1.5938,0.7471122138944942,1.0168990407169518
ParkG,frequency,gp,140,570 g,0.57,1.0,220.0,1.0405,0.7591622515587475,1.0373333052426539
ParkG,frequency,gp,141,570 g,0.57,1.0,225.0,0.8481,0.7591623655913954,1.0373333052426745
ParkG,frequency,gp,142,570 g,0.57,1.0,230.0,0.5293,0.7591623655913979,1.0373333052426745
ParkG,frequency,gp,143,570 g,0.57,1.0,235.0,0.5173,0.7591623655913979,1.0373333052426745
ParkG,frequency,gp,144,570 g,0.57,1.0,240.0,0.8601,0.7591623655913979,1.0373333052426745
ParkG,frequency,gp,145,570 g,0.57,1.0,245.0,0.9263,0.7591623655913979,1.0373333052426745
ParkG,frequency,gp,146,570 g,0.57,1.0,250.0,1.5517,0.7591623655913959,1.0373333052426745
ParkG,frequency,gp,147,570 g,0.57,1.0,255.0,1.0706,0.7591622788720667,1.0373333052426539
ParkG,frequency,gp,148,570 g,0.57,1.0,260.0,0.397,0.6399819407830544,0.28299554761488505
ParkG,frequency,gp,149,570 g,0.57,1.0,265.0,0.3489,0.529303995017787,0.35459223353309804
ParkG,frequency,gp,150,570 g,0.57,1.0,270.0,0.403,0.5091926252172183,0.3623361434737381
ParkG,frequency,gp,151,570 g,0.57,1.0,275.0,0.403,0.5064232319147609,0.362856945673512
ParkG,frequency,gp,152,570 g,0.57,1.0,280.0,0.8721,0.5061941175294489,0.3628831991504512
ParkG,frequency,gp,153,570 g,0.57,1.0,285.0,0.806,0.5062123198733601,0.3628843038890605
ParkG,frequency,gp,154,570 g,0.57,1.0,290.0,0.4812,0.5062265711850257,0.3628843450433748
ParkG,frequency,gp,155,570 g,0.57,1.0,295.0,0.1925,0.5062309303242376,0.36288434644743534
ParkG,frequency,gp,156,870 g,0.87,1.0,105.0,0.242,0.7534449542025689,1.0212905126860448
ParkG,frequency,gp,157,870 g,0.87,1.0,110.0,0.2901,0.7377483175152748,1.019130818096136
ParkG,frequency,gp,158,870 g,0.87,1.0,115.0,0.3262,0.7120896673461868,1.0130037533481786
ParkG,frequency,gp,159,870 g,0.87,1.0,120.0,0.4645,0.6727843065986592,0.9968769003236265
ParkG,frequency,gp,160,870 g,0.87,1.0,125.0,0.5186,0.6181581126984276,0.9581747234906949
ParkG,frequency,gp,161,870 g,0.87,1.0,130.0,0.4224,0.5536215406622226,0.8754001020033209
ParkG,frequency,gp,162,870 g,0.87,1.0,135.0,0.2901,0.4993210139983553,0.723359135998793
ParkG,frequency,gp,163,870 g,0.87,1.0,140.0,0.1337,0.4930056140376569,0.5045976511260296
ParkG,frequency,gp,164,870 g,0.87,1.0,145.0,0.5306,0.06844063570549863,0.4931807583153824
ParkG,frequency,gp,165,870 g,0.87,1.0,150.0,0.7171,0.1253664344914499,0.7089451471624617
ParkG,frequency,gp,166,870 g,0.87,1.0,155.0,0.6148,0.2489967200244988,0.8507153993494122
ParkG,frequency,gp,167,870 g,0.87,1.0,160.0,0.2961,0.3581303663234989,0.9140622933567777
ParkG,frequency,gp,168,870 g,0.87,1.0,165.0,0.1758,0.41116843418073934,0.9140622864246083
ParkG,frequency,gp,169,870 g,0.87,1.0,170.0,0.1397,0.39814085113277786,0.8507153755908572
ParkG,frequency,gp,170,870 g,0.87,1.0,175.0,0.1337,0.32936894102590164,0.7089451010741711
ParkG,frequency,gp,171,870 g,0.87,1.0,180.0,0.1397,0.23370076988326344,0.49318070047595525
ParkG,frequency,gp,172,870 g,0.87,1.0,185.0,0.1577,0.7471124935619398,1.0168990407169518
ParkG,frequency,gp,173,870 g,0.87,1.0,190.0,0.1337,0.7471124999999997,1.0168990407170575
ParkG,frequency,gp,174,870 g,0.87,1.0,195.0,0.1337,0.7471125000000001,1.0168990407170575
ParkG,frequency,gp,175,870 g,0.87,1.0,200.0,0.2841,0.7471125000000001,1.0168990407170575
ParkG,frequency,gp,176,870 g,0.87,1.0,205.0,0.1638,0.7471125000000001,1.0168990407170575
ParkG,frequency,gp,177,870 g,0.87,1.0,210.0,0.1217,0.7471124999999847,1.0168990407170575
ParkG,frequency,gp,178,870 g,0.87,1.0,215.0,0.26,0.74711221389652,1.0168990407169518
ParkG,frequency,gp,179,870 g,0.87,1.0,220.0,0.3803,0.7591622515590665,1.0373333052426539
ParkG,frequency,gp,180,870 g,0.87,1.0,225.0,0.3302,0.7591623655913954,1.0373333052426745
ParkG,frequency,gp,181,870 g,0.87,1.0,230.0,0.4645,0.7591623655913979,1.0373333052426745
ParkG,frequency,gp,182,870 g,0.87,1.0,235.0,1.1802,0.7591623655913979,1.0373333052426745
ParkG,frequency,gp,183,870 g,0.87,1.0,240.0,1.3306,0.7591623655913979,1.0373333052426745
ParkG,frequency,gp,184,870 g,0.87,1.0,245.0,0.663,0.7591623655913979,1.0373333052426745
ParkG,frequency,gp,185,870 g,0.87,1.0,250.0,0.5367,0.7591623655913959,1.0373333052426745
ParkG,frequency,gp,186,870 g,0.87,1.0,255.0,0.3382,0.7591622788725311,1.0373333052426539
ParkG,frequency,gp,187,870 g,0.87,1.0,260.0,0.5908,0.3687052288834043,0.282995574306343
ParkG,frequency,gp,188,870 g,0.87,1.0,265.0,2.6417,0.45883919495097575,0.3545922496764345
ParkG,frequency,gp,189,870 g,0.87,1.0,270.0,3.207,0.49431983186781164,0.3623361458303633
ParkG,frequency,gp,190,870 g,0.87,1.0,275.0,4.7126,0.503685106878,0.3628569458128389
ParkG,frequency,gp,191,870 g,0.87,1.0,280.0,7.357,0.505737650971329,0.3628831991566107
ParkG,frequency,gp,192,870 g,0.87,1.0,285.0,4.5001,0.5061420406521808,0.3628843038897632
ParkG,frequency,gp,193,870 g,0.87,1.0,290.0,2.9003,0.5062164958085968,0.3628843450434668
ParkG,frequency,gp,194,870 g,0.87,1.0,295.0,2.7981,0.5062295880537887,0.3628843464474438
ParkG,frequency,gp,195,1070 g,1.07,1.0,105.0,0.5131,0.7515771353534537,1.0214200559298858
ParkG,frequency,gp,196,1070 g,1.07,1.0,110.0,0.3447,0.7342905217496614,1.019494372862174
ParkG,frequency,gp,197,1070 g,1.07,1.0,115.0,0.477,0.7055292002355646,1.0139399518514292
ParkG,frequency,gp,198,1070 g,1.07,1.0,120.0,0.6574,0.6598857902048171,0.9990338881280942
ParkG,frequency,gp,199,1070 g,1.07,1.0,125.0,0.6694,0.5918827570882267,0.9624657706216722
ParkG,frequency,gp,200,1070 g,1.07,1.0,130.0,0.9099,0.4991604258974593,0.8823827292944763
ParkG,frequency,gp,201,1070 g,1.07,1.0,135.0,1.2465,0.3885790055032903,0.7318147637433287
ParkG,frequency,gp,202,1070 g,1.07,1.0,140.0,0.3628,0.2833782112103515,0.5107965690351456
ParkG,frequency,gp,203,1070 g,1.07,1.0,145.0,0.1824,0.22890724759194536,0.49974673477305803
ParkG,frequency,gp,204,1070 g,1.07,1.0,150.0,0.2065,0.17382792240084943,0.7177222642852648
ParkG,frequency,gp,205,1070 g,1.07,1.0,155.0,0.1283,0.25048970707717366,0.8581310650672715
ParkG,frequency,gp,206,1070 g,1.07,1.0,160.0,0.2185,0.34324299719443396,0.9197525620177505
ParkG,frequency,gp,207,1070 g,1.07,1.0,165.0,0.2125,0.39486563342487574,0.9197525565325989
ParkG,frequency,gp,208,1070 g,1.07,1.0,170.0,0.2606,0.3872245933206943,0.8581310461844578
ParkG,frequency,gp,209,1070 g,1.07,1.0,175.0,0.3207,0.32479672016928485,0.7177222273703231
ParkG,frequency,gp,210,1070 g,1.07,1.0,180.0,0.1884,0.2322754424474951,0.49974668774578984
ParkG,frequency,gp,211,1070 g,1.07,1.0,185.0,0.1343,0.7471124935592649,1.0168990407169518
ParkG,frequency,gp,212,1070 g,1.07,1.0,190.0,0.1524,0.7471124999999997,1.0168990407170575
ParkG,frequency,gp,213,1070 g,1.07,1.0,195.0,0.1524,0.7471125000000001,1.0168990407170575
ParkG,frequency,gp,214,1070 g,1.07,1.0,200.0,0.2425,0.7471125000000001,1.0168990407170575
ParkG,frequency,gp,215,1070 g,1.07,1.0,205.0,0.1824,0.7471125000000001,1.0168990407170575
ParkG,frequency,gp,216,1070 g,1.07,1.0,210.0,0.1223,0.7471124999999847,1.0168990407170575
ParkG,frequency,gp,217,1070 g,1.07,1.0,215.0,0.2185,0.7471122138988877,1.0168990407169518
ParkG,frequency,gp,218,1070 g,1.07,1.0,220.0,0.3628,0.7591622515594918,1.0373333052426539
ParkG,frequency,gp,219,1070 g,1.07,1.0,225.0,0.6153,0.7591623655913954,1.0373333052426745
ParkG,frequency,gp,220,1070 g,1.07,1.0,230.0,0.459,0.7591623655913979,1.0373333052426745
ParkG,frequency,gp,221,1070 g,1.07,1.0,235.0,0.1704,0.7591623655913979,1.0373333052426745
ParkG,frequency,gp,222,1070 g,1.07,1.0,240.0,0.2666,0.7591623655913979,1.0373333052426745
ParkG,frequency,gp,223,1070 g,1.07,1.0,245.0,0.2065,0.7591623655913979,1.0373333052426745
ParkG,frequency,gp,224,1070 g,1.07,1.0,250.0,0.2726,0.7591623655913959,1.0373333052426745
ParkG,frequency,gp,225,1070 g,1.07,1.0,255.0,0.5612,0.7591622788730024,1.0373333052426539
ParkG,frequency,gp,226,1070 g,1.07,1.0,260.0,0.7536,0.5906460986915455,0.2829959794737356
ParkG,frequency,gp,227,1070 g,1.07,1.0,265.0,1.7996,0.5369174764484018,0.3545926692838531
ParkG,frequency,gp,228,1070 g,1.07,1.0,270.0,3.982,0.5139064650516252,0.36233627981193506
ParkG,frequency,gp,229,1070 g,1.07,1.0,275.0,4.499,0.5078303965291028,0.362856967407002
ParkG,frequency,gp,230,1070 g,1.07,1.0,280.0,5.6773,0.5065309037815737,0.3628832013780442
ParkG,frequency,gp,231,1070 g,1.07,1.0,285.0,5.3767,0.506284252315616,0.36288430405651584
ParkG,frequency,gp,232,1070 g,1.07,1.0,290.0,2.4369,0.5062408732644368,0.36288434505340456
ParkG,frequency,gp,233,1070 g,1.07,1.0,295.0,1.4089,0.5062336345030988,0.36288434644794143
ParkG,frequency,lawgp,0,70 g,0.07,1.0,105.0,0.1312,0.32211924601985337,0.5694336328297512
ParkG,frequency,lawgp,1,70 g,0.07,1.0,110.0,0.2212,0.3224272509818323,0.5694336165088478
ParkG,frequency,lawgp,2,70 g,0.07,1.0,115.0,0.2032,0.3232773630694858,0.5694332636504942
ParkG,frequency,lawgp,3,70 g,0.07,1.0,120.0,0.1792,0.32636893090897395,0.5694263047636717
ParkG,frequency,lawgp,4,70 g,0.07,1.0,125.0,0.1792,0.3381172322482025,0.5693054772763388
ParkG,frequency,lawgp,5,70 g,0.07,1.0,130.0,0.2753,0.37936178326092856,0.567564991687216
ParkG,frequency,lawgp,6,70 g,0.07,1.0,135.0,0.9059,0.5002334662547475,0.5487645153207501
ParkG,frequency,lawgp,7,70 g,0.07,1.0,140.0,0.6837,0.7405464941662004,0.4187111586388653
ParkG,frequency,lawgp,8,70 g,0.07,1.0,145.0,0.8639,0.41983959363442824,0.40307016054753414
ParkG,frequency,lawgp,9,70 g,0.07,1.0,150.0,0.8339,0.3304722172487628,0.5199783823041001
ParkG,frequency,lawgp,10,70 g,0.07,1.0,155.0,1.3504,0.3014991802423063,0.5354040535084529
ParkG,frequency,lawgp,11,70 g,0.07,1.0,160.0,0.8819,0.29435093280607566,0.5366887731009746
ParkG,frequency,lawgp,12,70 g,0.07,1.0,165.0,0.4915,0.299997926918514,0.5366887730900478
ParkG,frequency,lawgp,13,70 g,0.07,1.0,170.0,0.7137,0.3265033838040877,0.5354040533446607
ParkG,frequency,lawgp,14,70 g,0.07,1.0,175.0,0.7257,0.39207806712727045,0.5199783807403946
ParkG,frequency,lawgp,15,70 g,0.07,1.0,180.0,0.3834,0.4564516940561864,0.40307015320090894
ParkG,frequency,lawgp,16,70 g,0.07,1.0,185.0,0.3534,0.34641013233481494,0.4024598936126184
ParkG,frequency,lawgp,17,70 g,0.07,1.0,190.0,0.2393,0.3559618186802335,0.5190040293217459
ParkG,frequency,lawgp,18,70 g,0.07,1.0,195.0,0.2753,0.343253563884965,0.5342970554846597
ParkG,frequency,lawgp,19,70 g,0.07,1.0,200.0,0.4074,0.33466280261160114,0.5354868717391841
ParkG,frequency,lawgp,20,70 g,0.07,1.0,205.0,0.3053,0.33048461085916586,0.5342970554846597
ParkG,frequency,lawgp,21,70 g,0.07,1.0,210.0,0.2032,0.3245546863586958,0.5190040293217459
ParkG,frequency,lawgp,22,70 g,0.07,1.0,215.0,0.2393,0.3080854129157294,0.4024598936126184
ParkG,frequency,lawgp,23,70 g,0.07,1.0,220.0,0.2633,0.25869260365600005,0.38671603108330366
ParkG,frequency,lawgp,24,70 g,0.07,1.0,225.0,0.1792,0.2784467155135423,0.4375250860377601
ParkG,frequency,lawgp,25,70 g,0.07,1.0,230.0,0.1191,0.30398115306697054,0.47726812249794404
ParkG,frequency,lawgp,26,70 g,0.07,1.0,235.0,0.1312,0.33209736163966086,0.49788176921590066
ParkG,frequency,lawgp,27,70 g,0.07,1.0,240.0,0.2393,0.36314920073562096,0.49788201590364617
ParkG,frequency,lawgp,28,70 g,0.07,1.0,245.0,0.1312,0.4007875169373297,0.47726893437672835
ParkG,frequency,lawgp,29,70 g,0.07,1.0,250.0,0.1552,0.45142025009114894,0.4375266649569962
ParkG,frequency,lawgp,30,70 g,0.07,1.0,255.0,0.2933,0.5224728416521739,0.3867185374186204
ParkG,frequency,lawgp,31,70 g,0.07,1.0,260.0,0.4615,0.3775343167076716,0.3716900287794059
ParkG,frequency,lawgp,32,70 g,0.07,1.0,265.0,0.8098,0.3633942236672537,0.3716900287794059
ParkG,frequency,lawgp,33,70 g,0.07,1.0,270.0,1.2062,0.3493896371140444,0.3716900287794059
ParkG,frequency,lawgp,34,70 g,0.07,1.0,275.0,0.7678,0.3356084892673499,0.3716900287794059
ParkG,frequency,lawgp,35,70 g,0.07,1.0,280.0,0.5215,0.32212258933890514,0.3716900287794059
ParkG,frequency,lawgp,36,70 g,0.07,1.0,285.0,0.3774,0.3089889443327383,0.3716900287794059
ParkG,frequency,lawgp,37,70 g,0.07,1.0,290.0,0.3233,0.2962512739932457,0.3716900287794059
ParkG,frequency,lawgp,38,70 g,0.07,1.0,295.0,0.2933,0.2839416061022116,0.3716900287794059
ParkG,frequency,lawgp,39,170 g,0.17,1.0,105.0,0.1605,0.3220996513742445,0.5694336327226455
ParkG,frequency,lawgp,40,170 g,0.17,1.0,110.0,0.2987,0.32243169080014006,0.5694336142696428
ParkG,frequency,lawgp,41,170 g,0.17,1.0,115.0,0.4128,0.3234005539781902,0.5694332218150334
ParkG,frequency,lawgp,42,170 g,0.17,1.0,120.0,0.3828,0.3270226844028256,0.569425637401011
ParkG,frequency,lawgp,43,170 g,0.17,1.0,125.0,0.3467,0.34092304076637936,0.5692970498990009
ParkG,frequency,lawgp,44,170 g,0.17,1.0,130.0,0.4128,0.3898354270195619,0.5674913475356927
ParkG,frequency,lawgp,45,170 g,0.17,1.0,135.0,0.3527,0.5333421501171401,0.5484194482826574
ParkG,frequency,lawgp,46,170 g,0.17,1.0,140.0,0.5389,0.8233961845010539,0.4182110342911915
ParkG,frequency,lawgp,47,170 g,0.17,1.0,145.0,0.9954,0.5004336043255346,0.4027369840725837
ParkG,frequency,lawgp,48,170 g,0.17,1.0,150.0,0.9053,0.3845694556304132,0.519754022565133
ParkG,frequency,lawgp,49,170 g,0.17,1.0,155.0,1.1936,0.32157708205562197,0.5353585910992128
ParkG,frequency,lawgp,50,170 g,0.17,1.0,160.0,0.5749,0.3021143565058892,0.536683563615985
ParkG,frequency,lawgp,51,170 g,0.17,1.0,165.0,0.665,0.31275079331494726,0.5366835636046244
ParkG,frequency,lawgp,52,170 g,0.17,1.0,170.0,0.3888,0.380650116761381,0.5353585909306194
ParkG,frequency,lawgp,53,170 g,0.17,1.0,175.0,0.4308,0.6190447293930597,0.5197540209720425
ParkG,frequency,lawgp,54,170 g,0.17,1.0,180.0,0.9653,1.2223624699870266,0.40273697664863317
ParkG,frequency,lawgp,55,170 g,0.17,1.0,185.0,1.7701,0.8119841533071964,0.40184845810662484
ParkG,frequency,lawgp,56,170 g,0.17,1.0,190.0,1.1395,0.5226006804246283,0.5186380574736688
ParkG,frequency,lawgp,57,170 g,0.17,1.0,195.0,0.8032,0.3885202606182694,0.5342301987829823
ParkG,frequency,lawgp,58,170 g,0.17,1.0,200.0,0.5689,0.3444894123296257,0.5354739151608711
ParkG,frequency,lawgp,59,170 g,0.17,1.0,205.0,0.5629,0.3298078860705574,0.5342301987829823
ParkG,frequency,lawgp,60,170 g,0.17,1.0,210.0,0.3948,0.31685405865853844,0.5186380574736688
ParkG,frequency,lawgp,61,170 g,0.17,1.0,215.0,0.3227,0.29764822851193173,0.40184845810662484
ParkG,frequency,lawgp,62,170 g,0.17,1.0,220.0,0.2927,0.3032904754154785,0.3864369147795937
ParkG,frequency,lawgp,63,170 g,0.17,1.0,225.0,0.3007,0.2972741118314131,0.4371046049547507
ParkG,frequency,lawgp,64,170 g,0.17,1.0,230.0,0.2326,0.3058994335922233,0.4767576910188499
ParkG,frequency,lawgp,65,170 g,0.17,1.0,235.0,0.1665,0.3207953825109676,0.4973342360293377
ParkG,frequency,lawgp,66,170 g,0.17,1.0,240.0,0.1005,0.33662485866034364,0.4973345006958963
ParkG,frequency,lawgp,67,170 g,0.17,1.0,245.0,0.1005,0.3505807544499325,0.4767585559955205
ParkG,frequency,lawgp,68,170 g,0.17,1.0,250.0,0.1305,0.3617923230213641,0.4371062671142495
ParkG,frequency,lawgp,69,170 g,0.17,1.0,255.0,0.3467,0.37109398395268967,0.3864395176935943
ParkG,frequency,lawgp,70,170 g,0.17,1.0,260.0,0.3828,0.4527917419391828,0.3716900287794059
ParkG,frequency,lawgp,71,170 g,0.17,1.0,265.0,0.3767,0.435819666475917,0.3716900287794059
ParkG,frequency,lawgp,72,170 g,0.17,1.0,270.0,0.4668,0.4190102371117154,0.3716900287794059
ParkG,frequency,lawgp,73,170 g,0.17,1.0,275.0,0.589,0.4024689968254362,0.3716900287794059
ParkG,frequency,lawgp,74,170 g,0.17,1.0,280.0,0.5389,0.38628213679935897,0.3716900287794059
ParkG,frequency,lawgp,75,170 g,0.17,1.0,285.0,0.7371,0.37051808141744064,0.3716900287794059
ParkG,frequency,lawgp,76,170 g,0.17,1.0,290.0,0.5509,0.3552293066276472,0.3716900287794059
ParkG,frequency,lawgp,77,170 g,0.17,1.0,295.0,0.2867,0.34045425474554075,0.3716900287794059
ParkG,frequency,lawgp,78,370 g,0.37,1.0,105.0,0.1365,0.32356971143692154,0.5694336327301586
ParkG,frequency,lawgp,79,370 g,0.37,1.0,110.0,0.2927,0.3239472034728339,0.5694336146816372
ParkG,frequency,lawgp,80,370 g,0.37,1.0,115.0,0.7371,0.3248050242497196,0.5694332355964868
ParkG,frequency,lawgp,81,370 g,0.37,1.0,120.0,0.7011,0.3275784363258583,0.5694259893971393
ParkG,frequency,lawgp,82,370 g,0.37,1.0,125.0,0.4428,0.3375246879232329,0.569303977394081
ParkG,frequency,lawgp,83,370 g,0.37,1.0,130.0,0.1966,0.3710820554168962,0.5675880687593685
ParkG,frequency,lawgp,84,370 g,0.37,1.0,135.0,0.3888,0.4657649024309108,0.5491942027991024
ParkG,frequency,lawgp,85,370 g,0.37,1.0,140.0,1.3857,0.6436200835502172,0.4202886793151158
ParkG,frequency,lawgp,86,370 g,0.37,1.0,145.0,0.659,1.1252128682049674,0.4046071846190875
ParkG,frequency,lawgp,87,370 g,0.37,1.0,150.0,0.3888,0.6024414839352149,0.5204364719188296
ParkG,frequency,lawgp,88,370 g,0.37,1.0,155.0,0.7551,0.37930482143298216,0.5354400699466315
ParkG,frequency,lawgp,89,370 g,0.37,1.0,160.0,0.7912,0.3162381809417223,0.5366894044250728
ParkG,frequency,lawgp,90,370 g,0.37,1.0,165.0,0.9713,0.3128999428654096,0.5366894044209393
ParkG,frequency,lawgp,91,370 g,0.37,1.0,170.0,0.8092,0.35638556702444996,0.5354400698877072
ParkG,frequency,lawgp,92,370 g,0.37,1.0,175.0,1.8362,0.4985544578765173,0.5204364713594921
ParkG,frequency,lawgp,93,370 g,0.37,1.0,180.0,2.3887,0.8118404847444696,0.40460718174003324
ParkG,frequency,lawgp,94,370 g,0.37,1.0,185.0,1.0854,1.5209125031849244,0.4036847128546663
ParkG,frequency,lawgp,95,370 g,0.37,1.0,190.0,0.8212,0.7496693464686944,0.5192123480705406
ParkG,frequency,lawgp,96,370 g,0.37,1.0,195.0,0.5629,0.4498310039779049,0.5342889519576964
ParkG,frequency,lawgp,97,370 g,0.37,1.0,200.0,0.629,0.3645302909953863,0.53548060407928
ParkG,frequency,lawgp,98,370 g,0.37,1.0,205.0,0.5329,0.34271923673241483,0.5342889519576964
ParkG,frequency,lawgp,99,370 g,0.37,1.0,210.0,0.1665,0.32298235790955865,0.5192123480705406
ParkG,frequency,lawgp,100,370 g,0.37,1.0,215.0,0.1425,0.2581247083773547,0.4036847128546664
ParkG,frequency,lawgp,101,370 g,0.37,1.0,220.0,0.1725,0.244810848748495,0.38997786525699835
ParkG,frequency,lawgp,102,370 g,0.37,1.0,225.0,0.1485,0.2861514915149099,0.4413367925431032
ParkG,frequency,lawgp,103,370 g,0.37,1.0,230.0,0.2867,0.3446252934854513,0.4808607006974927
ParkG,frequency,lawgp,104,370 g,0.37,1.0,235.0,1.0014,0.40680255779818225,0.5011188954180669
ParkG,frequency,lawgp,105,370 g,0.37,1.0,240.0,0.3287,0.4656450468672561,0.5011193395385924
ParkG,frequency,lawgp,106,370 g,0.37,1.0,245.0,1.0494,0.5156486339544711,0.4808621114782803
ParkG,frequency,lawgp,107,370 g,0.37,1.0,250.0,1.2476,0.5482830101488099,0.4413392853424116
ParkG,frequency,lawgp,108,370 g,0.37,1.0,255.0,0.629,0.549663316571786,0.3899810862572141
ParkG,frequency,lawgp,109,370 g,0.37,1.0,260.0,0.617,0.5431712011924245,0.3716900287794059
ParkG,frequency,lawgp,110,370 g,0.37,1.0,265.0,0.5749,0.5227980905688923,0.3716900287794059
ParkG,frequency,lawgp,111,370 g,0.37,1.0,270.0,0.3828,0.5026202205287652,0.3716900287794059
ParkG,frequency,lawgp,112,370 g,0.37,1.0,275.0,0.1906,0.48276428196193505,0.3716900287794059
ParkG,frequency,lawgp,113,370 g,0.37,1.0,280.0,0.4428,0.4633337378972152,0.3716900287794059
ParkG,frequency,lawgp,114,370 g,0.37,1.0,285.0,0.3587,0.4444107242773045,0.3716900287794059
ParkG,frequency,lawgp,115,370 g,0.37,1.0,290.0,0.4608,0.42605823270265214,0.3716900287794059
ParkG,frequency,lawgp,116,370 g,0.37,1.0,295.0,0.3107,0.4083224089424361,0.3716900287794059
ParkG,frequency,lawgp,117,570 g,0.57,1.0,105.0,0.5594,0.32707068042219806,0.5694336328165569
ParkG,frequency,lawgp,118,570 g,0.57,1.0,110.0,0.3008,0.3275686136582109,0.569433616515585
ParkG,frequency,lawgp,119,570 g,0.57,1.0,115.0,0.3368,0.32823935214360345,0.5694332703157573
ParkG,frequency,lawgp,120,570 g,0.57,1.0,120.0,0.3008,0.3294248700978334,0.5694265500296037
ParkG,frequency,lawgp,121,570 g,0.57,1.0,125.0,0.1624,0.33209069628949883,0.569311143531762
ParkG,frequency,lawgp,122,570 g,0.57,1.0,130.0,0.2105,0.3380740793041793,0.5676514548155049
ParkG,frequency,lawgp,123,570 g,0.57,1.0,135.0,0.6436,0.34735450377830046,0.5494938334181848
ParkG,frequency,lawgp,124,570 g,0.57,1.0,140.0,0.4511,0.34770031176973953,0.42072287261163666
ParkG,frequency,lawgp,125,570 g,0.57,1.0,145.0,0.3248,0.33229522916602927,0.4049040654269886
ParkG,frequency,lawgp,126,570 g,0.57,1.0,150.0,0.3248,0.3198411594711302,0.520636757151178
ParkG,frequency,lawgp,127,570 g,0.57,1.0,155.0,0.3248,0.3087907226863693,0.535480387374275
ParkG,frequency,lawgp,128,570 g,0.57,1.0,160.0,0.2887,0.30297430705606204,0.536693976359669
ParkG,frequency,lawgp,129,570 g,0.57,1.0,165.0,0.5293,0.30306653583693116,0.5366939763562792
ParkG,frequency,lawgp,130,570 g,0.57,1.0,170.0,0.5173,0.3080021065077578,0.535480387322749
ParkG,frequency,lawgp,131,570 g,0.57,1.0,175.0,0.4331,0.3177564972243848,0.5206367566315175
ParkG,frequency,lawgp,132,570 g,0.57,1.0,180.0,0.3729,0.33287046998273834,0.4049040626376997
ParkG,frequency,lawgp,133,570 g,0.57,1.0,185.0,0.391,0.40195487944751757,0.404202222126708
ParkG,frequency,lawgp,134,570 g,0.57,1.0,190.0,0.4571,0.395039775348889,0.5195209473318134
ParkG,frequency,lawgp,135,570 g,0.57,1.0,195.0,0.5894,0.3724201421385415,0.5343445587494855
ParkG,frequency,lawgp,136,570 g,0.57,1.0,200.0,1.3172,0.36798161255861567,0.5354912061403078
ParkG,frequency,lawgp,137,570 g,0.57,1.0,205.0,0.9323,0.39355432053490763,0.5343445587494855
ParkG,frequency,lawgp,138,570 g,0.57,1.0,210.0,2.0209,0.4921372169764637,0.5195209473318134
ParkG,frequency,lawgp,139,570 g,0.57,1.0,215.0,1.5938,0.752004718616556,0.40420222212670814
ParkG,frequency,lawgp,140,570 g,0.57,1.0,220.0,1.0405,1.3947558201209436,0.39022268108765873
ParkG,frequency,lawgp,141,570 g,0.57,1.0,225.0,0.8481,1.2219612219954725,0.4417074938563394
ParkG,frequency,lawgp,142,570 g,0.57,1.0,230.0,0.5293,1.0382427951931976,0.48131280986818253
ParkG,frequency,lawgp,143,570 g,0.57,1.0,235.0,0.5173,0.8745619379581224,0.5016052303238189
ParkG,frequency,lawgp,144,570 g,0.57,1.0,240.0,0.8601,0.7394143670591332,0.5016056522665044
ParkG,frequency,lawgp,145,570 g,0.57,1.0,245.0,0.9263,0.627621050220262,0.4813141551123029
ParkG,frequency,lawgp,146,570 g,0.57,1.0,250.0,1.5517,0.5277511872435099,0.44170988433988495
ParkG,frequency,lawgp,147,570 g,0.57,1.0,255.0,1.0706,0.4293958798612094,0.39022578485733594
ParkG,frequency,lawgp,148,570 g,0.57,1.0,260.0,0.397,0.553370136654644,0.3716900287794059
ParkG,frequency,lawgp,149,570 g,0.57,1.0,265.0,0.3489,0.5326132326293992,0.3716900287794059
ParkG,frequency,lawgp,150,570 g,0.57,1.0,270.0,0.403,0.5120552485080919,0.3716900287794059
ParkG,frequency,lawgp,151,570 g,0.57,1.0,275.0,0.403,0.49182526045886893,0.3716900287794059
ParkG,frequency,lawgp,152,570 g,0.57,1.0,280.0,0.8721,0.47202868056433633,0.3716900287794059
ParkG,frequency,lawgp,153,570 g,0.57,1.0,285.0,0.806,0.45274919205778064,0.3716900287794059
ParkG,frequency,lawgp,154,570 g,0.57,1.0,290.0,0.4812,0.4340509731859263,0.3716900287794059
ParkG,frequency,lawgp,155,570 g,0.57,1.0,295.0,0.1925,0.41598103901964756,0.3716900287794059
ParkG,frequency,lawgp,156,870 g,0.87,1.0,105.0,0.242,0.33617264469024954,0.5694336328190186
ParkG,frequency,lawgp,157,870 g,0.87,1.0,110.0,0.2901,0.3371610030794567,0.5694336165444607
ParkG,frequency,lawgp,158,870 g,0.87,1.0,115.0,0.3262,0.3382138243395252,0.5694332705675381
ParkG,frequency,lawgp,159,870 g,0.87,1.0,120.0,0.4645,0.3392858358741628,0.5694265514659008
ParkG,frequency,lawgp,160,870 g,0.87,1.0,125.0,0.5186,0.3403333859430374,0.5693111505476032
ParkG,frequency,lawgp,161,870 g,0.87,1.0,130.0,0.4224,0.342037010917754,0.5676515525516783
ParkG,frequency,lawgp,162,870 g,0.87,1.0,135.0,0.2901,0.35028132650374494,0.5494947704522051
ParkG,frequency,lawgp,163,870 g,0.87,1.0,140.0,0.1337,0.39202053876748877,0.4207248824820319
ParkG,frequency,lawgp,164,870 g,0.87,1.0,145.0,0.5306,0.1654974949551734,0.4049051153620781
ParkG,frequency,lawgp,165,870 g,0.87,1.0,150.0,0.7171,0.24875487855020229,0.5206372571390144
ParkG,frequency,lawgp,166,870 g,0.87,1.0,155.0,0.6148,0.29362048463987356,0.5354804402529996
ParkG,frequency,lawgp,167,870 g,0.87,1.0,160.0,0.2961,0.3110433573878817,0.5366939798346725
ParkG,frequency,lawgp,168,870 g,0.87,1.0,165.0,0.1758,0.31634650877061987,0.5366939798312894
ParkG,frequency,lawgp,169,870 g,0.87,1.0,170.0,0.1397,0.3126309069253572,0.53548044020152
ParkG,frequency,lawgp,170,870 g,0.87,1.0,175.0,0.1337,0.29015169118475365,0.5206372566195235
ParkG,frequency,lawgp,171,870 g,0.87,1.0,180.0,0.1397,0.23042528594334524,0.4049051125730436
ParkG,frequency,lawgp,172,870 g,0.87,1.0,185.0,0.1577,0.2379437561855109,0.4042051099940718
ParkG,frequency,lawgp,173,870 g,0.87,1.0,190.0,0.1337,0.32768442695272204,0.5195220162383303
ParkG,frequency,lawgp,174,870 g,0.87,1.0,195.0,0.1337,0.37146775053277326,0.534344643285202
ParkG,frequency,lawgp,175,870 g,0.87,1.0,200.0,0.2841,0.3914896813458729,0.5354912222319795
ParkG,frequency,lawgp,176,870 g,0.87,1.0,205.0,0.1638,0.40283727887308024,0.534344643285202
ParkG,frequency,lawgp,177,870 g,0.87,1.0,210.0,0.1217,0.4079364175399604,0.5195220162383303
ParkG,frequency,lawgp,178,870 g,0.87,1.0,215.0,0.26,0.4020351889509775,0.40420510999407183
ParkG,frequency,lawgp,179,870 g,0.87,1.0,220.0,0.3803,0.25960821566441916,0.3902238693759998
ParkG,frequency,lawgp,180,870 g,0.87,1.0,225.0,0.3302,0.2776716413703426,0.44170901932875034
ParkG,frequency,lawgp,181,870 g,0.87,1.0,230.0,0.4645,0.283579687213951,0.4813144748609412
ParkG,frequency,lawgp,182,870 g,0.87,1.0,235.0,1.1802,0.2804242582901125,0.5016069148394093
ParkG,frequency,lawgp,183,870 g,0.87,1.0,240.0,1.3306,0.2806428280766538,0.5016073371356412
ParkG,frequency,lawgp,184,870 g,0.87,1.0,245.0,0.663,0.3110759027908437,0.4813158211503403
ParkG,frequency,lawgp,185,870 g,0.87,1.0,250.0,0.5367,0.42076255189356454,0.44171141143679504
ParkG,frequency,lawgp,186,870 g,0.87,1.0,255.0,0.3382,0.6886584960238503,0.3902269749771417
ParkG,frequency,lawgp,187,870 g,0.87,1.0,260.0,0.5908,0.41833005470861245,0.3716900287794059
ParkG,frequency,lawgp,188,870 g,0.87,1.0,265.0,2.6417,0.4026547919092811,0.3716900287794059
ParkG,frequency,lawgp,189,870 g,0.87,1.0,270.0,3.207,0.38712974903135117,0.3716900287794059
ParkG,frequency,lawgp,190,870 g,0.87,1.0,275.0,4.7126,0.3718524032550852,0.3716900287794059
ParkG,frequency,lawgp,191,870 g,0.87,1.0,280.0,7.357,0.35690236000738956,0.3716900287794059
ParkG,frequency,lawgp,192,870 g,0.87,1.0,285.0,4.5001,0.34234281545464273,0.3716900287794059
ParkG,frequency,lawgp,193,870 g,0.87,1.0,290.0,2.9003,0.3282222359263423,0.3716900287794059
ParkG,frequency,lawgp,194,870 g,0.87,1.0,295.0,2.7981,0.3145761264110573,0.3716900287794059
ParkG,frequency,lawgp,195,1070 g,1.07,1.0,105.0,0.5131,0.34480068588160384,0.5694336328595898
ParkG,frequency,lawgp,196,1070 g,1.07,1.0,110.0,0.3447,0.3462838130426127,0.5694336172589266
ParkG,frequency,lawgp,197,1070 g,1.07,1.0,115.0,0.477,0.34780049961178416,0.5694332814630715
ParkG,frequency,lawgp,198,1070 g,1.07,1.0,120.0,0.6574,0.349006997117485,0.569426688006168
ParkG,frequency,lawgp,199,1070 g,1.07,1.0,125.0,0.6694,0.34846573976123996,0.5693124452308346
ParkG,frequency,lawgp,200,1070 g,1.07,1.0,130.0,0.9099,0.34101209339567223,0.5676596434917507
ParkG,frequency,lawgp,201,1070 g,1.07,1.0,135.0,1.2465,0.31212083316016764,0.5495208464187766
ParkG,frequency,lawgp,202,1070 g,1.07,1.0,140.0,0.3628,0.24135105400456633,0.4207511654184928
ParkG,frequency,lawgp,203,1070 g,1.07,1.0,145.0,0.1824,0.09266691933854598,0.40491862126744127
ParkG,frequency,lawgp,204,1070 g,1.07,1.0,150.0,0.2065,0.2155549562854651,0.5206503357837169
ParkG,frequency,lawgp,205,1070 g,1.07,1.0,155.0,0.1283,0.29608508850795795,0.5354843314555956
ParkG,frequency,lawgp,206,1070 g,1.07,1.0,160.0,0.2185,0.3258326762424648,0.5366946266859383
ParkG,frequency,lawgp,207,1070 g,1.07,1.0,165.0,0.2125,0.33490835802706187,0.5366946266825756
ParkG,frequency,lawgp,208,1070 g,1.07,1.0,170.0,0.2606,0.3313185981487061,0.5354843314042498
ParkG,frequency,lawgp,209,1070 g,1.07,1.0,175.0,0.3207,0.3023301788667241,0.5206503352646082
ParkG,frequency,lawgp,210,1070 g,1.07,1.0,180.0,0.1884,0.2218237490032954,0.40491861847873345
ParkG,frequency,lawgp,211,1070 g,1.07,1.0,185.0,0.1343,0.24587417167848544,0.40424564972783017
ParkG,frequency,lawgp,212,1070 g,1.07,1.0,190.0,0.1524,0.35116183603080475,0.5195576970091781
ParkG,frequency,lawgp,213,1070 g,1.07,1.0,195.0,0.1524,0.40465852018930115,0.5343542392707243
ParkG,frequency,lawgp,214,1070 g,1.07,1.0,200.0,0.2425,0.42811729359284434,0.5354937983222384
ParkG,frequency,lawgp,215,1070 g,1.07,1.0,205.0,0.1824,0.43466271090048225,0.5343542392707243
ParkG,frequency,lawgp,216,1070 g,1.07,1.0,210.0,0.1223,0.41235494195707867,0.5195576970091781
ParkG,frequency,lawgp,217,1070 g,1.07,1.0,215.0,0.2185,0.34359682146271964,0.4042456497278302
ParkG,frequency,lawgp,218,1070 g,1.07,1.0,220.0,0.3628,0.2634453270201653,0.39023442904458305
ParkG,frequency,lawgp,219,1070 g,1.07,1.0,225.0,0.6153,0.3011315997194297,0.4417269854105451
ParkG,frequency,lawgp,220,1070 g,1.07,1.0,230.0,0.459,0.3308797245362235,0.4813385792980447
ParkG,frequency,lawgp,221,1070 g,1.07,1.0,235.0,0.1704,0.35090510412228176,0.5016343498966357
ParkG,frequency,lawgp,222,1070 g,1.07,1.0,240.0,0.2666,0.3675296333112814,0.5016347720306213
ParkG,frequency,lawgp,223,1070 g,1.07,1.0,245.0,0.2065,0.39872113994936415,0.48133992521793173
ParkG,frequency,lawgp,224,1070 g,1.07,1.0,250.0,0.2726,0.4809149244821313,0.44172937729103623
ParkG,frequency,lawgp,225,1070 g,1.07,1.0,255.0,0.5612,0.6794185467764398,0.39023753510649034
ParkG,frequency,lawgp,226,1070 g,1.07,1.0,260.0,0.7536,0.22807768082047186,0.3716900287794059
ParkG,frequency,lawgp,227,1070 g,1.07,1.0,265.0,1.7996,0.21956172888861689,0.3716900287794059
ParkG,frequency,lawgp,228,1070 g,1.07,1.0,270.0,3.982,0.21112738841637022,0.3716900287794059
ParkG,frequency,lawgp,229,1070 g,1.07,1.0,275.0,4.499,0.2028276151531064,0.3716900287794059
ParkG,frequency,lawgp,230,1070 g,1.07,1.0,280.0,5.6773,0.19470565659767278,0.3716900287794059
ParkG,frequency,lawgp,231,1070 g,1.07,1.0,285.0,5.3767,0.18679584553664946,0.3716900287794059
ParkG,frequency,lawgp,232,1070 g,1.07,1.0,290.0,2.4369,0.17912451243028948,0.3716900287794059
ParkG,frequency,lawgp,233,1070 g,1.07,1.0,295.0,1.4089,0.17171094618905894,0.3716900287794059
ParkG,frequency,law,0,70 g,0.07,1.0,105.0,0.1312,0.002655809158978525,
ParkG,frequency,law,1,70 g,0.07,1.0,110.0,0.2212,0.002813958663912767,
ParkG,frequency,law,2,70 g,0.07,1.0,115.0,0.2032,0.0029866453880778286,
ParkG,frequency,law,3,70 g,0.07,1.0,120.0,0.1792,0.003175704291991494,
ParkG,frequency,law,4,70 g,0.07,1.0,125.0,0.1792,0.0033832687602629243,
ParkG,frequency,law,5,70 g,0.07,1.0,130.0,0.2753,0.0036118306844039635,
ParkG,frequency,law,6,70 g,0.07,1.0,135.0,0.9059,0.0038643151182035465,
ParkG,frequency,law,7,70 g,0.07,1.0,140.0,0.6837,0.004144173680600578,
ParkG,frequency,law,8,70 g,0.07,1.0,145.0,0.8639,0.004346107533431367,
ParkG,frequency,law,9,70 g,0.07,1.0,150.0,0.8339,0.004685266938616602,
ParkG,frequency,law,10,70 g,0.07,1.0,155.0,1.3504,0.005065626899641618,
ParkG,frequency,law,11,70 g,0.07,1.0,160.0,0.8819,0.005494121718891968,
ParkG,frequency,law,12,70 g,0.07,1.0,165.0,0.4915,0.005979203666396588,
ParkG,frequency,law,13,70 g,0.07,1.0,170.0,0.7137,0.006531258482039322,
ParkG,frequency,law,14,70 g,0.07,1.0,175.0,0.7257,0.0071631593464600435,
ParkG,frequency,law,15,70 g,0.07,1.0,180.0,0.3834,0.007891014442243422,
ParkG,frequency,law,16,70 g,0.07,1.0,185.0,0.3534,0.008670216931331935,
ParkG,frequency,law,17,70 g,0.07,1.0,190.0,0.2393,0.009649521786947704,
ParkG,frequency,law,18,70 g,0.07,1.0,195.0,0.2753,0.010803641684109204,
ParkG,frequency,law,19,70 g,0.07,1.0,200.0,0.4074,0.012176519077621777,
ParkG,frequency,law,20,70 g,0.07,1.0,205.0,0.3053,0.01382671391895346,
ParkG,frequency,law,21,70 g,0.07,1.0,210.0,0.2032,0.015833596677567292,
ParkG,frequency,law,22,70 g,0.07,1.0,215.0,0.2393,0.018306798197768696,
ParkG,frequency,law,23,70 g,0.07,1.0,220.0,0.2633,0.020946788468503324,
ParkG,frequency,law,24,70 g,0.07,1.0,225.0,0.1792,0.024805864796397344,
ParkG,frequency,law,25,70 g,0.07,1.0,230.0,0.1191,0.029819754354244107,
ParkG,frequency,law,26,70 g,0.07,1.0,235.0,0.1312,0.036489260421003,
ParkG,frequency,law,27,70 g,0.07,1.0,240.0,0.2393,0.045610931997333,
ParkG,frequency,law,28,70 g,0.07,1.0,245.0,0.1312,0.058505019517150605,
ParkG,frequency,law,29,70 g,0.07,1.0,250.0,0.1552,0.07746371380694116,
ParkG,frequency,law,30,70 g,0.07,1.0,255.0,0.2933,0.10666977183160223,
ParkG,frequency,law,31,70 g,0.07,1.0,260.0,0.4615,0.3757604948731729,
ParkG,frequency,law,32,70 g,0.07,1.0,265.0,0.8098,0.36162040114811733,
ParkG,frequency,law,33,70 g,0.07,1.0,270.0,1.2062,0.34761581459490803,
ParkG,frequency,law,34,70 g,0.07,1.0,275.0,0.7678,0.3338346667482135,
ParkG,frequency,law,35,70 g,0.07,1.0,280.0,0.5215,0.32034876681976876,
ParkG,frequency,law,36,70 g,0.07,1.0,285.0,0.3774,0.30721512181360194,
ParkG,frequency,law,37,70 g,0.07,1.0,290.0,0.3233,0.2944774514741093,
ParkG,frequency,law,38,70 g,0.07,1.0,295.0,0.2933,0.2821677835830752,
ParkG,frequency,law,39,170 g,0.17,1.0,105.0,0.1605,0.0026297683952202404,
ParkG,frequency,law,40,170 g,0.17,1.0,110.0,0.2987,0.0027863672112118827,
ParkG,frequency,law,41,170 g,0.17,1.0,115.0,0.4128,0.0029573607059621082,
ParkG,frequency,law,42,170 g,0.17,1.0,120.0,0.3828,0.0031445658478173925,
ParkG,frequency,law,43,170 g,0.17,1.0,125.0,0.3467,0.003350095103105014,
ParkG,frequency,law,44,170 g,0.17,1.0,130.0,0.4128,0.003576415929819842,
ParkG,frequency,law,45,170 g,0.17,1.0,135.0,0.3527,0.0038264247009871942,
ParkG,frequency,law,46,170 g,0.17,1.0,140.0,0.5389,0.004103539191701033,
ParkG,frequency,law,47,170 g,0.17,1.0,145.0,0.9954,0.00430046536469292,
ParkG,frequency,law,48,170 g,0.17,1.0,150.0,0.9053,0.004636062968730433,
ParkG,frequency,law,49,170 g,0.17,1.0,155.0,1.1936,0.005012428446556653,
ParkG,frequency,law,50,170 g,0.17,1.0,160.0,0.5749,0.00543642327755468,
ParkG,frequency,law,51,170 g,0.17,1.0,165.0,0.665,0.005916410967282733,
ParkG,frequency,law,52,170 g,0.17,1.0,170.0,0.3888,0.006462668186143837,
ParkG,frequency,law,53,170 g,0.17,1.0,175.0,0.4308,0.007087932922567723,
ParkG,frequency,law,54,170 g,0.17,1.0,180.0,0.9653,0.007808144193424235,
ParkG,frequency,law,55,170 g,0.17,1.0,185.0,1.7701,0.008483327877080287,
ParkG,frequency,law,56,170 g,0.17,1.0,190.0,1.1395,0.009441523530961012,
ParkG,frequency,law,57,170 g,0.17,1.0,195.0,0.8032,0.010570766037189643,
ParkG,frequency,law,58,170 g,0.17,1.0,200.0,0.5689,0.011914050658144262,
ParkG,frequency,law,59,170 g,0.17,1.0,205.0,0.5629,0.013528675068462512,
ParkG,frequency,law,60,170 g,0.17,1.0,210.0,0.3948,0.015492298883993168,
ParkG,frequency,law,61,170 g,0.17,1.0,215.0,0.3227,0.017912189824223518,
ParkG,frequency,law,62,170 g,0.17,1.0,220.0,0.2927,0.019239467626578275,
ParkG,frequency,law,63,170 g,0.17,1.0,225.0,0.3007,0.022784000202092303,
ParkG,frequency,law,64,170 g,0.17,1.0,230.0,0.2326,0.027389220041710235,
ParkG,frequency,law,65,170 g,0.17,1.0,235.0,0.1665,0.03351511118963587,
ParkG,frequency,law,66,170 g,0.17,1.0,240.0,0.1005,0.041893297910572364,
ParkG,frequency,law,67,170 g,0.17,1.0,245.0,0.1005,0.053736420295887745,
ParkG,frequency,law,68,170 g,0.17,1.0,250.0,0.1305,0.07114983837566091,
ParkG,frequency,law,69,170 g,0.17,1.0,255.0,0.3467,0.09797538295545885,
ParkG,frequency,law,70,170 g,0.17,1.0,260.0,0.3828,0.4510179199100006,
ParkG,frequency,law,71,170 g,0.17,1.0,265.0,0.3767,0.43404584395678064,
ParkG,frequency,law,72,170 g,0.17,1.0,270.0,0.4668,0.41723641459257904,
ParkG,frequency,law,73,170 g,0.17,1.0,275.0,0.589,0.4006951743062998,
ParkG,frequency,law,74,170 g,0.17,1.0,280.0,0.5389,0.3845083142802226,
ParkG,frequency,law,75,170 g,0.17,1.0,285.0,0.7371,0.36874425889830426,
ParkG,frequency,law,76,170 g,0.17,1.0,290.0,0.5509,0.3534554841085108,
ParkG,frequency,law,77,170 g,0.17,1.0,295.0,0.2867,0.33868043222640437,
ParkG,frequency,law,78,370 g,0.37,1.0,105.0,0.1365,0.0041102985006993414,
ParkG,frequency,law,79,370 g,0.37,1.0,110.0,0.2927,0.004355060693351609,
ParkG,frequency,law,80,370 g,0.37,1.0,115.0,0.7371,0.004622321607422458,
ParkG,frequency,law,81,370 g,0.37,1.0,120.0,0.7011,0.004914921144054481,
ParkG,frequency,law,82,370 g,0.37,1.0,125.0,0.4428,0.0052361610644193375,
ParkG,frequency,law,83,370 g,0.37,1.0,130.0,0.1966,0.00558989797768279,
ParkG,frequency,law,84,370 g,0.37,1.0,135.0,0.3888,0.005980658882391583,
ParkG,frequency,law,85,370 g,0.37,1.0,140.0,1.3857,0.006413785722676605,
ParkG,frequency,law,86,370 g,0.37,1.0,145.0,0.659,0.006774456246851602,
ParkG,frequency,law,87,370 g,0.37,1.0,150.0,0.3888,0.007303117936297091,
ParkG,frequency,law,88,370 g,0.37,1.0,155.0,0.7551,0.007896000623666714,
ParkG,frequency,law,89,370 g,0.37,1.0,160.0,0.7912,0.008563913090784669,
ParkG,frequency,law,90,370 g,0.37,1.0,165.0,0.9713,0.009320030237962825,
ParkG,frequency,law,91,370 g,0.37,1.0,170.0,0.8092,0.01018054074435674,
ParkG,frequency,law,92,370 g,0.37,1.0,175.0,1.8362,0.011165510565153162,
ParkG,frequency,law,93,370 g,0.37,1.0,180.0,2.3887,0.012300048185886966,
ParkG,frequency,law,94,370 g,0.37,1.0,185.0,1.0854,0.01327983731178466,
ParkG,frequency,law,95,370 g,0.37,1.0,190.0,0.8212,0.014779800837982188,
ParkG,frequency,law,96,370 g,0.37,1.0,195.0,0.5629,0.01654752182973872,
ParkG,frequency,law,97,370 g,0.37,1.0,200.0,0.629,0.018650305252491346,
ParkG,frequency,law,98,370 g,0.37,1.0,205.0,0.5329,0.021177845128274423,
ParkG,frequency,law,99,370 g,0.37,1.0,210.0,0.1665,0.02425171014794967,
ParkG,frequency,law,100,370 g,0.37,1.0,215.0,0.1425,0.02803981765294697,
ParkG,frequency,law,101,370 g,0.37,1.0,220.0,0.1725,0.029192025131694773,
ParkG,frequency,law,102,370 g,0.37,1.0,225.0,0.1485,0.03457014089003183,
ParkG,frequency,law,103,370 g,0.37,1.0,230.0,0.2867,0.04155763638129951,
ParkG,frequency,law,104,370 g,0.37,1.0,235.0,1.0014,0.050852444939163736,
ParkG,frequency,law,105,370 g,0.37,1.0,240.0,0.3287,0.06356465933420972,
ParkG,frequency,law,106,370 g,0.37,1.0,245.0,1.0494,0.08153421717333952,
ParkG,frequency,law,107,370 g,0.37,1.0,250.0,1.2476,0.10795557914030018,
ParkG,frequency,law,108,370 g,0.37,1.0,255.0,0.629,0.14865795130277423,
ParkG,frequency,law,109,370 g,0.37,1.0,260.0,0.617,0.5413973774204145,
ParkG,frequency,law,110,370 g,0.37,1.0,265.0,0.5749,0.5210242680497559,
ParkG,frequency,law,111,370 g,0.37,1.0,270.0,0.3828,0.5008463980096288,
ParkG,frequency,law,112,370 g,0.37,1.0,275.0,0.1906,0.48099045944279867,
ParkG,frequency,law,113,370 g,0.37,1.0,280.0,0.4428,0.46155991537807883,
ParkG,frequency,law,114,370 g,0.37,1.0,285.0,0.3587,0.4426369017581681,
ParkG,frequency,law,115,370 g,0.37,1.0,290.0,0.4608,0.42428441018351576,
ParkG,frequency,law,116,370 g,0.37,1.0,295.0,0.3107,0.4065485864232997,
ParkG,frequency,law,117,570 g,0.57,1.0,105.0,0.5594,0.007634310783506002,
ParkG,frequency,law,118,570 g,0.57,1.0,110.0,0.3008,0.008088922692213325,
ParkG,frequency,law,119,570 g,0.57,1.0,115.0,0.3368,0.008585322863138527,
ParkG,frequency,law,120,570 g,0.57,1.0,120.0,0.3008,0.009128786019738626,
ParkG,frequency,law,121,570 g,0.57,1.0,125.0,0.1624,0.00972544472657385,
ParkG,frequency,law,122,570 g,0.57,1.0,130.0,0.2105,0.010382462101587326,
ParkG,frequency,law,123,570 g,0.57,1.0,135.0,0.6436,0.01110824641824543,
ParkG,frequency,law,124,570 g,0.57,1.0,140.0,0.4511,0.011912719598685055,
ParkG,frequency,law,125,570 g,0.57,1.0,145.0,0.3248,0.01266881408852439,
ParkG,frequency,law,126,570 g,0.57,1.0,150.0,0.3248,0.01365745678031574,
ParkG,frequency,law,127,570 g,0.57,1.0,155.0,0.3248,0.014766198245150092,
ParkG,frequency,law,128,570 g,0.57,1.0,160.0,0.2887,0.016015251831887414,
ParkG,frequency,law,129,570 g,0.57,1.0,165.0,0.5293,0.017429255733853323,
ParkG,frequency,law,130,570 g,0.57,1.0,170.0,0.5173,0.01903848416924147,
ParkG,frequency,law,131,570 g,0.57,1.0,175.0,0.4331,0.02088046219489871,
ParkG,frequency,law,132,570 g,0.57,1.0,180.0,0.3729,0.023002144831817836,
ParkG,frequency,law,133,570 g,0.57,1.0,185.0,0.391,0.02497006347076592,
ParkG,frequency,law,134,570 g,0.57,1.0,190.0,0.4571,0.02779044323699611,
ParkG,frequency,law,135,570 g,0.57,1.0,195.0,0.5894,0.031114287070805394,
ParkG,frequency,law,136,570 g,0.57,1.0,200.0,1.3172,0.035068148424574584,
ParkG,frequency,law,137,570 g,0.57,1.0,205.0,0.9323,0.039820678869144734,
ParkG,frequency,law,138,570 g,0.57,1.0,210.0,2.0209,0.04560046388004583,
ParkG,frequency,law,139,570 g,0.57,1.0,215.0,1.5938,0.05272323824942216,
ParkG,frequency,law,140,570 g,0.57,1.0,220.0,1.0405,0.05696751488876674,
ParkG,frequency,law,141,570 g,0.57,1.0,225.0,0.8481,0.06746277474670419,
ParkG,frequency,law,142,570 g,0.57,1.0,230.0,0.5293,0.08109869934043147,
ParkG,frequency,law,143,570 g,0.57,1.0,235.0,0.5173,0.09923728830504114,
ParkG,frequency,law,144,570 g,0.57,1.0,240.0,0.8601,0.12404486022072529,
ParkG,frequency,law,145,570 g,0.57,1.0,245.0,0.9263,0.15911200781076132,
ParkG,frequency,law,146,570 g,0.57,1.0,250.0,1.5517,0.21067264207453923,
ParkG,frequency,law,147,570 g,0.57,1.0,255.0,1.0706,0.29010231444955914,
ParkG,frequency,law,148,570 g,0.57,1.0,260.0,0.397,0.551596311513173,
ParkG,frequency,law,149,570 g,0.57,1.0,265.0,0.3489,0.5308394101102628,
ParkG,frequency,law,150,570 g,0.57,1.0,270.0,0.403,0.5102814259889555,
ParkG,frequency,law,151,570 g,0.57,1.0,275.0,0.403,0.49005143793973255,
ParkG,frequency,law,152,570 g,0.57,1.0,280.0,0.8721,0.47025485804519995,
ParkG,frequency,law,153,570 g,0.57,1.0,285.0,0.806,0.45097536953864426,
ParkG,frequency,law,154,570 g,0.57,1.0,290.0,0.4812,0.4322771506667899,
ParkG,frequency,law,155,570 g,0.57,1.0,295.0,0.1925,0.4142072165005112,
ParkG,frequency,law,156,870 g,0.87,1.0,105.0,0.242,0.01675185829020517,
ParkG,frequency,law,157,870 g,0.87,1.0,110.0,0.2901,0.01774940665935964,
ParkG,frequency,law,158,870 g,0.87,1.0,115.0,0.3262,0.018838650410942112,
ParkG,frequency,law,159,870 g,0.87,1.0,120.0,0.4645,0.020031163794728076,
ParkG,frequency,law,160,870 g,0.87,1.0,125.0,0.5186,0.02134040340888098,
ParkG,frequency,law,161,870 g,0.87,1.0,130.0,0.4224,0.022782087180022108,
ParkG,frequency,law,162,870 g,0.87,1.0,135.0,0.2901,0.024374665261618935,
ParkG,frequency,law,163,870 g,0.87,1.0,140.0,0.1337,0.02613990918463438,
ParkG,frequency,law,164,870 g,0.87,1.0,145.0,0.5306,0.027923538900122506,
ParkG,frequency,law,165,870 g,0.87,1.0,150.0,0.7171,0.030102622314691192,
ParkG,frequency,law,166,870 g,0.87,1.0,155.0,0.6148,0.03254641738557513,
ParkG,frequency,law,167,870 g,0.87,1.0,160.0,0.2961,0.03529947668330294,
ParkG,frequency,law,168,870 g,0.87,1.0,165.0,0.1758,0.038416105649958565,
ParkG,frequency,law,169,870 g,0.87,1.0,170.0,0.1397,0.04196303218157824,
ParkG,frequency,law,170,870 g,0.87,1.0,175.0,0.1337,0.046022965865442224,
ParkG,frequency,law,171,870 g,0.87,1.0,180.0,0.1397,0.05069940102596689,
ParkG,frequency,law,172,870 g,0.87,1.0,185.0,0.1577,0.055431121567257005,
ParkG,frequency,law,173,870 g,0.87,1.0,190.0,0.1337,0.06169209138300342,
ParkG,frequency,law,174,870 g,0.87,1.0,195.0,0.1337,0.06907070264837592,
ParkG,frequency,law,175,870 g,0.87,1.0,200.0,0.2841,0.07784789176595475,
ParkG,frequency,law,176,870 g,0.87,1.0,205.0,0.1638,0.08839804888243473,
ParkG,frequency,law,177,870 g,0.87,1.0,210.0,0.1217,0.10122861160595197,
ParkG,frequency,law,178,870 g,0.87,1.0,215.0,0.26,0.1170404805836695,
ParkG,frequency,law,179,870 g,0.87,1.0,220.0,0.3803,0.13204874749679119,
ParkG,frequency,law,180,870 g,0.87,1.0,225.0,0.3302,0.1563764002230868,
ParkG,frequency,law,181,870 g,0.87,1.0,230.0,0.4645,0.187984006190772,
ParkG,frequency,law,182,870 g,0.87,1.0,235.0,1.1802,0.23002863388451264,
ParkG,frequency,law,183,870 g,0.87,1.0,240.0,1.3306,0.2875317355433953,
ParkG,frequency,law,184,870 g,0.87,1.0,245.0,0.663,0.36881618206683786,
ParkG,frequency,law,185,870 g,0.87,1.0,250.0,0.5367,0.48833196554389735,
ParkG,frequency,law,186,870 g,0.87,1.0,255.0,0.3382,0.672447224418742,
ParkG,frequency,law,187,870 g,0.87,1.0,260.0,0.5908,0.416556231244207,
ParkG,frequency,law,188,870 g,0.87,1.0,265.0,2.6417,0.4008809693901447,
ParkG,frequency,law,189,870 g,0.87,1.0,270.0,3.207,0.3853559265122148,
ParkG,frequency,law,190,870 g,0.87,1.0,275.0,4.7126,0.3700785807359488,
ParkG,frequency,law,191,870 g,0.87,1.0,280.0,7.357,0.3551285374882532,
ParkG,frequency,law,192,870 g,0.87,1.0,285.0,4.5001,0.34056899293550635,
ParkG,frequency,law,193,870 g,0.87,1.0,290.0,2.9003,0.32644841340720593,
ParkG,frequency,law,194,870 g,0.87,1.0,295.0,2.7981,0.31280230389192093,
ParkG,frequency,law,195,1070 g,1.07,1.0,105.0,0.5131,0.025384576016330734,
ParkG,frequency,law,196,1070 g,1.07,1.0,110.0,0.3447,0.026896189950026336,
ParkG,frequency,law,197,1070 g,1.07,1.0,115.0,0.477,0.028546752552297484,
ParkG,frequency,law,198,1070 g,1.07,1.0,120.0,0.6574,0.030353802619029865,
ParkG,frequency,law,199,1070 g,1.07,1.0,125.0,0.6694,0.03233773132313597,
ParkG,frequency,law,200,1070 g,1.07,1.0,130.0,0.9099,0.03452235649403062,
ParkG,frequency,law,201,1070 g,1.07,1.0,135.0,1.2465,0.03693563618359643,
ParkG,frequency,law,202,1070 g,1.07,1.0,140.0,0.3628,0.039610561423225034,
ParkG,frequency,law,203,1070 g,1.07,1.0,145.0,0.1824,0.04236881414058055,
ParkG,frequency,law,204,1070 g,1.07,1.0,150.0,0.2065,0.045675170849839825,
ParkG,frequency,law,205,1070 g,1.07,1.0,155.0,0.1283,0.0493831786179918,
ParkG,frequency,law,206,1070 g,1.07,1.0,160.0,0.2185,0.053560437744087565,
ParkG,frequency,law,207,1070 g,1.07,1.0,165.0,0.2125,0.058289346708875076,
ParkG,frequency,law,208,1070 g,1.07,1.0,170.0,0.2606,0.06367115277314254,
ParkG,frequency,law,209,1070 g,1.07,1.0,175.0,0.3207,0.06983135246308804,
ParkG,frequency,law,210,1070 g,1.07,1.0,180.0,0.1884,0.0769269793055681,
ParkG,frequency,law,211,1070 g,1.07,1.0,185.0,0.1343,0.08435563953693051,
ParkG,frequency,law,212,1070 g,1.07,1.0,190.0,0.1524,0.09388364651199922,
ParkG,frequency,law,213,1070 g,1.07,1.0,195.0,0.1524,0.10511249151073661,
ParkG,frequency,law,214,1070 g,1.07,1.0,200.0,0.2425,0.11846970638237839,
ParkG,frequency,law,215,1070 g,1.07,1.0,205.0,0.1824,0.13452504182595107,
ParkG,frequency,law,216,1070 g,1.07,1.0,210.0,0.1223,0.1540507215083973,
ParkG,frequency,law,217,1070 g,1.07,1.0,215.0,0.2185,0.1781133830995241,
ParkG,frequency,law,218,1070 g,1.07,1.0,220.0,0.3628,0.2043815678837518,
ParkG,frequency,law,219,1070 g,1.07,1.0,225.0,0.6153,0.24203526700159117,
ParkG,frequency,law,220,1070 g,1.07,1.0,230.0,0.459,0.29095668569876065,
ParkG,frequency,law,221,1070 g,1.07,1.0,235.0,0.1704,0.35603225129126387,
ParkG,frequency,law,222,1070 g,1.07,1.0,240.0,0.2666,0.4450340350871063,
ParkG,frequency,law,223,1070 g,1.07,1.0,245.0,0.2065,0.5708439571041847,
ParkG,frequency,law,224,1070 g,1.07,1.0,250.0,0.2726,0.7558273339021357,
ParkG,frequency,law,225,1070 g,1.07,1.0,255.0,0.5612,1.0407960745642009,
ParkG,frequency,law,226,1070 g,1.07,1.0,260.0,0.7536,0.22630385679282705,
ParkG,frequency,law,227,1070 g,1.07,1.0,265.0,1.7996,0.21778790636948048,
ParkG,frequency,law,228,1070 g,1.07,1.0,270.0,3.982,0.2093535658972338,
ParkG,frequency,law,229,1070 g,1.07,1.0,275.0,4.499,0.20105379263397,
ParkG,frequency,law,230,1070 g,1.07,1.0,280.0,5.6773,0.19293183407853637,
ParkG,frequency,law,231,1070 g,1.07,1.0,285.0,5.3767,0.18502202301751305,
ParkG,frequency,law,232,1070 g,1.07,1.0,290.0,2.4369,0.17735068991115308,
ParkG,frequency,law,233,1070 g,1.07,1.0,295.0,1.4089,0.16993712366992253,
ParkG,frequency,gp_r4,0,70 g,0.07,1.0,105.0,0.1312,0.778373541416639,1.0213743061350504
ParkG,frequency,gp_r4,1,70 g,0.07,1.0,110.0,0.2212,0.7819991032849146,1.01936002715813
ParkG,frequency,gp_r4,2,70 g,0.07,1.0,115.0,0.2032,0.7879127358807487,1.0135662245299506
ParkG,frequency,gp_r4,3,70 g,0.07,1.0,120.0,0.1792,0.7968341077143339,0.9980647899213971
ParkG,frequency,gp_r4,4,70 g,0.07,1.0,125.0,0.1792,0.8088399384986352,0.9601484683698199
ParkG,frequency,gp_r4,5,70 g,0.07,1.0,130.0,0.2753,0.8223491492377575,0.8773287324484965
ParkG,frequency,gp_r4,6,70 g,0.07,1.0,135.0,0.9059,0.8337782973039434,0.7220991358422745
ParkG,frequency,gp_r4,7,70 g,0.07,1.0,140.0,0.6837,0.8426831500856302,0.4966824040781394
ParkG,frequency,gp_r4,8,70 g,0.07,1.0,145.0,0.8639,0.7505663305296199,0.4861874994635247
ParkG,frequency,gp_r4,9,70 g,0.07,1.0,150.0,0.8339,0.8029793584019846,0.7087414626326087
ParkG,frequency,gp_r4,10,70 g,0.07,1.0,155.0,1.3504,0.8404069733443094,0.8534101010156601
ParkG,frequency,gp_r4,11,70 g,0.07,1.0,160.0,0.8819,0.8635882096374301,0.917029905171653
ParkG,frequency,gp_r4,12,70 g,0.07,1.0,165.0,0.4915,0.8858205501625934,0.9170299031738935
ParkG,frequency,gp_r4,13,70 g,0.07,1.0,170.0,0.7137,0.9071620041188393,0.8534100952191322
ParkG,frequency,gp_r4,14,70 g,0.07,1.0,175.0,0.7257,0.9000272353304929,0.7087414545617131
ParkG,frequency,gp_r4,15,70 g,0.07,1.0,180.0,0.3834,0.8046211005507968,0.48618749226442026
ParkG,frequency,gp_r4,16,70 g,0.07,1.0,185.0,0.3534,0.594011011297092,0.49025973969619985
ParkG,frequency,gp_r4,17,70 g,0.07,1.0,190.0,0.2393,0.7038770611124601,0.7255755049455448
ParkG,frequency,gp_r4,18,70 g,0.07,1.0,195.0,0.2753,0.7335258461107168,0.8510849851060512
ParkG,frequency,gp_r4,19,70 g,0.07,1.0,200.0,0.4074,0.6985171876123327,0.8868410387612767
ParkG,frequency,gp_r4,20,70 g,0.07,1.0,205.0,0.3053,0.6214792787880363,0.8510849851060512
ParkG,frequency,gp_r4,21,70 g,0.07,1.0,210.0,0.2032,0.5136597486820769,0.7255755049455445
ParkG,frequency,gp_r4,22,70 g,0.07,1.0,215.0,0.2393,0.39199856404421907,0.49025973969619996
ParkG,frequency,gp_r4,23,70 g,0.07,1.0,220.0,0.2633,0.3296126275622337,0.497346042661356
ParkG,frequency,gp_r4,24,70 g,0.07,1.0,225.0,0.1792,0.41686132119645347,0.7200510306645274
ParkG,frequency,gp_r4,25,70 g,0.07,1.0,230.0,0.1191,0.49573472606245245,0.8605104894808864
ParkG,frequency,gp_r4,26,70 g,0.07,1.0,235.0,0.1312,0.5424744962338671,0.9206405492131198
ParkG,frequency,gp_r4,27,70 g,0.07,1.0,240.0,0.2393,0.5469968190094089,0.9206405509795343
ParkG,frequency,gp_r4,28,70 g,0.07,1.0,245.0,0.1312,0.5109158494225081,0.8605104946461614
ParkG,frequency,gp_r4,29,70 g,0.07,1.0,250.0,0.1552,0.4515346772108501,0.7200510376981033
ParkG,frequency,gp_r4,30,70 g,0.07,1.0,255.0,0.2933,0.4198104789810293,0.497346047717376
ParkG,frequency,gp_r4,31,70 g,0.07,1.0,260.0,0.4615,0.39697044871443515,0.2860739112322646
ParkG,frequency,gp_r4,32,70 g,0.07,1.0,265.0,0.8098,0.4589988084317488,0.3526460628436116
ParkG,frequency,gp_r4,33,70 g,0.07,1.0,270.0,1.2062,0.487486897515623,0.37801786299528656
ParkG,frequency,gp_r4,34,70 g,0.07,1.0,275.0,0.7678,0.49908999568460155,0.3848476592629813
ParkG,frequency,gp_r4,35,70 g,0.07,1.0,280.0,0.5215,0.5035527455810324,0.3863208747544389
ParkG,frequency,gp_r4,36,70 g,0.07,1.0,285.0,0.3774,0.5052303253330224,0.3865924977876188
ParkG,frequency,gp_r4,37,70 g,0.07,1.0,290.0,0.3233,0.5058575555304847,0.3866371691156574
ParkG,frequency,gp_r4,38,70 g,0.07,1.0,295.0,0.2933,0.506092296434693,0.38664391465334796
ParkG,frequency,gp_r4,39,170 g,0.17,1.0,105.0,0.1605,0.7786408570994557,1.0212709527808546
ParkG,frequency,gp_r4,40,170 g,0.17,1.0,110.0,0.2987,0.7829175605228075,1.0190502710812372
ParkG,frequency,gp_r4,41,170 g,0.17,1.0,115.0,0.4128,0.7903852606148788,1.0127005849785191
ParkG,frequency,gp_r4,42,170 g,0.17,1.0,120.0,0.3828,0.8026697163161308,0.9958512344867629
ParkG,frequency,gp_r4,43,170 g,0.17,1.0,125.0,0.3467,0.8212698939960312,0.9551019005821053
ParkG,frequency,gp_r4,44,170 g,0.17,1.0,130.0,0.4128,0.8461619091781502,0.8674753725376165
ParkG,frequency,gp_r4,45,170 g,0.17,1.0,135.0,0.3527,0.8735096235941779,0.7068305145395041
ParkG,frequency,gp_r4,46,170 g,0.17,1.0,140.0,0.5389,0.8955976251977046,0.48108495027585735
ParkG,frequency,gp_r4,47,170 g,0.17,1.0,145.0,0.9954,0.8291592103053049,0.4704562282640864
ParkG,frequency,gp_r4,48,170 g,0.17,1.0,150.0,0.9053,0.9271623623770924,0.6938626834612952
ParkG,frequency,gp_r4,49,170 g,0.17,1.0,155.0,1.1936,0.9562993089551276,0.8437409922082684
ParkG,frequency,gp_r4,50,170 g,0.17,1.0,160.0,0.5749,0.9751243683409518,0.9108424793083844
ParkG,frequency,gp_r4,51,170 g,0.17,1.0,165.0,0.665,1.0287428087396373,0.9108424768193728
ParkG,frequency,gp_r4,52,170 g,0.17,1.0,170.0,0.3888,1.1394954666858053,0.8437409850658486
ParkG,frequency,gp_r4,53,170 g,0.17,1.0,175.0,0.4308,1.300992413757728,0.6938626737459029
ParkG,frequency,gp_r4,54,170 g,0.17,1.0,180.0,0.9653,1.4472554421455883,0.4704562189766676
ParkG,frequency,gp_r4,55,170 g,0.17,1.0,185.0,1.7701,1.095288878106232,0.4754050707452911
ParkG,frequency,gp_r4,56,170 g,0.17,1.0,190.0,1.1395,1.0487567495009558,0.7133250376668975
ParkG,frequency,gp_r4,57,170 g,0.17,1.0,195.0,0.8032,0.9225012741876054,0.8442109002289536
ParkG,frequency,gp_r4,58,170 g,0.17,1.0,200.0,0.5689,0.7884518040782242,0.8820879912190968
ParkG,frequency,gp_r4,59,170 g,0.17,1.0,205.0,0.5629,0.654773207772402,0.8442109002289536
ParkG,frequency,gp_r4,60,170 g,0.17,1.0,210.0,0.3948,0.5096119063828659,0.7133250376668973
ParkG,frequency,gp_r4,61,170 g,0.17,1.0,215.0,0.3227,0.3641063942405456,0.4754050707452912
ParkG,frequency,gp_r4,62,170 g,0.17,1.0,220.0,0.2927,0.27935685565943297,0.4820290320452652
ParkG,frequency,gp_r4,63,170 g,0.17,1.0,225.0,0.3007,0.3714375066104151,0.7059074069884799
ParkG,frequency,gp_r4,64,170 g,0.17,1.0,230.0,0.2326,0.46769660578530386,0.8516554722697984
ParkG,frequency,gp_r4,65,170 g,0.17,1.0,235.0,0.1665,0.5284624839883632,0.9152101851082269
ParkG,frequency,gp_r4,66,170 g,0.17,1.0,240.0,0.1005,0.5425477734617807,0.9152101872668171
ParkG,frequency,gp_r4,67,170 g,0.17,1.0,245.0,0.1005,0.5133861759729123,0.8516554784965699
ParkG,frequency,gp_r4,68,170 g,0.17,1.0,250.0,0.1305,0.4540195965235788,0.7059074151294091
ParkG,frequency,gp_r4,69,170 g,0.17,1.0,255.0,0.3467,0.39485452579229235,0.48202903789045526
ParkG,frequency,gp_r4,70,170 g,0.17,1.0,260.0,0.3828,0.42586066638877446,0.28591320381148183
ParkG,frequency,gp_r4,71,170 g,0.17,1.0,265.0,0.3767,0.4724859387308422,0.35246831648709226
ParkG,frequency,gp_r4,72,170 g,0.17,1.0,270.0,0.4668,0.4914842705134542,0.37791448358632834
ParkG,frequency,gp_r4,73,170 g,0.17,1.0,275.0,0.589,0.49959579936671245,0.38480843455450053
ParkG,frequency,gp_r4,74,170 g,0.17,1.0,280.0,0.5389,0.503265383778388,0.38630985365902376
ParkG,frequency,gp_r4,75,170 g,0.17,1.0,285.0,0.7371,0.5049448309220994,0.3865900017667159
ParkG,frequency,gp_r4,76,170 g,0.17,1.0,290.0,0.5509,0.5056942202000618,0.38663668650778726
ParkG,frequency,gp_r4,77,170 g,0.17,1.0,295.0,0.2867,0.5060155781349487,0.38664383180415474
ParkG,frequency,gp_r4,78,370 g,0.37,1.0,105.0,0.1365,0.7742447137199674,1.0212197571440103
ParkG,frequency,gp_r4,79,370 g,0.37,1.0,110.0,0.2927,0.7750300469367506,1.0189275188247087
ParkG,frequency,gp_r4,80,370 g,0.37,1.0,115.0,0.7371,0.7764270125484711,1.0124555355588438
ParkG,frequency,gp_r4,81,370 g,0.37,1.0,120.0,0.7011,0.7782814093663406,0.9955179621944533
ParkG,frequency,gp_r4,82,370 g,0.37,1.0,125.0,0.4428,0.7791349027994727,0.9551542897508813
ParkG,frequency,gp_r4,83,370 g,0.37,1.0,130.0,0.1966,0.7740850016496155,0.8696120784096825
ParkG,frequency,gp_r4,84,370 g,0.37,1.0,135.0,0.3888,0.7514853955983182,0.7145212926113563
ParkG,frequency,gp_r4,85,370 g,0.37,1.0,140.0,1.3857,0.692615879196214,0.4957435268074225
ParkG,frequency,gp_r4,86,370 g,0.37,1.0,145.0,0.659,1.2985323448711328,0.4843293863898253
ParkG,frequency,gp_r4,87,370 g,0.37,1.0,150.0,0.3888,1.2337903699157349,0.7004216618446051
ParkG,frequency,gp_r4,88,370 g,0.37,1.0,155.0,0.7551,1.1147487234874491,0.8450908039452997
ParkG,frequency,gp_r4,89,370 g,0.37,1.0,160.0,0.7912,1.042955289212233,0.9103971905535179
ParkG,frequency,gp_r4,90,370 g,0.37,1.0,165.0,0.9713,1.0438759166691896,0.9103971864450108
ParkG,frequency,gp_r4,91,370 g,0.37,1.0,170.0,0.8092,1.1098129709182956,0.845090790770005
ParkG,frequency,gp_r4,92,370 g,0.37,1.0,175.0,1.8362,1.2027279436026383,0.7004216382094047
ParkG,frequency,gp_r4,93,370 g,0.37,1.0,180.0,2.3887,1.2374469991917474,0.484329354670853
ParkG,frequency,gp_r4,94,370 g,0.37,1.0,185.0,1.0854,1.965136174310909,0.4874278265401103
ParkG,frequency,gp_r4,95,370 g,0.37,1.0,190.0,0.8212,1.5174936182877075,0.7174617976301966
ParkG,frequency,gp_r4,96,370 g,0.37,1.0,195.0,0.5629,1.152597135848936,0.8444174340676239
ParkG,frequency,gp_r4,97,370 g,0.37,1.0,200.0,0.629,0.9169207557905812,0.8814809183801338
ParkG,frequency,gp_r4,98,370 g,0.37,1.0,205.0,0.5329,0.7582086350642444,0.8444174340676239
ParkG,frequency,gp_r4,99,370 g,0.37,1.0,210.0,0.1665,0.612237814073644,0.7174617976301962
ParkG,frequency,gp_r4,100,370 g,0.37,1.0,215.0,0.1425,0.4310936613675345,0.4874278265401101
ParkG,frequency,gp_r4,101,370 g,0.37,1.0,220.0,0.1725,0.3411657120202269,0.49600511180481544
ParkG,frequency,gp_r4,102,370 g,0.37,1.0,225.0,0.1485,0.4541151428723329,0.7124163859439236
ParkG,frequency,gp_r4,103,370 g,0.37,1.0,230.0,0.2867,0.5334350273737687,0.853028300665418
ParkG,frequency,gp_r4,104,370 g,0.37,1.0,235.0,1.0014,0.5714093735916452,0.9148756352491914
ParkG,frequency,gp_r4,105,370 g,0.37,1.0,240.0,0.3287,0.579055824466706,0.9148756381078179
ParkG,frequency,gp_r4,106,370 g,0.37,1.0,245.0,1.0494,0.5732512018412809,0.8530283096851716
ParkG,frequency,gp_r4,107,370 g,0.37,1.0,250.0,1.2476,0.5728442259698419,0.7124164015265445
ParkG,frequency,gp_r4,108,370 g,0.37,1.0,255.0,0.629,0.5863329212098106,0.49600513254308354
ParkG,frequency,gp_r4,109,370 g,0.37,1.0,260.0,0.617,0.5380443756199944,0.2884972018719144
ParkG,frequency,gp_r4,110,370 g,0.37,1.0,265.0,0.5749,0.4832174999970695,0.3543073027423318
ParkG,frequency,gp_r4,111,370 g,0.37,1.0,270.0,0.3828,0.4845124075391181,0.378624168429713
ParkG,frequency,gp_r4,112,370 g,0.37,1.0,275.0,0.1906,0.4939484181092794,0.38499663733116213
ParkG,frequency,gp_r4,113,370 g,0.37,1.0,280.0,0.4428,0.5004624415517519,0.38634874216555865
ParkG,frequency,gp_r4,114,370 g,0.37,1.0,285.0,0.3587,0.5037792994292256,0.3865967617869117
ParkG,frequency,gp_r4,115,370 g,0.37,1.0,290.0,0.4608,0.5052530254074553,0.3866377241627661
ParkG,frequency,gp_r4,116,370 g,0.37,1.0,295.0,0.3107,0.505857993803957,0.3866439769169646
ParkG,frequency,gp_r4,117,570 g,0.57,1.0,105.0,0.5594,0.764966677132168,1.0212522025001456
ParkG,frequency,gp_r4,118,570 g,0.57,1.0,110.0,0.3008,0.7579421738811688,1.019041468957415
ParkG,frequency,gp_r4,119,570 g,0.57,1.0,115.0,0.3368,0.7457503160573471,1.0128192778204326
ParkG,frequency,gp_r4,120,570 g,0.57,1.0,120.0,0.3008,0.7249829202667291,0.9965558641984933
ParkG,frequency,gp_r4,121,570 g,0.57,1.0,125.0,0.1624,0.6904856165376554,0.9577343008098818
ParkG,frequency,gp_r4,122,570 g,0.57,1.0,130.0,0.2105,0.6354205735476883,0.8749680962236386
ParkG,frequency,gp_r4,123,570 g,0.57,1.0,135.0,0.6436,0.553742227973549,0.7230773285109199
ParkG,frequency,gp_r4,124,570 g,0.57,1.0,140.0,0.4511,0.4495549827505763,0.5043783285649773
ParkG,frequency,gp_r4,125,570 g,0.57,1.0,145.0,0.3248,0.6895985953883679,0.4929514212094046
ParkG,frequency,gp_r4,126,570 g,0.57,1.0,150.0,0.3248,0.7471173237138035,0.7086005214964903
ParkG,frequency,gp_r4,127,570 g,0.57,1.0,155.0,0.3248,0.7625838188336416,0.8501412633074473
ParkG,frequency,gp_r4,128,570 g,0.57,1.0,160.0,0.2887,0.7583770559415819,0.9133763276622697
ParkG,frequency,gp_r4,129,570 g,0.57,1.0,165.0,0.5293,0.7429894232320963,0.9133763216795804
ParkG,frequency,gp_r4,130,570 g,0.57,1.0,170.0,0.5173,0.7065662458511927,0.850141243161634
ParkG,frequency,gp_r4,131,570 g,0.57,1.0,175.0,0.4331,0.6308899367029899,0.7086004834594196
ParkG,frequency,gp_r4,132,570 g,0.57,1.0,180.0,0.3729,0.514253909473786,0.49295137496931235
ParkG,frequency,gp_r4,133,570 g,0.57,1.0,185.0,0.391,0.6818357710079035,0.4954651848093759
ParkG,frequency,gp_r4,134,570 g,0.57,1.0,190.0,0.4571,0.7877095320386899,0.723969364076167
ParkG,frequency,gp_r4,135,570 g,0.57,1.0,195.0,0.5894,0.8127124733610295,0.84778298836838
ParkG,frequency,gp_r4,136,570 g,0.57,1.0,200.0,1.3172,0.8123028717808203,0.8836360487040559
ParkG,frequency,gp_r4,137,570 g,0.57,1.0,205.0,0.9323,0.8277953780446168,0.8477829883683798
ParkG,frequency,gp_r4,138,570 g,0.57,1.0,210.0,2.0209,0.8792255641190503,0.7239693640761667
ParkG,frequency,gp_r4,139,570 g,0.57,1.0,215.0,1.5938,0.9554268206230223,0.4954651848093755
ParkG,frequency,gp_r4,140,570 g,0.57,1.0,220.0,1.0405,1.245535050853268,0.5045084685947852
ParkG,frequency,gp_r4,141,570 g,0.57,1.0,225.0,0.8481,0.9545927372291123,0.7203039594952871
ParkG,frequency,gp_r4,142,570 g,0.57,1.0,230.0,0.5293,0.7629343902483403,0.8577353427863553
ParkG,frequency,gp_r4,143,570 g,0.57,1.0,235.0,0.5173,0.636747297904853,0.9175413876970768
ParkG,frequency,gp_r4,144,570 g,0.57,1.0,240.0,0.8601,0.5386885587234458,0.9175413913339501
ParkG,frequency,gp_r4,145,570 g,0.57,1.0,245.0,0.9263,0.45617659096951646,0.8577353552164396
ParkG,frequency,gp_r4,146,570 g,0.57,1.0,250.0,1.5517,0.4008955397606191,0.7203039837429113
ParkG,frequency,gp_r4,147,570 g,0.57,1.0,255.0,1.0706,0.38816876368569403,0.504508500289963
ParkG,frequency,gp_r4,148,570 g,0.57,1.0,260.0,0.397,0.8315362984251278,0.28864279778993107
ParkG,frequency,gp_r4,149,570 g,0.57,1.0,265.0,0.3489,0.6509703392880621,0.354469954397598
ParkG,frequency,gp_r4,150,570 g,0.57,1.0,270.0,0.403,0.5635765280939115,0.37871939027679885
ParkG,frequency,gp_r4,151,570 g,0.57,1.0,275.0,0.403,0.5270829828790242,0.3850328713522225
ParkG,frequency,gp_r4,152,570 g,0.57,1.0,280.0,0.8721,0.5133073609072474,0.38635893626680207
ParkG,frequency,gp_r4,153,570 g,0.57,1.0,285.0,0.806,0.508492902774298,0.3865990733723642
ParkG,frequency,gp_r4,154,570 g,0.57,1.0,290.0,0.4812,0.5069144144033243,0.3866381719122029
ParkG,frequency,gp_r4,155,570 g,0.57,1.0,295.0,0.1925,0.5064259508761135,0.3866440539705305
ParkG,frequency,gp_r4,156,870 g,0.87,1.0,105.0,0.242,0.753445246589263,1.0212895886821043
ParkG,frequency,gp_r4,157,870 g,0.87,1.0,110.0,0.2901,0.7377487465254283,1.019129941443532
ParkG,frequency,gp_r4,158,870 g,0.87,1.0,115.0,0.3262,0.7120902512530197,1.013002983539428
ParkG,frequency,gp_r4,159,870 g,0.87,1.0,120.0,0.4645,0.6727850200436369,0.996876341747029
ParkG,frequency,gp_r4,160,870 g,0.87,1.0,125.0,0.5186,0.6181588485338548,0.9581745127995115
ParkG,frequency,gp_r4,161,870 g,0.87,1.0,130.0,0.4224,0.5536220932963021,0.8754003217956479
ParkG,frequency,gp_r4,162,870 g,0.87,1.0,135.0,0.2901,0.4993211578140309,0.7233596299367483
ParkG,frequency,gp_r4,163,870 g,0.87,1.0,140.0,0.1337,0.4930053495495513,0.5045978926018787
ParkG,frequency,gp_r4,164,870 g,0.87,1.0,145.0,0.5306,0.06844209390717237,0.4931846224422265
ParkG,frequency,gp_r4,165,870 g,0.87,1.0,150.0,0.7171,0.1253747549946369,0.7089518553576182
ParkG,frequency,gp_r4,166,870 g,0.87,1.0,155.0,0.6148,0.2490110132131323,0.8507203368800184
ParkG,frequency,gp_r4,167,870 g,0.87,1.0,160.0,0.2961,0.35814733496539264,0.9140650732534473
ParkG,frequency,gp_r4,168,870 g,0.87,1.0,165.0,0.1758,0.4111852204766042,0.9140650663267015
ParkG,frequency,gp_r4,169,870 g,0.87,1.0,170.0,0.1397,0.39815545808375263,0.8507203131391876
ParkG,frequency,gp_r4,170,870 g,0.87,1.0,175.0,0.1337,0.3293796933264107,0.7089518093001631
ParkG,frequency,gp_r4,171,870 g,0.87,1.0,180.0,0.1397,0.23370652869321407,0.493184564632496
ParkG,frequency,gp_r4,172,870 g,0.87,1.0,185.0,0.1577,0.18660387640107634,0.4956559369331524
ParkG,frequency,gp_r4,173,870 g,0.87,1.0,190.0,0.1337,0.326817244081227,0.7242864182411557
ParkG,frequency,gp_r4,174,870 g,0.87,1.0,195.0,0.1337,0.46936171801043997,0.848277773175019
ParkG,frequency,gp_r4,175,870 g,0.87,1.0,200.0,0.2841,0.5626945500224766,0.8841783994479743
ParkG,frequency,gp_r4,176,870 g,0.87,1.0,205.0,0.1638,0.5949105984249393,0.848277773175019
ParkG,frequency,gp_r4,177,870 g,0.87,1.0,210.0,0.1217,0.5687708031826029,0.7242864182411558
ParkG,frequency,gp_r4,178,870 g,0.87,1.0,215.0,0.26,0.49143815725331175,0.49565593693315263
ParkG,frequency,gp_r4,179,870 g,0.87,1.0,220.0,0.3803,0.43745250640829464,0.504723901197842
ParkG,frequency,gp_r4,180,870 g,0.87,1.0,225.0,0.3302,0.5195594529141232,0.720612670801837
ParkG,frequency,gp_r4,181,870 g,0.87,1.0,230.0,0.4645,0.5167194019419581,0.8582349571416886
ParkG,frequency,gp_r4,182,870 g,0.87,1.0,235.0,1.1802,0.43492061950662936,0.9181257769474696
ParkG,frequency,gp_r4,183,870 g,0.87,1.0,240.0,1.3306,0.28415152265399285,0.9181257808609202
ParkG,frequency,gp_r4,184,870 g,0.87,1.0,245.0,0.663,0.09361093505157603,0.858234970963682
ParkG,frequency,gp_r4,185,870 g,0.87,1.0,250.0,0.5367,-0.04065849028647006,0.7206126991582182
ParkG,frequency,gp_r4,186,870 g,0.87,1.0,255.0,0.3382,0.10644225737719037,0.5047239403778555
ParkG,frequency,gp_r4,187,870 g,0.87,1.0,260.0,0.5908,0.3861736687672612,0.28864316419158637
ParkG,frequency,gp_r4,188,870 g,0.87,1.0,265.0,2.6417,0.43446423644055143,0.35447025970143187
ParkG,frequency,gp_r4,189,870 g,0.87,1.0,270.0,3.207,0.4720200077817366,0.3787195204256316
ParkG,frequency,gp_r4,190,870 g,0.87,1.0,275.0,4.7126,0.49193241056954806,0.38503290504368093
ParkG,frequency,gp_r4,191,870 g,0.87,1.0,280.0,7.357,0.5007461688263988,0.3863589427432506
ParkG,frequency,gp_r4,192,870 g,0.87,1.0,285.0,4.5001,0.5042499505256999,0.3865990747486254
ParkG,frequency,gp_r4,193,870 g,0.87,1.0,290.0,2.9003,0.5055468160488011,0.38663817233426
ParkG,frequency,gp_r4,194,870 g,0.87,1.0,295.0,2.7981,0.5060030561594646,0.3866440541103146
ParkG,frequency,gp_r4,195,1070 g,1.07,1.0,105.0,0.5131,0.75157745208813,1.0214191284393281
ParkG,frequency,gp_r4,196,1070 g,1.07,1.0,110.0,0.3447,0.7342909930801456,1.0194934881341633
ParkG,frequency,gp_r4,197,1070 g,1.07,1.0,115.0,0.477,0.7055298597603862,1.013939165572773
ParkG,frequency,gp_r4,198,1070 g,1.07,1.0,120.0,0.6574,0.6598866403427026,0.9990333012317298
ParkG,frequency,gp_r4,199,1070 g,1.07,1.0,125.0,0.6694,0.5918837336353155,0.9624655215892636
ParkG,frequency,gp_r4,200,1070 g,1.07,1.0,130.0,0.9099,0.49916136769370134,0.8823829130353674
ParkG,frequency,gp_r4,201,1070 g,1.07,1.0,135.0,1.2465,0.388579677447861,0.7318152403761783
ParkG,frequency,gp_r4,202,1070 g,1.07,1.0,140.0,0.3628,0.28337845615745205,0.51079680996231
ParkG,frequency,gp_r4,203,1070 g,1.07,1.0,145.0,0.1824,0.22890081288265784,0.4997502889691139
ParkG,frequency,gp_r4,204,1070 g,1.07,1.0,150.0,0.2065,0.17383142929602458,0.7177284700164905
ParkG,frequency,gp_r4,205,1070 g,1.07,1.0,155.0,0.1283,0.2505027037910577,0.8581353908091037
ParkG,frequency,gp_r4,206,1070 g,1.07,1.0,160.0,0.2185,0.34326066406540107,0.9197547093447751
ParkG,frequency,gp_r4,207,1070 g,1.07,1.0,165.0,0.2125,0.3948837264718355,0.9197547038639459
ParkG,frequency,gp_r4,208,1070 g,1.07,1.0,170.0,0.2606,0.3872401933486716,0.8581353719404102
ParkG,frequency,gp_r4,209,1070 g,1.07,1.0,175.0,0.3207,0.32480762684151704,0.71772843312616
ParkG,frequency,gp_r4,210,1070 g,1.07,1.0,180.0,0.1884,0.23228036936758467,0.49975024196585344
ParkG,frequency,gp_r4,211,1070 g,1.07,1.0,185.0,0.1343,0.2668274455817106,0.5019600106735734
ParkG,frequency,gp_r4,212,1070 g,1.07,1.0,190.0,0.1524,0.3720838378737726,0.7319082919644837
ParkG,frequency,gp_r4,213,1070 g,1.07,1.0,195.0,0.1524,0.4720288023036001,0.8539258408572392
ParkG,frequency,gp_r4,214,1070 g,1.07,1.0,200.0,0.2425,0.5236719437775793,0.8886581335849484
ParkG,frequency,gp_r4,215,1070 g,1.07,1.0,205.0,0.1824,0.5135777118091802,0.8539258408572392
ParkG,frequency,gp_r4,216,1070 g,1.07,1.0,210.0,0.1223,0.45153614520691043,0.7319082919644837
ParkG,frequency,gp_r4,217,1070 g,1.07,1.0,215.0,0.2185,0.38721414004218824,0.5019600106735735
ParkG,frequency,gp_r4,218,1070 g,1.07,1.0,220.0,0.3628,0.31711142768182793,0.510939919117173
ParkG,frequency,gp_r4,219,1070 g,1.07,1.0,225.0,0.6153,0.4146774178250905,0.7287474588783883
ParkG,frequency,gp_r4,220,1070 g,1.07,1.0,230.0,0.459,0.4508597560206814,0.8648781037931891
ParkG,frequency,gp_r4,221,1070 g,1.07,1.0,235.0,0.1704,0.41032448771252034,0.923039701792866
ParkG,frequency,gp_r4,222,1070 g,1.07,1.0,240.0,0.2666,0.29714038596162357,0.9230397048712136
ParkG,frequency,gp_r4,223,1070 g,1.07,1.0,245.0,0.2065,0.14212004640728293,0.8648781147453506
ParkG,frequency,gp_r4,224,1070 g,1.07,1.0,250.0,0.2726,0.034704038088275935,0.7287474815983321
ParkG,frequency,gp_r4,225,1070 g,1.07,1.0,255.0,0.5612,0.16250294528168385,0.5109399510413051
ParkG,frequency,gp_r4,226,1070 g,1.07,1.0,260.0,0.7536,0.5659274823099778,0.28864746057596125
ParkG,frequency,gp_r4,227,1070 g,1.07,1.0,265.0,1.7996,0.5555368826275094,0.3544762181230907
ParkG,frequency,gp_r4,228,1070 g,1.07,1.0,270.0,3.982,0.5332857160036115,0.3787239547611626
ParkG,frequency,gp_r4,229,1070 g,1.07,1.0,275.0,4.499,0.5186262657408105,0.38503507123664965
ParkG,frequency,gp_r4,230,1070 g,1.07,1.0,280.0,5.6773,0.5113553889869149,0.3863597208948904
ParkG,frequency,gp_r4,231,1070 g,1.07,1.0,285.0,5.3767,0.5082148022078867,0.38659929670255827
ParkG,frequency,gp_r4,232,1070 g,1.07,1.0,290.0,2.4369,0.5069654653574802,0.38663822538479503
ParkG,frequency,gp_r4,233,1070 g,1.07,1.0,295.0,1.4089,0.5064947060501866,0.3866440651524675
ParkG,frequency,lawgp_r4,0,70 g,0.07,1.0,105.0,0.1312,0.3432450620289388,0.5849351561851386
ParkG,frequency,lawgp_r4,1,70 g,0.07,1.0,110.0,0.2212,0.3572452208561818,0.5834607000442019
ParkG,frequency,lawgp_r4,2,70 g,0.07,1.0,115.0,0.2032,0.3792600766319896,0.5798429074555823
ParkG,frequency,lawgp_r4,3,70 g,0.07,1.0,120.0,0.1792,0.41293345722437824,0.5715312572550038
ParkG,frequency,lawgp_r4,4,70 g,0.07,1.0,125.0,0.1792,0.4626552642395775,0.5539334090303265
ParkG,frequency,lawgp_r4,5,70 g,0.07,1.0,130.0,0.2753,0.5328255764705225,0.520378166638987
ParkG,frequency,lawgp_r4,6,70 g,0.07,1.0,135.0,0.9059,0.6261971888120729,0.4650403409785231
ParkG,frequency,lawgp_r4,7,70 g,0.07,1.0,140.0,0.6837,0.7410484224697382,0.39296524172553116
ParkG,frequency,lawgp_r4,8,70 g,0.07,1.0,145.0,0.8639,0.6743634632001697,0.37955351470402454
ParkG,frequency,lawgp_r4,9,70 g,0.07,1.0,150.0,0.8339,0.6349418071647202,0.4430840624129626
ParkG,frequency,lawgp_r4,10,70 g,0.07,1.0,155.0,1.3504,0.5940587639973538,0.48987402562414567
ParkG,frequency,lawgp_r4,11,70 g,0.07,1.0,160.0,0.8819,0.5687789281651264,0.5128468496809445
ParkG,frequency,lawgp_r4,12,70 g,0.07,1.0,165.0,0.4915,0.560864557447546,0.5128467264591481
ParkG,frequency,lawgp_r4,13,70 g,0.07,1.0,170.0,0.7137,0.5603157301534051,0.4898736915512236
ParkG,frequency,lawgp_r4,14,70 g,0.07,1.0,175.0,0.7257,0.5483665739727042,0.44308366331374316
ParkG,frequency,lawgp_r4,15,70 g,0.07,1.0,180.0,0.3834,0.5059119384267239,0.37955326785947074
ParkG,frequency,lawgp_r4,16,70 g,0.07,1.0,185.0,0.3534,0.4905534255069112,0.3818425817715982
ParkG,frequency,lawgp_r4,17,70 g,0.07,1.0,190.0,0.2393,0.46726518544488416,0.4441703948741254
ParkG,frequency,lawgp_r4,18,70 g,0.07,1.0,195.0,0.2753,0.4403506440222105,0.4866357337319276
ParkG,frequency,lawgp_r4,19,70 g,0.07,1.0,200.0,0.4074,0.40870342800248033,0.5009610830705153
ParkG,frequency,lawgp_r4,20,70 g,0.07,1.0,205.0,0.3053,0.3741603771952841,0.48663573373192753
ParkG,frequency,lawgp_r4,21,70 g,0.07,1.0,210.0,0.2032,0.337281920374457,0.4441703948741254
ParkG,frequency,lawgp_r4,22,70 g,0.07,1.0,215.0,0.2393,0.2964969603857559,0.3818425817715984
ParkG,frequency,lawgp_r4,23,70 g,0.07,1.0,220.0,0.2633,0.2586926038132152,0.38671600812521467
ParkG,frequency,lawgp_r4,24,70 g,0.07,1.0,225.0,0.1792,0.27844671600212806,0.43752507916189254
ParkG,frequency,lawgp_r4,25,70 g,0.07,1.0,230.0,0.1191,0.30398115007063387,0.4772681220693262
ParkG,frequency,lawgp_r4,26,70 g,0.07,1.0,235.0,0.1312,0.33209734961544524,0.4978817695920473
ParkG,frequency,lawgp_r4,27,70 g,0.07,1.0,240.0,0.2393,0.3631491753971817,0.49788201627908524
ParkG,frequency,lawgp_r4,28,70 g,0.07,1.0,245.0,0.1312,0.4007874782976246,0.4772689339458823
ParkG,frequency,lawgp_r4,29,70 g,0.07,1.0,250.0,0.1552,0.45142020621676143,0.43752665807723107
ParkG,frequency,lawgp_r4,30,70 g,0.07,1.0,255.0,0.2933,0.5224728127566063,0.38671851445546573
ParkG,frequency,lawgp_r4,31,70 g,0.07,1.0,260.0,0.4615,0.34298123186981927,0.28178501580932963
ParkG,frequency,lawgp_r4,32,70 g,0.07,1.0,265.0,0.8098,0.3567026561447445,0.3419861151883278
ParkG,frequency,lawgp_r4,33,70 g,0.07,1.0,270.0,1.2062,0.349306589404991,0.3599592795154753
ParkG,frequency,lawgp_r4,34,70 g,0.07,1.0,275.0,0.7678,0.33627148855575145,0.3636427777902875
ParkG,frequency,lawgp_r4,35,70 g,0.07,1.0,280.0,0.5215,0.3225246625177829,0.36423844570964614
ParkG,frequency,lawgp_r4,36,70 g,0.07,1.0,285.0,0.3774,0.309161671122103,0.3643201948258943
ParkG,frequency,lawgp_r4,37,70 g,0.07,1.0,290.0,0.3233,0.2963146838132226,0.36433016711528565
ParkG,frequency,lawgp_r4,38,70 g,0.07,1.0,295.0,0.2933,0.2839627354238325,0.36433128150633853
ParkG,frequency,lawgp_r4,39,170 g,0.17,1.0,105.0,0.1605,0.34865440510387463,0.5848780406114162
ParkG,frequency,lawgp_r4,40,170 g,0.17,1.0,110.0,0.2987,0.3663115602446378,0.5833358886595787
ParkG,frequency,lawgp_r4,41,170 g,0.17,1.0,115.0,0.4128,0.3940938769302683,0.5795938777081896
ParkG,frequency,lawgp_r4,42,170 g,0.17,1.0,120.0,0.3828,0.43649432707473845,0.5710872893168807
ParkG,frequency,lawgp_r4,43,170 g,0.17,1.0,125.0,0.3467,0.49865627458310924,0.5532457851922142
ParkG,frequency,lawgp_r4,44,170 g,0.17,1.0,130.0,0.4128,0.5848968913642499,0.5194879255106473
ParkG,frequency,lawgp_r4,45,170 g,0.17,1.0,135.0,0.3527,0.6952262149245045,0.46413179039425445
ParkG,frequency,lawgp_r4,46,170 g,0.17,1.0,140.0,0.5389,0.8189552367227664,0.3923038753148861
ParkG,frequency,lawgp_r4,47,170 g,0.17,1.0,145.0,0.9954,0.5770517662002717,0.3790597603840757
ParkG,frequency,lawgp_r4,48,170 g,0.17,1.0,150.0,0.9053,0.6221116665921201,0.44237002774707046
ParkG,frequency,lawgp_r4,49,170 g,0.17,1.0,155.0,1.1936,0.6685763432004166,0.4890791034948128
ParkG,frequency,lawgp_r4,50,170 g,0.17,1.0,160.0,0.5749,0.7376572850162303,0.5120517865327504
ParkG,frequency,lawgp_r4,51,170 g,0.17,1.0,165.0,0.665,0.8457024151568654,0.512051660908916
ParkG,frequency,lawgp_r4,52,170 g,0.17,1.0,170.0,0.3888,0.9962896854946197,0.4890787637342318
ParkG,frequency,lawgp_r4,53,170 g,0.17,1.0,175.0,0.4308,1.1693339541440868,0.44236962304035854
ParkG,frequency,lawgp_r4,54,170 g,0.17,1.0,180.0,0.9653,1.3067902663036741,0.37905950630263346
ParkG,frequency,lawgp_r4,55,170 g,0.17,1.0,185.0,1.7701,0.7754077042223241,0.3809318485128481
ParkG,frequency,lawgp_r4,56,170 g,0.17,1.0,190.0,1.1395,0.7424009254199198,0.44292046621505776
ParkG,frequency,lawgp_r4,57,170 g,0.17,1.0,195.0,0.8032,0.6615794124644279,0.4852872003120465
ParkG,frequency,lawgp_r4,58,170 g,0.17,1.0,200.0,0.5689,0.5662601648559278,0.49961106228279256
ParkG,frequency,lawgp_r4,59,170 g,0.17,1.0,205.0,0.5629,0.476518383204466,0.4852872003120465
ParkG,frequency,lawgp_r4,60,170 g,0.17,1.0,210.0,0.3948,0.40154660743241755,0.4429204662150577
ParkG,frequency,lawgp_r4,61,170 g,0.17,1.0,215.0,0.3227,0.34354996726003006,0.38093184851284806
ParkG,frequency,lawgp_r4,62,170 g,0.17,1.0,220.0,0.2927,0.3032905261849385,0.38643689379182006
ParkG,frequency,lawgp_r4,63,170 g,0.17,1.0,225.0,0.3007,0.29727416913535054,0.4371046008775005
ParkG,frequency,lawgp_r4,64,170 g,0.17,1.0,230.0,0.2326,0.30589948429282027,0.476757693842868
ParkG,frequency,lawgp_r4,65,170 g,0.17,1.0,235.0,0.1665,0.3207954166912454,0.4973342398088738
ParkG,frequency,lawgp_r4,66,170 g,0.17,1.0,240.0,0.1005,0.3366248718676619,0.49733450447455374
ParkG,frequency,lawgp_r4,67,170 g,0.17,1.0,245.0,0.1005,0.3505807473802758,0.47675855881680684
ParkG,frequency,lawgp_r4,68,170 g,0.17,1.0,250.0,0.1305,0.36179229920813283,0.4371062630323146
ParkG,frequency,lawgp_r4,69,170 g,0.17,1.0,255.0,0.3467,0.3710939464085158,0.3864394966998349
ParkG,frequency,lawgp_r4,70,170 g,0.17,1.0,260.0,0.3828,0.4104593413059345,0.2817608143649782
ParkG,frequency,lawgp_r4,71,170 g,0.17,1.0,265.0,0.3767,0.42692620352756616,0.34195917420980254
ParkG,frequency,lawgp_r4,72,170 g,0.17,1.0,270.0,0.4668,0.41768134761374076,0.3599446757608256
ParkG,frequency,lawgp_r4,73,170 g,0.17,1.0,275.0,0.589,0.4023313662651439,0.3636378703049434
ParkG,frequency,lawgp_r4,74,170 g,0.17,1.0,280.0,0.5389,0.3862468672013197,0.3642372659699491
ParkG,frequency,lawgp_r4,75,170 g,0.17,1.0,285.0,0.7371,0.3704866951786987,0.3643199718625129
ParkG,frequency,lawgp_r4,76,170 g,0.17,1.0,290.0,0.5509,0.3552080969904681,0.3643301318329253
ParkG,frequency,lawgp_r4,77,170 g,0.17,1.0,295.0,0.2867,0.3404432482406663,0.36433127662683423
ParkG,frequency,lawgp_r4,78,370 g,0.37,1.0,105.0,0.1365,0.34136530096249945,0.5849736011357706
ParkG,frequency,lawgp_r4,79,370 g,0.37,1.0,110.0,0.2927,0.35218726347478324,0.5835842168744763
ParkG,frequency,lawgp_r4,80,370 g,0.37,1.0,115.0,0.7371,0.3681147556248555,0.5801920882938332
ParkG,frequency,lawgp_r4,81,370 g,0.37,1.0,120.0,0.7011,0.390514885036161,0.5723980335366848
ParkG,frequency,lawgp_r4,82,370 g,0.37,1.0,125.0,0.4428,0.4201195965111348,0.5557901057412438
ParkG,frequency,lawgp_r4,83,370 g,0.37,1.0,130.0,0.1966,0.4559362275953411,0.5236952718081291
ParkG,frequency,lawgp_r4,84,370 g,0.37,1.0,135.0,0.3888,0.4938372170320586,0.46968878650155543
ParkG,frequency,lawgp_r4,85,370 g,0.37,1.0,140.0,1.3857,0.5260906640017567,0.3975238546270174
ParkG,frequency,lawgp_r4,86,370 g,0.37,1.0,145.0,0.659,0.9900104504769441,0.3835850807978941
ParkG,frequency,lawgp_r4,87,370 g,0.37,1.0,150.0,0.3888,0.9772655828535152,0.4473595012207191
ParkG,frequency,lawgp_r4,88,370 g,0.37,1.0,155.0,0.7551,0.9099954100602273,0.4932813883563517
ParkG,frequency,lawgp_r4,89,370 g,0.37,1.0,160.0,0.7912,0.8498892445670712,0.5154694478018057
ParkG,frequency,lawgp_r4,90,370 g,0.37,1.0,165.0,0.9713,0.8271687007093017,0.5154694190169276
ParkG,frequency,lawgp_r4,91,370 g,0.37,1.0,170.0,0.8092,0.8465644784968955,0.49328130319664093
ParkG,frequency,lawgp_r4,92,370 g,0.37,1.0,175.0,1.8362,0.8925192093781793,0.44735934632784724
ParkG,frequency,lawgp_r4,93,370 g,0.37,1.0,180.0,2.3887,0.9306868490648597,0.38358472577389524
ParkG,frequency,lawgp_r4,94,370 g,0.37,1.0,185.0,1.0854,1.7971731411512868,0.3865479904259448
ParkG,frequency,lawgp_r4,95,370 g,0.37,1.0,190.0,0.8212,1.5338061524284075,0.448688533649099
ParkG,frequency,lawgp_r4,96,370 g,0.37,1.0,195.0,0.5629,1.208875854931181,0.4900059412065861
ParkG,frequency,lawgp_r4,97,370 g,0.37,1.0,200.0,0.629,0.906296264891832,0.5037640374258785
ParkG,frequency,lawgp_r4,98,370 g,0.37,1.0,205.0,0.5329,0.6536399445389816,0.4900059412065861
ParkG,frequency,lawgp_r4,99,370 g,0.37,1.0,210.0,0.1665,0.4521970475665526,0.4486885336490991
ParkG,frequency,lawgp_r4,100,370 g,0.37,1.0,215.0,0.1425,0.3037505739382378,0.386547990425945
ParkG,frequency,lawgp_r4,101,370 g,0.37,1.0,220.0,0.1725,0.24481072138692586,0.38997783513008466
ParkG,frequency,lawgp_r4,102,370 g,0.37,1.0,225.0,0.1485,0.28615135542944375,0.4413367792631265
ParkG,frequency,lawgp_r4,103,370 g,0.37,1.0,230.0,0.2867,0.34462516291375594,0.48086069587647506
ParkG,frequency,lawgp_r4,104,370 g,0.37,1.0,235.0,1.0014,0.4068024441974424,0.5011188928588992
ParkG,frequency,lawgp_r4,105,370 g,0.37,1.0,240.0,0.3287,0.4656449606471374,0.5011193369773109
ParkG,frequency,lawgp_r4,106,370 g,0.37,1.0,245.0,1.0494,0.5156485858039087,0.48086210665097545
ParkG,frequency,lawgp_r4,107,370 g,0.37,1.0,250.0,1.2476,0.5482830095735965,0.44133927205283663
ParkG,frequency,lawgp_r4,108,370 g,0.37,1.0,255.0,0.629,0.549663365394831,0.38998105612105854
ParkG,frequency,lawgp_r4,109,370 g,0.37,1.0,260.0,0.617,0.5224800754699592,0.2830202786892218
ParkG,frequency,lawgp_r4,110,370 g,0.37,1.0,265.0,0.5749,0.4808286758243136,0.3428436098625675
ParkG,frequency,lawgp_r4,111,370 g,0.37,1.0,270.0,0.3828,0.4779813975702566,0.3602504981098306
ParkG,frequency,lawgp_r4,112,370 g,0.37,1.0,275.0,0.1906,0.47188478507648357,0.36370633723814916
ParkG,frequency,lawgp_r4,113,370 g,0.37,1.0,280.0,0.4428,0.4591494116459142,0.3642488185703245
ParkG,frequency,lawgp_r4,114,370 g,0.37,1.0,285.0,0.3587,0.4429296405081092,0.3643215813843257
ParkG,frequency,lawgp_r4,115,370 g,0.37,1.0,290.0,0.4608,0.425562415287602,0.3643303276449868
ParkG,frequency,lawgp_r4,116,370 g,0.37,1.0,295.0,0.3107,0.4081629465289345,0.3643312981807429
ParkG,frequency,lawgp_r4,117,570 g,0.57,1.0,105.0,0.5594,0.33150220092724103,0.5850233229705386
ParkG,frequency,lawgp_r4,118,570 g,0.57,1.0,110.0,0.3008,0.33379538454644386,0.5836925800040763
ParkG,frequency,lawgp_r4,119,570 g,0.57,1.0,115.0,0.3368,0.336415768984785,0.5804076302721372
ParkG,frequency,lawgp_r4,120,570 g,0.57,1.0,120.0,0.3008,0.3389977294894711,0.5727807659419842
ParkG,frequency,lawgp_r4,121,570 g,0.57,1.0,125.0,0.1624,0.34081508643307723,0.5563795719967706
ParkG,frequency,lawgp_r4,122,570 g,0.57,1.0,130.0,0.2105,0.3407740720674103,0.5244524490832999
ParkG,frequency,lawgp_r4,123,570 g,0.57,1.0,135.0,0.6436,0.337707647532934,0.47045382037387345
ParkG,frequency,lawgp_r4,124,570 g,0.57,1.0,140.0,0.4511,0.33122218137661397,0.3980748852988034
ParkG,frequency,lawgp_r4,125,570 g,0.57,1.0,145.0,0.3248,0.49891061844809426,0.3840044669543775
ParkG,frequency,lawgp_r4,126,570 g,0.57,1.0,150.0,0.3248,0.4825442925373935,0.4479711806012529
ParkG,frequency,lawgp_r4,127,570 g,0.57,1.0,155.0,0.3248,0.45355296684660495,0.4939675521191194
ParkG,frequency,lawgp_r4,128,570 g,0.57,1.0,160.0,0.2887,0.42098622332674807,0.5161587784739922
ParkG,frequency,lawgp_r4,129,570 g,0.57,1.0,165.0,0.5293,0.38993977533125757,0.5161587548111986
ParkG,frequency,lawgp_r4,130,570 g,0.57,1.0,170.0,0.5173,0.3636037252813024,0.49396748017162956
ParkG,frequency,lawgp_r4,131,570 g,0.57,1.0,175.0,0.4331,0.3464719859745704,0.44797104173330565
ParkG,frequency,lawgp_r4,132,570 g,0.57,1.0,180.0,0.3729,0.3492040984778846,0.3840041292681024
ParkG,frequency,lawgp_r4,133,570 g,0.57,1.0,185.0,0.391,0.4878753963672155,0.3872867715602532
ParkG,frequency,lawgp_r4,134,570 g,0.57,1.0,190.0,0.4571,0.5257603792617186,0.449713991032586
ParkG,frequency,lawgp_r4,135,570 g,0.57,1.0,195.0,0.5894,0.569966452044008,0.49112177682528485
ParkG,frequency,lawgp_r4,136,570 g,0.57,1.0,200.0,1.3172,0.6233929786082131,0.5048846072382648
ParkG,frequency,lawgp_r4,137,570 g,0.57,1.0,205.0,0.9323,0.6919896328801285,0.4911217768252849
ParkG,frequency,lawgp_r4,138,570 g,0.57,1.0,210.0,2.0209,0.7718809984395658,0.449713991032586
ParkG,frequency,lawgp_r4,139,570 g,0.57,1.0,215.0,1.5938,0.8374980439822893,0.3872867715602531
ParkG,frequency,lawgp_r4,140,570 g,0.57,1.0,220.0,1.0405,1.3947558523192887,0.3902226493348866
ParkG,frequency,lawgp_r4,141,570 g,0.57,1.0,225.0,0.8481,1.2219611933871901,0.4417074782578151
ParkG,frequency,lawgp_r4,142,570 g,0.57,1.0,230.0,0.5293,1.038242726716364,0.48131280234177437
ParkG,frequency,lawgp_r4,143,570 g,0.57,1.0,235.0,0.5173,0.8745618553974865,0.5016052249272722
ParkG,frequency,lawgp_r4,144,570 g,0.57,1.0,240.0,0.8601,0.7394142924221773,0.5016056468680349
ParkG,frequency,lawgp_r4,145,570 g,0.57,1.0,245.0,0.9263,0.6276209996742508,0.48131414758017427
ParkG,frequency,lawgp_r4,146,570 g,0.57,1.0,250.0,1.5517,0.5277511703727058,0.4417098687326555
ParkG,frequency,lawgp_r4,147,570 g,0.57,1.0,255.0,1.0706,0.4293958963971893,0.39022575309636653
ParkG,frequency,lawgp_r4,148,570 g,0.57,1.0,260.0,0.397,0.8071443542923677,0.28304355065952413
ParkG,frequency,lawgp_r4,149,570 g,0.57,1.0,265.0,0.3489,0.6324098425469474,0.34286965375572626
ParkG,frequency,lawgp_r4,150,570 g,0.57,1.0,270.0,0.403,0.5471177792598677,0.3602646685355181
ParkG,frequency,lawgp_r4,151,570 g,0.57,1.0,275.0,0.403,0.5031866304852954,0.36371110605942575
ParkG,frequency,lawgp_r4,152,570 g,0.57,1.0,280.0,0.8721,0.475482136473172,0.364249965261647
ParkG,frequency,lawgp_r4,153,570 g,0.57,1.0,285.0,0.806,0.4537440089832854,0.3643217981059798
ParkG,frequency,lawgp_r4,154,570 g,0.57,1.0,290.0,0.4812,0.43432415841471944,0.36433036195249224
ParkG,frequency,lawgp_r4,155,570 g,0.57,1.0,295.0,0.1925,0.41605272092121365,0.36433130293039045
ParkG,frequency,lawgp_r4,156,870 g,0.87,1.0,105.0,0.242,0.3412277195615183,0.585023424917903
ParkG,frequency,lawgp_r4,157,870 g,0.87,1.0,110.0,0.2901,0.34634164223525815,0.5836927690443613
ParkG,frequency,lawgp_r4,158,870 g,0.87,1.0,115.0,0.3262,0.35461588221750273,0.580408035732202
ParkG,frequency,lawgp_r4,159,870 g,0.87,1.0,120.0,0.4645,0.3679929765461422,0.5727816737630972
ParkG,frequency,lawgp_r4,160,870 g,0.87,1.0,125.0,0.5186,0.3891878611457621,0.5563814221251122
ParkG,frequency,lawgp_r4,161,870 g,0.87,1.0,130.0,0.4224,0.421405026828074,0.5244555787678823
ParkG,frequency,lawgp_r4,162,870 g,0.87,1.0,135.0,0.2901,0.4670268173181573,0.47045794626829956
ParkG,frequency,lawgp_r4,163,870 g,0.87,1.0,140.0,0.1337,0.5240459745523487,0.3980788723701684
ParkG,frequency,lawgp_r4,164,870 g,0.87,1.0,145.0,0.5306,0.18200534929230133,0.3840071190835351
ParkG,frequency,lawgp_r4,165,870 g,0.87,1.0,150.0,0.7171,0.17797335920504584,0.4479741844254585
ParkG,frequency,lawgp_r4,166,870 g,0.87,1.0,155.0,0.6148,0.19020721690889905,0.49397029267770787
ParkG,frequency,lawgp_r4,167,870 g,0.87,1.0,160.0,0.2961,0.2037800338520773,0.5161611657940934
ParkG,frequency,lawgp_r4,168,870 g,0.87,1.0,165.0,0.1758,0.21070476748395506,0.5161611422252753
ParkG,frequency,lawgp_r4,169,870 g,0.87,1.0,170.0,0.1397,0.20794816865167698,0.49397022090292186
ParkG,frequency,lawgp_r4,170,870 g,0.87,1.0,175.0,0.1337,0.19606705042029257,0.4479740455203482
ParkG,frequency,lawgp_r4,171,870 g,0.87,1.0,180.0,0.1397,0.1790912127339652,0.384006780825363
ParkG,frequency,lawgp_r4,172,870 g,0.87,1.0,185.0,0.1577,0.19244304606777501,0.38729343258536814
ParkG,frequency,lawgp_r4,173,870 g,0.87,1.0,190.0,0.1337,0.23281979514890394,0.44972077530012844
ParkG,frequency,lawgp_r4,174,870 g,0.87,1.0,195.0,0.1337,0.26692330247864615,0.4911276021984919
ParkG,frequency,lawgp_r4,175,870 g,0.87,1.0,200.0,0.2841,0.2898118538039029,0.50488988439075
ParkG,frequency,lawgp_r4,176,870 g,0.87,1.0,205.0,0.1638,0.3007944736863618,0.4911276021984919
ParkG,frequency,lawgp_r4,177,870 g,0.87,1.0,210.0,0.1217,0.3040269916783718,0.44972077530012855
ParkG,frequency,lawgp_r4,178,870 g,0.87,1.0,215.0,0.26,0.3119510110533598,0.3872934325853682
ParkG,frequency,lawgp_r4,179,870 g,0.87,1.0,220.0,0.3803,0.25960824016253203,0.3902238376094427
ParkG,frequency,lawgp_r4,180,870 g,0.87,1.0,225.0,0.3302,0.2776716918125225,0.4417090037137156
ParkG,frequency,lawgp_r4,181,870 g,0.87,1.0,230.0,0.4645,0.2835797594215289,0.4813144673175102
ParkG,frequency,lawgp_r4,182,870 g,0.87,1.0,235.0,1.1802,0.2804243408941157,0.5016069094262415
ParkG,frequency,lawgp_r4,183,870 g,0.87,1.0,240.0,1.3306,0.2806429008760257,0.501607331720545
ParkG,frequency,lawgp_r4,184,870 g,0.87,1.0,245.0,0.663,0.3110759387849581,0.4813158136011725
ParkG,frequency,lawgp_r4,185,870 g,0.87,1.0,250.0,0.5367,0.420762528086908,0.4417113958130314
ParkG,frequency,lawgp_r4,186,870 g,0.87,1.0,255.0,0.3382,0.6886584161649459,0.39022694320236284
ParkG,frequency,lawgp_r4,187,870 g,0.87,1.0,260.0,0.5908,0.34894245615208797,0.2830435630144409
ParkG,frequency,lawgp_r4,188,870 g,0.87,1.0,265.0,2.6417,0.3642661467063617,0.34286966491733656
ParkG,frequency,lawgp_r4,189,870 g,0.87,1.0,270.0,3.207,0.3711586204493906,0.3602646733414268
ParkG,frequency,lawgp_r4,190,870 g,0.87,1.0,275.0,4.7126,0.3662262450093954,0.36371110725769645
ParkG,frequency,lawgp_r4,191,870 g,0.87,1.0,280.0,7.357,0.35513914346243025,0.36424996545878147
ParkG,frequency,lawgp_r4,192,870 g,0.87,1.0,285.0,4.5001,0.3418400543405076,0.3643217981314403
ParkG,frequency,lawgp_r4,193,870 g,0.87,1.0,290.0,2.9003,0.3280909789981982,0.364330361956388
ParkG,frequency,lawgp_r4,194,870 g,0.87,1.0,295.0,2.7981,0.314545060705447,0.364331302931313
ParkG,frequency,lawgp_r4,195,1070 g,1.07,1.0,105.0,0.5131,0.34006001006522113,0.5850329014881857
ParkG,frequency,lawgp_r4,196,1070 g,1.07,1.0,110.0,0.3447,0.33813826740452063,0.5837108351751854
ParkG,frequency,lawgp_r4,197,1070 g,1.07,1.0,115.0,0.477,0.3341142831218213,0.5804392419774231
ParkG,frequency,lawgp_r4,198,1070 g,1.07,1.0,120.0,0.6574,0.3268109868754704,0.5728295269663072
ParkG,frequency,lawgp_r4,199,1070 g,1.07,1.0,125.0,0.6694,0.31472655725873466,0.5564448900293643
ParkG,frequency,lawgp_r4,200,1070 g,1.07,1.0,130.0,0.9099,0.2963366156222088,0.5245258413353742
ParkG,frequency,lawgp_r4,201,1070 g,1.07,1.0,135.0,1.2465,0.2709751214522122,0.47051939028441847
ParkG,frequency,lawgp_r4,202,1070 g,1.07,1.0,140.0,0.3628,0.24056282660636163,0.39811734850274483
ParkG,frequency,lawgp_r4,203,1070 g,1.07,1.0,145.0,0.1824,0.48204011643742417,0.3840325332928739
ParkG,frequency,lawgp_r4,204,1070 g,1.07,1.0,150.0,0.2065,0.36919254633053356,0.4480173923248612
ParkG,frequency,lawgp_r4,205,1070 g,1.07,1.0,155.0,0.1283,0.30669922794005,0.49402614775125075
ParkG,frequency,lawgp_r4,206,1070 g,1.07,1.0,160.0,0.2185,0.2731292745466945,0.5162227994119162
ParkG,frequency,lawgp_r4,207,1070 g,1.07,1.0,165.0,0.2125,0.25097414332903406,0.5162227758437676
ParkG,frequency,lawgp_r4,208,1070 g,1.07,1.0,170.0,0.2606,0.22971733858629462,0.4940260760578048
ParkG,frequency,lawgp_r4,209,1070 g,1.07,1.0,175.0,0.3207,0.20556365208686322,0.4480172538119989
ParkG,frequency,lawgp_r4,210,1070 g,1.07,1.0,180.0,0.1884,0.18123801903849085,0.3840321959618122
ParkG,frequency,lawgp_r4,211,1070 g,1.07,1.0,185.0,0.1343,0.26585172899244924,0.387362106340895
ParkG,frequency,lawgp_r4,212,1070 g,1.07,1.0,190.0,0.1524,0.28845655721084557,0.4498335312685766
ParkG,frequency,lawgp_r4,213,1070 g,1.07,1.0,195.0,0.1524,0.31644743953185994,0.4912685519792138
ParkG,frequency,lawgp_r4,214,1070 g,1.07,1.0,200.0,0.2425,0.34312769104013063,0.5050397806055652
ParkG,frequency,lawgp_r4,215,1070 g,1.07,1.0,205.0,0.1824,0.36702431802356056,0.4912685519792139
ParkG,frequency,lawgp_r4,216,1070 g,1.07,1.0,210.0,0.1223,0.39097722614052777,0.44983353126857656
ParkG,frequency,lawgp_r4,217,1070 g,1.07,1.0,215.0,0.2185,0.4197097004935564,0.387362106340895
ParkG,frequency,lawgp_r4,218,1070 g,1.07,1.0,220.0,0.3628,0.26344538974692433,0.39023439715709035
ParkG,frequency,lawgp_r4,219,1070 g,1.07,1.0,225.0,0.6153,0.30113170770937525,0.4417269695948448
ParkG,frequency,lawgp_r4,220,1070 g,1.07,1.0,230.0,0.459,0.33087987202089747,0.4813385714894535
ParkG,frequency,lawgp_r4,221,1070 g,1.07,1.0,235.0,0.1704,0.35090527623575035,0.5016343441839628
ParkG,frequency,lawgp_r4,222,1070 g,1.07,1.0,240.0,0.2666,0.3675298071605223,0.5016347663160279
ParkG,frequency,lawgp_r4,223,1070 g,1.07,1.0,245.0,0.2065,0.3987212867413025,0.48133991740362525
ParkG,frequency,lawgp_r4,224,1070 g,1.07,1.0,250.0,0.2726,0.4809150176713098,0.4417293614666346
ParkG,frequency,lawgp_r4,225,1070 g,1.07,1.0,255.0,0.5612,0.6794185797282319,0.3902375032107964
ParkG,frequency,lawgp_r4,226,1070 g,1.07,1.0,260.0,0.7536,0.44785264512505907,0.28304375870011783
ParkG,frequency,lawgp_r4,227,1070 g,1.07,1.0,265.0,1.7996,0.3428863025974305,0.34286993371840285
ParkG,frequency,lawgp_r4,228,1070 g,1.07,1.0,270.0,3.982,0.26594450337327874,0.3602648605466004
ParkG,frequency,lawgp_r4,229,1070 g,1.07,1.0,275.0,4.499,0.2242019215403858,0.363711190156556
ParkG,frequency,lawgp_r4,230,1070 g,1.07,1.0,280.0,5.6773,0.20237275193427165,0.3642499918915384
ParkG,frequency,lawgp_r4,231,1070 g,1.07,1.0,285.0,5.3767,0.18939243251508803,0.36432180470716163
ParkG,frequency,lawgp_r4,232,1070 g,1.07,1.0,290.0,2.4369,0.17996788811440195,0.36433036330446744
ParkG,frequency,lawgp_r4,233,1070 g,1.07,1.0,295.0,1.4089,0.17197634851004867,0.3643313031681646
ParkT,loo,gp,0,70 g,0.07,1.0,15.0,0.3001,0.28431994174978464,0.2778056935948479
ParkT,loo,gp,1,70 g,0.07,1.0,20.0,0.2647,0.32648260295872056,0.2039789034368005
ParkT,loo,gp,2,70 g,0.07,1.0,25.0,0.3492,0.38938365326319985,0.2038824875089176
ParkT,loo,gp,3,70 g,0.07,1.0,30.0,0.4731,0.44665240837846465,0.2032601736788466
ParkT,loo,gp,4,70 g,0.07,1.0,35.0,0.534,0.3850510034759006,0.20324117913210474
ParkT,loo,gp,5,70 g,0.07,1.0,40.0,0.2706,0.41717129756692084,0.23215205303978187
ParkT,loo,gp,6,70 g,0.07,1.0,50.0,0.1213,0.20077588731130608,0.2324708089261332
ParkT,loo,gp,7,70 g,0.07,1.0,55.0,0.1802,0.1494249512046507,0.23373254548374456
ParkT,loo,gp,8,70 g,0.07,1.0,65.0,0.2274,0.3003440587490921,0.36213129153340734
ParkT,loo,gp,9,70 g,0.07,1.0,85.0,0.3591,0.4071889137809129,0.26677669451493535
ParkT,loo,gp,10,70 g,0.07,1.0,90.0,0.4337,0.4239902726613661,0.203471657455006
ParkT,loo,gp,11,70 g,0.07,1.0,95.0,0.4907,0.49030829810781906,0.20355749335617596
ParkT,loo,gp,12,70 g,0.07,1.0,100.0,0.5418,0.5615303931137956,0.2028173956572995
ParkT,loo,gp,13,70 g,0.07,1.0,105.0,0.6244,0.5874815365304641,0.20275100594240483
ParkT,loo,gp,14,70 g,0.07,1.0,110.0,0.6303,0.630270360519704,0.20276372880539484
ParkT,loo,gp,15,70 g,0.07,1.0,115.0,0.6421,0.6487596203871452,0.20276455188900852
ParkT,loo,gp,16,70 g,0.07,1.0,120.0,0.6735,0.6761953192514465,0.20276529387506168
ParkT,loo,gp,17,70 g,0.07,1.0,125.0,0.7108,0.7358732561390213,0.20272154020899447
ParkT,loo,gp,18,70 g,0.07,1.0,130.0,0.8032,0.7453755447431158,0.20271994005573934
ParkT,loo,gp,19,70 g,0.07,1.0,135.0,0.7777,0.7790157989757005,0.20275748214163397
ParkT,loo,gp,20,70 g,0.07,1.0,140.0,0.7541,0.7439846873622838,0.2027593959701432
ParkT,loo,gp,21,70 g,0.07,1.0,145.0,0.7089,0.7001871084984632,0.20273573327640806
ParkT,loo,gp,22,70 g,0.07,1.0,150.0,0.648,0.6843833455512256,0.20276266753965572
ParkT,loo,gp,23,70 g,0.07,1.0,155.0,0.6362,0.6443432741909286,0.20272838059064768
ParkT,loo,gp,24,70 g,0.07,1.0,160.0,0.648,0.5129265432674932,0.20218331411148366
ParkT,loo,gp,25,70 g,0.07,1.0,165.0,0.3768,0.5100038145355159,0.2017038761696877
ParkT,loo,gp,26,70 g,0.07,1.0,170.0,0.3689,0.30676903615651885,0.2023406140551291
ParkT,loo,gp,27,70 g,0.07,1.0,175.0,0.2274,0.2706791568906606,0.20273375075100064
ParkT,loo,gp,28,70 g,0.07,1.0,180.0,0.1999,0.22558469220661576,0.20284081640722762
ParkT,loo,gp,29,70 g,0.07,1.0,185.0,0.2195,0.2196086732240236,0.20299699534327023
ParkT,loo,gp,30,70 g,0.07,1.0,190.0,0.2431,0.23136544950908483,0.20337579391537844
ParkT,loo,gp,31,70 g,0.07,1.0,195.0,0.2372,0.2598950978972992,0.23214657382476864
ParkT,loo,gp,32,70 g,0.07,1.0,205.0,0.2569,0.3165741689690106,0.2926834954429471
ParkT,loo,gp,33,70 g,0.07,1.0,215.0,0.3198,0.28276413426662744,0.2323809087482
ParkT,loo,gp,34,70 g,0.07,1.0,220.0,0.2687,0.306612195732607,0.23241216709966628
ParkT,loo,gp,35,70 g,0.07,1.0,230.0,0.2176,0.22759737972562788,0.23250516666579485
ParkT,loo,gp,36,70 g,0.07,1.0,235.0,0.1861,0.20281087281751242,0.20340803451836614
ParkT,loo,gp,37,70 g,0.07,1.0,240.0,0.1783,0.17712350650420755,0.20402191543141013
ParkT,loo,gp,38,70 g,0.07,1.0,245.0,0.1684,0.17478864141823325,0.20385420403771046
ParkT,loo,gp,39,70 g,0.07,1.0,250.0,0.1704,0.24348293634628043,0.27776820230478344
ParkT,loo,gp,40,170 g,0.17,1.0,10.0,0.0722,0.1890283904096985,0.2776854595215153
ParkT,loo,gp,41,170 g,0.17,1.0,15.0,0.1016,0.11857217290623118,0.20377201772612796
ParkT,loo,gp,42,170 g,0.17,1.0,20.0,0.1567,0.12111230269554579,0.20381304075673914
ParkT,loo,gp,43,170 g,0.17,1.0,25.0,0.1567,0.14303051266051925,0.20283461859388136
ParkT,loo,gp,44,170 g,0.17,1.0,30.0,0.1272,0.21107857418846332,0.20286806448232636
ParkT,loo,gp,45,170 g,0.17,1.0,35.0,0.2412,0.2551193492003937,0.20288625389965073
ParkT,loo,gp,46,170 g,0.17,1.0,40.0,0.3316,0.33179130130497425,0.2033316260903208
ParkT,loo,gp,47,170 g,0.17,1.0,45.0,0.4102,0.2678022804612583,0.20312899584792315
ParkT,loo,gp,48,170 g,0.17,1.0,50.0,0.1704,0.34948316937468427,0.2535837068468701
ParkT,loo,gp,49,170 g,0.17,1.0,65.0,0.0702,0.2719067435963488,0.253346681121028
ParkT,loo,gp,50,170 g,0.17,1.0,70.0,0.2706,0.1892631579819828,0.2034499790131481
ParkT,loo,gp,51,170 g,0.17,1.0,75.0,0.2923,0.18921756080303725,0.20354637284466184
ParkT,loo,gp,52,170 g,0.17,1.0,80.0,0.0957,0.19763722668914185,0.202415477918776
ParkT,loo,gp,53,170 g,0.17,1.0,85.0,0.0584,0.088441341147103,0.20288895415108626
ParkT,loo,gp,54,170 g,0.17,1.0,90.0,0.0525,0.04986544708005358,0.20274761928081456
ParkT,loo,gp,55,170 g,0.17,1.0,95.0,0.0505,0.07008268474607915,0.20272330389220525
ParkT,loo,gp,56,170 g,0.17,1.0,100.0,0.0781,0.08812989554612571,0.202803180951998
ParkT,loo,gp,57,170 g,0.17,1.0,105.0,0.1095,0.09250949418807503,0.2029874303619742
ParkT,loo,gp,58,170 g,0.17,1.0,110.0,0.0898,0.12477503432913217,0.20328370925915415
ParkT,loo,gp,59,170 g,0.17,1.0,115.0,0.1252,0.1367503507038767,0.23209449519193556
ParkT,loo,gp,60,170 g,0.17,1.0,125.0,0.1979,0.2855604487530906,0.23197986248830604
ParkT,loo,gp,61,170 g,0.17,1.0,130.0,0.3237,0.2592624216066279,0.20330894849430858
ParkT,loo,gp,62,170 g,0.17,1.0,135.0,0.2923,0.26859166990816663,0.20304282649960012
ParkT,loo,gp,63,170 g,0.17,1.0,140.0,0.192,0.2334546146732624,0.20278389334535993
ParkT,loo,gp,64,170 g,0.17,1.0,145.0,0.139,0.1633257166032256,0.20277440837490807
ParkT,loo,gp,65,170 g,0.17,1.0,150.0,0.1213,0.11926743588606653,0.20274985587301944
ParkT,loo,gp,66,170 g,0.17,1.0,155.0,0.1252,0.11683404545083664,0.20272269884058997
ParkT,loo,gp,67,170 g,0.17,1.0,160.0,0.1174,0.2155777297660446,0.2024528365925398
ParkT,loo,gp,68,170 g,0.17,1.0,165.0,0.3021,0.25863722334999645,0.20269297437671174
ParkT,loo,gp,69,170 g,0.17,1.0,170.0,0.418,0.3647011256558938,0.20263791287168534
ParkT,loo,gp,70,170 g,0.17,1.0,175.0,0.4318,0.5439277949166864,0.20221109355114825
ParkT,loo,gp,71,170 g,0.17,1.0,180.0,0.6578,0.5876202862338104,0.20242681511336094
ParkT,loo,gp,72,170 g,0.17,1.0,185.0,0.7325,0.7312582103178302,0.20276332917932932
ParkT,loo,gp,73,170 g,0.17,1.0,190.0,0.813,0.8137801942094709,0.20276059321590445
ParkT,loo,gp,74,170 g,0.17,1.0,195.0,0.8897,0.8531484644881756,0.20271562340055352
ParkT,loo,gp,75,170 g,0.17,1.0,200.0,0.9113,0.9141711440400468,0.2027677426663006
ParkT,loo,gp,76,170 g,0.17,1.0,205.0,0.9486,0.994461387895041,0.202651421064108
ParkT,loo,gp,77,170 g,0.17,1.0,210.0,1.1078,1.0136354061646362,0.2023993236121181
ParkT,loo,gp,78,170 g,0.17,1.0,215.0,1.1137,1.1509821554497446,0.2026458971567429
ParkT,loo,gp,79,170 g,0.17,1.0,220.0,1.2375,1.2103491377491569,0.20269768055183074
ParkT,loo,gp,80,170 g,0.17,1.0,225.0,1.3259,1.3199846741644419,0.20277693496739388
ParkT,loo,gp,81,170 g,0.17,1.0,230.0,1.4301,1.403312914432353,0.20285119549407835
ParkT,loo,gp,82,170 g,0.17,1.0,235.0,1.5205,1.436761450039918,0.2026658816904906
ParkT,loo,gp,83,170 g,0.17,1.0,240.0,1.4891,1.5183459942966286,0.20276806688236015
ParkT,loo,gp,84,170 g,0.17,1.0,245.0,1.5578,1.5573213414391964,0.2027773798113467
ParkT,loo,gp,85,170 g,0.17,1.0,250.0,1.66,1.6174955931568942,0.2027645871333123
ParkT,loo,gp,86,170 g,0.17,1.0,255.0,1.7072,1.6870315195758216,0.20302478751894404
ParkT,loo,gp,87,170 g,0.17,1.0,260.0,1.7858,1.6316131387451365,0.20320602128500515
ParkT,loo,gp,88,170 g,0.17,1.0,265.0,1.7504,1.719768900926694,0.2053289286847442
ParkT,loo,gp,89,170 g,0.17,1.0,270.0,1.7052,2.247598438640565,0.2077425818714114
ParkT,loo,gp,90,170 g,0.17,1.0,275.0,2.4756,2.438940503929566,0.20275760793698924
ParkT,loo,gp,91,170 g,0.17,1.0,280.0,2.9236,2.0634609610167347,0.2204558786171024
ParkT,loo,gp,92,170 g,0.17,1.0,285.0,2.9295,1.7855683955536978,0.1594470488998148
ParkT,loo,gp,93,170 g,0.17,1.0,290.0,0.5065,1.7033464752792022,0.15702161682817542
ParkT,loo,gp,94,170 g,0.17,1.0,295.0,0.4475,0.4378241818833914,0.20326876268213429
ParkT,loo,gp,95,170 g,0.17,1.0,300.0,0.3807,0.5470916879970492,0.5615479813150519
ParkT,loo,gp,96,270 g,0.27,1.0,10.0,0.1331,0.21357652107803132,0.27671552069801125
ParkT,loo,gp,97,270 g,0.27,1.0,15.0,0.1665,0.1252453453652097,0.20358817661794007
ParkT,loo,gp,98,270 g,0.27,1.0,20.0,0.1095,0.1770265760266932,0.20353212104636811
ParkT,loo,gp,99,270 g,0.27,1.0,25.0,0.1822,0.15266482901449419,0.2028040700562259
ParkT,loo,gp,100,270 g,0.27,1.0,30.0,0.1763,0.18188379542454947,0.20275608788697094
ParkT,loo,gp,101,270 g,0.27,1.0,35.0,0.1704,0.192798572170772,0.20274681077850723
ParkT,loo,gp,102,270 g,0.27,1.0,40.0,0.194,0.183985025550094,0.2027202385846878
ParkT,loo,gp,103,270 g,0.27,1.0,45.0,0.1626,0.2335028695075927,0.2024545688561835
ParkT,loo,gp,104,270 g,0.27,1.0,50.0,0.2628,0.164331652494425,0.20228979034373634
ParkT,loo,gp,105,270 g,0.27,1.0,55.0,0.1311,0.22753746503580263,0.20202450493429974
ParkT,loo,gp,106,270 g,0.27,1.0,60.0,0.1861,0.11826318112945605,0.20239764576980462
ParkT,loo,gp,107,270 g,0.27,1.0,65.0,0.0898,0.14686061413454765,0.2028076194390909
ParkT,loo,gp,108,270 g,0.27,1.0,70.0,0.1056,0.1636110554471888,0.20279631264009365
ParkT,loo,gp,109,270 g,0.27,1.0,75.0,0.194,0.18300200709844494,0.20278944273762595
ParkT,loo,gp,110,270 g,0.27,1.0,80.0,0.253,0.1536564294885155,0.20280256993930387
ParkT,loo,gp,111,270 g,0.27,1.0,85.0,0.1193,0.1762881155506934,0.20274594796930737
ParkT,loo,gp,112,270 g,0.27,1.0,90.0,0.0977,0.171728578894143,0.2032429123310988
ParkT,loo,gp,113,270 g,0.27,1.0,95.0,0.1586,0.25823502523147446,0.20218487862853174
ParkT,loo,gp,114,270 g,0.27,1.0,100.0,0.4121,0.18962483774055194,0.20184277066000494
ParkT,loo,gp,115,270 g,0.27,1.0,105.0,0.2097,0.28880865515646587,0.2020892531841944
ParkT,loo,gp,116,270 g,0.27,1.0,110.0,0.1449,0.18481461258544707,0.20290983733943155
ParkT,loo,gp,117,270 g,0.27,1.0,115.0,0.0957,0.13278353078158028,0.20279833040912248
ParkT,loo,gp,118,270 g,0.27,1.0,120.0,0.1193,0.09013901672681052,0.20276579577522347
ParkT,loo,gp,119,270 g,0.27,1.0,125.0,0.0997,0.10075034654892373,0.20274719351904663
ParkT,loo,gp,120,270 g,0.27,1.0,130.0,0.1115,0.13479662223310124,0.20285360933141838
ParkT,loo,gp,121,270 g,0.27,1.0,135.0,0.1783,0.260478028552782,0.20306968019818097
ParkT,loo,gp,122,270 g,0.27,1.0,140.0,0.365,0.41475659218826233,0.20249344386989923
ParkT,loo,gp,123,270 g,0.27,1.0,145.0,0.6165,0.42110712494915203,0.20285347493939931
ParkT,loo,gp,124,270 g,0.27,1.0,150.0,0.4534,0.4652042409096678,0.202680517090621
ParkT,loo,gp,125,270 g,0.27,1.0,155.0,0.2746,0.3488097524887399,0.2028522288782299
ParkT,loo,gp,126,270 g,0.27,1.0,160.0,0.1901,0.20801294905937895,0.20283931361300972
ParkT,loo,gp,127,270 g,0.27,1.0,165.0,0.1409,0.14913391348954053,0.2027555273193351
ParkT,loo,gp,128,270 g,0.27,1.0,170.0,0.1272,0.13082155892787667,0.2027466173002876
ParkT,loo,gp,129,270 g,0.27,1.0,175.0,0.1213,0.13221557575863563,0.2027423271235029
ParkT,loo,gp,130,270 g,0.27,1.0,180.0,0.1233,0.1344156363271059,0.2027414245974794
ParkT,loo,gp,131,270 g,0.27,1.0,185.0,0.1272,0.13605719638384906,0.20273722708544548
ParkT,loo,gp,132,270 g,0.27,1.0,190.0,0.1488,0.12750602951592682,0.2026884065032028
ParkT,loo,gp,133,270 g,0.27,1.0,195.0,0.1311,0.19390381011645486,0.202819331628196
ParkT,loo,gp,134,270 g,0.27,1.0,200.0,0.2156,0.2690511317148629,0.20265454273965
ParkT,loo,gp,135,270 g,0.27,1.0,205.0,0.3944,0.2856580171169941,0.20239629013989663
ParkT,loo,gp,136,270 g,0.27,1.0,210.0,0.3355,0.3945359671758934,0.20237267069838058
ParkT,loo,gp,137,270 g,0.27,1.0,215.0,0.3689,0.3426668649588426,0.20271330802796197
ParkT,loo,gp,138,270 g,0.27,1.0,220.0,0.3119,0.3181618908438975,0.20275683991235086
ParkT,loo,gp,139,270 g,0.27,1.0,225.0,0.2628,0.29005432215249505,0.2027699257520467
ParkT,loo,gp,140,270 g,0.27,1.0,230.0,0.2588,0.2730897600450239,0.2027615537749236
ParkT,loo,gp,141,270 g,0.27,1.0,235.0,0.2805,0.2759715863601954,0.20275125069828437
ParkT,loo,gp,142,270 g,0.27,1.0,240.0,0.2903,0.2963110808825291,0.20274587804031396
ParkT,loo,gp,143,270 g,0.27,1.0,245.0,0.306,0.30467589469216205,0.20275217367972526
ParkT,loo,gp,144,270 g,0.27,1.0,250.0,0.308,0.3225306439579121,0.20275184232092305
ParkT,loo,gp,145,270 g,0.27,1.0,255.0,0.3296,0.3366385918834205,0.20275508112229923
ParkT,loo,gp,146,270 g,0.27,1.0,260.0,0.3591,0.35662684751396867,0.20275237485575465
ParkT,loo,gp,147,270 g,0.27,1.0,265.0,0.3787,0.3905970515708236,0.20274527732063602
ParkT,loo,gp,148,270 g,0.27,1.0,270.0,0.418,0.4137142207866292,0.20275396499418538
ParkT,loo,gp,149,270 g,0.27,1.0,275.0,0.4475,0.4488450207321578,0.20275498708951797
ParkT,loo,gp,150,270 g,0.27,1.0,280.0,0.4868,0.49174164522120295,0.20275913164496603
ParkT,loo,gp,151,270 g,0.27,1.0,285.0,0.5418,0.5572683026058014,0.20275385944521634
ParkT,loo,gp,152,270 g,0.27,1.0,290.0,0.6381,0.6277303251243149,0.2027575767684615
ParkT,loo,gp,153,270 g,0.27,1.0,295.0,0.7344,0.7183989934129001,0.20275140578192974
ParkT,loo,gp,154,270 g,0.27,1.0,300.0,0.8229,0.8366899366570483,0.2027593575524325
ParkT,loo,gp,155,270 g,0.27,1.0,305.0,0.9585,0.956598990456657,0.20276563809440531
ParkT,loo,gp,156,270 g,0.27,1.0,310.0,1.1196,1.0826416463598054,0.2027570151535886
ParkT,loo,gp,157,270 g,0.27,1.0,315.0,1.2473,1.2414208965558933,0.20277254281563395
ParkT,loo,gp,158,270 g,0.27,1.0,320.0,1.4104,1.3901046035400149,0.20269612857908129
ParkT,loo,gp,159,270 g,0.27,1.0,325.0,1.5598,1.5748881810436064,0.20276314191806785
ParkT,loo,gp,160,270 g,0.27,1.0,330.0,1.7386,1.7005348152985003,0.20314919443510474
ParkT,loo,gp,161,270 g,0.27,1.0,335.0,1.8644,1.1166733567876732,0.32715237642766987
ParkT,loo,gp,162,270 g,0.27,1.0,340.0,1.8172,1.6359768350369257,0.19847858058492565
ParkT,loo,gp,163,270 g,0.27,1.0,345.0,1.4832,2.0393150292796642,0.19724694703552437
ParkT,loo,gp,164,270 g,0.27,1.0,350.0,1.9823,1.8878012593330387,0.20587336201325354
ParkT,loo,gp,165,270 g,0.27,1.0,355.0,2.4225,1.173996925362998,0.16283697286870447
ParkT,loo,gp,166,270 g,0.27,1.0,360.0,0.3787,1.4041338348906829,0.1616903756308732
ParkT,loo,gp,167,270 g,0.27,1.0,365.0,0.2549,0.47716404076268376,0.2124900204293343
ParkT,loo,gp,168,270 g,0.27,1.0,370.0,0.2353,-0.01229580698381505,0.2771023876940666
ParkT,loo,lawgp,0,70 g,0.07,1.0,15.0,0.3001,0.20042329582734858,0.2621801942139326
ParkT,loo,lawgp,1,70 g,0.07,1.0,20.0,0.2647,0.3051917034757652,0.1970376630941353
ParkT,loo,lawgp,2,70 g,0.07,1.0,25.0,0.3492,0.35647728370065035,0.19583558286866834
ParkT,loo,lawgp,3,70 g,0.07,1.0,30.0,0.4731,0.4563592535355971,0.19582974658266536
ParkT,loo,lawgp,4,70 g,0.07,1.0,35.0,0.534,0.3834047259537133,0.1955995213816215
ParkT,loo,lawgp,5,70 g,0.07,1.0,40.0,0.2706,0.3863254070438245,0.23548894958458824
ParkT,loo,lawgp,6,70 g,0.07,1.0,50.0,0.1213,0.1656082045841836,0.23690189576609227
ParkT,loo,lawgp,7,70 g,0.07,1.0,55.0,0.1802,0.1461851205268359,0.2388948607164754
ParkT,loo,lawgp,8,70 g,0.07,1.0,65.0,0.2274,0.20743939288765106,0.3470885582161291
ParkT,loo,lawgp,9,70 g,0.07,1.0,85.0,0.3591,0.34908456477636884,0.26040767257499653
ParkT,loo,lawgp,10,70 g,0.07,1.0,90.0,0.4337,0.4123596449110284,0.1969388091941962
ParkT,loo,lawgp,11,70 g,0.07,1.0,95.0,0.4907,0.4735674723524309,0.19582806907480704
ParkT,loo,lawgp,12,70 g,0.07,1.0,100.0,0.5418,0.5450629856687887,0.19562198020057073
ParkT,loo,lawgp,13,70 g,0.07,1.0,105.0,0.6244,0.5702871042682687,0.19560548216019683
ParkT,loo,lawgp,14,70 g,0.07,1.0,110.0,0.6303,0.6162680833950719,0.19563085733722094
ParkT,loo,lawgp,15,70 g,0.07,1.0,115.0,0.6421,0.6256759814439027,0.19562329687149255
ParkT,loo,lawgp,16,70 g,0.07,1.0,120.0,0.6735,0.6461120869457704,0.19561116560140399
ParkT,loo,lawgp,17,70 g,0.07,1.0,125.0,0.7108,0.7173840322472439,0.19560229744285745
ParkT,loo,lawgp,18,70 g,0.07,1.0,130.0,0.8032,0.725275428831766,0.19557737648658763
ParkT,loo,lawgp,19,70 g,0.07,1.0,135.0,0.7777,0.7661213049285054,0.19563475238539582
ParkT,loo,lawgp,20,70 g,0.07,1.0,140.0,0.7541,0.7239528048874483,0.19563259117976295
ParkT,loo,lawgp,21,70 g,0.07,1.0,145.0,0.7089,0.6742310112799048,0.19561265709028824
ParkT,loo,lawgp,22,70 g,0.07,1.0,150.0,0.648,0.6558330227106591,0.19561072002880325
ParkT,loo,lawgp,23,70 g,0.07,1.0,155.0,0.6362,0.6468866563428363,0.19558763062354087
ParkT,loo,lawgp,24,70 g,0.07,1.0,160.0,0.648,0.5004895539844284,0.19508304246548666
ParkT,loo,lawgp,25,70 g,0.07,1.0,165.0,0.3768,0.5157069834843847,0.19491570264423033
ParkT,loo,lawgp,26,70 g,0.07,1.0,170.0,0.3689,0.28581272918857303,0.195286131756245
ParkT,loo,lawgp,27,70 g,0.07,1.0,175.0,0.2274,0.2794388520531168,0.1955511880332565
ParkT,loo,lawgp,28,70 g,0.07,1.0,180.0,0.1999,0.22278399252285996,0.19564244087482593
ParkT,loo,lawgp,29,70 g,0.07,1.0,185.0,0.2195,0.2279653797791113,0.19578542918515948
ParkT,loo,lawgp,30,70 g,0.07,1.0,190.0,0.2431,0.2422218638231915,0.19589950354259061
ParkT,loo,lawgp,31,70 g,0.07,1.0,195.0,0.2372,0.2775604628932858,0.23667318778569477
ParkT,loo,lawgp,32,70 g,0.07,1.0,205.0,0.2569,0.3593158265314058,0.3067608768634335
ParkT,loo,lawgp,33,70 g,0.07,1.0,215.0,0.3198,0.307376499003586,0.23775296044755118
ParkT,loo,lawgp,34,70 g,0.07,1.0,220.0,0.2687,0.3411113929452264,0.2369364054828595
ParkT,loo,lawgp,35,70 g,0.07,1.0,230.0,0.2176,0.26525420743762035,0.235906548050134
ParkT,loo,lawgp,36,70 g,0.07,1.0,235.0,0.1861,0.22705275487369814,0.19594688569378027
ParkT,loo,lawgp,37,70 g,0.07,1.0,240.0,0.1783,0.20011851495441446,0.19602582502876395
ParkT,loo,lawgp,38,70 g,0.07,1.0,245.0,0.1684,0.1807897749351518,0.19713667636507154
ParkT,loo,lawgp,39,70 g,0.07,1.0,250.0,0.1704,0.40620597957110527,0.26192697336119597
ParkT,loo,lawgp,40,170 g,0.17,1.0,10.0,0.0722,0.11565510793416799,0.26228869098352964
ParkT,loo,lawgp,41,170 g,0.17,1.0,15.0,0.1016,0.11836265227284616,0.19707123833601564
ParkT,loo,lawgp,42,170 g,0.17,1.0,20.0,0.1567,0.1349956514593737,0.1958312031876775
ParkT,loo,lawgp,43,170 g,0.17,1.0,25.0,0.1567,0.13872431975222566,0.19561643296124206
ParkT,loo,lawgp,44,170 g,0.17,1.0,30.0,0.1272,0.1887641748142095,0.19557165820939998
ParkT,loo,lawgp,45,170 g,0.17,1.0,35.0,0.2412,0.22560933128296562,0.19560058552870443
ParkT,loo,lawgp,46,170 g,0.17,1.0,40.0,0.3316,0.351456592807336,0.19575415215098546
ParkT,loo,lawgp,47,170 g,0.17,1.0,45.0,0.4102,0.26847932815075276,0.19622039234751604
ParkT,loo,lawgp,48,170 g,0.17,1.0,50.0,0.1704,0.32942427247550016,0.25388718169675173
ParkT,loo,lawgp,49,170 g,0.17,1.0,65.0,0.0702,0.23750133371170468,0.2538500028620635
ParkT,loo,lawgp,50,170 g,0.17,1.0,70.0,0.2706,0.2046284454453926,0.19655239355542423
ParkT,loo,lawgp,51,170 g,0.17,1.0,75.0,0.2923,0.20940195689303817,0.19575587519955212
ParkT,loo,lawgp,52,170 g,0.17,1.0,80.0,0.0957,0.19056341652806685,0.19544492476192818
ParkT,loo,lawgp,53,170 g,0.17,1.0,85.0,0.0584,0.06803169186201591,0.1956366752424969
ParkT,loo,lawgp,54,170 g,0.17,1.0,90.0,0.0525,0.054820578545410725,0.1956194999518346
ParkT,loo,lawgp,55,170 g,0.17,1.0,95.0,0.0505,0.0775768133095345,0.1956199015056736
ParkT,loo,lawgp,56,170 g,0.17,1.0,100.0,0.0781,0.09522495758836752,0.19562260916489566
ParkT,loo,lawgp,57,170 g,0.17,1.0,105.0,0.1095,0.09678347100445997,0.19576305981608588
ParkT,loo,lawgp,58,170 g,0.17,1.0,110.0,0.0898,0.13063476458559947,0.1958693897275134
ParkT,loo,lawgp,59,170 g,0.17,1.0,115.0,0.1252,0.1353930973618391,0.23577616495245643
ParkT,loo,lawgp,60,170 g,0.17,1.0,125.0,0.1979,0.29199543853162846,0.23567665558869547
ParkT,loo,lawgp,61,170 g,0.17,1.0,130.0,0.3237,0.2679218851820756,0.19581878508009054
ParkT,loo,lawgp,62,170 g,0.17,1.0,135.0,0.2923,0.2833939798695728,0.19577927446767793
ParkT,loo,lawgp,63,170 g,0.17,1.0,140.0,0.192,0.2308714027281564,0.19562227973952268
ParkT,loo,lawgp,64,170 g,0.17,1.0,145.0,0.139,0.16444064160609245,0.19563955852222784
ParkT,loo,lawgp,65,170 g,0.17,1.0,150.0,0.1213,0.13914751519050694,0.19561994538120198
ParkT,loo,lawgp,66,170 g,0.17,1.0,155.0,0.1252,0.11922539528163517,0.19560361369152
ParkT,loo,lawgp,67,170 g,0.17,1.0,160.0,0.1174,0.22268860883567787,0.19547548165737785
ParkT,loo,lawgp,68,170 g,0.17,1.0,165.0,0.3021,0.274768756656503,0.19558403604979255
ParkT,loo,lawgp,69,170 g,0.17,1.0,170.0,0.418,0.37232433620099886,0.19553340259348984
ParkT,loo,lawgp,70,170 g,0.17,1.0,175.0,0.4318,0.5480872912153779,0.19526388570354938
ParkT,loo,lawgp,71,170 g,0.17,1.0,180.0,0.6578,0.5777526646621125,0.19538975913321097
ParkT,loo,lawgp,72,170 g,0.17,1.0,185.0,0.7325,0.7417199255748542,0.19560414097933948
ParkT,loo,lawgp,73,170 g,0.17,1.0,190.0,0.813,0.8144191865051916,0.19561621827070075
ParkT,loo,lawgp,74,170 g,0.17,1.0,195.0,0.8897,0.8523796236967716,0.19560760666647573
ParkT,loo,lawgp,75,170 g,0.17,1.0,200.0,0.9113,0.9037289903931407,0.19561511273935814
ParkT,loo,lawgp,76,170 g,0.17,1.0,205.0,0.9486,0.9959506254218471,0.19551482584905217
ParkT,loo,lawgp,77,170 g,0.17,1.0,210.0,1.1078,1.008932403526173,0.19538694932560347
ParkT,loo,lawgp,78,170 g,0.17,1.0,215.0,1.1137,1.158359545123132,0.19548797724624087
ParkT,loo,lawgp,79,170 g,0.17,1.0,220.0,1.2375,1.1940311362611318,0.19557131165122765
ParkT,loo,lawgp,80,170 g,0.17,1.0,225.0,1.3259,1.314392078409388,0.19562179978314534
ParkT,loo,lawgp,81,170 g,0.17,1.0,230.0,1.4301,1.4104362753547046,0.19563952299995002
ParkT,loo,lawgp,82,170 g,0.17,1.0,235.0,1.5205,1.4373839639075352,0.19554801309298736
ParkT,loo,lawgp,83,170 g,0.17,1.0,240.0,1.4891,1.513540955969549,0.19555763301295112
ParkT,loo,lawgp,84,170 g,0.17,1.0,245.0,1.5578,1.541298175223158,0.19560523440101787
ParkT,loo,lawgp,85,170 g,0.17,1.0,250.0,1.66,1.6072179798731088,0.19556811856219147
ParkT,loo,lawgp,86,170 g,0.17,1.0,255.0,1.7072,1.7201618059120654,0.19555576956103535
ParkT,loo,lawgp,87,170 g,0.17,1.0,260.0,1.7858,1.696518963225297,0.19570330666917632
ParkT,loo,lawgp,88,170 g,0.17,1.0,265.0,1.7504,1.6453928783911447,0.19510102445942656
ParkT,loo,lawgp,89,170 g,0.17,1.0,270.0,1.7052,2.028138397536271,0.1942337252412569
ParkT,loo,lawgp,90,170 g,0.17,1.0,275.0,2.4756,2.322044345262146,0.19445809434682826
ParkT,loo,lawgp,91,170 g,0.17,1.0,280.0,2.9236,2.8991975711438123,0.19603818945508128
ParkT,loo,lawgp,92,170 g,0.17,1.0,285.0,2.9295,1.7875766033904885,0.15453348768274894
ParkT,loo,lawgp,93,170 g,0.17,1.0,290.0,0.5065,1.7081415936164195,0.14956489927881994
ParkT,loo,lawgp,94,170 g,0.17,1.0,295.0,0.4475,0.08622914173321794,0.18886219730198342
ParkT,loo,lawgp,95,170 g,0.17,1.0,300.0,0.3807,1.2188652767779518,0.2602427178243647
ParkT,loo,lawgp,96,270 g,0.27,1.0,10.0,0.1331,0.15057319613306172,0.26229623058080365
ParkT,loo,lawgp,97,270 g,0.27,1.0,15.0,0.1665,0.11489557184904789,0.1969939257385159
ParkT,loo,lawgp,98,270 g,0.27,1.0,20.0,0.1095,0.17436102135212972,0.19569090408148687
ParkT,loo,lawgp,99,270 g,0.27,1.0,25.0,0.1822,0.1364050076536557,0.19556213096565925
ParkT,loo,lawgp,100,270 g,0.27,1.0,30.0,0.1763,0.17585575573890577,0.19561977032491423
ParkT,loo,lawgp,101,270 g,0.27,1.0,35.0,0.1704,0.1816848241713681,0.19561013707127875
ParkT,loo,lawgp,102,270 g,0.27,1.0,40.0,0.194,0.15795765722894223,0.19555676754393786
ParkT,loo,lawgp,103,270 g,0.27,1.0,45.0,0.1626,0.23259913520465963,0.19539200294865597
ParkT,loo,lawgp,104,270 g,0.27,1.0,50.0,0.2628,0.14182435267757829,0.1951484310285599
ParkT,loo,lawgp,105,270 g,0.27,1.0,55.0,0.1311,0.2352783822435487,0.19515509895978098
ParkT,loo,lawgp,106,270 g,0.27,1.0,60.0,0.1861,0.09913680768084357,0.19534247986554126
ParkT,loo,lawgp,107,270 g,0.27,1.0,65.0,0.0898,0.13399465127114613,0.19556623345445315
ParkT,loo,lawgp,108,270 g,0.27,1.0,70.0,0.1056,0.1347749833374119,0.1956323010094895
ParkT,loo,lawgp,109,270 g,0.27,1.0,75.0,0.194,0.1887135116274628,0.19562353193606213
ParkT,loo,lawgp,110,270 g,0.27,1.0,80.0,0.253,0.16585469424382507,0.19552621876554055
ParkT,loo,lawgp,111,270 g,0.27,1.0,85.0,0.1193,0.16667316656108358,0.19554907194469145
ParkT,loo,lawgp,112,270 g,0.27,1.0,90.0,0.0977,0.11339576426375209,0.19566053615741924
ParkT,loo,lawgp,113,270 g,0.27,1.0,95.0,0.1586,0.2620469472314596,0.1951785776480447
ParkT,loo,lawgp,114,270 g,0.27,1.0,100.0,0.4121,0.1957067959686133,0.1946097174341176
ParkT,loo,lawgp,115,270 g,0.27,1.0,105.0,0.2097,0.3003844330993413,0.19520501803235157
ParkT,loo,lawgp,116,270 g,0.27,1.0,110.0,0.1449,0.14267781076005098,0.19561259891107463
ParkT,loo,lawgp,117,270 g,0.27,1.0,115.0,0.0957,0.12269610198211053,0.1956046099523597
ParkT,loo,lawgp,118,270 g,0.27,1.0,120.0,0.1193,0.09656821669759362,0.19560181294270457
ParkT,loo,lawgp,119,270 g,0.27,1.0,125.0,0.0997,0.11156299000625372,0.19561006509387668
ParkT,loo,lawgp,120,270 g,0.27,1.0,130.0,0.1115,0.11621133451559422,0.19562126368166463
ParkT,loo,lawgp,121,270 g,0.27,1.0,135.0,0.1783,0.21895467559208692,0.19565127389338957
ParkT,loo,lawgp,122,270 g,0.27,1.0,140.0,0.365,0.41250362529629947,0.1954833587124355
ParkT,loo,lawgp,123,270 g,0.27,1.0,145.0,0.6165,0.43432576417876745,0.19523052050737652
ParkT,loo,lawgp,124,270 g,0.27,1.0,150.0,0.4534,0.46952482977757537,0.19557804850184876
ParkT,loo,lawgp,125,270 g,0.27,1.0,155.0,0.2746,0.31448196251534694,0.1956228205402417
ParkT,loo,lawgp,126,270 g,0.27,1.0,160.0,0.1901,0.1887122951314924,0.1956147989619381
ParkT,loo,lawgp,127,270 g,0.27,1.0,165.0,0.1409,0.15304328040564116,0.19561409957187575
ParkT,loo,lawgp,128,270 g,0.27,1.0,170.0,0.1272,0.13422700319697076,0.19561614078638034
ParkT,loo,lawgp,129,270 g,0.27,1.0,175.0,0.1213,0.1317908381561211,0.19561640041892195
ParkT,loo,lawgp,130,270 g,0.27,1.0,180.0,0.1233,0.1336932989491792,0.19561742888360234
ParkT,loo,lawgp,131,270 g,0.27,1.0,185.0,0.1272,0.14646811843268265,0.19560442276143108
ParkT,loo,lawgp,132,270 g,0.27,1.0,190.0,0.1488,0.12762663386400666,0.19558275852785081
ParkT,loo,lawgp,133,270 g,0.27,1.0,195.0,0.1311,0.1801824337039771,0.19562614853869875
ParkT,loo,lawgp,134,270 g,0.27,1.0,200.0,0.2156,0.27098416722197677,0.19553557943592284
ParkT,loo,lawgp,135,270 g,0.27,1.0,205.0,0.3944,0.286405288823653,0.1953006664102039
ParkT,loo,lawgp,136,270 g,0.27,1.0,210.0,0.3355,0.40747530497906187,0.19539127925437638
ParkT,loo,lawgp,137,270 g,0.27,1.0,215.0,0.3689,0.33357827887214464,0.19555663423538774
ParkT,loo,lawgp,138,270 g,0.27,1.0,220.0,0.3119,0.3219628854365624,0.1956116099794898
ParkT,loo,lawgp,139,270 g,0.27,1.0,225.0,0.2628,0.2895631899952623,0.19561762622089696
ParkT,loo,lawgp,140,270 g,0.27,1.0,230.0,0.2588,0.2765367195721732,0.1956180693645704
ParkT,loo,lawgp,141,270 g,0.27,1.0,235.0,0.2805,0.28527718754994646,0.19561177841247876
ParkT,loo,lawgp,142,270 g,0.27,1.0,240.0,0.2903,0.30888496877294636,0.19560930872930013
ParkT,loo,lawgp,143,270 g,0.27,1.0,245.0,0.306,0.3134875361757386,0.19561372268698263
ParkT,loo,lawgp,144,270 g,0.27,1.0,250.0,0.308,0.33238729833660824,0.19561357285212358
ParkT,loo,lawgp,145,270 g,0.27,1.0,255.0,0.3296,0.3482871439919066,0.1956156250482785
ParkT,loo,lawgp,146,270 g,0.27,1.0,260.0,0.3591,0.36959731649555116,0.1956149406009952
ParkT,loo,lawgp,147,270 g,0.27,1.0,265.0,0.3787,0.4062636099409517,0.19561192222246365
ParkT,loo,lawgp,148,270 g,0.27,1.0,270.0,0.418,0.4297622900914878,0.19561653416225677
ParkT,loo,lawgp,149,270 g,0.27,1.0,275.0,0.4475,0.4675733670178763,0.19561685577551882
ParkT,loo,lawgp,150,270 g,0.27,1.0,280.0,0.4868,0.5060455345362345,0.19562548296723264
ParkT,loo,lawgp,151,270 g,0.27,1.0,285.0,0.5418,0.5734366663445609,0.19562155739202206
ParkT,loo,lawgp,152,270 g,0.27,1.0,290.0,0.6381,0.6479837771191367,0.1956196033470567
ParkT,loo,lawgp,153,270 g,0.27,1.0,295.0,0.7344,0.7363713009125676,0.19561793048272627
ParkT,loo,lawgp,154,270 g,0.27,1.0,300.0,0.8229,0.8482906005909914,0.19561946062320332
ParkT,loo,lawgp,155,270 g,0.27,1.0,305.0,0.9585,0.9688482907778034,0.1956181648463051
ParkT,loo,lawgp,156,270 g,0.27,1.0,310.0,1.1196,1.0963813347412747,0.19560591616524375
ParkT,loo,lawgp,157,270 g,0.27,1.0,315.0,1.2473,1.254285270850515,0.1956059155077072
ParkT,loo,lawgp,158,270 g,0.27,1.0,320.0,1.4104,1.380387204372193,0.19559593541698528
ParkT,loo,lawgp,159,270 g,0.27,1.0,325.0,1.5598,1.5552954610215644,0.19560027395449586
ParkT,loo,lawgp,160,270 g,0.27,1.0,330.0,1.7386,1.7179410403199304,0.19562624842928414
ParkT,loo,lawgp,161,270 g,0.27,1.0,335.0,1.8644,1.7686165603455886,0.19599474673757394
ParkT,loo,lawgp,162,270 g,0.27,1.0,340.0,1.8172,1.5833436363132485,0.19369951590280024
ParkT,loo,lawgp,163,270 g,0.27,1.0,345.0,1.4832,1.9323968396131992,0.1926909618853717
ParkT,loo,lawgp,164,270 g,0.27,1.0,350.0,1.9823,2.0662396439261945,0.19425758087334255
ParkT,loo,lawgp,165,270 g,0.27,1.0,355.0,2.4225,1.2226665884866514,0.1603883643721419
ParkT,loo,lawgp,166,270 g,0.27,1.0,360.0,0.3787,1.2729145438427447,0.23176090796791396
ParkT,loo,lawgp,167,270 g,0.27,1.0,365.0,0.2549,0.1062140145427708,0.19453717676473337
ParkT,loo,lawgp,168,270 g,0.27,1.0,370.0,0.2353,0.5217795799182773,0.26264016296505954
ParkT,loo,law,0,70 g,0.07,1.0,15.0,0.3001,0.13237447017258647,
ParkT,loo,law,1,70 g,0.07,1.0,20.0,0.2647,0.13621032588159562,
ParkT,loo,law,2,70 g,0.07,1.0,25.0,0.3492,0.13988696913381107,
ParkT,loo,law,3,70 g,0.07,1.0,30.0,0.4731,0.14360049730290186,
ParkT,loo,law,4,70 g,0.07,1.0,35.0,0.534,0.1476431822031798,
ParkT,loo,law,5,70 g,0.07,1.0,40.0,0.2706,0.1528421541152087,
ParkT,loo,law,6,70 g,0.07,1.0,50.0,0.1213,0.16279834851968442,
ParkT,loo,law,7,70 g,0.07,1.0,55.0,0.1802,0.16766160250872655,
ParkT,loo,law,8,70 g,0.07,1.0,65.0,0.2274,0.1783133101444695,
ParkT,loo,law,9,70 g,0.07,1.0,85.0,0.3591,0.20260193675421595,
ParkT,loo,law,10,70 g,0.07,1.0,90.0,0.4337,0.20922286996048747,
ParkT,loo,law,11,70 g,0.07,1.0,95.0,0.4907,0.21624974084544166,
ParkT,loo,law,12,70 g,0.07,1.0,100.0,0.5418,0.22365402821365252,
ParkT,loo,law,13,70 g,0.07,1.0,105.0,0.6244,0.23126255730205186,
ParkT,loo,law,14,70 g,0.07,1.0,110.0,0.6303,0.23968035641995405,
ParkT,loo,law,15,70 g,0.07,1.0,115.0,0.6421,0.24850878183629724,
ParkT,loo,law,16,70 g,0.07,1.0,120.0,0.6735,0.2576899085770266,
ParkT,loo,law,17,70 g,0.07,1.0,125.0,0.7108,0.26732702061749963,
ParkT,loo,law,18,70 g,0.07,1.0,130.0,0.8032,0.27712436778069577,
ParkT,loo,law,19,70 g,0.07,1.0,135.0,0.7777,0.2882628783116761,
ParkT,loo,law,20,70 g,0.07,1.0,140.0,0.7541,0.3000248720599067,
ParkT,loo,law,21,70 g,0.07,1.0,145.0,0.7089,0.3126297888285037,
ParkT,loo,law,22,70 g,0.07,1.0,150.0,0.648,0.32610043521184584,
ParkT,loo,law,23,70 g,0.07,1.0,155.0,0.6362,0.33997250756064024,
ParkT,loo,law,24,70 g,0.07,1.0,160.0,0.648,0.3544687869721794,
ParkT,loo,law,25,70 g,0.07,1.0,165.0,0.3768,0.3723561924912803,
ParkT,loo,law,26,70 g,0.07,1.0,170.0,0.3689,0.3889319297415115,
ParkT,loo,law,27,70 g,0.07,1.0,175.0,0.2274,0.4078101601233205,
ParkT,loo,law,28,70 g,0.07,1.0,180.0,0.1999,0.4267244789164901,
ParkT,loo,law,29,70 g,0.07,1.0,185.0,0.2195,0.44632170768987794,
ParkT,loo,law,30,70 g,0.07,1.0,190.0,0.2431,0.4670942788137723,
ParkT,loo,law,31,70 g,0.07,1.0,195.0,0.2372,0.48949572876776487,
ParkT,loo,law,32,70 g,0.07,1.0,205.0,0.2569,0.5382549968664258,
ParkT,loo,law,33,70 g,0.07,1.0,215.0,0.3198,0.5928398105289162,
ParkT,loo,law,34,70 g,0.07,1.0,220.0,0.2687,0.6238656631631029,
ParkT,loo,law,35,70 g,0.07,1.0,230.0,0.2176,0.6912842165784727,
ParkT,loo,law,36,70 g,0.07,1.0,235.0,0.1861,0.7283713450949811,
ParkT,loo,law,37,70 g,0.07,1.0,240.0,0.1783,0.7674571724892448,
ParkT,loo,law,38,70 g,0.07,1.0,245.0,0.1684,0.8090867454540329,
ParkT,loo,law,39,70 g,0.07,1.0,250.0,0.1704,0.853152358650743,
ParkT,loo,law,40,170 g,0.17,1.0,10.0,0.0722,0.18632722450931313,
ParkT,loo,law,41,170 g,0.17,1.0,15.0,0.1016,0.19141184899261138,
ParkT,loo,law,42,170 g,0.17,1.0,20.0,0.1567,0.19656920880100284,
ParkT,loo,law,43,170 g,0.17,1.0,25.0,0.1567,0.2022289457621024,
ParkT,loo,law,44,170 g,0.17,1.0,30.0,0.1272,0.20829611860283387,
ParkT,loo,law,45,170 g,0.17,1.0,35.0,0.2412,0.2137924675328356,
ParkT,loo,law,46,170 g,0.17,1.0,40.0,0.3316,0.21964886351566415,
ParkT,loo,law,47,170 g,0.17,1.0,45.0,0.4102,0.2258188732389269,
ParkT,loo,law,48,170 g,0.17,1.0,50.0,0.1704,0.23434252420037585,
ParkT,loo,law,49,170 g,0.17,1.0,65.0,0.0702,0.2581179278574409,
ParkT,loo,law,50,170 g,0.17,1.0,70.0,0.2706,0.2649654339519808,
ParkT,loo,law,51,170 g,0.17,1.0,75.0,0.2923,0.2735560592238018,
ParkT,loo,law,52,170 g,0.17,1.0,80.0,0.0957,0.2844394068921757,
ParkT,loo,law,53,170 g,0.17,1.0,85.0,0.0584,0.29449326157185035,
ParkT,loo,law,54,170 g,0.17,1.0,90.0,0.0525,0.3047634191794183,
ParkT,loo,law,55,170 g,0.17,1.0,95.0,0.0505,0.3155155546301424,
ParkT,loo,law,56,170 g,0.17,1.0,100.0,0.0781,0.32651166647131313,
ParkT,loo,law,57,170 g,0.17,1.0,105.0,0.1095,0.33802683674980916,
ParkT,loo,law,58,170 g,0.17,1.0,110.0,0.0898,0.3507104748843861,
ParkT,loo,law,59,170 g,0.17,1.0,115.0,0.1252,0.3634290136148663,
ParkT,loo,law,60,170 g,0.17,1.0,125.0,0.1979,0.39090577032195367,
ParkT,loo,law,61,170 g,0.17,1.0,130.0,0.3237,0.40459067530122383,
ParkT,loo,law,62,170 g,0.17,1.0,135.0,0.2923,0.421156199483179,
ParkT,loo,law,63,170 g,0.17,1.0,140.0,0.192,0.43966164591020335,
ParkT,loo,law,64,170 g,0.17,1.0,145.0,0.139,0.4585604974247597,
ParkT,loo,law,65,170 g,0.17,1.0,150.0,0.1213,0.47802264196271627,
ParkT,loo,law,66,170 g,0.17,1.0,155.0,0.1252,0.49827975214420744,
ParkT,loo,law,67,170 g,0.17,1.0,160.0,0.1174,0.5199280316412354,
ParkT,loo,law,68,170 g,0.17,1.0,165.0,0.3021,0.5395496276313595,
ParkT,loo,law,69,170 g,0.17,1.0,170.0,0.418,0.5615609806678623,
ParkT,loo,law,70,170 g,0.17,1.0,175.0,0.4318,0.5867801711544077,
ParkT,loo,law,71,170 g,0.17,1.0,180.0,0.6578,0.6095431264004736,
ParkT,loo,law,72,170 g,0.17,1.0,185.0,0.7325,0.6366732404290556,
ParkT,loo,law,73,170 g,0.17,1.0,190.0,0.813,0.6653985286040438,
ParkT,loo,law,74,170 g,0.17,1.0,195.0,0.8897,0.6960305071619206,
ParkT,loo,law,75,170 g,0.17,1.0,200.0,0.9113,0.7297944345402808,
ParkT,loo,law,76,170 g,0.17,1.0,205.0,0.9486,0.7653767515055833,
ParkT,loo,law,77,170 g,0.17,1.0,210.0,1.1078,0.8005093283642681,
ParkT,loo,law,78,170 g,0.17,1.0,215.0,1.1137,0.8414440431070006,
ParkT,loo,law,79,170 g,0.17,1.0,220.0,1.2375,0.8821870522192711,
ParkT,loo,law,80,170 g,0.17,1.0,225.0,1.3259,0.9263657128708033,
ParkT,loo,law,81,170 g,0.17,1.0,230.0,1.4301,0.9728770808752734,
ParkT,loo,law,82,170 g,0.17,1.0,235.0,1.5205,1.0225398181126668,
ParkT,loo,law,83,170 g,0.17,1.0,240.0,1.4891,1.0784402728604825,
ParkT,loo,law,84,170 g,0.17,1.0,245.0,1.5578,1.1346934417264813,
ParkT,loo,law,85,170 g,0.17,1.0,250.0,1.66,1.1928697039495346,
ParkT,loo,law,86,170 g,0.17,1.0,255.0,1.7072,1.2556931644625295,
ParkT,loo,law,87,170 g,0.17,1.0,260.0,1.7858,1.3202491212520566,
ParkT,loo,law,88,170 g,0.17,1.0,265.0,1.7504,1.3924279013906444,
ParkT,loo,law,89,170 g,0.17,1.0,270.0,1.7052,1.4689873488847565,
ParkT,loo,law,90,170 g,0.17,1.0,275.0,2.4756,1.499403440544032,
ParkT,loo,law,91,170 g,0.17,1.0,280.0,2.9236,1.5390149647164548,
ParkT,loo,law,92,170 g,0.17,1.0,285.0,2.9295,1.6057843019669416,
ParkT,loo,law,93,170 g,0.17,1.0,290.0,0.5065,1.9454927461106875,
ParkT,loo,law,94,170 g,0.17,1.0,295.0,0.4475,2.0911579187450235,
ParkT,loo,law,95,170 g,0.17,1.0,300.0,0.3807,2.2748874319034313,
ParkT,loo,law,96,270 g,0.27,1.0,10.0,0.1331,0.09178143792713991,
ParkT,loo,law,97,270 g,0.27,1.0,15.0,0.1665,0.09428915440498818,
ParkT,loo,law,98,270 g,0.27,1.0,20.0,0.1095,0.097054910140405,
ParkT,loo,law,99,270 g,0.27,1.0,25.0,0.1822,0.09970489194812268,
ParkT,loo,law,100,270 g,0.27,1.0,30.0,0.1763,0.10261030123711924,
ParkT,loo,law,101,270 g,0.27,1.0,35.0,0.1704,0.10564086949816763,
ParkT,loo,law,102,270 g,0.27,1.0,40.0,0.194,0.10874143724442274,
ParkT,loo,law,103,270 g,0.27,1.0,45.0,0.1626,0.11209730598780923,
ParkT,loo,law,104,270 g,0.27,1.0,50.0,0.2628,0.11530045277627424,
ParkT,loo,law,105,270 g,0.27,1.0,55.0,0.1311,0.1192018294670347,
ParkT,loo,law,106,270 g,0.27,1.0,60.0,0.1861,0.12281912328156869,
ParkT,loo,law,107,270 g,0.27,1.0,65.0,0.0898,0.12700684161960005,
ParkT,loo,law,108,270 g,0.27,1.0,70.0,0.1056,0.13108531895878997,
ParkT,loo,law,109,270 g,0.27,1.0,75.0,0.194,0.1351361385527858,
ParkT,loo,law,110,270 g,0.27,1.0,80.0,0.253,0.13946025713684781,
ParkT,loo,law,111,270 g,0.27,1.0,85.0,0.1193,0.14462897322751792,
ParkT,loo,law,112,270 g,0.27,1.0,90.0,0.0977,0.1496846201440991,
ParkT,loo,law,113,270 g,0.27,1.0,95.0,0.1586,0.1546894088263663,
ParkT,loo,law,114,270 g,0.27,1.0,100.0,0.4121,0.15918064137732316,
ParkT,loo,law,115,270 g,0.27,1.0,105.0,0.2097,0.1657307747632716,
ParkT,loo,law,116,270 g,0.27,1.0,110.0,0.1449,0.17207413574661265,
ParkT,loo,law,117,270 g,0.27,1.0,115.0,0.0957,0.1786989701240986,
ParkT,loo,law,118,270 g,0.27,1.0,120.0,0.1193,0.18533234474947685,
ParkT,loo,law,119,270 g,0.27,1.0,125.0,0.0997,0.19254619922256033,
ParkT,loo,law,120,270 g,0.27,1.0,130.0,0.1115,0.1999889168996997,
ParkT,loo,law,121,270 g,0.27,1.0,135.0,0.1783,0.20751803058970036,
ParkT,loo,law,122,270 g,0.27,1.0,140.0,0.365,0.21470316706904236,
ParkT,loo,law,123,270 g,0.27,1.0,145.0,0.6165,0.2218132931416082,
ParkT,loo,law,124,270 g,0.27,1.0,150.0,0.4534,0.23210016155372143,
ParkT,loo,law,125,270 g,0.27,1.0,155.0,0.2746,0.24319287021714217,
ParkT,loo,law,126,270 g,0.27,1.0,160.0,0.1901,0.254292735573385,
ParkT,loo,law,127,270 g,0.27,1.0,165.0,0.1409,0.26580782255728036,
ParkT,loo,law,128,270 g,0.27,1.0,170.0,0.1272,0.2777306281189178,
ParkT,loo,law,129,270 g,0.27,1.0,175.0,0.1213,0.2903199639654394,
ParkT,loo,law,130,270 g,0.27,1.0,180.0,0.1233,0.3036141481534968,
ParkT,loo,law,131,270 g,0.27,1.0,185.0,0.1272,0.31772005017291693,
ParkT,loo,law,132,270 g,0.27,1.0,190.0,0.1488,0.3325078919411185,
ParkT,loo,law,133,270 g,0.27,1.0,195.0,0.1311,0.34871309253310584,
ParkT,loo,law,134,270 g,0.27,1.0,200.0,0.2156,0.36460718963220323,
ParkT,loo,law,135,270 g,0.27,1.0,205.0,0.3944,0.3801095395605228,
ParkT,loo,law,136,270 g,0.27,1.0,210.0,0.3355,0.40003611016354473,
ParkT,loo,law,137,270 g,0.27,1.0,215.0,0.3689,0.4198197152657503,
ParkT,loo,law,138,270 g,0.27,1.0,220.0,0.3119,0.44241619762173673,
ParkT,loo,law,139,270 g,0.27,1.0,225.0,0.2628,0.4664035732938856,
ParkT,loo,law,140,270 g,0.27,1.0,230.0,0.2588,0.4910961674697166,
ParkT,loo,law,141,270 g,0.27,1.0,235.0,0.2805,0.516806540169045,
ParkT,loo,law,142,270 g,0.27,1.0,240.0,0.2903,0.5443615512887949,
ParkT,loo,law,143,270 g,0.27,1.0,245.0,0.306,0.5734366517270406,
ParkT,loo,law,144,270 g,0.27,1.0,250.0,0.308,0.60457661941546,
ParkT,loo,law,145,270 g,0.27,1.0,255.0,0.3296,0.6369307122881653,
ParkT,loo,law,146,270 g,0.27,1.0,260.0,0.3591,0.6707459731054936,
ParkT,loo,law,147,270 g,0.27,1.0,265.0,0.3787,0.706532006779462,
ParkT,loo,law,148,270 g,0.27,1.0,270.0,0.418,0.7432221081909441,
ParkT,loo,law,149,270 g,0.27,1.0,275.0,0.4475,0.7816724540908652,
ParkT,loo,law,150,270 g,0.27,1.0,280.0,0.4868,0.8209592862569449,
ParkT,loo,law,151,270 g,0.27,1.0,285.0,0.5418,0.8604807656570734,
ParkT,loo,law,152,270 g,0.27,1.0,290.0,0.6381,0.8985930125428662,
ParkT,loo,law,153,270 g,0.27,1.0,295.0,0.7344,0.9365631341214231,
ParkT,loo,law,154,270 g,0.27,1.0,300.0,0.8229,0.9742797163668625,
ParkT,loo,law,155,270 g,0.27,1.0,305.0,0.9585,1.00834523015057,
ParkT,loo,law,156,270 g,0.27,1.0,310.0,1.1196,1.0390165574117145,
ParkT,loo,law,157,270 g,0.27,1.0,315.0,1.2473,1.0686905357190366,
ParkT,loo,law,158,270 g,0.27,1.0,320.0,1.4104,1.092738348397336,
ParkT,loo,law,159,270 g,0.27,1.0,325.0,1.5598,1.1127832783622205,
ParkT,loo,law,160,270 g,0.27,1.0,330.0,1.7386,1.1248452488039764,
ParkT,loo,law,161,270 g,0.27,1.0,335.0,1.8644,1.1323970699060506,
ParkT,loo,law,162,270 g,0.27,1.0,340.0,1.8172,1.1439914171936771,
ParkT,loo,law,163,270 g,0.27,1.0,345.0,1.4832,1.1742017828431666,
ParkT,loo,law,164,270 g,0.27,1.0,350.0,1.9823,1.118631008880988,
ParkT,loo,law,165,270 g,0.27,1.0,355.0,2.4225,1.047454401044185,
ParkT,loo,law,166,270 g,0.27,1.0,360.0,0.3787,1.299283761388205,
ParkT,loo,law,167,270 g,0.27,1.0,365.0,0.2549,1.3253014844890034,
ParkT,loo,law,168,270 g,0.27,1.0,370.0,0.2353,1.3379996773252072,
ParkT,loo,gp_r4,0,70 g,0.07,1.0,15.0,0.3001,0.28431971960140684,0.2778054489738328
ParkT,loo,gp_r4,1,70 g,0.07,1.0,20.0,0.2647,0.3264828842146332,0.20397925029731234
ParkT,loo,gp_r4,2,70 g,0.07,1.0,25.0,0.3492,0.3893837438381935,0.20388230908896357
ParkT,loo,gp_r4,3,70 g,0.07,1.0,30.0,0.4731,0.4466526490243805,0.20326018608400562
ParkT,loo,gp_r4,4,70 g,0.07,1.0,35.0,0.534,0.3850509340668332,0.20324118792537008
ParkT,loo,gp_r4,5,70 g,0.07,1.0,40.0,0.2706,0.41717129756692084,0.23215205303978187
ParkT,loo,gp_r4,6,70 g,0.07,1.0,50.0,0.1213,0.20077588731130608,0.2324708089261332
ParkT,loo,gp_r4,7,70 g,0.07,1.0,55.0,0.1802,0.1494249512046507,0.23373254548374456
ParkT,loo,gp_r4,8,70 g,0.07,1.0,65.0,0.2274,0.3003440587490921,0.36213129153340734
ParkT,loo,gp_r4,9,70 g,0.07,1.0,85.0,0.3591,0.4071889137809129,0.26677669451493535
ParkT,loo,gp_r4,10,70 g,0.07,1.0,90.0,0.4337,0.4239902247252658,0.2034713676858372
ParkT,loo,gp_r4,11,70 g,0.07,1.0,95.0,0.4907,0.4903082907917582,0.2035575433896624
ParkT,loo,gp_r4,12,70 g,0.07,1.0,100.0,0.5418,0.561530412305245,0.20281733210799577
ParkT,loo,gp_r4,13,70 g,0.07,1.0,105.0,0.6244,0.5874815362068367,0.20275100463304396
ParkT,loo,gp_r4,14,70 g,0.07,1.0,110.0,0.6303,0.6302703612911024,0.20276385452730303
ParkT,loo,gp_r4,15,70 g,0.07,1.0,115.0,0.6421,0.6487596203871452,0.20276455188900852
ParkT,loo,gp_r4,16,70 g,0.07,1.0,120.0,0.6735,0.6761953192514465,0.20276529387506168
ParkT,loo,gp_r4,17,70 g,0.07,1.0,125.0,0.7108,0.7358732035523892,0.20272179845141122
ParkT,loo,gp_r4,18,70 g,0.07,1.0,130.0,0.8032,0.7453755447431158,0.20271994005573934
ParkT,loo,gp_r4,19,70 g,0.07,1.0,135.0,0.7777,0.7790157989757005,0.20275748214163397
ParkT,loo,gp_r4,20,70 g,0.07,1.0,140.0,0.7541,0.7439846873622838,0.2027593959701432
ParkT,loo,gp_r4,21,70 g,0.07,1.0,145.0,0.7089,0.7001870649373757,0.20273567774882273
ParkT,loo,gp_r4,22,70 g,0.07,1.0,150.0,0.648,0.6843833501470176,0.2027623565440413
ParkT,loo,gp_r4,23,70 g,0.07,1.0,155.0,0.6362,0.6443432741909286,0.20272838059064768
ParkT,loo,gp_r4,24,70 g,0.07,1.0,160.0,0.648,0.5129265416603653,0.20218336274947224
ParkT,loo,gp_r4,25,70 g,0.07,1.0,165.0,0.3768,0.5100038165457886,0.20170391428186762
ParkT,loo,gp_r4,26,70 g,0.07,1.0,170.0,0.3689,0.30677007015437663,0.20234083088453905
ParkT,loo,gp_r4,27,70 g,0.07,1.0,175.0,0.2274,0.2706792847202853,0.2027332530207761
ParkT,loo,gp_r4,28,70 g,0.07,1.0,180.0,0.1999,0.22558468886664823,0.202840808358504
ParkT,loo,gp_r4,29,70 g,0.07,1.0,185.0,0.2195,0.21960865766723509,0.20299695323687916
ParkT,loo,gp_r4,30,70 g,0.07,1.0,190.0,0.2431,0.23136544950908483,0.20337579391537844
ParkT,loo,gp_r4,31,70 g,0.07,1.0,195.0,0.2372,0.25989509046724635,0.2321466471060163
ParkT,loo,gp_r4,32,70 g,0.07,1.0,205.0,0.2569,0.31657404090520447,0.29268212679239664
ParkT,loo,gp_r4,33,70 g,0.07,1.0,215.0,0.3198,0.2827639439575481,0.23238071341992433
ParkT,loo,gp_r4,34,70 g,0.07,1.0,220.0,0.2687,0.3066121526415607,0.23241226212949445
ParkT,loo,gp_r4,35,70 g,0.07,1.0,230.0,0.2176,0.22759737429147886,0.2325051058236741
ParkT,loo,gp_r4,36,70 g,0.07,1.0,235.0,0.1861,0.20281109097150624,0.20340808815472053
ParkT,loo,gp_r4,37,70 g,0.07,1.0,240.0,0.1783,0.1771235015346554,0.20402176747359782
ParkT,loo,gp_r4,38,70 g,0.07,1.0,245.0,0.1684,0.17478864141823325,0.20385420403771046
ParkT,loo,gp_r4,39,70 g,0.07,1.0,250.0,0.1704,0.24348293634628043,0.27776820230478344
ParkT,loo,gp_r4,40,170 g,0.17,1.0,10.0,0.0722,0.1890284702949525,0.27768560259306013
ParkT,loo,gp_r4,41,170 g,0.17,1.0,15.0,0.1016,0.11857217290623118,0.20377201772612796
ParkT,loo,gp_r4,42,170 g,0.17,1.0,20.0,0.1567,0.12111259114141604,0.20381237267938018
ParkT,loo,gp_r4,43,170 g,0.17,1.0,25.0,0.1567,0.14303051266051925,0.20283461859388136
ParkT,loo,gp_r4,44,170 g,0.17,1.0,30.0,0.1272,0.21107870979272758,0.20286806900907403
ParkT,loo,gp_r4,45,170 g,0.17,1.0,35.0,0.2412,0.2551193492003937,0.20288625389965073
ParkT,loo,gp_r4,46,170 g,0.17,1.0,40.0,0.3316,0.33179064184520113,0.20333191000590228
ParkT,loo,gp_r4,47,170 g,0.17,1.0,45.0,0.4102,0.26780213531571456,0.20312911160761574
ParkT,loo,gp_r4,48,170 g,0.17,1.0,50.0,0.1704,0.34948317947766916,0.25358356957563344
ParkT,loo,gp_r4,49,170 g,0.17,1.0,65.0,0.0702,0.27190681493163527,0.2533466890170454
ParkT,loo,gp_r4,50,170 g,0.17,1.0,70.0,0.2706,0.18926313858604132,0.2034499901591101
ParkT,loo,gp_r4,51,170 g,0.17,1.0,75.0,0.2923,0.18921756080303725,0.20354637284466184
ParkT,loo,gp_r4,52,170 g,0.17,1.0,80.0,0.0957,0.19763718655075363,0.20241550416665746
ParkT,loo,gp_r4,53,170 g,0.17,1.0,85.0,0.0584,0.08844151094120822,0.20288888446049078
ParkT,loo,gp_r4,54,170 g,0.17,1.0,90.0,0.0525,0.049865732504372595,0.20274763394833395
ParkT,loo,gp_r4,55,170 g,0.17,1.0,95.0,0.0505,0.07008268466061562,0.20272330215585885
ParkT,loo,gp_r4,56,170 g,0.17,1.0,100.0,0.0781,0.08812989554612571,0.202803180951998
ParkT,loo,gp_r4,57,170 g,0.17,1.0,105.0,0.1095,0.09250950250249829,0.2029875159461667
ParkT,loo,gp_r4,58,170 g,0.17,1.0,110.0,0.0898,0.12477503432913217,0.20328370925915415
ParkT,loo,gp_r4,59,170 g,0.17,1.0,115.0,0.1252,0.1367503507038767,0.23209449519193556
ParkT,loo,gp_r4,60,170 g,0.17,1.0,125.0,0.1979,0.2855602510547965,0.23197994512265935
ParkT,loo,gp_r4,61,170 g,0.17,1.0,130.0,0.3237,0.2592624216066279,0.20330894849430858
ParkT,loo,gp_r4,62,170 g,0.17,1.0,135.0,0.2923,0.26859166990816663,0.20304282649960012
ParkT,loo,gp_r4,63,170 g,0.17,1.0,140.0,0.192,0.23345461375199372,0.2027839229075295
ParkT,loo,gp_r4,64,170 g,0.17,1.0,145.0,0.139,0.1633255712288882,0.20277495895928374
ParkT,loo,gp_r4,65,170 g,0.17,1.0,150.0,0.1213,0.11926743588606653,0.20274985587301944
ParkT,loo,gp_r4,66,170 g,0.17,1.0,155.0,0.1252,0.11683404545083664,0.20272269884058997
ParkT,loo,gp_r4,67,170 g,0.17,1.0,160.0,0.1174,0.2155774855167506,0.2024525754686487
ParkT,loo,gp_r4,68,170 g,0.17,1.0,165.0,0.3021,0.25863721787105787,0.20269289809457958
ParkT,loo,gp_r4,69,170 g,0.17,1.0,170.0,0.418,0.3647011256558938,0.20263791287168534
ParkT,loo,gp_r4,70,170 g,0.17,1.0,175.0,0.4318,0.5439277949166864,0.20221109355114825
ParkT,loo,gp_r4,71,170 g,0.17,1.0,180.0,0.6578,0.5876202865082231,0.2024268067558236
ParkT,loo,gp_r4,72,170 g,0.17,1.0,185.0,0.7325,0.7312581854580267,0.20276346186737942
ParkT,loo,gp_r4,73,170 g,0.17,1.0,190.0,0.813,0.8137801957950244,0.20276060166189894
ParkT,loo,gp_r4,74,170 g,0.17,1.0,195.0,0.8897,0.8531485308943767,0.2027162236447018
ParkT,loo,gp_r4,75,170 g,0.17,1.0,200.0,0.9113,0.9141713622054448,0.20276799071682525
ParkT,loo,gp_r4,76,170 g,0.17,1.0,205.0,0.9486,0.9944614333016103,0.20265175936606253
ParkT,loo,gp_r4,77,170 g,0.17,1.0,210.0,1.1078,1.0136354634708362,0.20239940517774047
ParkT,loo,gp_r4,78,170 g,0.17,1.0,215.0,1.1137,1.15098218120553,0.20264595138768574
ParkT,loo,gp_r4,79,170 g,0.17,1.0,220.0,1.2375,1.2103491377491569,0.20269768055183074
ParkT,loo,gp_r4,80,170 g,0.17,1.0,225.0,1.3259,1.3199846741644419,0.20277693496739388
ParkT,loo,gp_r4,81,170 g,0.17,1.0,230.0,1.4301,1.4033086255689644,0.20285101273410067
ParkT,loo,gp_r4,82,170 g,0.17,1.0,235.0,1.5205,1.436761450039918,0.2026658816904906
ParkT,loo,gp_r4,83,170 g,0.17,1.0,240.0,1.4891,1.5183460166235672,0.202768064423369
ParkT,loo,gp_r4,84,170 g,0.17,1.0,245.0,1.5578,1.5573215820150663,0.20277728422560304
ParkT,loo,gp_r4,85,170 g,0.17,1.0,250.0,1.66,1.6174955931568942,0.2027645871333123
ParkT,loo,gp_r4,86,170 g,0.17,1.0,255.0,1.7072,1.6870308917368573,0.20302496763417557
ParkT,loo,gp_r4,87,170 g,0.17,1.0,260.0,1.7858,1.6316132004471164,0.20320600499335842
ParkT,loo,gp_r4,88,170 g,0.17,1.0,265.0,1.7504,1.665301314015572,0.20117187894515556
ParkT,loo,gp_r4,89,170 g,0.17,1.0,270.0,1.7052,2.247598438640565,0.2077425818714114
ParkT,loo,gp_r4,90,170 g,0.17,1.0,275.0,2.4756,2.4389415003703556,0.20275784056283053
ParkT,loo,gp_r4,91,170 g,0.17,1.0,280.0,2.9236,2.063464674504156,0.22045549662550898
ParkT,loo,gp_r4,92,170 g,0.17,1.0,285.0,2.9295,1.7855683955536978,0.1594470488998148
ParkT,loo,gp_r4,93,170 g,0.17,1.0,290.0,0.5065,1.7033467962452757,0.1570219141177199
ParkT,loo,gp_r4,94,170 g,0.17,1.0,295.0,0.4475,0.6961751933713516,0.21778305162331188
ParkT,loo,gp_r4,95,170 g,0.17,1.0,300.0,0.3807,0.05358376939572512,0.27675936231963905
ParkT,loo,gp_r4,96,270 g,0.27,1.0,10.0,0.1331,0.2420582790226088,0.27768130165468896
ParkT,loo,gp_r4,97,270 g,0.27,1.0,15.0,0.1665,0.12524343854308373,0.2035861994748865
ParkT,loo,gp_r4,98,270 g,0.27,1.0,20.0,0.1095,0.1770265760266932,0.20353212104636811
ParkT,loo,gp_r4,99,270 g,0.27,1.0,25.0,0.1822,0.15266482704875378,0.2028036374964829
ParkT,loo,gp_r4,100,270 g,0.27,1.0,30.0,0.1763,0.18188379523386466,0.20275607909071036
ParkT,loo,gp_r4,101,270 g,0.27,1.0,35.0,0.1704,0.19279856340277018,0.2027468069595276
ParkT,loo,gp_r4,102,270 g,0.27,1.0,40.0,0.194,0.183985025550094,0.2027202385846878
ParkT,loo,gp_r4,103,270 g,0.27,1.0,45.0,0.1626,0.2335028695075927,0.2024545688561835
ParkT,loo,gp_r4,104,270 g,0.27,1.0,50.0,0.2628,0.16433165747997247,0.20228994530463243
ParkT,loo,gp_r4,105,270 g,0.27,1.0,55.0,0.1311,0.22753721770544005,0.20202467509999406
ParkT,loo,gp_r4,106,270 g,0.27,1.0,60.0,0.1861,0.11826318112945605,0.20239764576980462
ParkT,loo,gp_r4,107,270 g,0.27,1.0,65.0,0.0898,0.14686037252580908,0.20280765480138324
ParkT,loo,gp_r4,108,270 g,0.27,1.0,70.0,0.1056,0.16361109979263327,0.20279645172980817
ParkT,loo,gp_r4,109,270 g,0.27,1.0,75.0,0.194,0.18300182591440656,0.2027896395961977
ParkT,loo,gp_r4,110,270 g,0.27,1.0,80.0,0.253,0.1536564190329922,0.2028025924951761
ParkT,loo,gp_r4,111,270 g,0.27,1.0,85.0,0.1193,0.1762881157930689,0.20274596611753054
ParkT,loo,gp_r4,112,270 g,0.27,1.0,90.0,0.0977,0.171728578894143,0.2032429123310988
ParkT,loo,gp_r4,113,270 g,0.27,1.0,95.0,0.1586,0.2582350239892175,0.20218492320137477
ParkT,loo,gp_r4,114,270 g,0.27,1.0,100.0,0.4121,0.18962494734586555,0.2018427364017557
ParkT,loo,gp_r4,115,270 g,0.27,1.0,105.0,0.2097,0.28880864280669727,0.20208926403185104
ParkT,loo,gp_r4,116,270 g,0.27,1.0,110.0,0.1449,0.18481461258544707,0.20290983733943155
ParkT,loo,gp_r4,117,270 g,0.27,1.0,115.0,0.0957,0.13278352160997686,0.2027982583343623
ParkT,loo,gp_r4,118,270 g,0.27,1.0,120.0,0.1193,0.09013897651499231,0.20276580655700882
ParkT,loo,gp_r4,119,270 g,0.27,1.0,125.0,0.0997,0.10075057034150176,0.20274686725185184
ParkT,loo,gp_r4,120,270 g,0.27,1.0,130.0,0.1115,0.13479672689586175,0.20285363515567226
ParkT,loo,gp_r4,121,270 g,0.27,1.0,135.0,0.1783,0.260478028552782,0.20306968019818097
ParkT,loo,gp_r4,122,270 g,0.27,1.0,140.0,0.365,0.4147562251100221,0.2024938326620853
ParkT,loo,gp_r4,123,270 g,0.27,1.0,145.0,0.6165,0.42110712494915203,0.20285347493939931
ParkT,loo,gp_r4,124,270 g,0.27,1.0,150.0,0.4534,0.465204300098351,0.20268055865670875
ParkT,loo,gp_r4,125,270 g,0.27,1.0,155.0,0.2746,0.34880979426040637,0.2028523902394039
ParkT,loo,gp_r4,126,270 g,0.27,1.0,160.0,0.1901,0.208013992239589,0.20283943155582881
ParkT,loo,gp_r4,127,270 g,0.27,1.0,165.0,0.1409,0.14913391348954053,0.2027555273193351
ParkT,loo,gp_r4,128,270 g,0.27,1.0,170.0,0.1272,0.13082154399902196,0.2027465769847723
ParkT,loo,gp_r4,129,270 g,0.27,1.0,175.0,0.1213,0.13221559137008476,0.20274220268048604
ParkT,loo,gp_r4,130,270 g,0.27,1.0,180.0,0.1233,0.13441561004739816,0.2027415578313706
ParkT,loo,gp_r4,131,270 g,0.27,1.0,185.0,0.1272,0.13605719638384906,0.20273722708544548
ParkT,loo,gp_r4,132,270 g,0.27,1.0,190.0,0.1488,0.12750602230047448,0.20268838213419313
ParkT,loo,gp_r4,133,270 g,0.27,1.0,195.0,0.1311,0.19390508077679236,0.20281951295374562
ParkT,loo,gp_r4,134,270 g,0.27,1.0,200.0,0.2156,0.26905113016584226,0.20265457339257
ParkT,loo,gp_r4,135,270 g,0.27,1.0,205.0,0.3944,0.2856579947171999,0.20239644476928892
ParkT,loo,gp_r4,136,270 g,0.27,1.0,210.0,0.3355,0.3945359671758934,0.20237267069838058
ParkT,loo,gp_r4,137,270 g,0.27,1.0,215.0,0.3689,0.34266684208536213,0.2027131755699863
ParkT,loo,gp_r4,138,270 g,0.27,1.0,220.0,0.3119,0.31816195763424393,0.20275621682983427
ParkT,loo,gp_r4,139,270 g,0.27,1.0,225.0,0.2628,0.29005432643811646,0.20276999618078487
ParkT,loo,gp_r4,140,270 g,0.27,1.0,230.0,0.2588,0.2730897600450239,0.2027615537749236
ParkT,loo,gp_r4,141,270 g,0.27,1.0,235.0,0.2805,0.2759715776802064,0.2027512174345098
ParkT,loo,gp_r4,142,270 g,0.27,1.0,240.0,0.2903,0.2963110395851656,0.20274587544799103
ParkT,loo,gp_r4,143,270 g,0.27,1.0,245.0,0.306,0.304675892133242,0.20275207151306987
ParkT,loo,gp_r4,144,270 g,0.27,1.0,250.0,0.308,0.3225306439579121,0.20275184232092305
ParkT,loo,gp_r4,145,270 g,0.27,1.0,255.0,0.3296,0.3366385062613654,0.2027548001128469
ParkT,loo,gp_r4,146,270 g,0.27,1.0,260.0,0.3591,0.35662685051043874,0.2027522260432478
ParkT,loo,gp_r4,147,270 g,0.27,1.0,265.0,0.3787,0.39059703055244716,0.20274537454270924
ParkT,loo,gp_r4,148,270 g,0.27,1.0,270.0,0.418,0.41371426382966686,0.2027540178753011
ParkT,loo,gp_r4,149,270 g,0.27,1.0,275.0,0.4475,0.44884501494631823,0.20275495862768037
ParkT,loo,gp_r4,150,270 g,0.27,1.0,280.0,0.4868,0.49174165173939766,0.2027591992430209
ParkT,loo,gp_r4,151,270 g,0.27,1.0,285.0,0.5418,0.557268306439612,0.20275394156702803
ParkT,loo,gp_r4,152,270 g,0.27,1.0,290.0,0.6381,0.6277303223190054,0.20275776952044958
ParkT,loo,gp_r4,153,270 g,0.27,1.0,295.0,0.7344,0.7183990080847936,0.20275158030481152
ParkT,loo,gp_r4,154,270 g,0.27,1.0,300.0,0.8229,0.8366901699495495,0.20275999913792847
ParkT,loo,gp_r4,155,270 g,0.27,1.0,305.0,0.9585,0.956598990456657,0.20276563809440531
ParkT,loo,gp_r4,156,270 g,0.27,1.0,310.0,1.1196,1.082641572039301,0.20275698585454802
ParkT,loo,gp_r4,157,270 g,0.27,1.0,315.0,1.2473,1.2414208965558933,0.20277254281563395
ParkT,loo,gp_r4,158,270 g,0.27,1.0,320.0,1.4104,1.39010439534689,0.20269620545329348
ParkT,loo,gp_r4,159,270 g,0.27,1.0,325.0,1.5598,1.5748881597333297,0.20276311835144145
ParkT,loo,gp_r4,160,270 g,0.27,1.0,330.0,1.7386,1.700533067278086,0.20314888996281552
ParkT,loo,gp_r4,161,270 g,0.27,1.0,335.0,1.8644,1.7006459628357327,0.20315952835490167
ParkT,loo,gp_r4,162,270 g,0.27,1.0,340.0,1.8172,1.6359769935738386,0.1984785851710437
ParkT,loo,gp_r4,163,270 g,0.27,1.0,345.0,1.4832,2.0393148497637634,0.19724698247957234
ParkT,loo,gp_r4,164,270 g,0.27,1.0,350.0,1.9823,1.8877918643808558,0.2058741012803326
ParkT,loo,gp_r4,165,270 g,0.27,1.0,355.0,2.4225,1.1739968334633994,0.16283699226758802
ParkT,loo,gp_r4,166,270 g,0.27,1.0,360.0,0.3787,1.4041338176734617,0.1616904484324942
ParkT,loo,gp_r4,167,270 g,0.27,1.0,365.0,0.2549,0.4771656999523123,0.2124898856175805
ParkT,loo,gp_r4,168,270 g,0.27,1.0,370.0,0.2353,-0.012296146715908507,0.2771022040178028
ParkT,loo,lawgp_r4,0,70 g,0.07,1.0,15.0,0.3001,0.20042329582734858,0.2621801942139326
ParkT,loo,lawgp_r4,1,70 g,0.07,1.0,20.0,0.2647,0.3051917034757652,0.1970376630941353
ParkT,loo,lawgp_r4,2,70 g,0.07,1.0,25.0,0.3492,0.35647728370065035,0.19583558286866834
ParkT,loo,lawgp_r4,3,70 g,0.07,1.0,30.0,0.4731,0.4563596904647555,0.1958294262240091
ParkT,loo,lawgp_r4,4,70 g,0.07,1.0,35.0,0.534,0.3834047266283859,0.19559953312589004
ParkT,loo,lawgp_r4,5,70 g,0.07,1.0,40.0,0.2706,0.3863254070438245,0.23548894958458824
ParkT,loo,lawgp_r4,6,70 g,0.07,1.0,50.0,0.1213,0.1656082045841836,0.23690189576609227
ParkT,loo,lawgp_r4,7,70 g,0.07,1.0,55.0,0.1802,0.1461851205268359,0.2388948607164754
ParkT,loo,lawgp_r4,8,70 g,0.07,1.0,65.0,0.2274,0.20743915409232783,0.3470878151301696
ParkT,loo,lawgp_r4,9,70 g,0.07,1.0,85.0,0.3591,0.34908456477636884,0.26040767257499653
ParkT,loo,lawgp_r4,10,70 g,0.07,1.0,90.0,0.4337,0.4123596242974942,0.19693883846302027
ParkT,loo,lawgp_r4,11,70 g,0.07,1.0,95.0,0.4907,0.4735674723524309,0.19582806907480704
ParkT,loo,lawgp_r4,12,70 g,0.07,1.0,100.0,0.5418,0.5450629856687887,0.19562198020057073
ParkT,loo,lawgp_r4,13,70 g,0.07,1.0,105.0,0.6244,0.5702871042682687,0.19560548216019683
ParkT,loo,lawgp_r4,14,70 g,0.07,1.0,110.0,0.6303,0.6162680833950719,0.19563085733722094
ParkT,loo,lawgp_r4,15,70 g,0.07,1.0,115.0,0.6421,0.6256759814439027,0.19562329687149255
ParkT,loo,lawgp_r4,16,70 g,0.07,1.0,120.0,0.6735,0.6461121076931962,0.195611204698551
ParkT,loo,lawgp_r4,17,70 g,0.07,1.0,125.0,0.7108,0.7173840799581843,0.1956013918560222
ParkT,loo,lawgp_r4,18,70 g,0.07,1.0,130.0,0.8032,0.725275428831766,0.19557737648658763
ParkT,loo,lawgp_r4,19,70 g,0.07,1.0,135.0,0.7777,0.7661213268531346,0.19563462075614504
ParkT,loo,lawgp_r4,20,70 g,0.07,1.0,140.0,0.7541,0.7239528037805832,0.195632625338643
ParkT,loo,lawgp_r4,21,70 g,0.07,1.0,145.0,0.7089,0.6742309920787266,0.1956126983046949
ParkT,loo,lawgp_r4,22,70 g,0.07,1.0,150.0,0.648,0.6558330227106591,0.19561072002880325
ParkT,loo,lawgp_r4,23,70 g,0.07,1.0,155.0,0.6362,0.6468866563428363,0.19558763062354087
ParkT,loo,lawgp_r4,24,70 g,0.07,1.0,160.0,0.648,0.5004895539844284,0.19508304246548666
ParkT,loo,lawgp_r4,25,70 g,0.07,1.0,165.0,0.3768,0.5157069834843847,0.19491570264423033
ParkT,loo,lawgp_r4,26,70 g,0.07,1.0,170.0,0.3689,0.28581272918857303,0.195286131756245
ParkT,loo,lawgp_r4,27,70 g,0.07,1.0,175.0,0.2274,0.2794388520531168,0.1955511880332565
ParkT,loo,lawgp_r4,28,70 g,0.07,1.0,180.0,0.1999,0.22278397498227276,0.19564239572047915
ParkT,loo,lawgp_r4,29,70 g,0.07,1.0,185.0,0.2195,0.2279653797791113,0.19578542918515948
ParkT,loo,lawgp_r4,30,70 g,0.07,1.0,190.0,0.2431,0.2422218638231915,0.19589950354259061
ParkT,loo,lawgp_r4,31,70 g,0.07,1.0,195.0,0.2372,0.27756047965896596,0.23667319059153968
ParkT,loo,lawgp_r4,32,70 g,0.07,1.0,205.0,0.2569,0.3593161317153294,0.30675993521903633
ParkT,loo,lawgp_r4,33,70 g,0.07,1.0,215.0,0.3198,0.307376499003586,0.23775296044755118
ParkT,loo,lawgp_r4,34,70 g,0.07,1.0,220.0,0.2687,0.3411111455518715,0.23693629104691166
ParkT,loo,lawgp_r4,35,70 g,0.07,1.0,230.0,0.2176,0.26525420743762035,0.235906548050134
ParkT,loo,lawgp_r4,36,70 g,0.07,1.0,235.0,0.1861,0.2270527191875915,0.19594690758838748
ParkT,loo,lawgp_r4,37,70 g,0.07,1.0,240.0,0.1783,0.20011853936918356,0.19602571938859442
ParkT,loo,lawgp_r4,38,70 g,0.07,1.0,245.0,0.1684,0.18078967834285342,0.19713623816634723
ParkT,loo,lawgp_r4,39,70 g,0.07,1.0,250.0,0.1704,0.40620597957110527,0.26192697336119597
ParkT,loo,lawgp_r4,40,170 g,0.17,1.0,10.0,0.0722,0.11565514524854663,0.262288626767481
ParkT,loo,lawgp_r4,41,170 g,0.17,1.0,15.0,0.1016,0.11836265311172645,0.19707126139339143
ParkT,loo,lawgp_r4,42,170 g,0.17,1.0,20.0,0.1567,0.13499566127956206,0.19583117999586516
ParkT,loo,lawgp_r4,43,170 g,0.17,1.0,25.0,0.1567,0.13872432271962898,0.1956164379492471
ParkT,loo,lawgp_r4,44,170 g,0.17,1.0,30.0,0.1272,0.1887639356104577,0.19557105629983315
ParkT,loo,lawgp_r4,45,170 g,0.17,1.0,35.0,0.2412,0.22560917973607217,0.19560055439210552
ParkT,loo,lawgp_r4,46,170 g,0.17,1.0,40.0,0.3316,0.35145657247154904,0.19575421128539994
ParkT,loo,lawgp_r4,47,170 g,0.17,1.0,45.0,0.4102,0.268479356352899,0.1962201208016516
ParkT,loo,lawgp_r4,48,170 g,0.17,1.0,50.0,0.1704,0.32942419384968835,0.2538873474531258
ParkT,loo,lawgp_r4,49,170 g,0.17,1.0,65.0,0.0702,0.23750133371170468,0.2538500028620635
ParkT,loo,lawgp_r4,50,170 g,0.17,1.0,70.0,0.2706,0.2046284454453926,0.19655239355542423
ParkT,loo,lawgp_r4,51,170 g,0.17,1.0,75.0,0.2923,0.20940195689303817,0.19575587519955212
ParkT,loo,lawgp_r4,52,170 g,0.17,1.0,80.0,0.0957,0.1905634227039122,0.19544492800103852
ParkT,loo,lawgp_r4,53,170 g,0.17,1.0,85.0,0.0584,0.06803169186201591,0.1956366752424969
ParkT,loo,lawgp_r4,54,170 g,0.17,1.0,90.0,0.0525,0.05482057044559285,0.19561937066434204
ParkT,loo,lawgp_r4,55,170 g,0.17,1.0,95.0,0.0505,0.0775768133095345,0.1956199015056736
ParkT,loo,lawgp_r4,56,170 g,0.17,1.0,100.0,0.0781,0.09522495758836752,0.19562260916489566
ParkT,loo,lawgp_r4,57,170 g,0.17,1.0,105.0,0.1095,0.09678345463424831,0.19576307671173196
ParkT,loo,lawgp_r4,58,170 g,0.17,1.0,110.0,0.0898,0.13063476458559947,0.1958693897275134
ParkT,loo,lawgp_r4,59,170 g,0.17,1.0,115.0,0.1252,0.1353930973618391,0.23577616495245643
ParkT,loo,lawgp_r4,60,170 g,0.17,1.0,125.0,0.1979,0.29199543853162846,0.23567665558869547
ParkT,loo,lawgp_r4,61,170 g,0.17,1.0,130.0,0.3237,0.2679218368098784,0.19581891403431595
ParkT,loo,lawgp_r4,62,170 g,0.17,1.0,135.0,0.2923,0.2833940506349528,0.1957796762272707
ParkT,loo,lawgp_r4,63,170 g,0.17,1.0,140.0,0.192,0.23087140562004793,0.19562237007659242
ParkT,loo,lawgp_r4,64,170 g,0.17,1.0,145.0,0.139,0.1644406413147454,0.19563955376379424
ParkT,loo,lawgp_r4,65,170 g,0.17,1.0,150.0,0.1213,0.13914757198426747,0.19562022270938292
ParkT,loo,lawgp_r4,66,170 g,0.17,1.0,155.0,0.1252,0.11922545388553846,0.1956036346649563
ParkT,loo,lawgp_r4,67,170 g,0.17,1.0,160.0,0.1174,0.22268860883567787,0.19547548165737785
ParkT,loo,lawgp_r4,68,170 g,0.17,1.0,165.0,0.3021,0.274768756656503,0.19558403604979255
ParkT,loo,lawgp_r4,69,170 g,0.17,1.0,170.0,0.418,0.37232429321442195,0.1955332213244895
ParkT,loo,lawgp_r4,70,170 g,0.17,1.0,175.0,0.4318,0.548087286440233,0.19526378114744433
ParkT,loo,lawgp_r4,71,170 g,0.17,1.0,180.0,0.6578,0.5777526646621125,0.19538975913321097
ParkT,loo,lawgp_r4,72,170 g,0.17,1.0,185.0,0.7325,0.7417199255748542,0.19560414097933948
ParkT,loo,lawgp_r4,73,170 g,0.17,1.0,190.0,0.813,0.8144191284992972,0.19561653815805127
ParkT,loo,lawgp_r4,74,170 g,0.17,1.0,195.0,0.8897,0.8523796742864757,0.19560722956758586
ParkT,loo,lawgp_r4,75,170 g,0.17,1.0,200.0,0.9113,0.9037289903931407,0.19561511273935814
ParkT,loo,lawgp_r4,76,170 g,0.17,1.0,205.0,0.9486,0.995950679584758,0.19551394105917036
ParkT,loo,lawgp_r4,77,170 g,0.17,1.0,210.0,1.1078,1.0089324085498688,0.1953869562842763
ParkT,loo,lawgp_r4,78,170 g,0.17,1.0,215.0,1.1137,1.1583595200974406,0.1954880165194057
ParkT,loo,lawgp_r4,79,170 g,0.17,1.0,220.0,1.2375,1.1940310491304233,0.19557065785690175
ParkT,loo,lawgp_r4,80,170 g,0.17,1.0,225.0,1.3259,1.314392078409388,0.19562179978314534
ParkT,loo,lawgp_r4,81,170 g,0.17,1.0,230.0,1.4301,1.4104362753547046,0.19563952299995002
ParkT,loo,lawgp_r4,82,170 g,0.17,1.0,235.0,1.5205,1.4373838614791605,0.19554812914695519
ParkT,loo,lawgp_r4,83,170 g,0.17,1.0,240.0,1.4891,1.513540955969549,0.19555763301295112
ParkT,loo,lawgp_r4,84,170 g,0.17,1.0,245.0,1.5578,1.54129817291434,0.1956052327466312
ParkT,loo,lawgp_r4,85,170 g,0.17,1.0,250.0,1.66,1.6072178642353492,0.19556799130141092
ParkT,loo,lawgp_r4,86,170 g,0.17,1.0,255.0,1.7072,1.7201623025289436,0.195555156952305
ParkT,loo,lawgp_r4,87,170 g,0.17,1.0,260.0,1.7858,1.6965182509255707,0.19570304087972346
ParkT,loo,lawgp_r4,88,170 g,0.17,1.0,265.0,1.7504,1.6453928783911447,0.19510102445942656
ParkT,loo,lawgp_r4,89,170 g,0.17,1.0,270.0,1.7052,2.028138397536271,0.1942337252412569
ParkT,loo,lawgp_r4,90,170 g,0.17,1.0,275.0,2.4756,2.3220408266448196,0.19445915010565928
ParkT,loo,lawgp_r4,91,170 g,0.17,1.0,280.0,2.9236,2.8991976133987625,0.1960381857280262
ParkT,loo,lawgp_r4,92,170 g,0.17,1.0,285.0,2.9295,1.7875766033904885,0.15453348768274894
ParkT,loo,lawgp_r4,93,170 g,0.17,1.0,290.0,0.5065,1.7081415936164195,0.14956489927881994
ParkT,loo,lawgp_r4,94,170 g,0.17,1.0,295.0,0.4475,0.0862346013882358,0.18886265958849424
ParkT,loo,lawgp_r4,95,170 g,0.17,1.0,300.0,0.3807,1.2188652767779518,0.2602427178243647
ParkT,loo,lawgp_r4,96,270 g,0.27,1.0,10.0,0.1331,0.15057340952813936,0.2622968866179606
ParkT,loo,lawgp_r4,97,270 g,0.27,1.0,15.0,0.1665,0.11489557184904789,0.1969939257385159
ParkT,loo,lawgp_r4,98,270 g,0.27,1.0,20.0,0.1095,0.17436102769434603,0.1956909611539694
ParkT,loo,lawgp_r4,99,270 g,0.27,1.0,25.0,0.1822,0.13640494052042193,0.19556243811406931
ParkT,loo,lawgp_r4,100,270 g,0.27,1.0,30.0,0.1763,0.1758557616646228,0.19561974722099493
ParkT,loo,lawgp_r4,101,270 g,0.27,1.0,35.0,0.1704,0.18168480818211055,0.19561026223962158
ParkT,loo,lawgp_r4,102,270 g,0.27,1.0,40.0,0.194,0.15795765722894223,0.19555676754393786
ParkT,loo,lawgp_r4,103,270 g,0.27,1.0,45.0,0.1626,0.2325991122894957,0.19539224504991637
ParkT,loo,lawgp_r4,104,270 g,0.27,1.0,50.0,0.2628,0.14182437606840573,0.19514793479814557
ParkT,loo,lawgp_r4,105,270 g,0.27,1.0,55.0,0.1311,0.2352783822435487,0.19515509895978098
ParkT,loo,lawgp_r4,106,270 g,0.27,1.0,60.0,0.1861,0.09913687477035821,0.19534308663047079
ParkT,loo,lawgp_r4,107,270 g,0.27,1.0,65.0,0.0898,0.13399462185524508,0.19556638562576048
ParkT,loo,lawgp_r4,108,270 g,0.27,1.0,70.0,0.1056,0.1347749833374119,0.1956323010094895
ParkT,loo,lawgp_r4,109,270 g,0.27,1.0,75.0,0.194,0.18871350434223866,0.19562346892808233
ParkT,loo,lawgp_r4,110,270 g,0.27,1.0,80.0,0.253,0.16585469424382507,0.19552621876554055
ParkT,loo,lawgp_r4,111,270 g,0.27,1.0,85.0,0.1193,0.16667312898791234,0.19554906573651262
ParkT,loo,lawgp_r4,112,270 g,0.27,1.0,90.0,0.0977,0.11339581045574107,0.19566052985304627
ParkT,loo,lawgp_r4,113,270 g,0.27,1.0,95.0,0.1586,0.2620469472314596,0.1951785776480447
ParkT,loo,lawgp_r4,114,270 g,0.27,1.0,100.0,0.4121,0.1957067959686133,0.1946097174341176
ParkT,loo,lawgp_r4,115,270 g,0.27,1.0,105.0,0.2097,0.3003844330993413,0.19520501803235157
ParkT,loo,lawgp_r4,116,270 g,0.27,1.0,110.0,0.1449,0.1426777609874691,0.19561251009563585
ParkT,loo,lawgp_r4,117,270 g,0.27,1.0,115.0,0.0957,0.12269610198211053,0.1956046099523597
ParkT,loo,lawgp_r4,118,270 g,0.27,1.0,120.0,0.1193,0.09656825228676216,0.19560176560550613
ParkT,loo,lawgp_r4,119,270 g,0.27,1.0,125.0,0.0997,0.11156299000625372,0.19561006509387668
ParkT,loo,lawgp_r4,120,270 g,0.27,1.0,130.0,0.1115,0.1162113651373982,0.1956212948353103
ParkT,loo,lawgp_r4,121,270 g,0.27,1.0,135.0,0.1783,0.21895468597294251,0.19565129606488643
ParkT,loo,lawgp_r4,122,270 g,0.27,1.0,140.0,0.365,0.41250362529629947,0.1954833587124355
ParkT,loo,lawgp_r4,123,270 g,0.27,1.0,145.0,0.6165,0.43432576417876745,0.19523052050737652
ParkT,loo,lawgp_r4,124,270 g,0.27,1.0,150.0,0.4534,0.4695247733868386,0.1955781375874358
ParkT,loo,lawgp_r4,125,270 g,0.27,1.0,155.0,0.2746,0.31448189477935984,0.1956226681342233
ParkT,loo,lawgp_r4,126,270 g,0.27,1.0,160.0,0.1901,0.1887122951314924,0.1956147989619381
ParkT,loo,lawgp_r4,127,270 g,0.27,1.0,165.0,0.1409,0.15304327888445748,0.19561408988876294
ParkT,loo,lawgp_r4,128,270 g,0.27,1.0,170.0,0.1272,0.13422700319697076,0.19561614078638034
ParkT,loo,lawgp_r4,129,270 g,0.27,1.0,175.0,0.1213,0.1317908381561211,0.19561640041892195
ParkT,loo,lawgp_r4,130,270 g,0.27,1.0,180.0,0.1233,0.13369329723329879,0.19561745400223252
ParkT,loo,lawgp_r4,131,270 g,0.27,1.0,185.0,0.1272,0.14646811999537307,0.1956043812983423
ParkT,loo,lawgp_r4,132,270 g,0.27,1.0,190.0,0.1488,0.12762663386400666,0.19558275852785081
ParkT,loo,lawgp_r4,133,270 g,0.27,1.0,195.0,0.1311,0.18018240960553789,0.19562634105723573
ParkT,loo,lawgp_r4,134,270 g,0.27,1.0,200.0,0.2156,0.2709841704552175,0.19553553833367712
ParkT,loo,lawgp_r4,135,270 g,0.27,1.0,205.0,0.3944,0.286405288823653,0.1953006664102039
ParkT,loo,lawgp_r4,136,270 g,0.27,1.0,210.0,0.3355,0.40747530497906187,0.19539127925437638
ParkT,loo,lawgp_r4,137,270 g,0.27,1.0,215.0,0.3689,0.33357827727998435,0.19555662805520904
ParkT,loo,lawgp_r4,138,270 g,0.27,1.0,220.0,0.3119,0.3219628854365624,0.1956116099794898
ParkT,loo,lawgp_r4,139,270 g,0.27,1.0,225.0,0.2628,0.2895631899952623,0.19561762622089696
ParkT,loo,lawgp_r4,140,270 g,0.27,1.0,230.0,0.2588,0.2765366552131231,0.19561778492822762
ParkT,loo,lawgp_r4,141,270 g,0.27,1.0,235.0,0.2805,0.2852772072493436,0.19561185600146255
ParkT,loo,lawgp_r4,142,270 g,0.27,1.0,240.0,0.2903,0.3088849739449806,0.19560919963227974
ParkT,loo,lawgp_r4,143,270 g,0.27,1.0,245.0,0.306,0.31348738714701857,0.19561324979980188
ParkT,loo,lawgp_r4,144,270 g,0.27,1.0,250.0,0.308,0.33238746892843646,0.19561410994462933
ParkT,loo,lawgp_r4,145,270 g,0.27,1.0,255.0,0.3296,0.34828662826909634,0.1956158844760572
ParkT,loo,lawgp_r4,146,270 g,0.27,1.0,260.0,0.3591,0.3695973134321035,0.1956149441987564
ParkT,loo,lawgp_r4,147,270 g,0.27,1.0,265.0,0.3787,0.40626351734732197,0.1956123119942294
ParkT,loo,lawgp_r4,148,270 g,0.27,1.0,270.0,0.418,0.4297624177816935,0.19561693982342074
ParkT,loo,lawgp_r4,149,270 g,0.27,1.0,275.0,0.4475,0.4675733670178763,0.19561685577551882
ParkT,loo,lawgp_r4,150,270 g,0.27,1.0,280.0,0.4868,0.5060455370955512,0.19562550432339437
ParkT,loo,lawgp_r4,151,270 g,0.27,1.0,285.0,0.5418,0.5734366641333385,0.1956215378251656
ParkT,loo,lawgp_r4,152,270 g,0.27,1.0,290.0,0.6381,0.6479837771191367,0.1956196033470567
ParkT,loo,lawgp_r4,153,270 g,0.27,1.0,295.0,0.7344,0.7363713009125676,0.19561793048272627
ParkT,loo,lawgp_r4,154,270 g,0.27,1.0,300.0,0.8229,0.8482905504845323,0.1956192269903747
ParkT,loo,lawgp_r4,155,270 g,0.27,1.0,305.0,0.9585,0.9688483063205082,0.19561821663152393
ParkT,loo,lawgp_r4,156,270 g,0.27,1.0,310.0,1.1196,1.0963813356840286,0.19560595493107155
ParkT,loo,lawgp_r4,157,270 g,0.27,1.0,315.0,1.2473,1.2542851037437506,0.1956057412678273
ParkT,loo,lawgp_r4,158,270 g,0.27,1.0,320.0,1.4104,1.380387195500266,0.19559604767411087
ParkT,loo,lawgp_r4,159,270 g,0.27,1.0,325.0,1.5598,1.5552954610215644,0.19560027395449586
ParkT,loo,lawgp_r4,160,270 g,0.27,1.0,330.0,1.7386,1.717941112465451,0.19562621498141097
ParkT,loo,lawgp_r4,161,270 g,0.27,1.0,335.0,1.8644,1.7686165603455886,0.19599474673757394
ParkT,loo,lawgp_r4,162,270 g,0.27,1.0,340.0,1.8172,1.5833436382700015,0.19369939979042286
ParkT,loo,lawgp_r4,163,270 g,0.27,1.0,345.0,1.4832,1.9323922545628205,0.19269163046066573
ParkT,loo,lawgp_r4,164,270 g,0.27,1.0,350.0,1.9823,2.0662396439261945,0.19425758087334255
ParkT,loo,lawgp_r4,165,270 g,0.27,1.0,355.0,2.4225,1.2226665884866514,0.1603883643721419
ParkT,loo,lawgp_r4,166,270 g,0.27,1.0,360.0,0.3787,1.4121820243117875,0.16120890760100676
ParkT,loo,lawgp_r4,167,270 g,0.27,1.0,365.0,0.2549,0.10620849937044552,0.19453489300108018
ParkT,loo,lawgp_r4,168,270 g,0.27,1.0,370.0,0.2353,0.5217795799182773,0.26264016296505954
ParkT,preload,gp,0,70 g,0.07,1.0,15.0,0.3001,0.5537624828438731,0.5872169540924301
ParkT,preload,gp,1,70 g,0.07,1.0,20.0,0.2647,0.5536141946401515,0.5872050180977841
ParkT,preload,gp,2,70 g,0.07,1.0,25.0,0.3492,0.5540555489072166,0.5872005601392317
ParkT,preload,gp,3,70 g,0.07,1.0,30.0,0.4731,0.5548241721491611,0.5871992991948224
ParkT,preload,gp,4,70 g,0.07,1.0,35.0,0.534,0.5555815843604898,0.5871993190785053
ParkT,preload,gp,5,70 g,0.07,1.0,40.0,0.2706,0.5559913971933711,0.5872002611922857
ParkT,preload,gp,6,70 g,0.07,1.0,50.0,0.1213,0.5552490472882569,0.5872052140240447
ParkT,preload,gp,7,70 g,0.07,1.0,55.0,0.1802,0.5544444901136438,0.5872074716197871
ParkT,preload,gp,8,70 g,0.07,1.0,65.0,0.2274,0.5532723134813363,0.5872052133328143
ParkT,preload,gp,9,70 g,0.07,1.0,85.0,0.3591,0.5509035792716735,0.5871988573219458
ParkT,preload,gp,10,70 g,0.07,1.0,90.0,0.4337,0.5502836060120854,0.5871987639716356
ParkT,preload,gp,11,70 g,0.07,1.0,95.0,0.4907,0.5500048543530689,0.5871987830656552
ParkT,preload,gp,12,70 g,0.07,1.0,100.0,0.5418,0.5501343030198529,0.5871989229546247
ParkT,preload,gp,13,70 g,0.07,1.0,105.0,0.6244,0.5506428895589401,0.5871992887449133
ParkT,preload,gp,14,70 g,0.07,1.0,110.0,0.6303,0.5514561364524252,0.5871999439573836
ParkT,preload,gp,15,70 g,0.07,1.0,115.0,0.6421,0.5524698602505463,0.587200679511476
ParkT,preload,gp,16,70 g,0.07,1.0,120.0,0.6735,0.5535301914335712,0.5872010163367462
ParkT,preload,gp,17,70 g,0.07,1.0,125.0,0.7108,0.5544298495211141,0.5872006795051384
ParkT,preload,gp,18,70 g,0.07,1.0,130.0,0.8032,0.5549691205869415,0.5871999439190899
ParkT,preload,gp,19,70 g,0.07,1.0,135.0,0.7777,0.5550699163171029,0.587199288525848
ParkT,preload,gp,20,70 g,0.07,1.0,140.0,0.7541,0.5548665498325377,0.5871989217492974
ParkT,preload,gp,21,70 g,0.07,1.0,145.0,0.7089,0.5546964276393244,0.5871987767482091
ParkT,preload,gp,22,70 g,0.07,1.0,150.0,0.648,0.5549857963721758,0.5871987331239835
ParkT,preload,gp,23,70 g,0.07,1.0,155.0,0.6362,0.5560968552291461,0.5871987224334774
ParkT,preload,gp,24,70 g,0.07,1.0,160.0,0.648,0.5582122453059064,0.5871987201548798
ParkT,preload,gp,25,70 g,0.07,1.0,165.0,0.3768,0.5612977272964992,0.587198719709153
ParkT,preload,gp,26,70 g,0.07,1.0,170.0,0.3689,0.5651419082000506,0.5871987196265871
ParkT,preload,gp,27,70 g,0.07,1.0,175.0,0.2274,0.5694385581263534,0.5871987196119287
ParkT,preload,gp,28,70 g,0.07,1.0,180.0,0.1999,0.573870282755417,0.5871987196094117
ParkT,preload,gp,29,70 g,0.07,1.0,185.0,0.2195,0.5781767939483308,0.5871987196089861
ParkT,preload,gp,30,70 g,0.07,1.0,190.0,0.2431,0.5822082135825701,0.5871987196089137
ParkT,preload,gp,31,70 g,0.07,1.0,195.0,0.2372,0.5859507819687406,0.5871987196089011
ParkT,preload,gp,32,70 g,0.07,1.0,205.0,0.2569,0.5930121994304751,0.5871987196088986
ParkT,preload,gp,33,70 g,0.07,1.0,215.0,0.3198,0.6002688648108917,0.5871987196088986
ParkT,preload,gp,34,70 g,0.07,1.0,220.0,0.2687,0.6040025450456361,0.587198719608899
ParkT,preload,gp,35,70 g,0.07,1.0,230.0,0.2176,0.6112034028548913,0.5871987196089157
ParkT,preload,gp,36,70 g,0.07,1.0,235.0,0.1861,0.6145065037488456,0.5871987196089952
ParkT,preload,gp,37,70 g,0.07,1.0,240.0,0.1783,0.6176287127452689,0.5871987196094491
ParkT,preload,gp,38,70 g,0.07,1.0,245.0,0.1684,0.6206846315486696,0.5871987196120839
ParkT,preload,gp,39,70 g,0.07,1.0,250.0,0.1704,0.6238344495036695,0.5871987196275456
ParkT,preload,gp,40,170 g,0.17,1.0,10.0,0.0722,0.19832637889572804,0.18818884502984287
ParkT,preload,gp,41,170 g,0.17,1.0,15.0,0.1016,0.21353018112993744,0.17100255935410152
ParkT,preload,gp,42,170 g,0.17,1.0,20.0,0.1567,0.23957624399055627,0.16673314911960493
ParkT,preload,gp,43,170 g,0.17,1.0,25.0,0.1567,0.269954791918422,0.16630344565921862
ParkT,preload,gp,44,170 g,0.17,1.0,30.0,0.1272,0.29105425871995627,0.16619163297897097
ParkT,preload,gp,45,170 g,0.17,1.0,35.0,0.2412,0.28996104481582063,0.16638819201902588
ParkT,preload,gp,46,170 g,0.17,1.0,40.0,0.3316,0.26541367660403403,0.16715009379649187
ParkT,preload,gp,47,170 g,0.17,1.0,45.0,0.4102,0.22870300635696783,0.1677647408585613
ParkT,preload,gp,48,170 g,0.17,1.0,50.0,0.1704,0.19381095957336447,0.16768185577574185
ParkT,preload,gp,49,170 g,0.17,1.0,65.0,0.0702,0.16709546908362083,0.17073066895367406
ParkT,preload,gp,50,170 g,0.17,1.0,70.0,0.2706,0.18419696616078157,0.17298351618280905
ParkT,preload,gp,51,170 g,0.17,1.0,75.0,0.2923,0.20882863230596985,0.1737882115465991
ParkT,preload,gp,52,170 g,0.17,1.0,80.0,0.0957,0.23705864836149693,0.17177807672610532
ParkT,preload,gp,53,170 g,0.17,1.0,85.0,0.0584,0.2694188246186163,0.16852300228412528
ParkT,preload,gp,54,170 g,0.17,1.0,90.0,0.0525,0.3091550963967561,0.1664675986080478
ParkT,preload,gp,55,170 g,0.17,1.0,95.0,0.0505,0.35300000799373554,0.16591078133826742
ParkT,preload,gp,56,170 g,0.17,1.0,100.0,0.0781,0.3881166061767674,0.16589481393903296
ParkT,preload,gp,57,170 g,0.17,1.0,105.0,0.1095,0.40272572132173984,0.16589355916605003
ParkT,preload,gp,58,170 g,0.17,1.0,110.0,0.0898,0.3989971890482299,0.16586737998791704
ParkT,preload,gp,59,170 g,0.17,1.0,115.0,0.1252,0.3910430315491052,0.16585461565314757
ParkT,preload,gp,60,170 g,0.17,1.0,125.0,0.1979,0.4177437674800643,0.1658536332294213
ParkT,preload,gp,61,170 g,0.17,1.0,130.0,0.3237,0.4615827495356387,0.16585313059819382
ParkT,preload,gp,62,170 g,0.17,1.0,135.0,0.2923,0.516111777750067,0.16585275250016843
ParkT,preload,gp,63,170 g,0.17,1.0,140.0,0.192,0.5626318587330922,0.1658526796857908
ParkT,preload,gp,64,170 g,0.17,1.0,145.0,0.139,0.5786761037492606,0.16585274946820497
ParkT,preload,gp,65,170 g,0.17,1.0,150.0,0.1213,0.5507033966043676,0.1658529320310841
ParkT,preload,gp,66,170 g,0.17,1.0,155.0,0.1252,0.48354940660570656,0.1658530370099539
ParkT,preload,gp,67,170 g,0.17,1.0,160.0,0.1174,0.39485764392041783,0.16585290262870706
ParkT,preload,gp,68,170 g,0.17,1.0,165.0,0.3021,0.3050584415240416,0.16585447593405656
ParkT,preload,gp,69,170 g,0.17,1.0,170.0,0.418,0.23096815235169307,0.1658619286649136
ParkT,preload,gp,70,170 g,0.17,1.0,175.0,0.4318,0.18145759755625707,0.16587048487566675
ParkT,preload,gp,71,170 g,0.17,1.0,180.0,0.6578,0.15842614821239215,0.1658646074873181
ParkT,preload,gp,72,170 g,0.17,1.0,185.0,0.7325,0.15918551008321652,0.1659078075232858
ParkT,preload,gp,73,170 g,0.17,1.0,190.0,0.813,0.17904403537599273,0.16628784874864572
ParkT,preload,gp,74,170 g,0.17,1.0,195.0,0.8897,0.2131546098140649,0.1672711951254265
ParkT,preload,gp,75,170 g,0.17,1.0,200.0,0.9113,0.25483190591885857,0.16838642786195473
ParkT,preload,gp,76,170 g,0.17,1.0,205.0,0.9486,0.2928800842565157,0.16882024847603605
ParkT,preload,gp,77,170 g,0.17,1.0,210.0,1.1078,0.31511149865342253,0.1684908368015974
ParkT,preload,gp,78,170 g,0.17,1.0,215.0,1.1137,0.3154495770989547,0.16781963622906027
ParkT,preload,gp,79,170 g,0.17,1.0,220.0,1.2375,0.29691194853212344,0.16766360988361606
ParkT,preload,gp,80,170 g,0.17,1.0,225.0,1.3259,0.26968622833443207,0.1677512981304815
ParkT,preload,gp,81,170 g,0.17,1.0,230.0,1.4301,0.24489611311254628,0.1671760889222416
ParkT,preload,gp,82,170 g,0.17,1.0,235.0,1.5205,0.22937669169872896,0.16636943356729034
ParkT,preload,gp,83,170 g,0.17,1.0,240.0,1.4891,0.22518131123388732,0.16599561256682188
ParkT,preload,gp,84,170 g,0.17,1.0,245.0,1.5578,0.23192411722298267,0.16647766262901462
ParkT,preload,gp,85,170 g,0.17,1.0,250.0,1.66,0.24863416569523777,0.16900233627729025
ParkT,preload,gp,86,170 g,0.17,1.0,255.0,1.7072,0.2737005235150406,0.17450897516093522
ParkT,preload,gp,87,170 g,0.17,1.0,260.0,1.7858,0.3045848163531665,0.1816754855890976
ParkT,preload,gp,88,170 g,0.17,1.0,265.0,1.7504,0.33921213525884386,0.1882460177092083
ParkT,preload,gp,89,170 g,0.17,1.0,270.0,1.7052,0.3773602535898714,0.193100307900449
ParkT,preload,gp,90,170 g,0.17,1.0,275.0,2.4756,0.42088853946334004,0.1962856944798528
ParkT,preload,gp,91,170 g,0.17,1.0,280.0,2.9236,0.4731853611781544,0.19828213792629776
ParkT,preload,gp,92,170 g,0.17,1.0,285.0,2.9295,0.5378492316574575,0.19953909598996059
ParkT,preload,gp,93,170 g,0.17,1.0,290.0,0.5065,0.6173088227932737,0.20035288371637902
ParkT,preload,gp,94,170 g,0.17,1.0,295.0,0.4475,0.7125500004908307,0.20089305416243702
ParkT,preload,gp,95,170 g,0.17,1.0,300.0,0.3807,0.8238707951277846,0.20125397245200918
ParkT,preload,gp,96,270 g,0.27,1.0,10.0,0.1331,0.5851114583333333,0.5418838443407321
ParkT,preload,gp,97,270 g,0.27,1.0,15.0,0.1665,0.5851114583333333,0.5418838443407321
ParkT,preload,gp,98,270 g,0.27,1.0,20.0,0.1095,0.5851114583333333,0.5418838443407321
ParkT,preload,gp,99,270 g,0.27,1.0,25.0,0.1822,0.5851114583333333,0.5418838443407321
ParkT,preload,gp,100,270 g,0.27,1.0,30.0,0.1763,0.5851114583333333,0.5418838443407321
ParkT,preload,gp,101,270 g,0.27,1.0,35.0,0.1704,0.5851114583333333,0.5418838443407321
ParkT,preload,gp,102,270 g,0.27,1.0,40.0,0.194,0.5851114583333333,0.5418838443407321
ParkT,preload,gp,103,270 g,0.27,1.0,45.0,0.1626,0.5851114583333333,0.5418838443407321
ParkT,preload,gp,104,270 g,0.27,1.0,50.0,0.2628,0.5851114583333333,0.5418838443407321
ParkT,preload,gp,105,270 g,0.27,1.0,55.0,0.1311,0.5851114583333333,0.5418838443407321
ParkT,preload,gp,106,270 g,0.27,1.0,60.0,0.1861,0.5851114583333333,0.5418838443407321
ParkT,preload,gp,107,270 g,0.27,1.0,65.0,0.0898,0.5851114583333333,0.5418838443407321
ParkT,preload,gp,108,270 g,0.27,1.0,70.0,0.1056,0.5851114583333333,0.5418838443407321
ParkT,preload,gp,109,270 g,0.27,1.0,75.0,0.194,0.5851114583333333,0.5418838443407321
ParkT,preload,gp,110,270 g,0.27,1.0,80.0,0.253,0.5851114583333333,0.5418838443407321
ParkT,preload,gp,111,270 g,0.27,1.0,85.0,0.1193,0.5851114583333333,0.5418838443407321
ParkT,preload,gp,112,270 g,0.27,1.0,90.0,0.0977,0.5851114583333333,0.5418838443407321
ParkT,preload,gp,113,270 g,0.27,1.0,95.0,0.1586,0.5851114583333333,0.5418838443407321
ParkT,preload,gp,114,270 g,0.27,1.0,100.0,0.4121,0.5851114583333333,0.5418838443407321
ParkT,preload,gp,115,270 g,0.27,1.0,105.0,0.2097,0.5851114583333333,0.5418838443407321
ParkT,preload,gp,116,270 g,0.27,1.0,110.0,0.1449,0.5851114583333333,0.5418838443407321
ParkT,preload,gp,117,270 g,0.27,1.0,115.0,0.0957,0.5851114583333333,0.5418838443407321
ParkT,preload,gp,118,270 g,0.27,1.0,120.0,0.1193,0.5851114583333333,0.5418838443407321
ParkT,preload,gp,119,270 g,0.27,1.0,125.0,0.0997,0.5851114583333333,0.5418838443407321
ParkT,preload,gp,120,270 g,0.27,1.0,130.0,0.1115,0.5851114583333333,0.5418838443407321
ParkT,preload,gp,121,270 g,0.27,1.0,135.0,0.1783,0.5851114583333333,0.5418838443407321
ParkT,preload,gp,122,270 g,0.27,1.0,140.0,0.365,0.5851114583333333,0.5418838443407321
ParkT,preload,gp,123,270 g,0.27,1.0,145.0,0.6165,0.5851114583333333,0.5418838443407321
ParkT,preload,gp,124,270 g,0.27,1.0,150.0,0.4534,0.5851114583333333,0.5418838443407321
ParkT,preload,gp,125,270 g,0.27,1.0,155.0,0.2746,0.5851114583333333,0.5418838443407321
ParkT,preload,gp,126,270 g,0.27,1.0,160.0,0.1901,0.5851114583333333,0.5418838443407321
ParkT,preload,gp,127,270 g,0.27,1.0,165.0,0.1409,0.5851114583333333,0.5418838443407321
ParkT,preload,gp,128,270 g,0.27,1.0,170.0,0.1272,0.5851114583333333,0.5418838443407321
ParkT,preload,gp,129,270 g,0.27,1.0,175.0,0.1213,0.5851114583333333,0.5418838443407321
ParkT,preload,gp,130,270 g,0.27,1.0,180.0,0.1233,0.5851114583333333,0.5418838443407321
ParkT,preload,gp,131,270 g,0.27,1.0,185.0,0.1272,0.5851114583333333,0.5418838443407321
ParkT,preload,gp,132,270 g,0.27,1.0,190.0,0.1488,0.5851114583333333,0.5418838443407321
ParkT,preload,gp,133,270 g,0.27,1.0,195.0,0.1311,0.5851114583333333,0.5418838443407321
ParkT,preload,gp,134,270 g,0.27,1.0,200.0,0.2156,0.5851114583333333,0.5418838443407321
ParkT,preload,gp,135,270 g,0.27,1.0,205.0,0.3944,0.5851114583333333,0.5418838443407321
ParkT,preload,gp,136,270 g,0.27,1.0,210.0,0.3355,0.5851114583333333,0.5418838443407321
ParkT,preload,gp,137,270 g,0.27,1.0,215.0,0.3689,0.5851114583333333,0.5418838443407321
ParkT,preload,gp,138,270 g,0.27,1.0,220.0,0.3119,0.5851114583333333,0.5418838443407321
ParkT,preload,gp,139,270 g,0.27,1.0,225.0,0.2628,0.5851114583333333,0.5418838443407321
ParkT,preload,gp,140,270 g,0.27,1.0,230.0,0.2588,0.5851114583333333,0.5418838443407321
ParkT,preload,gp,141,270 g,0.27,1.0,235.0,0.2805,0.5851114583333333,0.5418838443407321
ParkT,preload,gp,142,270 g,0.27,1.0,240.0,0.2903,0.5851114583333333,0.5418838443407321
ParkT,preload,gp,143,270 g,0.27,1.0,245.0,0.306,0.5851114583333333,0.5418838443407321
ParkT,preload,gp,144,270 g,0.27,1.0,250.0,0.308,0.5851114583333333,0.5418838443407321
ParkT,preload,gp,145,270 g,0.27,1.0,255.0,0.3296,0.5851114583333333,0.5418838443407321
ParkT,preload,gp,146,270 g,0.27,1.0,260.0,0.3591,0.5851114583333333,0.5418838443407321
ParkT,preload,gp,147,270 g,0.27,1.0,265.0,0.3787,0.5851114583333333,0.5418838443407321
ParkT,preload,gp,148,270 g,0.27,1.0,270.0,0.418,0.5851114583333333,0.5418838443407321
ParkT,preload,gp,149,270 g,0.27,1.0,275.0,0.4475,0.5851114583333333,0.5418838443407321
ParkT,preload,gp,150,270 g,0.27,1.0,280.0,0.4868,0.5851114583333333,0.5418838443407321
ParkT,preload,gp,151,270 g,0.27,1.0,285.0,0.5418,0.5851114583333333,0.5418838443407321
ParkT,preload,gp,152,270 g,0.27,1.0,290.0,0.6381,0.5851114583333333,0.5418838443407321
ParkT,preload,gp,153,270 g,0.27,1.0,295.0,0.7344,0.5851114583333333,0.5418838443407321
ParkT,preload,gp,154,270 g,0.27,1.0,300.0,0.8229,0.5851114583333333,0.5418838443407321
ParkT,preload,gp,155,270 g,0.27,1.0,305.0,0.9585,0.5851114583333333,0.5418838443407321
ParkT,preload,gp,156,270 g,0.27,1.0,310.0,1.1196,0.5851114583333333,0.5418838443407321
ParkT,preload,gp,157,270 g,0.27,1.0,315.0,1.2473,0.5851114583333333,0.5418838443407321
ParkT,preload,gp,158,270 g,0.27,1.0,320.0,1.4104,0.5851114583333333,0.5418838443407321
ParkT,preload,gp,159,270 g,0.27,1.0,325.0,1.5598,0.5851114583333333,0.5418838443407321
ParkT,preload,gp,160,270 g,0.27,1.0,330.0,1.7386,0.5851114583333333,0.5418838443407321
ParkT,preload,gp,161,270 g,0.27,1.0,335.0,1.8644,0.5851114583333333,0.5418838443407321
ParkT,preload,gp,162,270 g,0.27,1.0,340.0,1.8172,0.5851114583333333,0.5418838443407321
ParkT,preload,gp,163,270 g,0.27,1.0,345.0,1.4832,0.5851114583333333,0.5418838443407321
ParkT,preload,gp,164,270 g,0.27,1.0,350.0,1.9823,0.5851114583333333,0.5418838443407321
ParkT,preload,gp,165,270 g,0.27,1.0,355.0,2.4225,0.5851114583333333,0.5418838443407321
ParkT,preload,gp,166,270 g,0.27,1.0,360.0,0.3787,0.5851114583333333,0.5418838443407321
ParkT,preload,gp,167,270 g,0.27,1.0,365.0,0.2549,0.5851114583333333,0.5418838443407321
ParkT,preload,gp,168,270 g,0.27,1.0,370.0,0.2353,0.5851114583333333,0.5418838443407321
ParkT,preload,lawgp,0,70 g,0.07,1.0,15.0,0.3001,0.26850190068133967,0.3701158779025466
ParkT,preload,lawgp,1,70 g,0.07,1.0,20.0,0.2647,0.28508254765585866,0.3693662078922841
ParkT,preload,lawgp,2,70 g,0.07,1.0,25.0,0.3492,0.3037950359215914,0.36935740737728195
ParkT,preload,lawgp,3,70 g,0.07,1.0,30.0,0.4731,0.3271134764779706,0.36935263626037795
ParkT,preload,lawgp,4,70 g,0.07,1.0,35.0,0.534,0.3593058066365726,0.3693512400423184
ParkT,preload,lawgp,5,70 g,0.07,1.0,40.0,0.2706,0.3902066735502723,0.3693554700565063
ParkT,preload,lawgp,6,70 g,0.07,1.0,50.0,0.1213,0.393175463276558,0.37161260025244514
ParkT,preload,lawgp,7,70 g,0.07,1.0,55.0,0.1802,0.3767437615002663,0.37553168911424667
ParkT,preload,lawgp,8,70 g,0.07,1.0,65.0,0.2274,0.3582273439828295,0.37161259889381143
ParkT,preload,lawgp,9,70 g,0.07,1.0,85.0,0.3591,0.35854625663257833,0.3693498365694738
ParkT,preload,lawgp,10,70 g,0.07,1.0,90.0,0.4337,0.35795774949208714,0.3693490857934882
ParkT,preload,lawgp,11,70 g,0.07,1.0,95.0,0.4907,0.38617105296062243,0.3693496886159237
ParkT,preload,lawgp,12,70 g,0.07,1.0,100.0,0.5418,0.4193821209073886,0.36935002492320995
ParkT,preload,lawgp,13,70 g,0.07,1.0,105.0,0.6244,0.42838288486509035,0.3693548633860501
ParkT,preload,lawgp,14,70 g,0.07,1.0,110.0,0.6303,0.4261397241307585,0.3696081903748291
ParkT,preload,lawgp,15,70 g,0.07,1.0,115.0,0.6421,0.4366497485824762,0.37116841027251357
ParkT,preload,lawgp,16,70 g,0.07,1.0,120.0,0.6735,0.4625163680477248,0.37306161367999885
ParkT,preload,lawgp,17,70 g,0.07,1.0,125.0,0.7108,0.49362780662740124,0.3711684102711955
ParkT,preload,lawgp,18,70 g,0.07,1.0,130.0,0.8032,0.5331900991421502,0.36960819035173814
ParkT,preload,lawgp,19,70 g,0.07,1.0,135.0,0.7777,0.579796196283615,0.3693548629331808
ParkT,preload,lawgp,20,70 g,0.07,1.0,140.0,0.7541,0.6272093708430196,0.36935002306054826
ParkT,preload,lawgp,21,70 g,0.07,1.0,145.0,0.7089,0.656953161046123,0.36934968726200984
ParkT,preload,lawgp,22,70 g,0.07,1.0,150.0,0.648,0.6515579748162738,0.3693490033048525
ParkT,preload,lawgp,23,70 g,0.07,1.0,155.0,0.6362,0.6314163829270734,0.36934892308295336
ParkT,preload,lawgp,24,70 g,0.07,1.0,160.0,0.648,0.6315557195938849,0.3693489241859883
ParkT,preload,lawgp,25,70 g,0.07,1.0,165.0,0.3768,0.6656813649606428,0.36934892331462743
ParkT,preload,lawgp,26,70 g,0.07,1.0,170.0,0.3689,0.7206586774166757,0.3693489229367015
ParkT,preload,lawgp,27,70 g,0.07,1.0,175.0,0.2274,0.7862822658366859,0.36934892291344307
ParkT,preload,lawgp,28,70 g,0.07,1.0,180.0,0.1999,0.860881626142667,0.3693489229141424
ParkT,preload,lawgp,29,70 g,0.07,1.0,185.0,0.2195,0.9343517977377314,0.36934892291334936
ParkT,preload,lawgp,30,70 g,0.07,1.0,190.0,0.2431,1.0038812248516065,0.36934892291317595
ParkT,preload,lawgp,31,70 g,0.07,1.0,195.0,0.2372,1.07553405294317,0.3693489229131723
ParkT,preload,lawgp,32,70 g,0.07,1.0,205.0,0.2569,1.2465868618532348,0.3693489229131715
ParkT,preload,lawgp,33,70 g,0.07,1.0,215.0,0.3198,1.4005222579937588,0.36934892291317145
ParkT,preload,lawgp,34,70 g,0.07,1.0,220.0,0.2687,1.468565384073409,0.3693489229131715
ParkT,preload,lawgp,35,70 g,0.07,1.0,230.0,0.2176,1.6185040607509291,0.3693489229131732
ParkT,preload,lawgp,36,70 g,0.07,1.0,235.0,0.1861,1.6978145069014778,0.3693489229131771
ParkT,preload,lawgp,37,70 g,0.07,1.0,240.0,0.1783,1.77590543674038,0.36934892291336324
ParkT,preload,lawgp,38,70 g,0.07,1.0,245.0,0.1684,1.8603790230365316,0.3693489229144638
ParkT,preload,lawgp,39,70 g,0.07,1.0,250.0,0.1704,1.9521650087467604,0.3693489229149174
ParkT,preload,lawgp,40,170 g,0.17,1.0,10.0,0.0722,0.19909524026775038,0.20997652489310792
ParkT,preload,lawgp,41,170 g,0.17,1.0,15.0,0.1016,0.2110872292921059,0.19471953330827302
ParkT,preload,lawgp,42,170 g,0.17,1.0,20.0,0.1567,0.21901265747196147,0.19287595429064136
ParkT,preload,lawgp,43,170 g,0.17,1.0,25.0,0.1567,0.26546029606137644,0.1928633659976397
ParkT,preload,lawgp,44,170 g,0.17,1.0,30.0,0.1272,0.32249479627768673,0.19285964072039644
ParkT,preload,lawgp,45,170 g,0.17,1.0,35.0,0.2412,0.32114101965903885,0.19285501121991241
ParkT,preload,lawgp,46,170 g,0.17,1.0,40.0,0.3316,0.25043862944537054,0.19409766887302607
ParkT,preload,lawgp,47,170 g,0.17,1.0,45.0,0.4102,0.19055512724026813,0.19750906047220174
ParkT,preload,lawgp,48,170 g,0.17,1.0,50.0,0.1704,0.17510126565480622,0.19409609237800277
ParkT,preload,lawgp,49,170 g,0.17,1.0,65.0,0.0702,0.1687636024563396,0.1957400979771692
ParkT,preload,lawgp,50,170 g,0.17,1.0,70.0,0.2706,0.18146390170505977,0.20652314457033122
ParkT,preload,lawgp,51,170 g,0.17,1.0,75.0,0.2923,0.22419744556143795,0.2149107008310582
ParkT,preload,lawgp,52,170 g,0.17,1.0,80.0,0.0957,0.25437382487559057,0.20650855347738378
ParkT,preload,lawgp,53,170 g,0.17,1.0,85.0,0.0584,0.2543551066571906,0.1946910418739133
ParkT,preload,lawgp,54,170 g,0.17,1.0,90.0,0.0525,0.2761008509986376,0.19286263511433274
ParkT,preload,lawgp,55,170 g,0.17,1.0,95.0,0.0505,0.35229407307422006,0.1928630841843539
ParkT,preload,lawgp,56,170 g,0.17,1.0,100.0,0.0781,0.43111961500424856,0.19285330302703257
ParkT,preload,lawgp,57,170 g,0.17,1.0,105.0,0.1095,0.4323560056659823,0.1928532961606985
ParkT,preload,lawgp,58,170 g,0.17,1.0,110.0,0.0898,0.3967011205424818,0.19285325093035777
ParkT,preload,lawgp,59,170 g,0.17,1.0,115.0,0.1252,0.3821982597307163,0.1928532509170981
ParkT,preload,lawgp,60,170 g,0.17,1.0,125.0,0.1979,0.4189808196947049,0.1928532506460465
ParkT,preload,lawgp,61,170 g,0.17,1.0,130.0,0.3237,0.45293881124173463,0.1928532506444926
ParkT,preload,lawgp,62,170 g,0.17,1.0,135.0,0.2923,0.5015270412433134,0.19285325064449094
ParkT,preload,lawgp,63,170 g,0.17,1.0,140.0,0.192,0.5768646069540465,0.19285325064448197
ParkT,preload,lawgp,64,170 g,0.17,1.0,145.0,0.139,0.6208426586863639,0.19285325064448763
ParkT,preload,lawgp,65,170 g,0.17,1.0,150.0,0.1213,0.5682051917768156,0.1928532506444903
ParkT,preload,lawgp,66,170 g,0.17,1.0,155.0,0.1252,0.4781103693885611,0.19285325064547876
ParkT,preload,lawgp,67,170 g,0.17,1.0,160.0,0.1174,0.38985976976277487,0.19285325064576944
ParkT,preload,lawgp,68,170 g,0.17,1.0,165.0,0.3021,0.2956105694260137,0.19285325081958124
ParkT,preload,lawgp,69,170 g,0.17,1.0,170.0,0.418,0.22930750924399937,0.19285325083056826
ParkT,preload,lawgp,70,170 g,0.17,1.0,175.0,0.4318,0.18393295619774785,0.1928532801623507
ParkT,preload,lawgp,71,170 g,0.17,1.0,180.0,0.6578,0.16403905429913168,0.19285328994439704
ParkT,preload,lawgp,72,170 g,0.17,1.0,185.0,0.7325,0.17082290528942695,0.1928595920527649
ParkT,preload,lawgp,73,170 g,0.17,1.0,190.0,0.813,0.1821424346470467,0.19285500600535924
ParkT,preload,lawgp,74,170 g,0.17,1.0,195.0,0.8897,0.1975355259370796,0.1941099162971105
ParkT,preload,lawgp,75,170 g,0.17,1.0,200.0,0.9113,0.2448860026337386,0.19748912439177108
ParkT,preload,lawgp,76,170 g,0.17,1.0,205.0,0.9486,0.30411261130445283,0.1952494172301775
ParkT,preload,lawgp,77,170 g,0.17,1.0,210.0,1.1078,0.3322123541872698,0.19750975631342677
ParkT,preload,lawgp,78,170 g,0.17,1.0,215.0,1.1137,0.32718388470650106,0.19410991723357313
ParkT,preload,lawgp,79,170 g,0.17,1.0,220.0,1.2375,0.2963218584074532,0.1940960738848782
ParkT,preload,lawgp,80,170 g,0.17,1.0,225.0,1.3259,0.26250677898008873,0.197508810895562
ParkT,preload,lawgp,81,170 g,0.17,1.0,230.0,1.4301,0.238340042496417,0.19409769588915488
ParkT,preload,lawgp,82,170 g,0.17,1.0,235.0,1.5205,0.22770429691622027,0.19285501885958398
ParkT,preload,lawgp,83,170 g,0.17,1.0,240.0,1.4891,0.22366340824588096,0.1928694990188729
ParkT,preload,lawgp,84,170 g,0.17,1.0,245.0,1.5578,0.22425911984414418,0.19286363680055937
ParkT,preload,lawgp,85,170 g,0.17,1.0,250.0,1.66,0.2698564399705756,0.19470986600563112
ParkT,preload,lawgp,86,170 g,0.17,1.0,255.0,1.7072,0.39590127509462647,0.2072301318590633
ParkT,preload,lawgp,87,170 g,0.17,1.0,260.0,1.7858,0.545391353754533,0.220169546481796
ParkT,preload,lawgp,88,170 g,0.17,1.0,265.0,1.7504,0.6688968046374347,0.2249538835823526
ParkT,preload,lawgp,89,170 g,0.17,1.0,270.0,1.7052,0.7707353947476011,0.2259817956559503
ParkT,preload,lawgp,90,170 g,0.17,1.0,275.0,2.4756,0.8663798056692233,0.22614415042193925
ParkT,preload,lawgp,91,170 g,0.17,1.0,280.0,2.9236,0.9711541497589266,0.2261654814991813
ParkT,preload,lawgp,92,170 g,0.17,1.0,285.0,2.9295,1.0995700830913318,0.22616796276472395
ParkT,preload,lawgp,93,170 g,0.17,1.0,290.0,0.5065,1.2579657472604024,0.2261682266006181
ParkT,preload,lawgp,94,170 g,0.17,1.0,295.0,0.4475,1.4418643429794806,0.2261682528617292
ParkT,preload,lawgp,95,170 g,0.17,1.0,300.0,0.3807,1.6544290495986467,0.2261682553574431
ParkT,preload,lawgp,96,270 g,0.27,1.0,10.0,0.1331,0.2176714783675932,0.3683176805279235
ParkT,preload,lawgp,97,270 g,0.27,1.0,15.0,0.1665,0.22313857787851132,0.3683176805279225
ParkT,preload,lawgp,98,270 g,0.27,1.0,20.0,0.1095,0.22892237668220816,0.36831768052792185
ParkT,preload,lawgp,99,270 g,0.27,1.0,25.0,0.1822,0.23504730164436957,0.36831768052792146
ParkT,preload,lawgp,100,270 g,0.27,1.0,30.0,0.1763,0.24154012486661847,0.3683176805279213
ParkT,preload,lawgp,101,270 g,0.27,1.0,35.0,0.1704,0.248430231957439,0.3683176805279213
ParkT,preload,lawgp,102,270 g,0.27,1.0,40.0,0.194,0.2557499256163034,0.36831768052792135
ParkT,preload,lawgp,103,270 g,0.27,1.0,45.0,0.1626,0.2635347695848025,0.3683176805279214
ParkT,preload,lawgp,104,270 g,0.27,1.0,50.0,0.2628,0.2718239788102283,0.3683176805279216
ParkT,preload,lawgp,105,270 g,0.27,1.0,55.0,0.1311,0.2806608626849392,0.36831768052792163
ParkT,preload,lawgp,106,270 g,0.27,1.0,60.0,0.1861,0.29009332947041655,0.36831768052792163
ParkT,preload,lawgp,107,270 g,0.27,1.0,65.0,0.0898,0.3001744614096755,0.3683176805279216
ParkT,preload,lawgp,108,270 g,0.27,1.0,70.0,0.1056,0.3109631714958091,0.3683176805279214
ParkT,preload,lawgp,109,270 g,0.27,1.0,75.0,0.194,0.3225249544181059,0.36831768052792135
ParkT,preload,lawgp,110,270 g,0.27,1.0,80.0,0.253,0.3349327459842212,0.36831768052792124
ParkT,preload,lawgp,111,270 g,0.27,1.0,85.0,0.1193,0.3482679074639364,0.3683176805279212
ParkT,preload,lawgp,112,270 g,0.27,1.0,90.0,0.0977,0.3626213538550662,0.36831768052792113
ParkT,preload,lawgp,113,270 g,0.27,1.0,95.0,0.1586,0.37809484793682663,0.36831768052792113
ParkT,preload,lawgp,114,270 g,0.27,1.0,100.0,0.4121,0.39480248499266724,0.36831768052792113
ParkT,preload,lawgp,115,270 g,0.27,1.0,105.0,0.2097,0.4128723961160213,0.3683176805279212
ParkT,preload,lawgp,116,270 g,0.27,1.0,110.0,0.1449,0.4324487009262161,0.36831768052792124
ParkT,preload,lawgp,117,270 g,0.27,1.0,115.0,0.0957,0.4536937430767508,0.36831768052792124
ParkT,preload,lawgp,118,270 g,0.27,1.0,120.0,0.1193,0.476790643645118,0.36831768052792124
ParkT,preload,lawgp,119,270 g,0.27,1.0,125.0,0.0997,0.5019462075017784,0.36831768052792124
ParkT,preload,lawgp,120,270 g,0.27,1.0,130.0,0.1115,0.5293942147428219,0.36831768052792124
ParkT,preload,lawgp,121,270 g,0.27,1.0,135.0,0.1783,0.5593991212552609,0.3683176805279212
ParkT,preload,lawgp,122,270 g,0.27,1.0,140.0,0.365,0.5922601764891993,0.36831768052792113
ParkT,preload,lawgp,123,270 g,0.27,1.0,145.0,0.6165,0.6283159380319133,0.36831768052792113
ParkT,preload,lawgp,124,270 g,0.27,1.0,150.0,0.4534,0.667949114836234,0.36831768052792113
ParkT,preload,lawgp,125,270 g,0.27,1.0,155.0,0.2746,0.7115915939167408,0.36831768052792113
ParkT,preload,lawgp,126,270 g,0.27,1.0,160.0,0.1901,0.7597293844285291,0.36831768052792113
ParkT,preload,lawgp,127,270 g,0.27,1.0,165.0,0.1409,0.8129070275534608,0.36831768052792113
ParkT,preload,lawgp,128,270 g,0.27,1.0,170.0,0.1272,0.8717307416951027,0.36831768052792113
ParkT,preload,lawgp,129,270 g,0.27,1.0,175.0,0.1213,0.9368691612882942,0.36831768052792113
ParkT,preload,lawgp,130,270 g,0.27,1.0,180.0,0.1233,1.0090499344081354,0.36831768052792113
ParkT,preload,lawgp,131,270 g,0.27,1.0,185.0,0.1272,1.0890496112956352,0.36831768052792113
ParkT,preload,lawgp,132,270 g,0.27,1.0,190.0,0.1488,1.177673126651995,0.36831768052792113
ParkT,preload,lawgp,133,270 g,0.27,1.0,195.0,0.1311,1.2757177245587012,0.36831768052792113
ParkT,preload,lawgp,134,270 g,0.27,1.0,200.0,0.2156,1.3839144507389813,0.36831768052792113
ParkT,preload,lawgp,135,270 g,0.27,1.0,205.0,0.3944,1.5028385850082713,0.36831768052792113
ParkT,preload,lawgp,136,270 g,0.27,1.0,210.0,0.3355,1.6327792133775998,0.36831768052792113
ParkT,preload,lawgp,137,270 g,0.27,1.0,215.0,0.3689,1.7735587671672635,0.36831768052792113
ParkT,preload,lawgp,138,270 g,0.27,1.0,220.0,0.3119,1.9242978954486178,0.36831768052792113
ParkT,preload,lawgp,139,270 g,0.27,1.0,225.0,0.2628,2.0831325517781036,0.36831768052792113
ParkT,preload,lawgp,140,270 g,0.27,1.0,230.0,0.2588,2.246912040523081,0.36831768052792113
ParkT,preload,lawgp,141,270 g,0.27,1.0,235.0,0.2805,2.410940476925607,0.36831768052792113
ParkT,preload,lawgp,142,270 g,0.27,1.0,240.0,0.2903,2.5688648566520405,0.36831768052792113
ParkT,preload,lawgp,143,270 g,0.27,1.0,245.0,0.306,2.7128438555561196,0.36831768052792113
ParkT,preload,lawgp,144,270 g,0.27,1.0,250.0,0.308,2.8341216371580353,0.36831768052792113
ParkT,preload,lawgp,145,270 g,0.27,1.0,255.0,0.3296,2.9240463209411196,0.36831768052792113
ParkT,preload,lawgp,146,270 g,0.27,1.0,260.0,0.3591,2.975406587472148,0.36831768052792113
ParkT,preload,lawgp,147,270 g,0.27,1.0,265.0,0.3787,2.9837677053773333,0.36831768052792113
ParkT,preload,lawgp,148,270 g,0.27,1.0,270.0,0.418,2.9483855223171105,0.36831768052792113
ParkT,preload,lawgp,149,270 g,0.27,1.0,275.0,0.4475,2.8723664325634894,0.3683176805279212
ParkT,preload,lawgp,150,270 g,0.27,1.0,280.0,0.4868,2.7620120874565144,0.36831768052792124
ParkT,preload,lawgp,151,270 g,0.27,1.0,285.0,0.5418,2.625593913514013,0.36831768052792146
ParkT,preload,lawgp,152,270 g,0.27,1.0,290.0,0.6381,2.47197031042428,0.36831768052792185
ParkT,preload,lawgp,153,270 g,0.27,1.0,295.0,0.7344,2.309421734002975,0.3683176805279225
ParkT,preload,lawgp,154,270 g,0.27,1.0,300.0,0.8229,2.144905407349599,0.3683176805279235
ParkT,preload,lawgp,155,270 g,0.27,1.0,305.0,0.9585,1.9837448335891819,0.36831768052792485
ParkT,preload,lawgp,156,270 g,0.27,1.0,310.0,1.1196,1.8296517575058253,0.3683176805279263
ParkT,preload,lawgp,157,270 g,0.27,1.0,315.0,1.2473,1.6849433863592278,0.3683176805279277
ParkT,preload,lawgp,158,270 g,0.27,1.0,320.0,1.4104,1.5508373871106294,0.36831768052792885
ParkT,preload,lawgp,159,270 g,0.27,1.0,325.0,1.5598,1.4277469833365637,0.3683176805279297
ParkT,preload,lawgp,160,270 g,0.27,1.0,330.0,1.7386,1.315535948668347,0.3683176805279303
ParkT,preload,lawgp,161,270 g,0.27,1.0,335.0,1.8644,1.2137196963092183,0.3683176805279305
ParkT,preload,lawgp,162,270 g,0.27,1.0,340.0,1.8172,1.1216137407587587,0.3683176805279307
ParkT,preload,lawgp,163,270 g,0.27,1.0,345.0,1.4832,1.0384375900730978,0.36831768052793074
ParkT,preload,lawgp,164,270 g,0.27,1.0,350.0,1.9823,0.9633839357521228,0.36831768052793074
ParkT,preload,lawgp,165,270 g,0.27,1.0,355.0,2.4225,0.8956623305406762,0.3683176805279308
ParkT,preload,lawgp,166,270 g,0.27,1.0,360.0,0.3787,0.8345249133527752,0.3683176805279308
ParkT,preload,lawgp,167,270 g,0.27,1.0,365.0,0.2549,0.7792799622324336,0.3683176805279308
ParkT,preload,lawgp,168,270 g,0.27,1.0,370.0,0.2353,0.7292974860793018,0.3683176805279308
ParkT,preload,law,0,70 g,0.07,1.0,15.0,0.3001,0.27921541800000266,
ParkT,preload,law,1,70 g,0.07,1.0,20.0,0.2647,0.28732237989460174,
ParkT,preload,law,2,70 g,0.07,1.0,25.0,0.3492,0.29577735304692054,
ParkT,preload,law,3,70 g,0.07,1.0,30.0,0.4731,0.30459989753289557,
ParkT,preload,law,4,70 g,0.07,1.0,35.0,0.534,0.31381091497850566,
ParkT,preload,law,5,70 g,0.07,1.0,40.0,0.2706,0.3234327553229489,
ParkT,preload,law,6,70 g,0.07,1.0,50.0,0.1213,0.3440062534676316,
ParkT,preload,law,7,70 g,0.07,1.0,55.0,0.1802,0.3550109508732262,
ParkT,preload,law,8,70 g,0.07,1.0,65.0,0.2274,0.3786034704889607,
ParkT,preload,law,9,70 g,0.07,1.0,85.0,0.3591,0.43308995865318944,
ParkT,preload,law,10,70 g,0.07,1.0,90.0,0.4337,0.44846601590589785,
ParkT,preload,law,11,70 g,0.07,1.0,95.0,0.4907,0.4646363013652469,
ParkT,preload,law,12,70 g,0.07,1.0,100.0,0.5418,0.4816533447570357,
ParkT,preload,law,13,70 g,0.07,1.0,105.0,0.6244,0.49957377164839833,
ParkT,preload,law,14,70 g,0.07,1.0,110.0,0.6303,0.518458651824944,
ParkT,preload,law,15,70 g,0.07,1.0,115.0,0.6421,0.538373876248972,
ParkT,preload,law,16,70 g,0.07,1.0,120.0,0.6735,0.5593905640108218,
ParkT,preload,law,17,70 g,0.07,1.0,125.0,0.7108,0.5815855004059858,
ParkT,preload,law,18,70 g,0.07,1.0,130.0,0.8032,0.6050416068416835,
ParkT,preload,law,19,70 g,0.07,1.0,135.0,0.7777,0.6298484426492217,
ParkT,preload,law,20,70 g,0.07,1.0,140.0,0.7541,0.6561027379897677,
ParkT,preload,law,21,70 g,0.07,1.0,145.0,0.7089,0.6839089558105298,
ParkT,preload,law,22,70 g,0.07,1.0,150.0,0.648,0.7133798791330715,
ParkT,preload,law,23,70 g,0.07,1.0,155.0,0.6362,0.7446372177051942,
ParkT,preload,law,24,70 g,0.07,1.0,160.0,0.648,0.7778122250580225,
ParkT,preload,law,25,70 g,0.07,1.0,165.0,0.3768,0.8130463130743203,
ParkT,preload,law,26,70 g,0.07,1.0,170.0,0.3689,0.8504916460359704,
ParkT,preload,law,27,70 g,0.07,1.0,175.0,0.2274,0.8903116894614451,
ParkT,preload,law,28,70 g,0.07,1.0,180.0,0.1999,0.9326816804822433,
ParkT,preload,law,29,70 g,0.07,1.0,185.0,0.2195,0.9777889755773966,
ParkT,preload,law,30,70 g,0.07,1.0,190.0,0.2431,1.0258332176416418,
ParkT,preload,law,31,70 g,0.07,1.0,195.0,0.2372,1.0770262469798286,
ParkT,preload,law,32,70 g,0.07,1.0,205.0,0.2569,1.1897638864652578,
ParkT,preload,law,33,70 g,0.07,1.0,215.0,0.3198,1.3179105633078247,
ParkT,preload,law,34,70 g,0.07,1.0,220.0,0.2687,1.3883897271501748,
ParkT,preload,law,35,70 g,0.07,1.0,230.0,0.2176,1.5434169923387355,
ParkT,preload,law,36,70 g,0.07,1.0,235.0,0.1861,1.6284385312329452,
ParkT,preload,law,37,70 g,0.07,1.0,240.0,0.1783,1.718742467166457,
ParkT,preload,law,38,70 g,0.07,1.0,245.0,0.1684,1.8144880471145055,
ParkT,preload,law,39,70 g,0.07,1.0,250.0,0.1704,1.9157751484337602,
ParkT,preload,law,40,170 g,0.17,1.0,10.0,0.0722,0.036727997816296196,
ParkT,preload,law,41,170 g,0.17,1.0,15.0,0.1016,0.037870822348215684,
ParkT,preload,law,42,170 g,0.17,1.0,20.0,0.1567,0.039067613159537606,
ParkT,preload,law,43,170 g,0.17,1.0,25.0,0.1567,0.040321808023567135,
ParkT,preload,law,44,170 g,0.17,1.0,30.0,0.1272,0.04163712166646085,
ParkT,preload,law,45,170 g,0.17,1.0,35.0,0.2412,0.043017572853826784,
ParkT,preload,law,46,170 g,0.17,1.0,40.0,0.3316,0.04446751460372302,
ParkT,preload,law,47,170 g,0.17,1.0,45.0,0.4102,0.04599166794316646,
ParkT,preload,law,48,170 g,0.17,1.0,50.0,0.1704,0.047595159688568325,
ParkT,preload,law,49,170 g,0.17,1.0,65.0,0.0702,0.05293994718482948,
ParkT,preload,law,50,170 g,0.17,1.0,70.0,0.2706,0.054921774010662325,
ParkT,preload,law,51,170 g,0.17,1.0,75.0,0.2923,0.057016341905225434,
ParkT,preload,law,52,170 g,0.17,1.0,80.0,0.0957,0.05923231337213323,
ParkT,preload,law,53,170 g,0.17,1.0,85.0,0.0584,0.06157919357499749,
ParkT,preload,law,54,170 g,0.17,1.0,90.0,0.0525,0.06406742994030025,
ParkT,preload,law,55,170 g,0.17,1.0,95.0,0.0505,0.06670852566324025,
ParkT,preload,law,56,170 g,0.17,1.0,100.0,0.0781,0.06951516936032155,
ParkT,preload,law,57,170 g,0.17,1.0,105.0,0.1095,0.07250138352429,
ParkT,preload,law,58,170 g,0.17,1.0,110.0,0.0898,0.07568269493368458,
ParkT,preload,law,59,170 g,0.17,1.0,115.0,0.1252,0.07907633077013702,
ParkT,preload,law,60,170 g,0.17,1.0,125.0,0.1979,0.08657937987199087,
ParkT,preload,law,61,170 g,0.17,1.0,130.0,0.3237,0.09073397054373863,
ParkT,preload,law,62,170 g,0.17,1.0,135.0,0.2923,0.09519189802960325,
ParkT,preload,law,63,170 g,0.17,1.0,140.0,0.192,0.09998310248988054,
ParkT,preload,law,64,170 g,0.17,1.0,145.0,0.139,0.10514126675362644,
ParkT,preload,law,65,170 g,0.17,1.0,150.0,0.1213,0.11070438455239454,
ParkT,preload,law,66,170 g,0.17,1.0,155.0,0.1252,0.11671543047224298,
ParkT,preload,law,67,170 g,0.17,1.0,160.0,0.1174,0.12322315260771281,
ParkT,preload,law,68,170 g,0.17,1.0,165.0,0.3021,0.1302830137960269,
ParkT,preload,law,69,170 g,0.17,1.0,170.0,0.418,0.1379583134728933,
ParkT,preload,law,70,170 g,0.17,1.0,175.0,0.4318,0.14632152998181414,
ParkT,preload,law,71,170 g,0.17,1.0,180.0,0.6578,0.155455933053825,
ParkT,preload,law,72,170 g,0.17,1.0,185.0,0.7325,0.16545752876331862,
ParkT,preload,law,73,170 g,0.17,1.0,190.0,0.813,0.1764374153532047,
ParkT,preload,law,74,170 g,0.17,1.0,195.0,0.8897,0.1885246489466751,
ParkT,preload,law,75,170 g,0.17,1.0,200.0,0.9113,0.2018697446742134,
ParkT,preload,law,76,170 g,0.17,1.0,205.0,0.9486,0.21664897289404783,
ParkT,preload,law,77,170 g,0.17,1.0,210.0,1.1078,0.23306965422188974,
ParkT,preload,law,78,170 g,0.17,1.0,215.0,1.1137,0.251376713861177,
ParkT,preload,law,79,170 g,0.17,1.0,220.0,1.2375,0.2718608287601034,
ParkT,preload,law,80,170 g,0.17,1.0,225.0,1.3259,0.2948685945876172,
ParkT,preload,law,81,170 g,0.17,1.0,230.0,1.4301,0.32081525797388205,
ParkT,preload,law,82,170 g,0.17,1.0,235.0,1.5205,0.350200707039883,
ParkT,preload,law,83,170 g,0.17,1.0,240.0,1.4891,0.3836295917187462,
ParkT,preload,law,84,170 g,0.17,1.0,245.0,1.5578,0.42183664986131364,
ParkT,preload,law,85,170 g,0.17,1.0,250.0,1.66,0.46571852506773065,
ParkT,preload,law,86,170 g,0.17,1.0,255.0,1.7072,0.516373523048532,
ParkT,preload,law,87,170 g,0.17,1.0,260.0,1.7858,0.5751507400501492,
ParkT,preload,law,88,170 g,0.17,1.0,265.0,1.7504,0.6437095426018314,
ParkT,preload,law,89,170 g,0.17,1.0,270.0,1.7052,0.7240889373728161,
ParkT,preload,law,90,170 g,0.17,1.0,275.0,2.4756,0.8187828666224292,
ParkT,preload,law,91,170 g,0.17,1.0,280.0,2.9236,0.9308098442011222,
ParkT,preload,law,92,170 g,0.17,1.0,285.0,2.9295,1.063749863678492,
ParkT,preload,law,93,170 g,0.17,1.0,290.0,0.5065,1.2216918222373947,
ParkT,preload,law,94,170 g,0.17,1.0,295.0,0.4475,1.4089815316595593,
ParkT,preload,law,95,170 g,0.17,1.0,300.0,0.3807,1.629574675116527,
ParkT,preload,law,96,270 g,0.27,1.0,10.0,0.1331,0.1416362382846228,
ParkT,preload,law,97,270 g,0.27,1.0,15.0,0.1665,0.14710333573563864,
ParkT,preload,law,98,270 g,0.27,1.0,20.0,0.1095,0.15288713134108528,
ParkT,preload,law,99,270 g,0.27,1.0,25.0,0.1822,0.15901205257104864,
ParkT,preload,law,100,270 g,0.27,1.0,30.0,0.1763,0.16550487241643647,
ParkT,preload,law,101,270 g,0.27,1.0,35.0,0.1704,0.17239497745377932,
ParkT,preload,law,102,270 g,0.27,1.0,40.0,0.194,0.1797146711436877,
ParkT,preload,law,103,270 g,0.27,1.0,45.0,0.1626,0.18749951752838787,
ParkT,preload,law,104,270 g,0.27,1.0,50.0,0.2628,0.1957887313108064,
ParkT,preload,law,105,270 g,0.27,1.0,55.0,0.1311,0.20462562124767392,
ParkT,preload,law,106,270 g,0.27,1.0,60.0,0.1861,0.21405809489222463,
ParkT,preload,law,107,270 g,0.27,1.0,65.0,0.0898,0.22413923400027974,
ParkT,preload,law,108,270 g,0.27,1.0,70.0,0.1056,0.2349279513901396,
ParkT,preload,law,109,270 g,0.27,1.0,75.0,0.194,0.24648974174530386,
ParkT,preload,law,110,270 g,0.27,1.0,80.0,0.253,0.25889754079136984,
ParkT,preload,law,111,270 g,0.27,1.0,85.0,0.1193,0.27223270948129374,
ParkT,preload,law,112,270 g,0.27,1.0,90.0,0.0977,0.2865861622929094,
ParkT,preload,law,113,270 g,0.27,1.0,95.0,0.1586,0.3020596614667565,
ParkT,preload,law,114,270 g,0.27,1.0,100.0,0.4121,0.3187673019463805,
ParkT,preload,law,115,270 g,0.27,1.0,105.0,0.2097,0.33683721483047874,
ParkT,preload,law,116,270 g,0.27,1.0,110.0,0.1449,0.3564135201262832,
ParkT,preload,law,117,270 g,0.27,1.0,115.0,0.0957,0.37765856219558097,
ParkT,preload,law,118,270 g,0.27,1.0,120.0,0.1193,0.40075546299664505,
ParkT,preload,law,119,270 g,0.27,1.0,125.0,0.0997,0.4259110282275991,
ParkT,preload,law,120,270 g,0.27,1.0,130.0,0.1115,0.4533590384850112,
ParkT,preload,law,121,270 g,0.27,1.0,135.0,0.1783,0.4833639495840403,
ParkT,preload,law,122,270 g,0.27,1.0,140.0,0.365,0.516225010223844,
ParkT,preload,law,123,270 g,0.27,1.0,145.0,0.6165,0.5522807766752661,
ParkT,preload,law,124,270 g,0.27,1.0,150.0,0.4534,0.5919139563379285,
ParkT,preload,law,125,270 g,0.27,1.0,155.0,0.2746,0.6355564348760524,
ParkT,preload,law,126,270 g,0.27,1.0,160.0,0.1901,0.6836942206918216,
ParkT,preload,law,127,270 g,0.27,1.0,165.0,0.1409,0.7368718550271267,
ParkT,preload,law,128,270 g,0.27,1.0,170.0,0.1272,0.7956955571372867,
ParkT,preload,law,129,270 g,0.27,1.0,175.0,0.1213,0.86083396287218,
ParkT,preload,law,130,270 g,0.27,1.0,180.0,0.1233,0.9330147219391561,
ParkT,preload,law,131,270 g,0.27,1.0,185.0,0.1272,1.0130143860742276,
ParkT,preload,law,132,270 g,0.27,1.0,190.0,0.1488,1.1016378910688251,
ParkT,preload,law,133,270 g,0.27,1.0,195.0,0.1311,1.199682481568669,
ParkT,preload,law,134,270 g,0.27,1.0,200.0,0.2156,1.3078792033703621,
ParkT,preload,law,135,270 g,0.27,1.0,205.0,0.3944,1.426803336021346,
ParkT,preload,law,136,270 g,0.27,1.0,210.0,0.3355,1.55674396510788,
ParkT,preload,law,137,270 g,0.27,1.0,215.0,0.3689,1.6975235215036504,
ParkT,preload,law,138,270 g,0.27,1.0,220.0,0.3119,1.8482626538416842,
ParkT,preload,law,139,270 g,0.27,1.0,225.0,0.2628,2.0070973151702796,
ParkT,preload,law,140,270 g,0.27,1.0,230.0,0.2588,2.170876809142315,
ParkT,preload,law,141,270 g,0.27,1.0,235.0,0.2805,2.3349052499706118,
ParkT,preload,law,142,270 g,0.27,1.0,240.0,0.2903,2.492829631994053,
ParkT,preload,law,143,270 g,0.27,1.0,245.0,0.306,2.6368086296610196,
ParkT,preload,law,144,270 g,0.27,1.0,250.0,0.308,2.758086405464873,
ParkT,preload,law,145,270 g,0.27,1.0,255.0,0.3296,2.848011078878509,
ParkT,preload,law,146,270 g,0.27,1.0,260.0,0.3591,2.899371332097766,
ParkT,preload,law,147,270 g,0.27,1.0,265.0,0.3787,2.907732437266632,
ParkT,preload,law,148,270 g,0.27,1.0,270.0,0.418,2.8723502469178617,
ParkT,preload,law,149,270 g,0.27,1.0,275.0,0.4475,2.7963311600655483,
ParkT,preload,law,150,270 g,0.27,1.0,280.0,0.4868,2.6859768306182894,
ParkT,preload,law,151,270 g,0.27,1.0,285.0,0.5418,2.5495586838496553,
ParkT,preload,law,152,270 g,0.27,1.0,290.0,0.6381,2.395935114194784,
ParkT,preload,law,153,270 g,0.27,1.0,295.0,0.7344,2.233386569825948,
ParkT,preload,law,154,270 g,0.27,1.0,300.0,0.8229,2.0688702665586955,
ParkT,preload,law,155,270 g,0.27,1.0,305.0,0.9585,1.907709703106063,
ParkT,preload,law,156,270 g,0.27,1.0,310.0,1.1196,1.7536166238148985,
ParkT,preload,law,157,270 g,0.27,1.0,315.0,1.2473,1.6089082388897098,
ParkT,preload,law,158,270 g,0.27,1.0,320.0,1.4104,1.4748022199457391,
ParkT,preload,law,159,270 g,0.27,1.0,325.0,1.5598,1.3517117951392632,
ParkT,preload,law,160,270 g,0.27,1.0,330.0,1.7386,1.2395007414333385,
ParkT,preload,law,161,270 g,0.27,1.0,335.0,1.8644,1.137684473755924,
ParkT,preload,law,162,270 g,0.27,1.0,340.0,1.8172,1.0455785069753376,
ParkT,preload,law,163,270 g,0.27,1.0,345.0,1.4832,0.96240234867247,
ParkT,preload,law,164,270 g,0.27,1.0,350.0,1.9823,0.8873486895197846,
ParkT,preload,law,165,270 g,0.27,1.0,355.0,2.4225,0.8196270814187948,
ParkT,preload,law,166,270 g,0.27,1.0,360.0,0.3787,0.75848966259104,
ParkT,preload,law,167,270 g,0.27,1.0,365.0,0.2549,0.7032447105827742,
ParkT,preload,law,168,270 g,0.27,1.0,370.0,0.2353,0.6532622339688097,
ParkT,preload,gp_r4,0,70 g,0.07,1.0,15.0,0.3001,0.5537629819444808,0.5872181832811038
ParkT,preload,gp_r4,1,70 g,0.07,1.0,20.0,0.2647,0.553614692803198,0.5872062478776973
ParkT,preload,gp_r4,2,70 g,0.07,1.0,25.0,0.3492,0.554056026970948,0.5872017901119596
ParkT,preload,gp_r4,3,70 g,0.07,1.0,30.0,0.4731,0.5548246192158552,0.5872005292123293
ParkT,preload,gp_r4,4,70 g,0.07,1.0,35.0,0.534,0.5555820010205523,0.5872005490893032
ParkT,preload,gp_r4,5,70 g,0.07,1.0,40.0,0.2706,0.5559917969384368,0.5872014911507583
ParkT,preload,gp_r4,6,70 g,0.07,1.0,50.0,0.1213,0.5552494756116684,0.5872064436676042
ParkT,preload,gp_r4,7,70 g,0.07,1.0,55.0,0.1802,0.5544449481899398,0.5872087011074936
ParkT,preload,gp_r4,8,70 g,0.07,1.0,65.0,0.2274,0.5532728036287833,0.5872064429763763
ParkT,preload,gp_r4,9,70 g,0.07,1.0,85.0,0.3591,0.5509041382312966,0.5872000873504362
ParkT,preload,gp_r4,10,70 g,0.07,1.0,90.0,0.4337,0.5502841873659606,0.5871999940033505
ParkT,preload,gp_r4,11,70 g,0.07,1.0,95.0,0.4907,0.5500054455204836,0.5872000130963408
ParkT,preload,gp_r4,12,70 g,0.07,1.0,100.0,0.5418,0.5501348900007084,0.5872001529785397
ParkT,preload,gp_r4,13,70 g,0.07,1.0,105.0,0.6244,0.5506434604272049,0.5872005187481991
ParkT,preload,gp_r4,14,70 g,0.07,1.0,110.0,0.6303,0.5514566818688857,0.5872011739190832
ParkT,preload,gp_r4,15,70 g,0.07,1.0,115.0,0.6421,0.5524703734839036,0.5872019094228567
ParkT,preload,gp_r4,16,70 g,0.07,1.0,120.0,0.6735,0.553530670177538,0.5872022462242362
ParkT,preload,gp_r4,17,70 g,0.07,1.0,125.0,0.7108,0.5544302989460124,0.587201909416519
ParkT,preload,gp_r4,18,70 g,0.07,1.0,130.0,0.8032,0.5549695543233187,0.5872011738807894
ParkT,preload,gp_r4,19,70 g,0.07,1.0,135.0,0.7777,0.5550703523187347,0.5872005185291341
ParkT,preload,gp_r4,20,70 g,0.07,1.0,140.0,0.7541,0.5548670018170409,0.5872001517732207
ParkT,preload,gp_r4,21,70 g,0.07,1.0,145.0,0.7089,0.5546968967373269,0.5872000067789802
ParkT,preload,gp_r4,22,70 g,0.07,1.0,150.0,0.648,0.5549862677207202,0.5871999631563689
ParkT,preload,gp_r4,23,70 g,0.07,1.0,155.0,0.6362,0.5560973008389208,0.5871999524661478
ParkT,preload,gp_r4,24,70 g,0.07,1.0,160.0,0.648,0.5582126312309299,0.5871999501875896
ParkT,preload,gp_r4,25,70 g,0.07,1.0,165.0,0.3768,0.5612980217874677,0.5871999497418672
ParkT,preload,gp_r4,26,70 g,0.07,1.0,170.0,0.3689,0.5651420878018488,0.5871999496593016
ParkT,preload,gp_r4,27,70 g,0.07,1.0,175.0,0.2274,0.5694386103531266,0.5871999496446433
ParkT,preload,gp_r4,28,70 g,0.07,1.0,180.0,0.1999,0.5738702059239409,0.5871999496421262
ParkT,preload,gp_r4,29,70 g,0.07,1.0,185.0,0.2195,0.578176595055257,0.5871999496417006
ParkT,preload,gp_r4,30,70 g,0.07,1.0,190.0,0.2431,0.5822079043719472,0.5871999496416282
ParkT,preload,gp_r4,31,70 g,0.07,1.0,195.0,0.2372,0.5859503737974635,0.5871999496416156
ParkT,preload,gp_r4,32,70 g,0.07,1.0,205.0,0.2569,0.5930116069841924,0.587199949641613
ParkT,preload,gp_r4,33,70 g,0.07,1.0,215.0,0.3198,0.6002680748156081,0.587199949641613
ParkT,preload,gp_r4,34,70 g,0.07,1.0,220.0,0.2687,0.6040016503530191,0.5871999496416136
ParkT,preload,gp_r4,35,70 g,0.07,1.0,230.0,0.2176,0.6112023070506194,0.5871999496416302
ParkT,preload,gp_r4,36,70 g,0.07,1.0,235.0,0.1861,0.6145053187813014,0.5871999496417097
ParkT,preload,gp_r4,37,70 g,0.07,1.0,240.0,0.1783,0.617627445889341,0.5871999496421637
ParkT,preload,gp_r4,38,70 g,0.07,1.0,245.0,0.1684,0.620683285964375,0.5871999496447985
ParkT,preload,gp_r4,39,70 g,0.07,1.0,250.0,0.1704,0.6238330224424972,0.5871999496602602
ParkT,preload,gp_r4,40,170 g,0.17,1.0,10.0,0.0722,0.19832637589169935,0.18818884359185062
ParkT,preload,gp_r4,41,170 g,0.17,1.0,15.0,0.1016,0.21353018765379447,0.17100255763608296
ParkT,preload,gp_r4,42,170 g,0.17,1.0,20.0,0.1567,0.239576252178989,0.166733147067695
ParkT,preload,gp_r4,43,170 g,0.17,1.0,25.0,0.1567,0.2699547948606458,0.1663034435057894
ParkT,preload,gp_r4,44,170 g,0.17,1.0,30.0,0.1272,0.29105425518021605,0.16619163087411334
ParkT,preload,gp_r4,45,170 g,0.17,1.0,35.0,0.2412,0.2899610400127036,0.1663881898422616
ParkT,preload,gp_r4,46,170 g,0.17,1.0,40.0,0.3316,0.26541367666634963,0.16715009128527303
ParkT,preload,gp_r4,47,170 g,0.17,1.0,45.0,0.4102,0.22870301271082338,0.1677647381266894
ParkT,preload,gp_r4,48,170 g,0.17,1.0,50.0,0.1704,0.19381096947022908,0.16768185330083346
ParkT,preload,gp_r4,49,170 g,0.17,1.0,65.0,0.0702,0.16709547457726287,0.17073066590366837
ParkT,preload,gp_r4,50,170 g,0.17,1.0,70.0,0.2706,0.1841969695093016,0.1729835120741108
ParkT,preload,gp_r4,51,170 g,0.17,1.0,75.0,0.2923,0.20882863514655842,0.17378820676152862
ParkT,preload,gp_r4,52,170 g,0.17,1.0,80.0,0.0957,0.23705865359084016,0.1717780727340287
ParkT,preload,gp_r4,53,170 g,0.17,1.0,85.0,0.0584,0.2694188330233562,0.16852299961900952
ParkT,preload,gp_r4,54,170 g,0.17,1.0,90.0,0.0525,0.30915510370762755,0.1664675964421854
ParkT,preload,gp_r4,55,170 g,0.17,1.0,95.0,0.0505,0.35300000837182555,0.16591077908010007
ParkT,preload,gp_r4,56,170 g,0.17,1.0,100.0,0.0781,0.38811659912852,0.16589481162340322
ParkT,preload,gp_r4,57,170 g,0.17,1.0,105.0,0.1095,0.40272571293832105,0.1658935568764393
ParkT,preload,gp_r4,58,170 g,0.17,1.0,110.0,0.0898,0.3989971856642124,0.16586737770599638
ParkT,preload,gp_r4,59,170 g,0.17,1.0,115.0,0.1252,0.39104303496542053,0.16585461336135146
ParkT,preload,gp_r4,60,170 g,0.17,1.0,125.0,0.1979,0.41774377714039373,0.16585363093407082
ParkT,preload,gp_r4,61,170 g,0.17,1.0,130.0,0.3237,0.4615827566306024,0.16585312830324384
ParkT,preload,gp_r4,62,170 g,0.17,1.0,135.0,0.2923,0.5161117782237141,0.16585275020478468
ParkT,preload,gp_r4,63,170 g,0.17,1.0,140.0,0.192,0.5626318508379735,0.16585267739017467
ParkT,preload,gp_r4,64,170 g,0.17,1.0,145.0,0.139,0.5786760911109194,0.1658527471727338
ParkT,preload,gp_r4,65,170 g,0.17,1.0,150.0,0.1213,0.550703386468371,0.1658529297357374
ParkT,preload,gp_r4,66,170 g,0.17,1.0,155.0,0.1252,0.4835494037125041,0.16585303471428786
ParkT,preload,gp_r4,67,170 g,0.17,1.0,160.0,0.1174,0.3948576480508918,0.16585290033318312
ParkT,preload,gp_r4,68,170 g,0.17,1.0,165.0,0.3021,0.30505844935233983,0.16585447364151798
ParkT,preload,gp_r4,69,170 g,0.17,1.0,170.0,0.418,0.23096815992734046,0.16586192637541292
ParkT,preload,gp_r4,70,170 g,0.17,1.0,175.0,0.4318,0.1814576027635979,0.16587048257932233
ParkT,preload,gp_r4,71,170 g,0.17,1.0,180.0,0.6578,0.15842615134291788,0.16586460518777843
ParkT,preload,gp_r4,72,170 g,0.17,1.0,185.0,0.7325,0.1591855129956823,0.16590780526699156
ParkT,preload,gp_r4,73,170 g,0.17,1.0,190.0,0.813,0.17904403976549355,0.16628784650427353
ParkT,preload,gp_r4,74,170 g,0.17,1.0,195.0,0.8897,0.2131546150366866,0.16727119263899135
ParkT,preload,gp_r4,75,170 g,0.17,1.0,200.0,0.9113,0.25483190900709835,0.1683864250338103
ParkT,preload,gp_r4,76,170 g,0.17,1.0,205.0,0.9486,0.29288008324453485,0.1688202455749961
ParkT,preload,gp_r4,77,170 g,0.17,1.0,210.0,1.1078,0.3151114950080376,0.16849083406340712
ParkT,preload,gp_r4,78,170 g,0.17,1.0,215.0,1.1137,0.31544957440143523,0.16781963381663478
ParkT,preload,gp_r4,79,170 g,0.17,1.0,220.0,1.2375,0.29691194957124056,0.1676636074178856
ParkT,preload,gp_r4,80,170 g,0.17,1.0,225.0,1.3259,0.2696862329989904,0.16775129540671535
ParkT,preload,gp_r4,81,170 g,0.17,1.0,230.0,1.4301,0.24489611905519548,0.16717608639600873
ParkT,preload,gp_r4,82,170 g,0.17,1.0,235.0,1.5205,0.2293766967707579,0.16636943129403658
ParkT,preload,gp_r4,83,170 g,0.17,1.0,240.0,1.4891,0.22518131488467488,0.16599561034278631
ParkT,preload,gp_r4,84,170 g,0.17,1.0,245.0,1.5578,0.23192411985211875,0.16647766047073134
ParkT,preload,gp_r4,85,170 g,0.17,1.0,250.0,1.66,0.2486341672421874,0.16900233366888012
ParkT,preload,gp_r4,86,170 g,0.17,1.0,255.0,1.7072,0.2737005231659024,0.17450897077480598
ParkT,preload,gp_r4,87,170 g,0.17,1.0,260.0,1.7858,0.3045848135000602,0.18167547876774712
ParkT,preload,gp_r4,88,170 g,0.17,1.0,265.0,1.7504,0.33921213012082985,0.18824600904743077
ParkT,preload,gp_r4,89,170 g,0.17,1.0,270.0,1.7052,0.37736024703331555,0.19310029836601705
ParkT,preload,gp_r4,90,170 g,0.17,1.0,275.0,2.4756,0.4208885325031588,0.1962856847690598
ParkT,preload,gp_r4,91,170 g,0.17,1.0,280.0,2.9236,0.4731853544647032,0.19828212839113735
ParkT,preload,gp_r4,92,170 g,0.17,1.0,285.0,2.9295,0.5378492253978724,0.19953908677007204
ParkT,preload,gp_r4,93,170 g,0.17,1.0,290.0,0.5065,0.617308817238297,0.20035287485086115
ParkT,preload,gp_r4,94,170 g,0.17,1.0,295.0,0.4475,0.7125499963475769,0.2008930456439881
ParkT,preload,gp_r4,95,170 g,0.17,1.0,300.0,0.3807,0.823870793335781,0.20125396424740086
ParkT,preload,gp_r4,96,270 g,0.27,1.0,10.0,0.1331,0.5851114583333333,0.541884089272276
ParkT,preload,gp_r4,97,270 g,0.27,1.0,15.0,0.1665,0.5851114583333333,0.541884089272276
ParkT,preload,gp_r4,98,270 g,0.27,1.0,20.0,0.1095,0.5851114583333333,0.541884089272276
ParkT,preload,gp_r4,99,270 g,0.27,1.0,25.0,0.1822,0.5851114583333333,0.541884089272276
ParkT,preload,gp_r4,100,270 g,0.27,1.0,30.0,0.1763,0.5851114583333333,0.541884089272276
ParkT,preload,gp_r4,101,270 g,0.27,1.0,35.0,0.1704,0.5851114583333333,0.541884089272276
ParkT,preload,gp_r4,102,270 g,0.27,1.0,40.0,0.194,0.5851114583333333,0.541884089272276
ParkT,preload,gp_r4,103,270 g,0.27,1.0,45.0,0.1626,0.5851114583333333,0.541884089272276
ParkT,preload,gp_r4,104,270 g,0.27,1.0,50.0,0.2628,0.5851114583333333,0.541884089272276
ParkT,preload,gp_r4,105,270 g,0.27,1.0,55.0,0.1311,0.5851114583333333,0.541884089272276
ParkT,preload,gp_r4,106,270 g,0.27,1.0,60.0,0.1861,0.5851114583333333,0.541884089272276
ParkT,preload,gp_r4,107,270 g,0.27,1.0,65.0,0.0898,0.5851114583333333,0.541884089272276
ParkT,preload,gp_r4,108,270 g,0.27,1.0,70.0,0.1056,0.5851114583333333,0.541884089272276
ParkT,preload,gp_r4,109,270 g,0.27,1.0,75.0,0.194,0.5851114583333333,0.541884089272276
ParkT,preload,gp_r4,110,270 g,0.27,1.0,80.0,0.253,0.5851114583333333,0.541884089272276
ParkT,preload,gp_r4,111,270 g,0.27,1.0,85.0,0.1193,0.5851114583333333,0.541884089272276
ParkT,preload,gp_r4,112,270 g,0.27,1.0,90.0,0.0977,0.5851114583333333,0.541884089272276
ParkT,preload,gp_r4,113,270 g,0.27,1.0,95.0,0.1586,0.5851114583333333,0.541884089272276
ParkT,preload,gp_r4,114,270 g,0.27,1.0,100.0,0.4121,0.5851114583333333,0.541884089272276
ParkT,preload,gp_r4,115,270 g,0.27,1.0,105.0,0.2097,0.5851114583333333,0.541884089272276
ParkT,preload,gp_r4,116,270 g,0.27,1.0,110.0,0.1449,0.5851114583333333,0.541884089272276
ParkT,preload,gp_r4,117,270 g,0.27,1.0,115.0,0.0957,0.5851114583333333,0.541884089272276
ParkT,preload,gp_r4,118,270 g,0.27,1.0,120.0,0.1193,0.5851114583333333,0.541884089272276
ParkT,preload,gp_r4,119,270 g,0.27,1.0,125.0,0.0997,0.5851114583333333,0.541884089272276
ParkT,preload,gp_r4,120,270 g,0.27,1.0,130.0,0.1115,0.5851114583333333,0.541884089272276
ParkT,preload,gp_r4,121,270 g,0.27,1.0,135.0,0.1783,0.5851114583333333,0.541884089272276
ParkT,preload,gp_r4,122,270 g,0.27,1.0,140.0,0.365,0.5851114583333333,0.541884089272276
ParkT,preload,gp_r4,123,270 g,0.27,1.0,145.0,0.6165,0.5851114583333333,0.541884089272276
ParkT,preload,gp_r4,124,270 g,0.27,1.0,150.0,0.4534,0.5851114583333333,0.541884089272276
ParkT,preload,gp_r4,125,270 g,0.27,1.0,155.0,0.2746,0.5851114583333333,0.541884089272276
ParkT,preload,gp_r4,126,270 g,0.27,1.0,160.0,0.1901,0.5851114583333333,0.541884089272276
ParkT,preload,gp_r4,127,270 g,0.27,1.0,165.0,0.1409,0.5851114583333333,0.541884089272276
ParkT,preload,gp_r4,128,270 g,0.27,1.0,170.0,0.1272,0.5851114583333333,0.541884089272276
ParkT,preload,gp_r4,129,270 g,0.27,1.0,175.0,0.1213,0.5851114583333333,0.541884089272276
ParkT,preload,gp_r4,130,270 g,0.27,1.0,180.0,0.1233,0.5851114583333333,0.541884089272276
ParkT,preload,gp_r4,131,270 g,0.27,1.0,185.0,0.1272,0.5851114583333333,0.541884089272276
ParkT,preload,gp_r4,132,270 g,0.27,1.0,190.0,0.1488,0.5851114583333333,0.541884089272276
ParkT,preload,gp_r4,133,270 g,0.27,1.0,195.0,0.1311,0.5851114583333333,0.541884089272276
ParkT,preload,gp_r4,134,270 g,0.27,1.0,200.0,0.2156,0.5851114583333333,0.541884089272276
ParkT,preload,gp_r4,135,270 g,0.27,1.0,205.0,0.3944,0.5851114583333333,0.541884089272276
ParkT,preload,gp_r4,136,270 g,0.27,1.0,210.0,0.3355,0.5851114583333333,0.541884089272276
ParkT,preload,gp_r4,137,270 g,0.27,1.0,215.0,0.3689,0.5851114583333333,0.541884089272276
ParkT,preload,gp_r4,138,270 g,0.27,1.0,220.0,0.3119,0.5851114583333333,0.541884089272276
ParkT,preload,gp_r4,139,270 g,0.27,1.0,225.0,0.2628,0.5851114583333333,0.541884089272276
ParkT,preload,gp_r4,140,270 g,0.27,1.0,230.0,0.2588,0.5851114583333333,0.541884089272276
ParkT,preload,gp_r4,141,270 g,0.27,1.0,235.0,0.2805,0.5851114583333333,0.541884089272276
ParkT,preload,gp_r4,142,270 g,0.27,1.0,240.0,0.2903,0.5851114583333333,0.541884089272276
ParkT,preload,gp_r4,143,270 g,0.27,1.0,245.0,0.306,0.5851114583333333,0.541884089272276
ParkT,preload,gp_r4,144,270 g,0.27,1.0,250.0,0.308,0.5851114583333333,0.541884089272276
ParkT,preload,gp_r4,145,270 g,0.27,1.0,255.0,0.3296,0.5851114583333333,0.541884089272276
ParkT,preload,gp_r4,146,270 g,0.27,1.0,260.0,0.3591,0.5851114583333333,0.541884089272276
ParkT,preload,gp_r4,147,270 g,0.27,1.0,265.0,0.3787,0.5851114583333333,0.541884089272276
ParkT,preload,gp_r4,148,270 g,0.27,1.0,270.0,0.418,0.5851114583333333,0.541884089272276
ParkT,preload,gp_r4,149,270 g,0.27,1.0,275.0,0.4475,0.5851114583333333,0.541884089272276
ParkT,preload,gp_r4,150,270 g,0.27,1.0,280.0,0.4868,0.5851114583333333,0.541884089272276
ParkT,preload,gp_r4,151,270 g,0.27,1.0,285.0,0.5418,0.5851114583333333,0.541884089272276
ParkT,preload,gp_r4,152,270 g,0.27,1.0,290.0,0.6381,0.5851114583333333,0.541884089272276
ParkT,preload,gp_r4,153,270 g,0.27,1.0,295.0,0.7344,0.5851114583333333,0.541884089272276
ParkT,preload,gp_r4,154,270 g,0.27,1.0,300.0,0.8229,0.5851114583333333,0.541884089272276
ParkT,preload,gp_r4,155,270 g,0.27,1.0,305.0,0.9585,0.5851114583333333,0.541884089272276
ParkT,preload,gp_r4,156,270 g,0.27,1.0,310.0,1.1196,0.5851114583333333,0.541884089272276
ParkT,preload,gp_r4,157,270 g,0.27,1.0,315.0,1.2473,0.5851114583333333,0.541884089272276
ParkT,preload,gp_r4,158,270 g,0.27,1.0,320.0,1.4104,0.5851114583333333,0.541884089272276
ParkT,preload,gp_r4,159,270 g,0.27,1.0,325.0,1.5598,0.5851114583333333,0.541884089272276
ParkT,preload,gp_r4,160,270 g,0.27,1.0,330.0,1.7386,0.5851114583333333,0.541884089272276
ParkT,preload,gp_r4,161,270 g,0.27,1.0,335.0,1.8644,0.5851114583333333,0.541884089272276
ParkT,preload,gp_r4,162,270 g,0.27,1.0,340.0,1.8172,0.5851114583333333,0.541884089272276
ParkT,preload,gp_r4,163,270 g,0.27,1.0,345.0,1.4832,0.5851114583333333,0.541884089272276
ParkT,preload,gp_r4,164,270 g,0.27,1.0,350.0,1.9823,0.5851114583333333,0.541884089272276
ParkT,preload,gp_r4,165,270 g,0.27,1.0,355.0,2.4225,0.5851114583333333,0.541884089272276
ParkT,preload,gp_r4,166,270 g,0.27,1.0,360.0,0.3787,0.5851114583333333,0.541884089272276
ParkT,preload,gp_r4,167,270 g,0.27,1.0,365.0,0.2549,0.5851114583333333,0.541884089272276
ParkT,preload,gp_r4,168,270 g,0.27,1.0,370.0,0.2353,0.5851114583333333,0.541884089272276
ParkT,preload,lawgp_r4,0,70 g,0.07,1.0,15.0,0.3001,0.26141135138685756,0.41962699742114246
ParkT,preload,lawgp_r4,1,70 g,0.07,1.0,20.0,0.2647,0.26951831328145665,0.41962699742114246
ParkT,preload,lawgp_r4,2,70 g,0.07,1.0,25.0,0.3492,0.27797328643377545,0.41962699742114246
ParkT,preload,lawgp_r4,3,70 g,0.07,1.0,30.0,0.4731,0.28679583091975047,0.41962699742114246
ParkT,preload,lawgp_r4,4,70 g,0.07,1.0,35.0,0.534,0.29600684836536056,0.41962699742114246
ParkT,preload,lawgp_r4,5,70 g,0.07,1.0,40.0,0.2706,0.3056286887098038,0.41962699742114246
ParkT,preload,lawgp_r4,6,70 g,0.07,1.0,50.0,0.1213,0.3262021868544865,0.41962699742114246
ParkT,preload,lawgp_r4,7,70 g,0.07,1.0,55.0,0.1802,0.3372068842600811,0.41962699742114246
ParkT,preload,lawgp_r4,8,70 g,0.07,1.0,65.0,0.2274,0.3607994038758156,0.41962699742114246
ParkT,preload,lawgp_r4,9,70 g,0.07,1.0,85.0,0.3591,0.41528589204004435,0.41962699742114246
ParkT,preload,lawgp_r4,10,70 g,0.07,1.0,90.0,0.4337,0.43066194929275275,0.41962699742114246
ParkT,preload,lawgp_r4,11,70 g,0.07,1.0,95.0,0.4907,0.4468322347521018,0.41962699742114246
ParkT,preload,lawgp_r4,12,70 g,0.07,1.0,100.0,0.5418,0.4638492781438906,0.41962699742114246
ParkT,preload,lawgp_r4,13,70 g,0.07,1.0,105.0,0.6244,0.48176970503525324,0.41962699742114246
ParkT,preload,lawgp_r4,14,70 g,0.07,1.0,110.0,0.6303,0.500654585211799,0.41962699742114246
ParkT,preload,lawgp_r4,15,70 g,0.07,1.0,115.0,0.6421,0.520569809635827,0.41962699742114246
ParkT,preload,lawgp_r4,16,70 g,0.07,1.0,120.0,0.6735,0.5415864973976767,0.41962699742114246
ParkT,preload,lawgp_r4,17,70 g,0.07,1.0,125.0,0.7108,0.5637814337928407,0.41962699742114246
ParkT,preload,lawgp_r4,18,70 g,0.07,1.0,130.0,0.8032,0.5872375402285385,0.41962699742114246
ParkT,preload,lawgp_r4,19,70 g,0.07,1.0,135.0,0.7777,0.6120443760360766,0.41962699742114246
ParkT,preload,lawgp_r4,20,70 g,0.07,1.0,140.0,0.7541,0.6382986713766227,0.41962699742114246
ParkT,preload,lawgp_r4,21,70 g,0.07,1.0,145.0,0.7089,0.6661048891973848,0.41962699742114246
ParkT,preload,lawgp_r4,22,70 g,0.07,1.0,150.0,0.648,0.6955758125199265,0.41962699742114246
ParkT,preload,lawgp_r4,23,70 g,0.07,1.0,155.0,0.6362,0.7268331510920492,0.41962699742114246
ParkT,preload,lawgp_r4,24,70 g,0.07,1.0,160.0,0.648,0.7600081584448775,0.41962699742114246
ParkT,preload,lawgp_r4,25,70 g,0.07,1.0,165.0,0.3768,0.7952422464611753,0.41962699742114246
ParkT,preload,lawgp_r4,26,70 g,0.07,1.0,170.0,0.3689,0.8326875794228253,0.41962699742114246
ParkT,preload,lawgp_r4,27,70 g,0.07,1.0,175.0,0.2274,0.8725076228483001,0.41962699742114246
ParkT,preload,lawgp_r4,28,70 g,0.07,1.0,180.0,0.1999,0.9148776138690983,0.41962699742114246
ParkT,preload,lawgp_r4,29,70 g,0.07,1.0,185.0,0.2195,0.9599849089642516,0.41962699742114246
ParkT,preload,lawgp_r4,30,70 g,0.07,1.0,190.0,0.2431,1.0080291510284967,0.41962699742114246
ParkT,preload,lawgp_r4,31,70 g,0.07,1.0,195.0,0.2372,1.0592221803666835,0.41962699742114246
ParkT,preload,lawgp_r4,32,70 g,0.07,1.0,205.0,0.2569,1.1719598198521126,0.41962699742114246
ParkT,preload,lawgp_r4,33,70 g,0.07,1.0,215.0,0.3198,1.3001064966946796,0.41962699742114246
ParkT,preload,lawgp_r4,34,70 g,0.07,1.0,220.0,0.2687,1.3705856605370297,0.41962699742114246
ParkT,preload,lawgp_r4,35,70 g,0.07,1.0,230.0,0.2176,1.5256129257255904,0.41962699742114246
ParkT,preload,lawgp_r4,36,70 g,0.07,1.0,235.0,0.1861,1.6106344646198,0.41962699742114246
ParkT,preload,lawgp_r4,37,70 g,0.07,1.0,240.0,0.1783,1.700938400553312,0.41962699742114246
ParkT,preload,lawgp_r4,38,70 g,0.07,1.0,245.0,0.1684,1.7966839805013604,0.41962699742114246
ParkT,preload,lawgp_r4,39,70 g,0.07,1.0,250.0,0.1704,1.897971081820615,0.41962699742114246
ParkT,preload,lawgp_r4,40,170 g,0.17,1.0,10.0,0.0722,0.19909524026775038,0.20997652489310792
ParkT,preload,lawgp_r4,41,170 g,0.17,1.0,15.0,0.1016,0.2110872292921059,0.19471953330827302
ParkT,preload,lawgp_r4,42,170 g,0.17,1.0,20.0,0.1567,0.21901265747196147,0.19287595429064136
ParkT,preload,lawgp_r4,43,170 g,0.17,1.0,25.0,0.1567,0.26546029606137644,0.1928633659976397
ParkT,preload,lawgp_r4,44,170 g,0.17,1.0,30.0,0.1272,0.32249479627768673,0.19285964072039644
ParkT,preload,lawgp_r4,45,170 g,0.17,1.0,35.0,0.2412,0.32114101965903885,0.19285501121991241
ParkT,preload,lawgp_r4,46,170 g,0.17,1.0,40.0,0.3316,0.25043862944537054,0.19409766887302607
ParkT,preload,lawgp_r4,47,170 g,0.17,1.0,45.0,0.4102,0.19055512724026813,0.19750906047220174
ParkT,preload,lawgp_r4,48,170 g,0.17,1.0,50.0,0.1704,0.17510126565480622,0.19409609237800277
ParkT,preload,lawgp_r4,49,170 g,0.17,1.0,65.0,0.0702,0.1687636024563396,0.1957400979771692
ParkT,preload,lawgp_r4,50,170 g,0.17,1.0,70.0,0.2706,0.18146390170505977,0.20652314457033122
ParkT,preload,lawgp_r4,51,170 g,0.17,1.0,75.0,0.2923,0.22419744556143795,0.2149107008310582
ParkT,preload,lawgp_r4,52,170 g,0.17,1.0,80.0,0.0957,0.25437382487559057,0.20650855347738378
ParkT,preload,lawgp_r4,53,170 g,0.17,1.0,85.0,0.0584,0.2543551066571906,0.1946910418739133
ParkT,preload,lawgp_r4,54,170 g,0.17,1.0,90.0,0.0525,0.2761008509986376,0.19286263511433274
ParkT,preload,lawgp_r4,55,170 g,0.17,1.0,95.0,0.0505,0.35229407307422006,0.1928630841843539
ParkT,preload,lawgp_r4,56,170 g,0.17,1.0,100.0,0.0781,0.43111961500424856,0.19285330302703257
ParkT,preload,lawgp_r4,57,170 g,0.17,1.0,105.0,0.1095,0.4323560056659823,0.1928532961606985
ParkT,preload,lawgp_r4,58,170 g,0.17,1.0,110.0,0.0898,0.3967011205424818,0.19285325093035777
ParkT,preload,lawgp_r4,59,170 g,0.17,1.0,115.0,0.1252,0.3821982597307163,0.1928532509170981
ParkT,preload,lawgp_r4,60,170 g,0.17,1.0,125.0,0.1979,0.4189808196947049,0.1928532506460465
ParkT,preload,lawgp_r4,61,170 g,0.17,1.0,130.0,0.3237,0.45293881124173463,0.1928532506444926
ParkT,preload,lawgp_r4,62,170 g,0.17,1.0,135.0,0.2923,0.5015270412433134,0.19285325064449094
ParkT,preload,lawgp_r4,63,170 g,0.17,1.0,140.0,0.192,0.5768646069540465,0.19285325064448197
ParkT,preload,lawgp_r4,64,170 g,0.17,1.0,145.0,0.139,0.6208426586863639,0.19285325064448763
ParkT,preload,lawgp_r4,65,170 g,0.17,1.0,150.0,0.1213,0.5682051917768156,0.1928532506444903
ParkT,preload,lawgp_r4,66,170 g,0.17,1.0,155.0,0.1252,0.4781103693885611,0.19285325064547876
ParkT,preload,lawgp_r4,67,170 g,0.17,1.0,160.0,0.1174,0.38985976976277487,0.19285325064576944
ParkT,preload,lawgp_r4,68,170 g,0.17,1.0,165.0,0.3021,0.2956105694260137,0.19285325081958124
ParkT,preload,lawgp_r4,69,170 g,0.17,1.0,170.0,0.418,0.22930750924399937,0.19285325083056826
ParkT,preload,lawgp_r4,70,170 g,0.17,1.0,175.0,0.4318,0.18393295619774785,0.1928532801623507
ParkT,preload,lawgp_r4,71,170 g,0.17,1.0,180.0,0.6578,0.16403905429913168,0.19285328994439704
ParkT,preload,lawgp_r4,72,170 g,0.17,1.0,185.0,0.7325,0.17082290528942695,0.1928595920527649
ParkT,preload,lawgp_r4,73,170 g,0.17,1.0,190.0,0.813,0.1821424346470467,0.19285500600535924
ParkT,preload,lawgp_r4,74,170 g,0.17,1.0,195.0,0.8897,0.1975355259370796,0.1941099162971105
ParkT,preload,lawgp_r4,75,170 g,0.17,1.0,200.0,0.9113,0.2448860026337386,0.19748912439177108
ParkT,preload,lawgp_r4,76,170 g,0.17,1.0,205.0,0.9486,0.30411261130445283,0.1952494172301775
ParkT,preload,lawgp_r4,77,170 g,0.17,1.0,210.0,1.1078,0.3322123541872698,0.19750975631342677
ParkT,preload,lawgp_r4,78,170 g,0.17,1.0,215.0,1.1137,0.32718388470650106,0.19410991723357313
ParkT,preload,lawgp_r4,79,170 g,0.17,1.0,220.0,1.2375,0.2963218584074532,0.1940960738848782
ParkT,preload,lawgp_r4,80,170 g,0.17,1.0,225.0,1.3259,0.26250677898008873,0.197508810895562
ParkT,preload,lawgp_r4,81,170 g,0.17,1.0,230.0,1.4301,0.238340042496417,0.19409769588915488
ParkT,preload,lawgp_r4,82,170 g,0.17,1.0,235.0,1.5205,0.22770429691622027,0.19285501885958398
ParkT,preload,lawgp_r4,83,170 g,0.17,1.0,240.0,1.4891,0.22366340824588096,0.1928694990188729
ParkT,preload,lawgp_r4,84,170 g,0.17,1.0,245.0,1.5578,0.22425911984414418,0.19286363680055937
ParkT,preload,lawgp_r4,85,170 g,0.17,1.0,250.0,1.66,0.2698564399705756,0.19470986600563112
ParkT,preload,lawgp_r4,86,170 g,0.17,1.0,255.0,1.7072,0.39590127509462647,0.2072301318590633
ParkT,preload,lawgp_r4,87,170 g,0.17,1.0,260.0,1.7858,0.545391353754533,0.220169546481796
ParkT,preload,lawgp_r4,88,170 g,0.17,1.0,265.0,1.7504,0.6688968046374347,0.2249538835823526
ParkT,preload,lawgp_r4,89,170 g,0.17,1.0,270.0,1.7052,0.7707353947476011,0.2259817956559503
ParkT,preload,lawgp_r4,90,170 g,0.17,1.0,275.0,2.4756,0.8663798056692233,0.22614415042193925
ParkT,preload,lawgp_r4,91,170 g,0.17,1.0,280.0,2.9236,0.9711541497589266,0.2261654814991813
ParkT,preload,lawgp_r4,92,170 g,0.17,1.0,285.0,2.9295,1.0995700830913318,0.22616796276472395
ParkT,preload,lawgp_r4,93,170 g,0.17,1.0,290.0,0.5065,1.2579657472604024,0.2261682266006181
ParkT,preload,lawgp_r4,94,170 g,0.17,1.0,295.0,0.4475,1.4418643429794806,0.2261682528617292
ParkT,preload,lawgp_r4,95,170 g,0.17,1.0,300.0,0.3807,1.6544290495986467,0.2261682553574431
ParkT,preload,lawgp_r4,96,270 g,0.27,1.0,10.0,0.1331,0.21767149082984283,0.36831990451383323
ParkT,preload,lawgp_r4,97,270 g,0.27,1.0,15.0,0.1665,0.22313858828085864,0.36831990451383323
ParkT,preload,lawgp_r4,98,270 g,0.27,1.0,20.0,0.1095,0.22892238388630531,0.36831990451383323
ParkT,preload,lawgp_r4,99,270 g,0.27,1.0,25.0,0.1822,0.23504730511626865,0.36831990451383323
ParkT,preload,lawgp_r4,100,270 g,0.27,1.0,30.0,0.1763,0.2415401249616565,0.36831990451383323
ParkT,preload,lawgp_r4,101,270 g,0.27,1.0,35.0,0.1704,0.24843022999899933,0.36831990451383323
ParkT,preload,lawgp_r4,102,270 g,0.27,1.0,40.0,0.194,0.2557499236889077,0.36831990451383323
ParkT,preload,lawgp_r4,103,270 g,0.27,1.0,45.0,0.1626,0.26353477007360787,0.36831990451383323
ParkT,preload,lawgp_r4,104,270 g,0.27,1.0,50.0,0.2628,0.2718239838560264,0.36831990451383323
ParkT,preload,lawgp_r4,105,270 g,0.27,1.0,55.0,0.1311,0.28066087379289395,0.36831990451383323
ParkT,preload,lawgp_r4,106,270 g,0.27,1.0,60.0,0.1861,0.29009334743744464,0.36831990451383323
ParkT,preload,lawgp_r4,107,270 g,0.27,1.0,65.0,0.0898,0.3001744865454998,0.36831990451383323
ParkT,preload,lawgp_r4,108,270 g,0.27,1.0,70.0,0.1056,0.31096320393535964,0.36831990451383323
ParkT,preload,lawgp_r4,109,270 g,0.27,1.0,75.0,0.194,0.3225249942905239,0.36831990451383323
ParkT,preload,lawgp_r4,110,270 g,0.27,1.0,80.0,0.253,0.3349327933365899,0.36831990451383323
ParkT,preload,lawgp_r4,111,270 g,0.27,1.0,85.0,0.1193,0.3482679620265138,0.36831990451383323
ParkT,preload,lawgp_r4,112,270 g,0.27,1.0,90.0,0.0977,0.36262141483812943,0.36831990451383323
ParkT,preload,lawgp_r4,113,270 g,0.27,1.0,95.0,0.1586,0.37809491401197654,0.36831990451383323
ParkT,preload,lawgp_r4,114,270 g,0.27,1.0,100.0,0.4121,0.3948025544916005,0.36831990451383323
ParkT,preload,lawgp_r4,115,270 g,0.27,1.0,105.0,0.2097,0.41287246737569877,0.36831990451383323
ParkT,preload,lawgp_r4,116,270 g,0.27,1.0,110.0,0.1449,0.4324487726715032,0.36831990451383323
ParkT,preload,lawgp_r4,117,270 g,0.27,1.0,115.0,0.0957,0.453693814740801,0.36831990451383323
ParkT,preload,lawgp_r4,118,270 g,0.27,1.0,120.0,0.1193,0.4767907155418651,0.36831990451383323
ParkT,preload,lawgp_r4,119,270 g,0.27,1.0,125.0,0.0997,0.5019462807728191,0.36831990451383323
ParkT,preload,lawgp_r4,120,270 g,0.27,1.0,130.0,0.1115,0.5293942910302312,0.36831990451383323
ParkT,preload,lawgp_r4,121,270 g,0.27,1.0,135.0,0.1783,0.5593992021292603,0.36831990451383323
ParkT,preload,lawgp_r4,122,270 g,0.27,1.0,140.0,0.365,0.5922602627690641,0.36831990451383323
ParkT,preload,lawgp_r4,123,270 g,0.27,1.0,145.0,0.6165,0.6283160292204861,0.36831990451383323
ParkT,preload,lawgp_r4,124,270 g,0.27,1.0,150.0,0.4534,0.6679492088831486,0.36831990451383323
ParkT,preload,lawgp_r4,125,270 g,0.27,1.0,155.0,0.2746,0.7115916874212724,0.36831990451383323
ParkT,preload,lawgp_r4,126,270 g,0.27,1.0,160.0,0.1901,0.7597294732370417,0.36831990451383323
ParkT,preload,lawgp_r4,127,270 g,0.27,1.0,165.0,0.1409,0.8129071075723467,0.36831990451383323
ParkT,preload,lawgp_r4,128,270 g,0.27,1.0,170.0,0.1272,0.8717308096825067,0.36831990451383323
ParkT,preload,lawgp_r4,129,270 g,0.27,1.0,175.0,0.1213,0.9368692154174,0.36831990451383323
ParkT,preload,lawgp_r4,130,270 g,0.27,1.0,180.0,0.1233,1.0090499744843762,0.36831990451383323
ParkT,preload,lawgp_r4,131,270 g,0.27,1.0,185.0,0.1272,1.0890496386194475,0.36831990451383323
ParkT,preload,lawgp_r4,132,270 g,0.27,1.0,190.0,0.1488,1.177673143614045,0.36831990451383323
ParkT,preload,lawgp_r4,133,270 g,0.27,1.0,195.0,0.1311,1.275717734113889,0.36831990451383323
ParkT,preload,lawgp_r4,134,270 g,0.27,1.0,200.0,0.2156,1.383914455915582,0.36831990451383323
ParkT,preload,lawgp_r4,135,270 g,0.27,1.0,205.0,0.3944,1.5028385885665658,0.36831990451383323
ParkT,preload,lawgp_r4,136,270 g,0.27,1.0,210.0,0.3355,1.6327792176531,0.36831990451383323
ParkT,preload,lawgp_r4,137,270 g,0.27,1.0,215.0,0.3689,1.7735587740488703,0.36831990451383323
ParkT,preload,lawgp_r4,138,270 g,0.27,1.0,220.0,0.3119,1.9242979063869041,0.36831990451383323
ParkT,preload,lawgp_r4,139,270 g,0.27,1.0,225.0,0.2628,2.0831325677154995,0.36831990451383323
ParkT,preload,lawgp_r4,140,270 g,0.27,1.0,230.0,0.2588,2.246912061687535,0.36831990451383323
ParkT,preload,lawgp_r4,141,270 g,0.27,1.0,235.0,0.2805,2.4109405025158317,0.36831990451383323
ParkT,preload,lawgp_r4,142,270 g,0.27,1.0,240.0,0.2903,2.568864884539273,0.36831990451383323
ParkT,preload,lawgp_r4,143,270 g,0.27,1.0,245.0,0.306,2.7128438822062395,0.36831990451383323
ParkT,preload,lawgp_r4,144,270 g,0.27,1.0,250.0,0.308,2.8341216580100927,0.36831990451383323
ParkT,preload,lawgp_r4,145,270 g,0.27,1.0,255.0,0.3296,2.924046331423729,0.36831990451383323
ParkT,preload,lawgp_r4,146,270 g,0.27,1.0,260.0,0.3591,2.975406584642986,0.36831990451383323
ParkT,preload,lawgp_r4,147,270 g,0.27,1.0,265.0,0.3787,2.983767689811852,0.36831990451383323
ParkT,preload,lawgp_r4,148,270 g,0.27,1.0,270.0,0.418,2.9483854994630816,0.36831990451383323
ParkT,preload,lawgp_r4,149,270 g,0.27,1.0,275.0,0.4475,2.872366412610768,0.36831990451383323
ParkT,preload,lawgp_r4,150,270 g,0.27,1.0,280.0,0.4868,2.7620120831635093,0.36831990451383323
ParkT,preload,lawgp_r4,151,270 g,0.27,1.0,285.0,0.5418,2.6255939363948753,0.36831990451383323
ParkT,preload,lawgp_r4,152,270 g,0.27,1.0,290.0,0.6381,2.471970366740004,0.36831990451383323
ParkT,preload,lawgp_r4,153,270 g,0.27,1.0,295.0,0.7344,2.309421822371168,0.36831990451383323
ParkT,preload,lawgp_r4,154,270 g,0.27,1.0,300.0,0.8229,2.1449055191039155,0.36831990451383323
ParkT,preload,lawgp_r4,155,270 g,0.27,1.0,305.0,0.9585,1.983744955651283,0.36831990451383323
ParkT,preload,lawgp_r4,156,270 g,0.27,1.0,310.0,1.1196,1.8296518763601184,0.36831990451383323
ParkT,preload,lawgp_r4,157,270 g,0.27,1.0,315.0,1.2473,1.6849434914349297,0.36831990451383323
ParkT,preload,lawgp_r4,158,270 g,0.27,1.0,320.0,1.4104,1.550837472490959,0.36831990451383323
ParkT,preload,lawgp_r4,159,270 g,0.27,1.0,325.0,1.5598,1.4277470476844831,0.36831990451383323
ParkT,preload,lawgp_r4,160,270 g,0.27,1.0,330.0,1.7386,1.3155359939785585,0.36831990451383323
ParkT,preload,lawgp_r4,161,270 g,0.27,1.0,335.0,1.8644,1.2137197263011439,0.36831990451383323
ParkT,preload,lawgp_r4,162,270 g,0.27,1.0,340.0,1.8172,1.1216137595205575,0.36831990451383323
ParkT,preload,lawgp_r4,163,270 g,0.27,1.0,345.0,1.4832,1.03843760121769,0.36831990451383323
ParkT,preload,lawgp_r4,164,270 g,0.27,1.0,350.0,1.9823,0.9633839420650047,0.36831990451383323
ParkT,preload,lawgp_r4,165,270 g,0.27,1.0,355.0,2.4225,0.8956623339640148,0.36831990451383323
ParkT,preload,lawgp_r4,166,270 g,0.27,1.0,360.0,0.3787,0.83452491513626,0.36831990451383323
ParkT,preload,lawgp_r4,167,270 g,0.27,1.0,365.0,0.2549,0.7792799631279942,0.36831990451383323
ParkT,preload,lawgp_r4,168,270 g,0.27,1.0,370.0,0.2353,0.7292974865140297,0.36831990451383323
ParkT,frequency,gp,0,70 g,0.07,1.0,15.0,0.3001,0.6246801310642303,0.5648098284120443
ParkT,frequency,gp,1,70 g,0.07,1.0,20.0,0.2647,0.6245026034616209,0.5648094019639095
ParkT,frequency,gp,2,70 g,0.07,1.0,25.0,0.3492,0.6241597747306327,0.5648077990026359
ParkT,frequency,gp,3,70 g,0.07,1.0,30.0,0.4731,0.6235056966022879,0.5648019094435254
ParkT,frequency,gp,4,70 g,0.07,1.0,35.0,0.534,0.6222754514401889,0.5647808391567208
ParkT,frequency,gp,5,70 g,0.07,1.0,40.0,0.2706,0.620000569028919,0.5647077997554334
ParkT,frequency,gp,6,70 g,0.07,1.0,50.0,0.1213,0.6086067507605843,0.5636870157929507
ParkT,frequency,gp,7,70 g,0.07,1.0,55.0,0.1802,0.5961820977908413,0.5613472732994019
ParkT,frequency,gp,8,70 g,0.07,1.0,65.0,0.2274,0.5445647780999952,0.5379289144679488
ParkT,frequency,gp,9,70 g,0.07,1.0,85.0,0.3591,0.5119672877894861,0.5373178874350117
ParkT,frequency,gp,10,70 g,0.07,1.0,90.0,0.4337,0.5457057423775316,0.5541849275105072
ParkT,frequency,gp,11,70 g,0.07,1.0,95.0,0.4907,0.5671978270429597,0.560891506000238
ParkT,frequency,gp,12,70 g,0.07,1.0,100.0,0.5418,0.5803501139353887,0.5633335317938072
ParkT,frequency,gp,13,70 g,0.07,1.0,105.0,0.6244,0.5882974134180873,0.5641427350328384
ParkT,frequency,gp,14,70 g,0.07,1.0,110.0,0.6303,0.5932998128527123,0.5643247205124331
ParkT,frequency,gp,15,70 g,0.07,1.0,115.0,0.6421,0.596956690154972,0.5641251640369886
ParkT,frequency,gp,16,70 g,0.07,1.0,120.0,0.6735,0.6004863399296683,0.563278111915537
ParkT,frequency,gp,17,70 g,0.07,1.0,125.0,0.7108,0.6049697475235364,0.5607438864003541
ParkT,frequency,gp,18,70 g,0.07,1.0,130.0,0.8032,0.6114983334046273,0.5538355733267724
ParkT,frequency,gp,19,70 g,0.07,1.0,135.0,0.7777,0.6211179303898412,0.5366126384349842
ParkT,frequency,gp,20,70 g,0.07,1.0,140.0,0.7541,0.6343165138416835,0.49819583374156134
ParkT,frequency,gp,21,70 g,0.07,1.0,145.0,0.7089,0.649542764710394,0.4245296346123493
ParkT,frequency,gp,22,70 g,0.07,1.0,150.0,0.648,0.6599308289502224,0.3143357392056788
ParkT,frequency,gp,23,70 g,0.07,1.0,155.0,0.6362,0.6141319418597232,0.3162459063427872
ParkT,frequency,gp,24,70 g,0.07,1.0,160.0,0.648,0.5907334168853688,0.4301428918952863
ParkT,frequency,gp,25,70 g,0.07,1.0,165.0,0.3768,0.5778434916301264,0.5029104217100808
ParkT,frequency,gp,26,70 g,0.07,1.0,170.0,0.3689,0.5710272614020142,0.5389374002301246
ParkT,frequency,gp,27,70 g,0.07,1.0,175.0,0.2274,0.567292875274231,0.5541874726804009
ParkT,frequency,gp,28,70 g,0.07,1.0,180.0,0.1999,0.5647864529246513,0.5599274864708467
ParkT,frequency,gp,29,70 g,0.07,1.0,185.0,0.2195,0.5622466544640808,0.5618562966270607
ParkT,frequency,gp,30,70 g,0.07,1.0,190.0,0.2431,0.5585299186264302,0.5623003112093686
ParkT,frequency,gp,31,70 g,0.07,1.0,195.0,0.2372,0.5522069669487564,0.5618563129663735
ParkT,frequency,gp,32,70 g,0.07,1.0,205.0,0.2569,0.5224171987634092,0.5541876224921733
ParkT,frequency,gp,33,70 g,0.07,1.0,215.0,0.3198,0.44507766314623315,0.5029113478722409
ParkT,frequency,gp,34,70 g,0.07,1.0,220.0,0.2687,0.38031838265031526,0.4301450313992764
ParkT,frequency,gp,35,70 g,0.07,1.0,230.0,0.2176,0.3229352606486826,0.2516724154223227
ParkT,frequency,gp,36,70 g,0.07,1.0,235.0,0.1861,0.3369661607457517,0.29542256356277957
ParkT,frequency,gp,37,70 g,0.07,1.0,240.0,0.1783,0.3515278610029428,0.3339882742993941
ParkT,frequency,gp,38,70 g,0.07,1.0,245.0,0.1684,0.36564279500075425,0.3647988091882861
ParkT,frequency,gp,39,70 g,0.07,1.0,250.0,0.1704,0.3786298504225112,0.3878455321923288
ParkT,frequency,gp,40,170 g,0.17,1.0,10.0,0.0722,0.6247224943255877,0.5648099396494092
ParkT,frequency,gp,41,170 g,0.17,1.0,15.0,0.1016,0.6245828895022987,0.5648098284122101
ParkT,frequency,gp,42,170 g,0.17,1.0,20.0,0.1567,0.6243094207214364,0.5648094019645445
ParkT,frequency,gp,43,170 g,0.17,1.0,25.0,0.1567,0.6237789447503561,0.5648077990050224
ParkT,frequency,gp,44,170 g,0.17,1.0,30.0,0.1272,0.6227614974117042,0.5648019094522886
ParkT,frequency,gp,45,170 g,0.17,1.0,35.0,0.2412,0.6208356744130934,0.5647808391880399
ParkT,frequency,gp,46,170 g,0.17,1.0,40.0,0.3316,0.6172471197914011,0.5647077998638178
ParkT,frequency,gp,47,170 g,0.17,1.0,45.0,0.4102,0.6106850654677504,0.5644640196102333
ParkT,frequency,gp,48,170 g,0.17,1.0,50.0,0.1704,0.5989596509408712,0.5636870169381747
ParkT,frequency,gp,49,170 g,0.17,1.0,65.0,0.0702,0.49045238958150883,0.5379289385787834
ParkT,frequency,gp,50,170 g,0.17,1.0,70.0,0.2706,0.4102447441673891,0.49928422448604703
ParkT,frequency,gp,51,170 g,0.17,1.0,75.0,0.2923,0.3033767561738242,0.4232659810682737
ParkT,frequency,gp,52,170 g,0.17,1.0,80.0,0.0957,0.18413675769328097,0.30684370115598036
ParkT,frequency,gp,53,170 g,0.17,1.0,85.0,0.0584,0.18771001695841988,0.3143704356165458
ParkT,frequency,gp,54,170 g,0.17,1.0,90.0,0.0525,0.2604240489180331,0.4245790171304274
ParkT,frequency,gp,55,170 g,0.17,1.0,95.0,0.0505,0.35238235444259813,0.4982274777085299
ParkT,frequency,gp,56,170 g,0.17,1.0,100.0,0.0781,0.4326659167338156,0.5366202644171553
ParkT,frequency,gp,57,170 g,0.17,1.0,105.0,0.1095,0.49110868404985,0.5538075138843389
ParkT,frequency,gp,58,170 g,0.17,1.0,110.0,0.0898,0.52814846664753,0.5606253447532173
ParkT,frequency,gp,59,170 g,0.17,1.0,115.0,0.1252,0.5472924534970536,0.5628819190104707
ParkT,frequency,gp,60,170 g,0.17,1.0,125.0,0.1979,0.5409357486534946,0.5606223612865315
ParkT,frequency,gp,61,170 g,0.17,1.0,130.0,0.3237,0.5141939640113782,0.5537996550423113
ParkT,frequency,gp,62,170 g,0.17,1.0,135.0,0.2923,0.4673511818833957,0.5366023740241961
ParkT,frequency,gp,63,170 g,0.17,1.0,140.0,0.192,0.3968407995888197,0.4981930374102206
ParkT,frequency,gp,64,170 g,0.17,1.0,145.0,0.139,0.30438032653708,0.42452895357507003
ParkT,frequency,gp,65,170 g,0.17,1.0,150.0,0.1213,0.2063784178908749,0.31433562371240464
ParkT,frequency,gp,66,170 g,0.17,1.0,155.0,0.1252,0.2138776022342742,0.31624592972496934
ParkT,frequency,gp,67,170 g,0.17,1.0,160.0,0.1174,0.3087948585736487,0.4301430536751917
ParkT,frequency,gp,68,170 g,0.17,1.0,165.0,0.3021,0.3956817476046669,0.5029105683249586
ParkT,frequency,gp,69,170 g,0.17,1.0,170.0,0.418,0.4611340368142566,0.5389374838020924
ParkT,frequency,gp,70,170 g,0.17,1.0,175.0,0.4318,0.505695475571822,0.5541875103948294
ParkT,frequency,gp,71,170 g,0.17,1.0,180.0,0.6578,0.534990387270448,0.5599275007592884
ParkT,frequency,gp,72,170 g,0.17,1.0,185.0,0.7325,0.5554123435582118,0.5618563001148377
ParkT,frequency,gp,73,170 g,0.17,1.0,190.0,0.813,0.5729330232266351,0.5623003072072579
ParkT,frequency,gp,74,170 g,0.17,1.0,195.0,0.8897,0.5934453653870468,0.5618562954370268
ParkT,frequency,gp,75,170 g,0.17,1.0,200.0,0.9113,0.6237155758562661,0.5599274861305354
ParkT,frequency,gp,76,170 g,0.17,1.0,205.0,0.9486,0.6723738836447108,0.5541874725862398
ParkT,frequency,gp,77,170 g,0.17,1.0,210.0,1.1078,0.7502158942514734,0.5389374002048065
ParkT,frequency,gp,78,170 g,0.17,1.0,215.0,1.1137,0.8683390405507971,0.5029104217034179
ParkT,frequency,gp,79,170 g,0.17,1.0,220.0,1.2375,1.031454610870524,0.4301428918934713
ParkT,frequency,gp,80,170 g,0.17,1.0,225.0,1.3259,1.223710169825682,0.31624590634224964
ParkT,frequency,gp,81,170 g,0.17,1.0,230.0,1.4301,1.2117440942074762,0.20914259783192193
ParkT,frequency,gp,82,170 g,0.17,1.0,235.0,1.5205,1.1578583469076122,0.2506031522549419
ParkT,frequency,gp,83,170 g,0.17,1.0,240.0,1.4891,1.0801150235768338,0.2932921512985572
ParkT,frequency,gp,84,170 g,0.17,1.0,245.0,1.5578,0.990681360888739,0.33025499794560986
ParkT,frequency,gp,85,170 g,0.17,1.0,250.0,1.66,0.8989755311039702,0.35853734152091404
ParkT,frequency,gp,86,170 g,0.17,1.0,255.0,1.7072,0.8112306003038314,0.37749342912108136
ParkT,frequency,gp,87,170 g,0.17,1.0,260.0,1.7858,0.7309539383628706,0.3873781742262015
ParkT,frequency,gp,88,170 g,0.17,1.0,265.0,1.7504,0.6596523120849964,0.3884984642067127
ParkT,frequency,gp,89,170 g,0.17,1.0,270.0,1.7052,0.5975446871107036,0.38080391046485457
ParkT,frequency,gp,90,170 g,0.17,1.0,275.0,2.4756,0.5441622478246821,0.36383130280018994
ParkT,frequency,gp,91,170 g,0.17,1.0,280.0,2.9236,0.4988161233113927,0.3370269161893062
ParkT,frequency,gp,92,170 g,0.17,1.0,285.0,2.9295,0.4609399503489576,0.30064134199890347
ParkT,frequency,gp,93,170 g,0.17,1.0,290.0,0.5065,0.4303067895780379,0.257699614678568
ParkT,frequency,gp,94,170 g,0.17,1.0,295.0,0.4475,0.40708306645477055,0.21781069288637206
ParkT,frequency,gp,95,170 g,0.17,1.0,300.0,0.3807,0.07655283890109166,0.22479994461959926
ParkT,frequency,gp,96,270 g,0.27,1.0,10.0,0.1331,0.6247439119446087,0.5648099396493667
ParkT,frequency,gp,97,270 g,0.27,1.0,15.0,0.1665,0.6246250856835358,0.5648098284120443
ParkT,frequency,gp,98,270 g,0.27,1.0,20.0,0.1095,0.6243918203000006,0.5648094019639095
ParkT,frequency,gp,99,270 g,0.27,1.0,25.0,0.1822,0.6239382268905259,0.5648077990026359
ParkT,frequency,gp,100,270 g,0.27,1.0,30.0,0.1763,0.6230658031410754,0.5648019094435254
ParkT,frequency,gp,101,270 g,0.27,1.0,35.0,0.1704,0.6214091204866633,0.5647808391567208
ParkT,frequency,gp,102,270 g,0.27,1.0,40.0,0.194,0.6183103309086255,0.5647077997554334
ParkT,frequency,gp,103,270 g,0.27,1.0,45.0,0.1626,0.6126182472567893,0.5644640192494441
ParkT,frequency,gp,104,270 g,0.27,1.0,50.0,0.2628,0.602391870819751,0.5636870157929507
ParkT,frequency,gp,105,270 g,0.27,1.0,55.0,0.1311,0.5845218432459238,0.5613472732994019
ParkT,frequency,gp,106,270 g,0.27,1.0,60.0,0.1861,0.5543907052051094,0.5547828678640301
ParkT,frequency,gp,107,270 g,0.27,1.0,65.0,0.0898,0.5059549277461304,0.5379289144679488
ParkT,frequency,gp,108,270 g,0.27,1.0,70.0,0.1056,0.4331534579414106,0.49928417058660834
ParkT,frequency,gp,109,270 g,0.27,1.0,75.0,0.194,0.3343151305662062,0.42326588148727495
ParkT,frequency,gp,110,270 g,0.27,1.0,80.0,0.253,0.2214853166987833,0.3068435827788321
ParkT,frequency,gp,111,270 g,0.27,1.0,85.0,0.1193,0.35109912023355155,0.314335623585219
ParkT,frequency,gp,112,270 g,0.27,1.0,90.0,0.0977,0.4281411386762788,0.42452895283226677
ParkT,frequency,gp,113,270 g,0.27,1.0,95.0,0.1586,0.48784633692377494,0.49819303440427154
ParkT,frequency,gp,114,270 g,0.27,1.0,100.0,0.4121,0.5293103986873424,0.5366023632203368
ParkT,frequency,gp,115,270 g,0.27,1.0,105.0,0.2097,0.5557087148581492,0.5537996182438703
ParkT,frequency,gp,116,270 g,0.27,1.0,110.0,0.1449,0.5709401483881491,0.5606222409131305
ParkT,frequency,gp,117,270 g,0.27,1.0,115.0,0.0957,0.5780356766584832,0.5628808003073784
ParkT,frequency,gp,118,270 g,0.27,1.0,120.0,0.1193,0.5786308922404991,0.5628808003073773
ParkT,frequency,gp,119,270 g,0.27,1.0,125.0,0.0997,0.5728563488065398,0.5606222409131256
ParkT,frequency,gp,120,270 g,0.27,1.0,130.0,0.1115,0.5593235162243303,0.5537996182438567
ParkT,frequency,gp,121,270 g,0.27,1.0,135.0,0.1783,0.5351783706576699,0.5366023632203025
ParkT,frequency,gp,122,270 g,0.27,1.0,140.0,0.365,0.4964889615296951,0.498193034404195
ParkT,frequency,gp,123,270 g,0.27,1.0,145.0,0.6165,0.4395895728883727,0.4245289528321214
ParkT,frequency,gp,124,270 g,0.27,1.0,150.0,0.4534,0.3642767735075615,0.314335623585026
ParkT,frequency,gp,125,270 g,0.27,1.0,155.0,0.2746,0.48513230827296416,0.3162459063421129
ParkT,frequency,gp,126,270 g,0.27,1.0,160.0,0.1901,0.48461884363808905,0.43014289189278226
ParkT,frequency,gp,127,270 g,0.27,1.0,165.0,0.1409,0.5009174535220869,0.5029104217004855
ParkT,frequency,gp,128,270 g,0.27,1.0,170.0,0.1272,0.5201550623104982,0.5389374001934572
ParkT,frequency,gp,129,270 g,0.27,1.0,175.0,0.1213,0.5357711830821479,0.5541874725442542
ParkT,frequency,gp,130,270 g,0.27,1.0,180.0,0.1233,0.5461286978476498,0.5599274859805766
ParkT,frequency,gp,131,270 g,0.27,1.0,185.0,0.1272,0.551508660346662,0.5618562949219444
ParkT,frequency,gp,132,270 g,0.27,1.0,190.0,0.1488,0.5523663879247135,0.562300305521166
ParkT,frequency,gp,133,270 g,0.27,1.0,195.0,0.1311,0.5485081300668313,0.5618562949219444
ParkT,frequency,gp,134,270 g,0.27,1.0,200.0,0.2156,0.5387087711591119,0.5599274859805766
ParkT,frequency,gp,135,270 g,0.27,1.0,205.0,0.3944,0.5205659854335732,0.5541874725442542
ParkT,frequency,gp,136,270 g,0.27,1.0,210.0,0.3355,0.49074135119430745,0.5389374001934572
ParkT,frequency,gp,137,270 g,0.27,1.0,215.0,0.3689,0.44618889213909796,0.5029104217004855
ParkT,frequency,gp,138,270 g,0.27,1.0,220.0,0.3119,0.3874476717261277,0.4301428918927821
ParkT,frequency,gp,139,270 g,0.27,1.0,225.0,0.2628,0.3247220801283753,0.3162459063421129
ParkT,frequency,gp,140,270 g,0.27,1.0,230.0,0.2588,0.29887832690043026,0.2091033079012162
ParkT,frequency,gp,141,270 g,0.27,1.0,235.0,0.2805,0.2991205589909823,0.25048028519925036
ParkT,frequency,gp,142,270 g,0.27,1.0,240.0,0.2903,0.30847394779895465,0.29300933480190505
ParkT,frequency,gp,143,270 g,0.27,1.0,245.0,0.306,0.3244947290839443,0.3297031567498574
ParkT,frequency,gp,144,270 g,0.27,1.0,250.0,0.308,0.34489476611826736,0.35756547344661577
ParkT,frequency,gp,145,270 g,0.27,1.0,255.0,0.3296,0.3681268337763429,0.37590253334699403
ParkT,frequency,gp,146,270 g,0.27,1.0,260.0,0.3591,0.3935261809458976,0.3849257658055944
ParkT,frequency,gp,147,270 g,0.27,1.0,265.0,0.3787,0.4212774999635943,0.384925767832029
ParkT,frequency,gp,148,270 g,0.27,1.0,270.0,0.418,0.45233685390164313,0.37590253928125544
ParkT,frequency,gp,149,270 g,0.27,1.0,275.0,0.4475,0.4883604045893964,0.3575654827531094
ParkT,frequency,gp,150,270 g,0.27,1.0,280.0,0.4868,0.5316456283795651,0.329703168248692
ParkT,frequency,gp,151,270 g,0.27,1.0,285.0,0.5418,0.5850566151297265,0.2930093464893632
ParkT,frequency,gp,152,270 g,0.27,1.0,290.0,0.6381,0.6518685843360108,0.25048029486942947
ParkT,frequency,gp,153,270 g,0.27,1.0,295.0,0.7344,0.7354142841567841,0.20910331621817912
ParkT,frequency,gp,154,270 g,0.27,1.0,300.0,0.8229,0.7174383574011938,0.22479994461959912
ParkT,frequency,gp,155,270 g,0.27,1.0,305.0,0.9585,0.6774188349330484,0.324067613796191
ParkT,frequency,gp,156,270 g,0.27,1.0,310.0,1.1196,0.6224129884027523,0.39399952073399463
ParkT,frequency,gp,157,270 g,0.27,1.0,315.0,1.2473,0.5719689515939883,0.43294432580616177
ParkT,frequency,gp,158,270 g,0.27,1.0,320.0,1.4104,0.5330533358281982,0.45175396532133355
ParkT,frequency,gp,159,270 g,0.27,1.0,325.0,1.5598,0.5058591682150354,0.45993056022207796
ParkT,frequency,gp,160,270 g,0.27,1.0,330.0,1.7386,0.48804767429945817,0.4631997762231934
ParkT,frequency,gp,161,270 g,0.27,1.0,335.0,1.8644,0.4769052267976634,0.4644212157128504
ParkT,frequency,gp,162,270 g,0.27,1.0,340.0,1.8172,0.47017014434518656,0.46485302669648837
ParkT,frequency,gp,163,270 g,0.27,1.0,345.0,1.4832,0.4662063722493226,0.4649989199401966
ParkT,frequency,gp,164,270 g,0.27,1.0,350.0,1.9823,0.4639229172342167,0.46504639914316487
ParkT,frequency,gp,165,270 g,0.27,1.0,355.0,2.4225,0.4626302874962406,0.46506137408858367
ParkT,frequency,gp,166,270 g,0.27,1.0,360.0,0.3787,0.4619091588104932,0.46506597361973107
ParkT,frequency,gp,167,270 g,0.27,1.0,365.0,0.2549,0.4615118053817748,0.46506735465762616
ParkT,frequency,gp,168,270 g,0.27,1.0,370.0,0.2353,0.46129517057546104,0.46506776125969757
ParkT,frequency,lawgp,0,70 g,0.07,1.0,15.0,0.3001,0.1235616860326046,0.4483626330749519
ParkT,frequency,lawgp,1,70 g,0.07,1.0,20.0,0.2647,0.12724501191806015,0.44836263279951727
ParkT,frequency,lawgp,2,70 g,0.07,1.0,25.0,0.3492,0.1310858291378502,0.44836263083425176
ParkT,frequency,lawgp,3,70 g,0.07,1.0,30.0,0.4731,0.13509738405349078,0.44836261714031633
ParkT,frequency,lawgp,4,70 g,0.07,1.0,35.0,0.534,0.13930103485043452,0.4483625243396462
ParkT,frequency,lawgp,5,70 g,0.07,1.0,40.0,0.2706,0.1437376808014495,0.4483619159363666
ParkT,frequency,lawgp,6,70 g,0.07,1.0,50.0,0.1213,0.1537718180794057,0.44833511251332125
ParkT,frequency,lawgp,7,70 g,0.07,1.0,55.0,0.1802,0.16001541387695992,0.44820575074302155
ParkT,frequency,lawgp,8,70 g,0.07,1.0,65.0,0.2274,0.18036209441737194,0.4444027596538349
ParkT,frequency,lawgp,9,70 g,0.07,1.0,85.0,0.3591,0.18788301269892213,0.4238787081333027
ParkT,frequency,lawgp,10,70 g,0.07,1.0,90.0,0.4337,0.19124563692340904,0.4254282424467865
ParkT,frequency,lawgp,11,70 g,0.07,1.0,95.0,0.4907,0.1969114660029602,0.42569737392022017
ParkT,frequency,lawgp,12,70 g,0.07,1.0,100.0,0.5418,0.20381174283045195,0.4257393319178037
ParkT,frequency,lawgp,13,70 g,0.07,1.0,105.0,0.6244,0.2114790740634856,0.42574535369904326
ParkT,frequency,lawgp,14,70 g,0.07,1.0,110.0,0.6303,0.21977288381788876,0.42574605070234706
ParkT,frequency,lawgp,15,70 g,0.07,1.0,115.0,0.6421,0.22876887208579605,0.42574523305670453
ParkT,frequency,lawgp,16,70 g,0.07,1.0,120.0,0.6735,0.2388178242553243,0.4257384645584726
ParkT,frequency,lawgp,17,70 g,0.07,1.0,125.0,0.7108,0.25083735293367476,0.4256916909500293
ParkT,frequency,lawgp,18,70 g,0.07,1.0,130.0,0.8032,0.2670107595078833,0.4253946670486526
ParkT,frequency,lawgp,19,70 g,0.07,1.0,135.0,0.7777,0.2921246983602462,0.4237073478737548
ParkT,frequency,lawgp,20,70 g,0.07,1.0,140.0,0.7541,0.33534368031876816,0.41549285030332506
ParkT,frequency,lawgp,21,70 g,0.07,1.0,145.0,0.7089,0.40983541764515313,0.38338087634607215
ParkT,frequency,lawgp,22,70 g,0.07,1.0,150.0,0.648,0.5204503709608244,0.29435484965829595
ParkT,frequency,lawgp,23,70 g,0.07,1.0,155.0,0.6362,0.5470574983995772,0.29799069261321165
ParkT,frequency,lawgp,24,70 g,0.07,1.0,160.0,0.648,0.4779811337439689,0.3909922567214536
ParkT,frequency,lawgp,25,70 g,0.07,1.0,165.0,0.3768,0.4432253038017651,0.42530493747688036
ParkT,frequency,lawgp,26,70 g,0.07,1.0,170.0,0.3689,0.4344125975695533,0.43432116287872313
ParkT,frequency,lawgp,27,70 g,0.07,1.0,175.0,0.2274,0.4404143532914983,0.43622782481391964
ParkT,frequency,lawgp,28,70 g,0.07,1.0,180.0,0.1999,0.4539846534276376,0.43657368968300087
ParkT,frequency,lawgp,29,70 g,0.07,1.0,185.0,0.2195,0.4713679288828815,0.4366296874283761
ParkT,frequency,lawgp,30,70 g,0.07,1.0,190.0,0.2431,0.4907273253034816,0.43663690418620077
ParkT,frequency,lawgp,31,70 g,0.07,1.0,195.0,0.2372,0.5108904917021458,0.4366296874859965
ParkT,frequency,lawgp,32,70 g,0.07,1.0,205.0,0.2569,0.5459195186751735,0.4362278270423972
ParkT,frequency,lawgp,33,70 g,0.07,1.0,215.0,0.3198,0.5328858370193683,0.4253049858780826
ParkT,frequency,lawgp,34,70 g,0.07,1.0,220.0,0.2687,0.47347322501358213,0.3909924073885739
ParkT,frequency,lawgp,35,70 g,0.07,1.0,230.0,0.2176,0.5932319693527688,0.27472117840230725
ParkT,frequency,lawgp,36,70 g,0.07,1.0,235.0,0.1861,0.7341347137307005,0.30743702683204194
ParkT,frequency,lawgp,37,70 g,0.07,1.0,240.0,0.1783,0.8452499097128842,0.3200877621361499
ParkT,frequency,lawgp,38,70 g,0.07,1.0,245.0,0.1684,0.9314991489636895,0.3241649335942608
ParkT,frequency,lawgp,39,70 g,0.07,1.0,250.0,0.1704,1.002173290556937,0.32531589778577064
ParkT,frequency,lawgp,40,170 g,0.17,1.0,10.0,0.0722,0.17512272145140406,0.44836263311277336
ParkT,frequency,lawgp,41,170 g,0.17,1.0,15.0,0.1016,0.1802031945313886,0.4483626330749519
ParkT,frequency,lawgp,42,170 g,0.17,1.0,20.0,0.1567,0.1854923085289027,0.44836263279951727
ParkT,frequency,lawgp,43,170 g,0.17,1.0,25.0,0.1567,0.19099793328869843,0.44836263083425193
ParkT,frequency,lawgp,44,170 g,0.17,1.0,30.0,0.1272,0.19672296806396206,0.4483626171403173
ParkT,frequency,lawgp,45,170 g,0.17,1.0,35.0,0.2412,0.20265661610235167,0.448362524339652
ParkT,frequency,lawgp,46,170 g,0.17,1.0,40.0,0.3316,0.20875303146767288,0.4483619159364037
ParkT,frequency,lawgp,47,170 g,0.17,1.0,45.0,0.4102,0.21488091803050707,0.44835808390648646
ParkT,frequency,lawgp,48,170 g,0.17,1.0,50.0,0.1704,0.22071001083351233,0.4483351125146228
ParkT,frequency,lawgp,49,170 g,0.17,1.0,65.0,0.0702,0.22354650859455508,0.4444027597937693
ParkT,frequency,lawgp,50,170 g,0.17,1.0,70.0,0.2706,0.20810145357657633,0.4317991032695891
ParkT,frequency,lawgp,51,170 g,0.17,1.0,75.0,0.2923,0.17453045766065567,0.3904428845386942
ParkT,frequency,lawgp,52,170 g,0.17,1.0,80.0,0.0957,0.12212674243009225,0.29180417261161223
ParkT,frequency,lawgp,53,170 g,0.17,1.0,85.0,0.0584,0.12157431723628451,0.29435554315712037
ParkT,frequency,lawgp,54,170 g,0.17,1.0,90.0,0.0525,0.17849573633305033,0.38338099125745306
ParkT,frequency,lawgp,55,170 g,0.17,1.0,95.0,0.0505,0.23551553430175154,0.41549287574307076
ParkT,frequency,lawgp,56,170 g,0.17,1.0,100.0,0.0781,0.2744105287115352,0.42370735180310526
ParkT,frequency,lawgp,57,170 g,0.17,1.0,105.0,0.1095,0.299536564110293,0.4253946514200863
ParkT,frequency,lawgp,58,170 g,0.17,1.0,110.0,0.0898,0.3174233412516889,0.42569155505666584
ParkT,frequency,lawgp,59,170 g,0.17,1.0,115.0,0.1252,0.3321390368682804,0.4257374072375432
ParkT,frequency,lawgp,60,170 g,0.17,1.0,125.0,0.1979,0.35746077791930664,0.42569155483750115
ParkT,frequency,lawgp,61,170 g,0.17,1.0,130.0,0.3237,0.36645640346778446,0.42539465019835504
ParkT,frequency,lawgp,62,170 g,0.17,1.0,135.0,0.2923,0.3679349731005374,0.42370734585207454
ParkT,frequency,lawgp,63,170 g,0.17,1.0,140.0,0.192,0.35284158260706705,0.41549285006611314
ParkT,frequency,lawgp,64,170 g,0.17,1.0,145.0,0.139,0.30756229396467855,0.383380876317212
ParkT,frequency,lawgp,65,170 g,0.17,1.0,150.0,0.1213,0.224692015490159,0.2943548496522101
ParkT,frequency,lawgp,66,170 g,0.17,1.0,155.0,0.1252,0.2667190597711939,0.29799069479298823
ParkT,frequency,lawgp,67,170 g,0.17,1.0,160.0,0.1174,0.40162265614566295,0.39099225683899835
ParkT,frequency,lawgp,68,170 g,0.17,1.0,165.0,0.3021,0.5009851214737369,0.42530493747729
ParkT,frequency,lawgp,69,170 g,0.17,1.0,170.0,0.418,0.5656080443056339,0.4343211628800122
ParkT,frequency,lawgp,70,170 g,0.17,1.0,175.0,0.4318,0.6097994778145429,0.4362278248147221
ParkT,frequency,lawgp,71,170 g,0.17,1.0,180.0,0.6578,0.6446301178468796,0.4365736896830906
ParkT,frequency,lawgp,72,170 g,0.17,1.0,185.0,0.7325,0.676268039441663,0.4366296874272741
ParkT,frequency,lawgp,73,170 g,0.17,1.0,190.0,0.813,0.7078086734420774,0.43663690417774437
ParkT,frequency,lawgp,74,170 g,0.17,1.0,195.0,0.8897,0.7410178775591632,0.43662968742722436
ParkT,frequency,lawgp,75,170 g,0.17,1.0,200.0,0.9113,0.7776211881374248,0.43657368968285076
ParkT,frequency,lawgp,76,170 g,0.17,1.0,205.0,0.9486,0.8205872524510669,0.4362278248139008
ParkT,frequency,lawgp,77,170 g,0.17,1.0,210.0,1.1078,0.8759031035768259,0.43432116287872086
ParkT,frequency,lawgp,78,170 g,0.17,1.0,215.0,1.1137,0.9547140527626085,0.42530493747688014
ParkT,frequency,lawgp,79,170 g,0.17,1.0,220.0,1.2375,1.0729586142922618,0.3909922567214535
ParkT,frequency,lawgp,80,170 g,0.17,1.0,225.0,1.3259,1.238130513953213,0.2979906926132116
ParkT,frequency,lawgp,81,170 g,0.17,1.0,230.0,1.4301,1.20588135815562,0.2108762164132195
ParkT,frequency,lawgp,82,170 g,0.17,1.0,235.0,1.5205,1.1056135291553535,0.274372850938566
ParkT,frequency,lawgp,83,170 g,0.17,1.0,240.0,1.4891,1.0310265758871802,0.30729458374628554
ParkT,frequency,lawgp,84,170 g,0.17,1.0,245.0,1.5578,0.9975879733937989,0.32004078027999405
ParkT,frequency,lawgp,85,170 g,0.17,1.0,250.0,1.66,0.9976206704681706,0.32415090247623624
ParkT,frequency,lawgp,86,170 g,0.17,1.0,255.0,1.7072,1.0189028461976013,0.3253090952878419
ParkT,frequency,lawgp,87,170 g,0.17,1.0,260.0,1.7858,1.050762562331402,0.32559285543889654
ParkT,frequency,lawgp,88,170 g,0.17,1.0,265.0,1.7504,1.0840657879847484,0.3256047518535833
ParkT,frequency,lawgp,89,170 g,0.17,1.0,270.0,1.7052,1.1090000600158871,0.32537033290496475
ParkT,frequency,lawgp,90,170 g,0.17,1.0,275.0,2.4756,1.1122553892615417,0.3243758651423947
ParkT,frequency,lawgp,91,170 g,0.17,1.0,280.0,2.9236,1.0749341245293587,0.32075380851488433
ParkT,frequency,lawgp,92,170 g,0.17,1.0,285.0,2.9295,0.9747237113627578,0.3091403176786482
ParkT,frequency,lawgp,93,170 g,0.17,1.0,290.0,0.5065,0.8011690473295267,0.2777319158597155
ParkT,frequency,lawgp,94,170 g,0.17,1.0,295.0,0.4475,0.5976875293320203,0.2131877415768256
ParkT,frequency,lawgp,95,170 g,0.17,1.0,300.0,0.3807,0.8258963797489303,0.21088447490412723
ParkT,frequency,lawgp,96,270 g,0.27,1.0,10.0,0.1331,0.08341136408840405,0.44836263311277336
ParkT,frequency,lawgp,97,270 g,0.27,1.0,15.0,0.1665,0.08591869146229537,0.4483626330749519
ParkT,frequency,lawgp,98,270 g,0.27,1.0,20.0,0.1095,0.0885304022332326,0.44836263279951727
ParkT,frequency,lawgp,99,270 g,0.27,1.0,25.0,0.1822,0.09125275643914087,0.44836263083425176
ParkT,frequency,lawgp,100,270 g,0.27,1.0,30.0,0.1763,0.094093320237611,0.44836261714031633
ParkT,frequency,lawgp,101,270 g,0.27,1.0,35.0,0.1704,0.09706231053745387,0.4483625243396462
ParkT,frequency,lawgp,102,270 g,0.27,1.0,40.0,0.194,0.10017559235725575,0.4483619159363666
ParkT,frequency,lawgp,103,270 g,0.27,1.0,45.0,0.1626,0.10346094981836765,0.4483580839062603
ParkT,frequency,lawgp,104,270 g,0.27,1.0,50.0,0.2628,0.10696981264094396,0.44833511251332125
ParkT,frequency,lawgp,105,270 g,0.27,1.0,55.0,0.1311,0.1107945499970377,0.44820575074302155
ParkT,frequency,lawgp,106,270 g,0.27,1.0,60.0,0.1861,0.11507774175438608,0.4475339976645315
ParkT,frequency,lawgp,107,270 g,0.27,1.0,65.0,0.0898,0.11994877165569226,0.4444027596538349
ParkT,frequency,lawgp,108,270 g,0.27,1.0,70.0,0.1056,0.1251814451554934,0.43179910279536726
ParkT,frequency,lawgp,109,270 g,0.27,1.0,75.0,0.194,0.12911281930907761,0.3904428834073435
ParkT,frequency,lawgp,110,270 g,0.27,1.0,80.0,0.253,0.12656713503461892,0.2918041715271615
ParkT,frequency,lawgp,111,270 g,0.27,1.0,85.0,0.1193,0.22509256222281104,0.29435484965221
ParkT,frequency,lawgp,112,270 g,0.27,1.0,90.0,0.0977,0.19056354691861205,0.38338087631721196
ParkT,frequency,lawgp,113,270 g,0.27,1.0,95.0,0.1586,0.1665693320269594,0.4154928500661117
ParkT,frequency,lawgp,114,270 g,0.27,1.0,100.0,0.4121,0.1561026920081619,0.4237073458520623
ParkT,frequency,lawgp,115,270 g,0.27,1.0,105.0,0.2097,0.1543638164414543,0.4253946501982584
ParkT,frequency,lawgp,116,270 g,0.27,1.0,110.0,0.1449,0.15720459737088407,0.42569155483676824
ParkT,frequency,lawgp,117,270 g,0.27,1.0,115.0,0.0957,0.1623413053332271,0.42573740720201814
ParkT,frequency,lawgp,118,270 g,0.27,1.0,120.0,0.1193,0.16881802493247638,0.42573740720201814
ParkT,frequency,lawgp,119,270 g,0.27,1.0,125.0,0.0997,0.17651153148278764,0.42569155483676824
ParkT,frequency,lawgp,120,270 g,0.27,1.0,130.0,0.1115,0.1860000629585717,0.4253946501982584
ParkT,frequency,lawgp,121,270 g,0.27,1.0,135.0,0.1783,0.1987204832821493,0.4237073458520623
ParkT,frequency,lawgp,122,270 g,0.27,1.0,140.0,0.365,0.21697091390553616,0.41549285006611164
ParkT,frequency,lawgp,123,270 g,0.27,1.0,145.0,0.6165,0.24209677389821913,0.38338087631721185
ParkT,frequency,lawgp,124,270 g,0.27,1.0,150.0,0.4534,0.26660076477015127,0.29435484965221015
ParkT,frequency,lawgp,125,270 g,0.27,1.0,155.0,0.2746,0.37168999809634334,0.29799069261321165
ParkT,frequency,lawgp,126,270 g,0.27,1.0,160.0,0.1901,0.32376251628032227,0.39099225672145355
ParkT,frequency,lawgp,127,270 g,0.27,1.0,165.0,0.1409,0.31191619604719556,0.42530493747688014
ParkT,frequency,lawgp,128,270 g,0.27,1.0,170.0,0.1272,0.31586742070308466,0.43432116287872086
ParkT,frequency,lawgp,129,270 g,0.27,1.0,175.0,0.1213,0.32608313448191684,0.43622782481390077
ParkT,frequency,lawgp,130,270 g,0.27,1.0,180.0,0.1233,0.3389061528512871,0.4365736896828506
ParkT,frequency,lawgp,131,270 g,0.27,1.0,185.0,0.1272,0.35305288368574156,0.43662968742722286
ParkT,frequency,lawgp,132,270 g,0.27,1.0,190.0,0.1488,0.3680286069025044,0.4366369041777352
ParkT,frequency,lawgp,133,270 g,0.27,1.0,195.0,0.1311,0.38343319078141525,0.43662968742722286
ParkT,frequency,lawgp,134,270 g,0.27,1.0,200.0,0.2156,0.3984865386161205,0.4365736896828506
ParkT,frequency,lawgp,135,270 g,0.27,1.0,205.0,0.3944,0.41137736487550586,0.43622782481390077
ParkT,frequency,lawgp,136,270 g,0.27,1.0,210.0,0.3355,0.41819261701022076,0.43432116287872086
ParkT,frequency,lawgp,137,270 g,0.27,1.0,215.0,0.3689,0.41167995767022775,0.4253049374768801
ParkT,frequency,lawgp,138,270 g,0.27,1.0,220.0,0.3119,0.3820880642975446,0.3909922567214535
ParkT,frequency,lawgp,139,270 g,0.27,1.0,225.0,0.2628,0.32732625637275303,0.2979906926132116
ParkT,frequency,lawgp,140,270 g,0.27,1.0,230.0,0.2588,0.36752996131110804,0.21087621625814928
ParkT,frequency,lawgp,141,270 g,0.27,1.0,235.0,0.2805,0.4710724741784251,0.27437284976618254
ParkT,frequency,lawgp,142,270 g,0.27,1.0,240.0,0.2903,0.5686662477130533,0.30729457723941644
ParkT,frequency,lawgp,143,270 g,0.27,1.0,245.0,0.306,0.6470928953021778,0.3200407468825721
ParkT,frequency,lawgp,144,270 g,0.27,1.0,250.0,0.308,0.7087785387106061,0.3241507372643784
ParkT,frequency,lawgp,145,270 g,0.27,1.0,255.0,0.3296,0.7595016672603534,0.32530830722512194
ParkT,frequency,lawgp,146,270 g,0.27,1.0,260.0,0.3591,0.8037100219718204,0.3255892608868864
ParkT,frequency,lawgp,147,270 g,0.27,1.0,265.0,0.3787,0.8434817864563509,0.3255892608868864
ParkT,frequency,lawgp,148,270 g,0.27,1.0,270.0,0.418,0.8784952896254646,0.325308307225122
ParkT,frequency,lawgp,149,270 g,0.27,1.0,275.0,0.4475,0.9059926097490808,0.3241507372643784
ParkT,frequency,lawgp,150,270 g,0.27,1.0,280.0,0.4868,0.9207660279098817,0.32004074688257217
ParkT,frequency,lawgp,151,270 g,0.27,1.0,285.0,0.5418,0.9162825389087236,0.30729457723941656
ParkT,frequency,lawgp,152,270 g,0.27,1.0,290.0,0.6381,0.8898210116575822,0.2743728497661828
ParkT,frequency,lawgp,153,270 g,0.27,1.0,295.0,0.7344,0.856013536654944,0.21087621625814965
ParkT,frequency,lawgp,154,270 g,0.27,1.0,300.0,0.8229,0.7054161082374946,0.21088447490412734
ParkT,frequency,lawgp,155,270 g,0.27,1.0,305.0,0.9585,0.6451817405393655,0.29152323350358345
ParkT,frequency,lawgp,156,270 g,0.27,1.0,310.0,1.1196,0.5896461562188011,0.32087609045003257
ParkT,frequency,lawgp,157,270 g,0.27,1.0,315.0,1.2473,0.5478287322440594,0.3285386956213621
ParkT,frequency,lawgp,158,270 g,0.27,1.0,320.0,1.4104,0.5153954862242512,0.3301484333663307
ParkT,frequency,lawgp,159,270 g,0.27,1.0,325.0,1.5598,0.4876744933716866,0.33043813240232495
ParkT,frequency,lawgp,160,270 g,0.27,1.0,330.0,1.7386,0.4620704863946443,0.3304847354476064
ParkT,frequency,lawgp,161,270 g,0.27,1.0,335.0,1.8644,0.43753016702963793,0.3304916326990435
ParkT,frequency,lawgp,162,270 g,0.27,1.0,340.0,1.8172,0.41377825419858466,0.33049259033094175
ParkT,frequency,lawgp,163,270 g,0.27,1.0,345.0,1.4832,0.3908482219272789,0.3304927167583566
ParkT,frequency,lawgp,164,270 g,0.27,1.0,350.0,1.9823,0.36885808834621775,0.33049273278323654
ParkT,frequency,lawgp,165,270 g,0.27,1.0,355.0,2.4225,0.3479200545046023,0.3304927347472903
ParkT,frequency,lawgp,166,270 g,0.27,1.0,360.0,0.3787,0.32811168594196133,0.3304927349813169
ParkT,frequency,lawgp,167,270 g,0.27,1.0,365.0,0.2549,0.30947223689381403,0.33049273500854104
ParkT,frequency,lawgp,168,270 g,0.27,1.0,370.0,0.2353,0.2920078836325159,0.3304927350116432
ParkT,frequency,law,0,70 g,0.07,1.0,15.0,0.3001,0.12945531673038968,
ParkT,frequency,law,1,70 g,0.07,1.0,20.0,0.2647,0.1331369266534079,
ParkT,frequency,law,2,70 g,0.07,1.0,25.0,0.3492,0.13697313029859903,
ParkT,frequency,law,3,70 g,0.07,1.0,30.0,0.4731,0.1409724138113784,
ParkT,frequency,law,4,70 g,0.07,1.0,35.0,0.534,0.1451438306667321,
ParkT,frequency,law,5,70 g,0.07,1.0,40.0,0.2706,0.14949704555797044,
ParkT,frequency,law,6,70 g,0.07,1.0,50.0,0.1213,0.15879087423209926,
ParkT,frequency,law,7,70 g,0.07,1.0,55.0,0.1802,0.16375432302935114,
ParkT,frequency,law,8,70 g,0.07,1.0,65.0,0.2274,0.17437749901125615,
ParkT,frequency,law,9,70 g,0.07,1.0,85.0,0.3591,0.1939041799083004,
ParkT,frequency,law,10,70 g,0.07,1.0,90.0,0.4337,0.20065489209022014,
ParkT,frequency,law,11,70 g,0.07,1.0,95.0,0.4907,0.2077472557647465,
ParkT,frequency,law,12,70 g,0.07,1.0,100.0,0.5418,0.2152033891966675,
ParkT,frequency,law,13,70 g,0.07,1.0,105.0,0.6244,0.22304709653086557,
ParkT,frequency,law,14,70 g,0.07,1.0,110.0,0.6303,0.23130400765942408,
ParkT,frequency,law,15,70 g,0.07,1.0,115.0,0.6421,0.24000172921958618,
ParkT,frequency,law,16,70 g,0.07,1.0,120.0,0.6735,0.24917000723596586,
ParkT,frequency,law,17,70 g,0.07,1.0,125.0,0.7108,0.25884090180832564,
ParkT,frequency,law,18,70 g,0.07,1.0,130.0,0.8032,0.26904897407763234,
ParkT,frequency,law,19,70 g,0.07,1.0,135.0,0.7777,0.27983148546007625,
ParkT,frequency,law,20,70 g,0.07,1.0,140.0,0.7541,0.2912286087984244,
ParkT,frequency,law,21,70 g,0.07,1.0,145.0,0.7089,0.3032836506133571,
ParkT,frequency,law,22,70 g,0.07,1.0,150.0,0.648,0.3160432830074223,
ParkT,frequency,law,23,70 g,0.07,1.0,155.0,0.6362,0.3599680389528493,
ParkT,frequency,law,24,70 g,0.07,1.0,160.0,0.648,0.37473081386024926,
ParkT,frequency,law,25,70 g,0.07,1.0,165.0,0.3768,0.39032121743846715,
ParkT,frequency,law,26,70 g,0.07,1.0,170.0,0.3689,0.40679263870390947,
ParkT,frequency,law,27,70 g,0.07,1.0,175.0,0.2274,0.4242015975600662,
ParkT,frequency,law,28,70 g,0.07,1.0,180.0,0.1999,0.44260775003001274,
ParkT,frequency,law,29,70 g,0.07,1.0,185.0,0.2195,0.46207383297280047,
ParkT,frequency,law,30,70 g,0.07,1.0,190.0,0.2431,0.4826655292547272,
ParkT,frequency,law,31,70 g,0.07,1.0,195.0,0.2372,0.5044512299133725,
ParkT,frequency,law,32,70 g,0.07,1.0,205.0,0.2569,0.5518893657301199,
ParkT,frequency,law,33,70 g,0.07,1.0,215.0,0.3198,0.6049709875179485,
ParkT,frequency,law,34,70 g,0.07,1.0,220.0,0.2687,0.63381094383917,
ParkT,frequency,law,35,70 g,0.07,1.0,230.0,0.2176,0.8250342649565642,
ParkT,frequency,law,36,70 g,0.07,1.0,235.0,0.1861,0.8676966956411176,
ParkT,frequency,law,37,70 g,0.07,1.0,240.0,0.1783,0.912659146893705,
ParkT,frequency,law,38,70 g,0.07,1.0,245.0,0.1684,0.9599328954726714,
ParkT,frequency,law,39,70 g,0.07,1.0,250.0,0.1704,1.0094922987712631,
ParkT,frequency,law,40,170 g,0.17,1.0,10.0,0.0722,0.18101807635897404,
ParkT,frequency,law,41,170 g,0.17,1.0,15.0,0.1016,0.18609981654359609,
ParkT,frequency,law,42,170 g,0.17,1.0,20.0,0.1567,0.1913923525982233,
ParkT,frequency,law,43,170 g,0.17,1.0,25.0,0.1567,0.1969071264416243,
ParkT,frequency,law,44,170 g,0.17,1.0,30.0,0.1272,0.2026563374190623,
ParkT,frequency,law,45,170 g,0.17,1.0,35.0,0.2412,0.20865300044623597,
ParkT,frequency,law,46,170 g,0.17,1.0,40.0,0.3316,0.2149110091020066,
ParkT,frequency,law,47,170 g,0.17,1.0,45.0,0.4102,0.2214452041124929,
ParkT,frequency,law,48,170 g,0.17,1.0,50.0,0.1704,0.22827144770681956,
ParkT,frequency,law,49,170 g,0.17,1.0,65.0,0.0702,0.25067815980792274,
ParkT,frequency,law,50,170 g,0.17,1.0,70.0,0.2706,0.2588546265585723,
ParkT,frequency,law,51,170 g,0.17,1.0,75.0,0.2923,0.2674208581394729,
ParkT,frequency,law,52,170 g,0.17,1.0,80.0,0.0957,0.27640080697418196,
ParkT,frequency,law,53,170 g,0.17,1.0,85.0,0.0584,0.2794888115445119,
ParkT,frequency,law,54,170 g,0.17,1.0,90.0,0.0525,0.28921912538146,
ParkT,frequency,law,55,170 g,0.17,1.0,95.0,0.0505,0.2994418874455489,
ParkT,frequency,law,56,170 g,0.17,1.0,100.0,0.0781,0.31018897847056137,
ParkT,frequency,law,57,170 g,0.17,1.0,105.0,0.1095,0.3214947091772162,
ParkT,frequency,law,58,170 g,0.17,1.0,110.0,0.0898,0.3333960218742442,
ParkT,frequency,law,59,170 g,0.17,1.0,115.0,0.1252,0.3459327081032074,
ParkT,frequency,law,60,170 g,0.17,1.0,125.0,0.1979,0.37308703742090843,
ParkT,frequency,law,61,170 g,0.17,1.0,130.0,0.3237,0.38780070676036393,
ParkT,frequency,law,62,170 g,0.17,1.0,135.0,0.2923,0.40334235879266966,
ParkT,frequency,law,63,170 g,0.17,1.0,140.0,0.192,0.41976989768516565,
ParkT,frequency,law,64,170 g,0.17,1.0,145.0,0.139,0.4371457444130098,
ParkT,frequency,law,65,170 g,0.17,1.0,150.0,0.1213,0.45553717101994845,
ParkT,frequency,law,66,170 g,0.17,1.0,155.0,0.1252,0.5216403520460932,
ParkT,frequency,law,67,170 g,0.17,1.0,160.0,0.1174,0.5430335266242452,
ParkT,frequency,law,68,170 g,0.17,1.0,165.0,0.3021,0.5656260424340933,
ParkT,frequency,law,69,170 g,0.17,1.0,170.0,0.418,0.589495267081369,
ParkT,frequency,law,70,170 g,0.17,1.0,175.0,0.4318,0.614723105233053,
ParkT,frequency,law,71,170 g,0.17,1.0,180.0,0.6578,0.6413960061999485,
ParkT,frequency,law,72,170 g,0.17,1.0,185.0,0.7325,0.6696048838235653,
ParkT,frequency,law,73,170 g,0.17,1.0,190.0,0.813,0.6994449210918114,
ParkT,frequency,law,74,170 g,0.17,1.0,195.0,0.8897,0.7310152254838499,
ParkT,frequency,law,75,170 g,0.17,1.0,200.0,0.9113,0.7644182934720619,
ParkT,frequency,law,76,170 g,0.17,1.0,205.0,0.9486,0.7997592338125998,
ParkT,frequency,law,77,170 g,0.17,1.0,210.0,1.1078,0.8371446892247693,
ParkT,frequency,law,78,170 g,0.17,1.0,215.0,1.1137,0.8766813848933723,
ParkT,frequency,law,79,170 g,0.17,1.0,220.0,1.2375,0.9184742202021939,
ParkT,frequency,law,80,170 g,0.17,1.0,225.0,1.3259,0.9626238077598163,
ParkT,frequency,law,81,170 g,0.17,1.0,230.0,1.4301,0.7673275093310079,
ParkT,frequency,law,82,170 g,0.17,1.0,235.0,1.5205,0.8070059300580653,
ParkT,frequency,law,83,170 g,0.17,1.0,240.0,1.4891,0.8488234971561799,
ParkT,frequency,law,84,170 g,0.17,1.0,245.0,1.5578,0.8927906986344704,
ParkT,frequency,law,85,170 g,0.17,1.0,250.0,1.66,0.938883685450044,
ParkT,frequency,law,86,170 g,0.17,1.0,255.0,1.7072,0.9870351528986544,
ParkT,frequency,law,87,170 g,0.17,1.0,260.0,1.7858,1.0371240636770303,
ParkT,frequency,law,88,170 g,0.17,1.0,265.0,1.7504,1.088964438989572,
ParkT,frequency,law,89,170 g,0.17,1.0,270.0,1.7052,1.1422936449858254,
ParkT,frequency,law,90,170 g,0.17,1.0,275.0,2.4756,1.196760859405885,
ParkT,frequency,law,91,170 g,0.17,1.0,280.0,2.9236,1.251916709413363,
ParkT,frequency,law,92,170 g,0.17,1.0,285.0,2.9295,1.3072054017342591,
ParkT,frequency,law,93,170 g,0.17,1.0,290.0,0.5065,1.361960973634429,
ParkT,frequency,law,94,170 g,0.17,1.0,295.0,0.4475,1.4154095053439164,
ParkT,frequency,law,95,170 g,0.17,1.0,300.0,0.3807,1.6707008985322365,
ParkT,frequency,law,96,270 g,0.27,1.0,10.0,0.1331,0.08930585060453008,
ParkT,frequency,law,97,270 g,0.27,1.0,15.0,0.1665,0.0918129434809283,
ParkT,frequency,law,98,270 g,0.27,1.0,20.0,0.1095,0.09442403317827054,
ParkT,frequency,law,99,270 g,0.27,1.0,25.0,0.1822,0.09714476460400875,
ParkT,frequency,law,100,270 g,0.27,1.0,30.0,0.1763,0.0999811563443939,
ParkT,frequency,law,101,270 g,0.27,1.0,35.0,0.1704,0.10293962934997632,
ParkT,frequency,law,102,270 g,0.27,1.0,40.0,0.194,0.1060270380626057,
ParkT,frequency,law,103,270 g,0.27,1.0,45.0,0.1626,0.10925070420227975,
ParkT,frequency,law,104,270 g,0.27,1.0,50.0,0.2628,0.112618453450792,
ParkT,frequency,law,105,270 g,0.27,1.0,55.0,0.1311,0.1161386552887872,
ParkT,frequency,law,106,270 g,0.27,1.0,60.0,0.1861,0.11982026626341813,
ParkT,frequency,law,107,270 g,0.27,1.0,65.0,0.0898,0.12367287698511122,
ParkT,frequency,law,108,270 g,0.27,1.0,70.0,0.1056,0.12770676317368365,
ParkT,frequency,law,109,270 g,0.27,1.0,75.0,0.194,0.13193294109577489,
ParkT,frequency,law,110,270 g,0.27,1.0,80.0,0.253,0.13636322775664125,
ParkT,frequency,law,111,270 g,0.27,1.0,85.0,0.1193,0.13987186710853478,
ParkT,frequency,law,112,270 g,0.27,1.0,90.0,0.0977,0.1447414615527803,
ParkT,frequency,law,113,270 g,0.27,1.0,95.0,0.1586,0.14985750469242737,
ParkT,frequency,law,114,270 g,0.27,1.0,100.0,0.4121,0.15523595143362892,
ParkT,frequency,law,115,270 g,0.27,1.0,105.0,0.2097,0.16089397278420542,
ParkT,frequency,law,116,270 g,0.27,1.0,110.0,0.1449,0.16685005674612355,
ParkT,frequency,law,117,270 g,0.27,1.0,115.0,0.0957,0.1731241172371628,
ParkT,frequency,law,118,270 g,0.27,1.0,120.0,0.1193,0.17973761141210845,
ParkT,frequency,law,119,270 g,0.27,1.0,125.0,0.0997,0.18671366567295758,
ParkT,frequency,law,120,270 g,0.27,1.0,130.0,0.1115,0.19407721053600294,
ParkT,frequency,law,121,270 g,0.27,1.0,135.0,0.1783,0.20185512434835443,
ParkT,frequency,law,122,270 g,0.27,1.0,140.0,0.365,0.2100763856009736,
ParkT,frequency,law,123,270 g,0.27,1.0,145.0,0.6165,0.2187722332486288,
ParkT,frequency,law,124,270 g,0.27,1.0,150.0,0.4534,0.2279763339927203,
ParkT,frequency,law,125,270 g,0.27,1.0,155.0,0.2746,0.26852708566441513,
ParkT,frequency,law,126,270 g,0.27,1.0,160.0,0.1901,0.27953974371521256,
ParkT,frequency,law,127,270 g,0.27,1.0,165.0,0.1409,0.2911697918977383,
ParkT,frequency,law,128,270 g,0.27,1.0,170.0,0.1272,0.3034570570727986,
ParkT,frequency,law,129,270 g,0.27,1.0,175.0,0.1213,0.3164437016640641,
ParkT,frequency,law,130,270 g,0.27,1.0,180.0,0.1233,0.3301742275613842,
ParkT,frequency,law,131,270 g,0.27,1.0,185.0,0.1272,0.3446954348806075,
ParkT,frequency,law,132,270 g,0.27,1.0,190.0,0.1488,0.36005632138474747,
ParkT,frequency,law,133,270 g,0.27,1.0,195.0,0.1311,0.37630790506434647,
ParkT,frequency,law,134,270 g,0.27,1.0,200.0,0.2156,0.39350294847680917,
ParkT,frequency,law,135,270 g,0.27,1.0,205.0,0.3944,0.41169555891628307,
ParkT,frequency,law,136,270 g,0.27,1.0,210.0,0.3355,0.43094063332183774,
ParkT,frequency,law,137,270 g,0.27,1.0,215.0,0.3689,0.451293111083667,
ParkT,frequency,law,138,270 g,0.27,1.0,220.0,0.3119,0.472806991716389,
ParkT,frequency,law,139,270 g,0.27,1.0,225.0,0.2628,0.4955340680126006,
ParkT,frequency,law,140,270 g,0.27,1.0,230.0,0.2588,0.5922624964926145,
ParkT,frequency,law,141,270 g,0.27,1.0,235.0,0.2805,0.6228883247483743,
ParkT,frequency,law,142,270 g,0.27,1.0,240.0,0.2903,0.6551652552449361,
ParkT,frequency,law,143,270 g,0.27,1.0,245.0,0.306,0.6891013831625042,
ParkT,frequency,law,144,270 g,0.27,1.0,250.0,0.308,0.72467830059375,
ParkT,frequency,law,145,270 g,0.27,1.0,255.0,0.3296,0.761844058336178,
ParkT,frequency,law,146,270 g,0.27,1.0,260.0,0.3591,0.8005052336276266,
ParkT,frequency,law,147,270 g,0.27,1.0,265.0,0.3787,0.8405182785508936,
ParkT,frequency,law,148,270 g,0.27,1.0,270.0,0.418,0.881680478908922,
ParkT,frequency,law,149,270 g,0.27,1.0,275.0,0.4475,0.9237210521936564,
ParkT,frequency,law,150,270 g,0.27,1.0,280.0,0.4868,0.9662931495371774,
ParkT,frequency,law,151,270 g,0.27,1.0,285.0,0.5418,1.0089677813516096,
ParkT,frequency,law,152,270 g,0.27,1.0,290.0,0.6381,1.0512309236423754,
ParkT,frequency,law,153,270 g,0.27,1.0,295.0,0.7344,1.0924852256701034,
ParkT,frequency,law,154,270 g,0.27,1.0,300.0,0.8229,0.5544502442545829,
ParkT,frequency,law,155,270 g,0.27,1.0,305.0,0.9585,0.5399669831080656,
ParkT,frequency,law,156,270 g,0.27,1.0,310.0,1.1196,0.5222828471438818,
ParkT,frequency,law,157,270 g,0.27,1.0,315.0,1.2473,0.5020818526640777,
ParkT,frequency,law,158,270 g,0.27,1.0,320.0,1.4104,0.4800601233647601,
ParkT,frequency,law,159,270 g,0.27,1.0,325.0,1.5598,0.45687818554115434,
ParkT,frequency,law,160,270 g,0.27,1.0,330.0,1.7386,0.4331270159505111,
ParkT,frequency,law,161,270 g,0.27,1.0,335.0,1.8644,0.40930842406833057,
ParkT,frequency,law,162,270 g,0.27,1.0,340.0,1.8172,0.3858279545255799,
ParkT,frequency,law,163,270 g,0.27,1.0,345.0,1.4832,0.3629972666167174,
ParkT,frequency,law,164,270 g,0.27,1.0,350.0,1.9823,0.3410427069755029,
ParkT,frequency,law,165,270 g,0.27,1.0,355.0,2.4225,0.3201171862213194,
ParkT,frequency,law,166,270 g,0.27,1.0,360.0,0.3787,0.3003131540618466,
ParkT,frequency,law,167,270 g,0.27,1.0,365.0,0.2549,0.28167518896270083,
ParkT,frequency,law,168,270 g,0.27,1.0,370.0,0.2353,0.2642113380575101,
ParkT,frequency,gp_r4,0,70 g,0.07,1.0,15.0,0.3001,0.6246801310642303,0.5648098284120443
ParkT,frequency,gp_r4,1,70 g,0.07,1.0,20.0,0.2647,0.6245026034616209,0.5648094019639095
ParkT,frequency,gp_r4,2,70 g,0.07,1.0,25.0,0.3492,0.6241597747306327,0.5648077990026359
ParkT,frequency,gp_r4,3,70 g,0.07,1.0,30.0,0.4731,0.6235056966022879,0.5648019094435254
ParkT,frequency,gp_r4,4,70 g,0.07,1.0,35.0,0.534,0.6222754514401889,0.5647808391567208
ParkT,frequency,gp_r4,5,70 g,0.07,1.0,40.0,0.2706,0.620000569028919,0.5647077997554334
ParkT,frequency,gp_r4,6,70 g,0.07,1.0,50.0,0.1213,0.6086067507605843,0.5636870157929507
ParkT,frequency,gp_r4,7,70 g,0.07,1.0,55.0,0.1802,0.5961820977908413,0.5613472732994019
ParkT,frequency,gp_r4,8,70 g,0.07,1.0,65.0,0.2274,0.5445647780999952,0.5379289144679488
ParkT,frequency,gp_r4,9,70 g,0.07,1.0,85.0,0.3591,0.5119672877894861,0.5373178874350117
ParkT,frequency,gp_r4,10,70 g,0.07,1.0,90.0,0.4337,0.5457057423775316,0.5541849275105072
ParkT,frequency,gp_r4,11,70 g,0.07,1.0,95.0,0.4907,0.5671978270429597,0.560891506000238
ParkT,frequency,gp_r4,12,70 g,0.07,1.0,100.0,0.5418,0.5803501139353887,0.5633335317938072
ParkT,frequency,gp_r4,13,70 g,0.07,1.0,105.0,0.6244,0.5882974134180873,0.5641427350328384
ParkT,frequency,gp_r4,14,70 g,0.07,1.0,110.0,0.6303,0.5932998128527123,0.5643247205124331
ParkT,frequency,gp_r4,15,70 g,0.07,1.0,115.0,0.6421,0.596956690154972,0.5641251640369886
ParkT,frequency,gp_r4,16,70 g,0.07,1.0,120.0,0.6735,0.6004863399296683,0.563278111915537
ParkT,frequency,gp_r4,17,70 g,0.07,1.0,125.0,0.7108,0.6049697475235364,0.5607438864003541
ParkT,frequency,gp_r4,18,70 g,0.07,1.0,130.0,0.8032,0.6114983334046273,0.5538355733267724
ParkT,frequency,gp_r4,19,70 g,0.07,1.0,135.0,0.7777,0.6211179303898412,0.5366126384349842
ParkT,frequency,gp_r4,20,70 g,0.07,1.0,140.0,0.7541,0.6343165138416835,0.49819583374156134
ParkT,frequency,gp_r4,21,70 g,0.07,1.0,145.0,0.7089,0.649542764710394,0.4245296346123493
ParkT,frequency,gp_r4,22,70 g,0.07,1.0,150.0,0.648,0.6599308289502224,0.3143357392056788
ParkT,frequency,gp_r4,23,70 g,0.07,1.0,155.0,0.6362,0.6141266360984391,0.31624630292815237
ParkT,frequency,gp_r4,24,70 g,0.07,1.0,160.0,0.648,0.5907240421560365,0.4301420888093399
ParkT,frequency,gp_r4,25,70 g,0.07,1.0,165.0,0.3768,0.5778318808600668,0.5029113031590394
ParkT,frequency,gp_r4,26,70 g,0.07,1.0,170.0,0.3689,0.571015867065391,0.5389405094813311
ParkT,frequency,gp_r4,27,70 g,0.07,1.0,175.0,0.2274,0.5672838184058373,0.5541921747674062
ParkT,frequency,gp_r4,28,70 g,0.07,1.0,180.0,0.1999,0.5647812578317141,0.5599330476387838
ParkT,frequency,gp_r4,29,70 g,0.07,1.0,185.0,0.2195,0.5622463050728872,0.5618622318025044
ParkT,frequency,gp_r4,30,70 g,0.07,1.0,190.0,0.2431,0.558534970943128,0.5623063465999742
ParkT,frequency,gp_r4,31,70 g,0.07,1.0,195.0,0.2372,0.5522175789217963,0.5618622481502998
ParkT,frequency,gp_r4,32,70 g,0.07,1.0,205.0,0.2569,0.5224371823124645,0.5541923246621567
ParkT,frequency,gp_r4,33,70 g,0.07,1.0,215.0,0.3198,0.44509900282703824,0.5029122299446708
ParkT,frequency,gp_r4,34,70 g,0.07,1.0,220.0,0.2687,0.3803355726736153,0.4301442298374913
ParkT,frequency,gp_r4,35,70 g,0.07,1.0,230.0,0.2176,0.32297197726391413,0.25167297006347755
ParkT,frequency,gp_r4,36,70 g,0.07,1.0,235.0,0.1861,0.33701650192773125,0.2954214291973484
ParkT,frequency,gp_r4,37,70 g,0.07,1.0,240.0,0.1783,0.3515903729755722,0.33398543060965036
ParkT,frequency,gp_r4,38,70 g,0.07,1.0,245.0,0.1684,0.3657149071261442,0.3647943938215784
ParkT,frequency,gp_r4,39,70 g,0.07,1.0,250.0,0.1704,0.37870844630672024,0.38783976823434924
ParkT,frequency,gp_r4,40,170 g,0.17,1.0,10.0,0.0722,0.6247224943255877,0.5648099396494092
ParkT,frequency,gp_r4,41,170 g,0.17,1.0,15.0,0.1016,0.6245828895022987,0.5648098284122101
ParkT,frequency,gp_r4,42,170 g,0.17,1.0,20.0,0.1567,0.6243094207214364,0.5648094019645445
ParkT,frequency,gp_r4,43,170 g,0.17,1.0,25.0,0.1567,0.6237789447503561,0.5648077990050224
ParkT,frequency,gp_r4,44,170 g,0.17,1.0,30.0,0.1272,0.6227614974117042,0.5648019094522886
ParkT,frequency,gp_r4,45,170 g,0.17,1.0,35.0,0.2412,0.6208356744130934,0.5647808391880399
ParkT,frequency,gp_r4,46,170 g,0.17,1.0,40.0,0.3316,0.6172471197914011,0.5647077998638178
ParkT,frequency,gp_r4,47,170 g,0.17,1.0,45.0,0.4102,0.6106850654677504,0.5644640196102333
ParkT,frequency,gp_r4,48,170 g,0.17,1.0,50.0,0.1704,0.5989596509408712,0.5636870169381747
ParkT,frequency,gp_r4,49,170 g,0.17,1.0,65.0,0.0702,0.49045238958150883,0.5379289385787834
ParkT,frequency,gp_r4,50,170 g,0.17,1.0,70.0,0.2706,0.4102447441673891,0.49928422448604703
ParkT,frequency,gp_r4,51,170 g,0.17,1.0,75.0,0.2923,0.3033767561738242,0.4232659810682737
ParkT,frequency,gp_r4,52,170 g,0.17,1.0,80.0,0.0957,0.18413675769328097,0.30684370115598036
ParkT,frequency,gp_r4,53,170 g,0.17,1.0,85.0,0.0584,0.18771001695841988,0.3143704356165458
ParkT,frequency,gp_r4,54,170 g,0.17,1.0,90.0,0.0525,0.2604240489180331,0.4245790171304274
ParkT,frequency,gp_r4,55,170 g,0.17,1.0,95.0,0.0505,0.35238235444259813,0.4982274777085299
ParkT,frequency,gp_r4,56,170 g,0.17,1.0,100.0,0.0781,0.4326659167338156,0.5366202644171553
ParkT,frequency,gp_r4,57,170 g,0.17,1.0,105.0,0.1095,0.49110868404985,0.5538075138843389
ParkT,frequency,gp_r4,58,170 g,0.17,1.0,110.0,0.0898,0.52814846664753,0.5606253447532173
ParkT,frequency,gp_r4,59,170 g,0.17,1.0,115.0,0.1252,0.5472924534970536,0.5628819190104707
ParkT,frequency,gp_r4,60,170 g,0.17,1.0,125.0,0.1979,0.5409357486534946,0.5606223612865315
ParkT,frequency,gp_r4,61,170 g,0.17,1.0,130.0,0.3237,0.5141939640113782,0.5537996550423113
ParkT,frequency,gp_r4,62,170 g,0.17,1.0,135.0,0.2923,0.4673511818833957,0.5366023740241961
ParkT,frequency,gp_r4,63,170 g,0.17,1.0,140.0,0.192,0.3968407995888197,0.4981930374102206
ParkT,frequency,gp_r4,64,170 g,0.17,1.0,145.0,0.139,0.30438032653708,0.42452895357507003
ParkT,frequency,gp_r4,65,170 g,0.17,1.0,150.0,0.1213,0.2063784178908749,0.31433562371240464
ParkT,frequency,gp_r4,66,170 g,0.17,1.0,155.0,0.1252,0.21387299623507489,0.31624632616675735
ParkT,frequency,gp_r4,67,170 g,0.17,1.0,160.0,0.1174,0.30878604399398996,0.43014225030556424
ParkT,frequency,gp_r4,68,170 g,0.17,1.0,165.0,0.3021,0.3956708199891206,0.5029114494492706
ParkT,frequency,gp_r4,69,170 g,0.17,1.0,170.0,0.418,0.46112279411237633,0.5389405927311806
ParkT,frequency,gp_r4,70,170 g,0.17,1.0,175.0,0.4318,0.5056847107071328,0.5541922121994408
ParkT,frequency,gp_r4,71,170 g,0.17,1.0,180.0,0.6578,0.5349800946422012,0.5599330617005109
ParkT,frequency,gp_r4,72,170 g,0.17,1.0,185.0,0.7325,0.5554021249373303,0.5618622351084834
ParkT,frequency,gp_r4,73,170 g,0.17,1.0,190.0,0.813,0.5729224375282895,0.5623063424310037
ParkT,frequency,gp_r4,74,170 g,0.17,1.0,195.0,0.8897,0.593434194722339,0.5618622304300105
ParkT,frequency,gp_r4,75,170 g,0.17,1.0,200.0,0.9113,0.6237040212367292,0.5599330470705567
ParkT,frequency,gp_r4,76,170 g,0.17,1.0,205.0,0.9486,0.6723626551057947,0.5541921743906488
ParkT,frequency,gp_r4,77,170 g,0.17,1.0,210.0,1.1078,0.7502060861929573,0.538940509141303
ParkT,frequency,gp_r4,78,170 g,0.17,1.0,215.0,1.1137,0.8683316586529204,0.5029113028598845
ParkT,frequency,gp_r4,79,170 g,0.17,1.0,220.0,1.2375,1.0314497935614062,0.4301420886005311
ParkT,frequency,gp_r4,80,170 g,0.17,1.0,225.0,1.3259,1.2237067423065346,0.31624630283611327
ParkT,frequency,gp_r4,81,170 g,0.17,1.0,230.0,1.4301,1.2117317626231068,0.20914456293845307
ParkT,frequency,gp_r4,82,170 g,0.17,1.0,235.0,1.5205,1.1578417106439054,0.25060381677755095
ParkT,frequency,gp_r4,83,170 g,0.17,1.0,240.0,1.4891,1.0800950920932908,0.29329125497824704
ParkT,frequency,gp_r4,84,170 g,0.17,1.0,245.0,1.5578,0.9906596137773376,0.33025255931565084
ParkT,frequency,gp_r4,85,170 g,0.17,1.0,250.0,1.66,0.8989535113857532,0.3585335720685469
ParkT,frequency,gp_r4,86,170 g,0.17,1.0,255.0,1.7072,0.8112096105489274,0.377488665436252
ParkT,frequency,gp_r4,87,170 g,0.17,1.0,260.0,1.7858,0.7309348655538896,0.3873728267852718
ParkT,frequency,gp_r4,88,170 g,0.17,1.0,265.0,1.7504,0.6596355792300069,0.38849298079711003
ParkT,frequency,gp_r4,89,170 g,0.17,1.0,270.0,1.7052,0.5975303286577089,0.38079875099282184
ParkT,frequency,gp_r4,90,170 g,0.17,1.0,275.0,2.4756,0.5441501138972992,0.3638269205821964
ParkT,frequency,gp_r4,91,170 g,0.17,1.0,280.0,2.9236,0.4988062226592241,0.33702374077926783
ParkT,frequency,gp_r4,92,170 g,0.17,1.0,285.0,2.9295,0.460932931361991,0.3006397576931595
ParkT,frequency,gp_r4,93,170 g,0.17,1.0,290.0,0.5065,0.43030451408980913,0.25769990976170826
ParkT,frequency,gp_r4,94,170 g,0.17,1.0,295.0,0.4475,0.4070891196269689,0.2178128466077959
ParkT,frequency,gp_r4,95,170 g,0.17,1.0,300.0,0.3807,0.07655621670473117,0.22480019484533512
ParkT,frequency,gp_r4,96,270 g,0.27,1.0,10.0,0.1331,0.6247439119446087,0.5648099396493667
ParkT,frequency,gp_r4,97,270 g,0.27,1.0,15.0,0.1665,0.6246250856835358,0.5648098284120443
ParkT,frequency,gp_r4,98,270 g,0.27,1.0,20.0,0.1095,0.6243918203000006,0.5648094019639095
ParkT,frequency,gp_r4,99,270 g,0.27,1.0,25.0,0.1822,0.6239382268905259,0.5648077990026359
ParkT,frequency,gp_r4,100,270 g,0.27,1.0,30.0,0.1763,0.6230658031410754,0.5648019094435254
ParkT,frequency,gp_r4,101,270 g,0.27,1.0,35.0,0.1704,0.6214091204866633,0.5647808391567208
ParkT,frequency,gp_r4,102,270 g,0.27,1.0,40.0,0.194,0.6183103309086255,0.5647077997554334
ParkT,frequency,gp_r4,103,270 g,0.27,1.0,45.0,0.1626,0.6126182472567893,0.5644640192494441
ParkT,frequency,gp_r4,104,270 g,0.27,1.0,50.0,0.2628,0.602391870819751,0.5636870157929507
ParkT,frequency,gp_r4,105,270 g,0.27,1.0,55.0,0.1311,0.5845218432459238,0.5613472732994019
ParkT,frequency,gp_r4,106,270 g,0.27,1.0,60.0,0.1861,0.5543907052051094,0.5547828678640301
ParkT,frequency,gp_r4,107,270 g,0.27,1.0,65.0,0.0898,0.5059549277461304,0.5379289144679488
ParkT,frequency,gp_r4,108,270 g,0.27,1.0,70.0,0.1056,0.4331534579414106,0.49928417058660834
ParkT,frequency,gp_r4,109,270 g,0.27,1.0,75.0,0.194,0.3343151305662062,0.42326588148727495
ParkT,frequency,gp_r4,110,270 g,0.27,1.0,80.0,0.253,0.2214853166987833,0.3068435827788321
ParkT,frequency,gp_r4,111,270 g,0.27,1.0,85.0,0.1193,0.35109912023355155,0.314335623585219
ParkT,frequency,gp_r4,112,270 g,0.27,1.0,90.0,0.0977,0.4281411386762788,0.42452895283226677
ParkT,frequency,gp_r4,113,270 g,0.27,1.0,95.0,0.1586,0.48784633692377494,0.49819303440427154
ParkT,frequency,gp_r4,114,270 g,0.27,1.0,100.0,0.4121,0.5293103986873424,0.5366023632203368
ParkT,frequency,gp_r4,115,270 g,0.27,1.0,105.0,0.2097,0.5557087148581492,0.5537996182438703
ParkT,frequency,gp_r4,116,270 g,0.27,1.0,110.0,0.1449,0.5709401483881491,0.5606222409131305
ParkT,frequency,gp_r4,117,270 g,0.27,1.0,115.0,0.0957,0.5780356766584832,0.5628808003073784
ParkT,frequency,gp_r4,118,270 g,0.27,1.0,120.0,0.1193,0.5786308922404991,0.5628808003073773
ParkT,frequency,gp_r4,119,270 g,0.27,1.0,125.0,0.0997,0.5728563488065398,0.5606222409131256
ParkT,frequency,gp_r4,120,270 g,0.27,1.0,130.0,0.1115,0.5593235162243303,0.5537996182438567
ParkT,frequency,gp_r4,121,270 g,0.27,1.0,135.0,0.1783,0.5351783706576699,0.5366023632203025
ParkT,frequency,gp_r4,122,270 g,0.27,1.0,140.0,0.365,0.4964889615296951,0.498193034404195
ParkT,frequency,gp_r4,123,270 g,0.27,1.0,145.0,0.6165,0.4395895728883727,0.4245289528321214
ParkT,frequency,gp_r4,124,270 g,0.27,1.0,150.0,0.4534,0.3642767735075615,0.314335623585026
ParkT,frequency,gp_r4,125,270 g,0.27,1.0,155.0,0.2746,0.48513088989563763,0.3162463029274775
ParkT,frequency,gp_r4,126,270 g,0.27,1.0,160.0,0.1901,0.48461218107737636,0.4301420888068341
ParkT,frequency,gp_r4,127,270 g,0.27,1.0,165.0,0.1409,0.5009065959993927,0.5029113031494377
ParkT,frequency,gp_r4,128,270 g,0.27,1.0,170.0,0.1272,0.5201431236501738,0.5389405094446403
ParkT,frequency,gp_r4,129,270 g,0.27,1.0,175.0,0.1213,0.535761068803457,0.5541921746311773
ParkT,frequency,gp_r4,130,270 g,0.27,1.0,180.0,0.1233,0.54612242236104,0.5599330471482329
ParkT,frequency,gp_r4,131,270 g,0.27,1.0,185.0,0.1272,0.5515074134788701,0.5618622300964541
ParkT,frequency,gp_r4,132,270 g,0.27,1.0,190.0,0.1488,0.5523707614269371,0.5623063409087583
ParkT,frequency,gp_r4,133,270 g,0.27,1.0,195.0,0.1311,0.5485182451001475,0.5618622300964541
ParkT,frequency,gp_r4,134,270 g,0.27,1.0,200.0,0.2156,0.5387242355654704,0.5599330471482329
ParkT,frequency,gp_r4,135,270 g,0.27,1.0,205.0,0.3944,0.5205857116698778,0.5541921746311773
ParkT,frequency,gp_r4,136,270 g,0.27,1.0,210.0,0.3355,0.4907633509035917,0.5389405094446404
ParkT,frequency,gp_r4,137,270 g,0.27,1.0,215.0,0.3689,0.44621026562626603,0.5029113031494377
ParkT,frequency,gp_r4,138,270 g,0.27,1.0,220.0,0.3119,0.38746510620014224,0.4301420888068338
ParkT,frequency,gp_r4,139,270 g,0.27,1.0,225.0,0.2628,0.3247331141846903,0.3162463029274773
ParkT,frequency,gp_r4,140,270 g,0.27,1.0,230.0,0.2588,0.29890065311622793,0.20910527980522367
ParkT,frequency,gp_r4,141,270 g,0.27,1.0,235.0,0.2805,0.2991548612874132,0.25048097090097154
ParkT,frequency,gp_r4,142,270 g,0.27,1.0,240.0,0.2903,0.3085198178504584,0.2930084860791591
ParkT,frequency,gp_r4,143,270 g,0.27,1.0,245.0,0.306,0.3245501838913832,0.32970080801517104
ParkT,frequency,gp_r4,144,270 g,0.27,1.0,250.0,0.308,0.34495684138783955,0.3575618563636066
ParkT,frequency,gp_r4,145,270 g,0.27,1.0,255.0,0.3296,0.36819213375325355,0.3758980086342858
ParkT,frequency,gp_r4,146,270 g,0.27,1.0,260.0,0.3591,0.39359130335805725,0.3849207700424099
ParkT,frequency,gp_r4,147,270 g,0.27,1.0,265.0,0.3787,0.4213393316402963,0.3849207720693469
ParkT,frequency,gp_r4,148,270 g,0.27,1.0,270.0,0.418,0.4523927637063314,0.37589801457004157
ParkT,frequency,gp_r4,149,270 g,0.27,1.0,275.0,0.4475,0.48840836892133804,0.35756186567251336
ParkT,frequency,gp_r4,150,270 g,0.27,1.0,280.0,0.4868,0.5316843220040967,0.3297008195171604
ParkT,frequency,gp_r4,151,270 g,0.27,1.0,285.0,0.5418,0.5850854904834978,0.2930084977703065
ParkT,frequency,gp_r4,152,270 g,0.27,1.0,290.0,0.6381,0.6518879444118435,0.2504809805753632
ParkT,frequency,gp_r4,153,270 g,0.27,1.0,295.0,0.7344,0.7354253210962227,0.2091052881270552
ParkT,frequency,gp_r4,154,270 g,0.27,1.0,300.0,0.8229,0.717438268531629,0.2248001948453352
ParkT,frequency,gp_r4,155,270 g,0.27,1.0,305.0,0.9585,0.6774183993753684,0.324068229083334
ParkT,frequency,gp_r4,156,270 g,0.27,1.0,310.0,1.1196,0.622412333500435,0.3940001602881308
ParkT,frequency,gp_r4,157,270 g,0.27,1.0,315.0,1.2473,0.5719682526359386,0.4329448317887678
ParkT,frequency,gp_r4,158,270 g,0.27,1.0,320.0,1.4104,0.5330527124150128,0.4517543284328205
ParkT,frequency,gp_r4,159,270 g,0.27,1.0,325.0,1.5598,0.5058586714760656,0.45993082444373734
ParkT,frequency,gp_r4,160,270 g,0.27,1.0,330.0,1.7386,0.4880473081959744,0.4631999853818982
ParkT,frequency,gp_r4,161,270 g,0.27,1.0,335.0,1.8644,0.4769049720175147,0.46442139829386425
ParkT,frequency,gp_r4,162,270 g,0.27,1.0,340.0,1.8172,0.47016997467687627,0.46485319771345984
ParkT,frequency,gp_r4,163,270 g,0.27,1.0,345.0,1.4832,0.4662062631368192,0.4649990863083062
ParkT,frequency,gp_r4,164,270 g,0.27,1.0,350.0,1.9823,0.46392284902748787,0.4650465637550778
ParkT,frequency,gp_r4,165,270 g,0.27,1.0,355.0,2.4225,0.4626302458510147,0.4650615380694721
ParkT,frequency,gp_r4,166,270 g,0.27,1.0,360.0,0.3787,0.4619091338820622,0.4650661373830296
ParkT,frequency,gp_r4,167,270 g,0.27,1.0,365.0,0.2549,0.4615117907104247,0.4650675183484355
ParkT,frequency,gp_r4,168,270 g,0.27,1.0,370.0,0.2353,0.4612951620662722,0.4650679249270534
ParkT,frequency,lawgp_r4,0,70 g,0.07,1.0,15.0,0.3001,0.1235616860326046,0.4483626330749519
ParkT,frequency,lawgp_r4,1,70 g,0.07,1.0,20.0,0.2647,0.12724501191806015,0.44836263279951727
ParkT,frequency,lawgp_r4,2,70 g,0.07,1.0,25.0,0.3492,0.1310858291378502,0.44836263083425176
ParkT,frequency,lawgp_r4,3,70 g,0.07,1.0,30.0,0.4731,0.13509738405349078,0.44836261714031633
ParkT,frequency,lawgp_r4,4,70 g,0.07,1.0,35.0,0.534,0.13930103485043452,0.4483625243396462
ParkT,frequency,lawgp_r4,5,70 g,0.07,1.0,40.0,0.2706,0.1437376808014495,0.4483619159363666
ParkT,frequency,lawgp_r4,6,70 g,0.07,1.0,50.0,0.1213,0.1537718180794057,0.44833511251332125
ParkT,frequency,lawgp_r4,7,70 g,0.07,1.0,55.0,0.1802,0.16001541387695992,0.44820575074302155
ParkT,frequency,lawgp_r4,8,70 g,0.07,1.0,65.0,0.2274,0.18036209441737194,0.4444027596538349
ParkT,frequency,lawgp_r4,9,70 g,0.07,1.0,85.0,0.3591,0.18788301269892213,0.4238787081333027
ParkT,frequency,lawgp_r4,10,70 g,0.07,1.0,90.0,0.4337,0.19124563692340904,0.4254282424467865
ParkT,frequency,lawgp_r4,11,70 g,0.07,1.0,95.0,0.4907,0.1969114660029602,0.42569737392022017
ParkT,frequency,lawgp_r4,12,70 g,0.07,1.0,100.0,0.5418,0.20381174283045195,0.4257393319178037
ParkT,frequency,lawgp_r4,13,70 g,0.07,1.0,105.0,0.6244,0.2114790740634856,0.42574535369904326
ParkT,frequency,lawgp_r4,14,70 g,0.07,1.0,110.0,0.6303,0.21977288381788876,0.42574605070234706
ParkT,frequency,lawgp_r4,15,70 g,0.07,1.0,115.0,0.6421,0.22876887208579605,0.42574523305670453
ParkT,frequency,lawgp_r4,16,70 g,0.07,1.0,120.0,0.6735,0.2388178242553243,0.4257384645584726
ParkT,frequency,lawgp_r4,17,70 g,0.07,1.0,125.0,0.7108,0.25083735293367476,0.4256916909500293
ParkT,frequency,lawgp_r4,18,70 g,0.07,1.0,130.0,0.8032,0.2670107595078833,0.4253946670486526
ParkT,frequency,lawgp_r4,19,70 g,0.07,1.0,135.0,0.7777,0.2921246983602462,0.4237073478737548
ParkT,frequency,lawgp_r4,20,70 g,0.07,1.0,140.0,0.7541,0.33534368031876816,0.41549285030332506
ParkT,frequency,lawgp_r4,21,70 g,0.07,1.0,145.0,0.7089,0.40983541764515313,0.38338087634607215
ParkT,frequency,lawgp_r4,22,70 g,0.07,1.0,150.0,0.648,0.5204503709608244,0.29435484965829595
ParkT,frequency,lawgp_r4,23,70 g,0.07,1.0,155.0,0.6362,0.5470574983995772,0.29799069261321165
ParkT,frequency,lawgp_r4,24,70 g,0.07,1.0,160.0,0.648,0.4779811337439689,0.3909922567214536
ParkT,frequency,lawgp_r4,25,70 g,0.07,1.0,165.0,0.3768,0.4432253038017651,0.42530493747688036
ParkT,frequency,lawgp_r4,26,70 g,0.07,1.0,170.0,0.3689,0.4344125975695533,0.43432116287872313
ParkT,frequency,lawgp_r4,27,70 g,0.07,1.0,175.0,0.2274,0.4404143532914983,0.43622782481391964
ParkT,frequency,lawgp_r4,28,70 g,0.07,1.0,180.0,0.1999,0.4539846534276376,0.43657368968300087
ParkT,frequency,lawgp_r4,29,70 g,0.07,1.0,185.0,0.2195,0.4713679288828815,0.4366296874283761
ParkT,frequency,lawgp_r4,30,70 g,0.07,1.0,190.0,0.2431,0.4907273253034816,0.43663690418620077
ParkT,frequency,lawgp_r4,31,70 g,0.07,1.0,195.0,0.2372,0.5108904917021458,0.4366296874859965
ParkT,frequency,lawgp_r4,32,70 g,0.07,1.0,205.0,0.2569,0.5459195186751735,0.4362278270423972
ParkT,frequency,lawgp_r4,33,70 g,0.07,1.0,215.0,0.3198,0.5328858370193683,0.4253049858780826
ParkT,frequency,lawgp_r4,34,70 g,0.07,1.0,220.0,0.2687,0.47347322501358213,0.3909924073885739
ParkT,frequency,lawgp_r4,35,70 g,0.07,1.0,230.0,0.2176,0.5932319693527688,0.27472117840230725
ParkT,frequency,lawgp_r4,36,70 g,0.07,1.0,235.0,0.1861,0.7341347137307005,0.30743702683204194
ParkT,frequency,lawgp_r4,37,70 g,0.07,1.0,240.0,0.1783,0.8452499097128842,0.3200877621361499
ParkT,frequency,lawgp_r4,38,70 g,0.07,1.0,245.0,0.1684,0.9314991489636895,0.3241649335942608
ParkT,frequency,lawgp_r4,39,70 g,0.07,1.0,250.0,0.1704,1.002173290556937,0.32531589778577064
ParkT,frequency,lawgp_r4,40,170 g,0.17,1.0,10.0,0.0722,0.17512272145140406,0.44836263311277336
ParkT,frequency,lawgp_r4,41,170 g,0.17,1.0,15.0,0.1016,0.1802031945313886,0.4483626330749519
ParkT,frequency,lawgp_r4,42,170 g,0.17,1.0,20.0,0.1567,0.1854923085289027,0.44836263279951727
ParkT,frequency,lawgp_r4,43,170 g,0.17,1.0,25.0,0.1567,0.19099793328869843,0.44836263083425193
ParkT,frequency,lawgp_r4,44,170 g,0.17,1.0,30.0,0.1272,0.19672296806396206,0.4483626171403173
ParkT,frequency,lawgp_r4,45,170 g,0.17,1.0,35.0,0.2412,0.20265661610235167,0.448362524339652
ParkT,frequency,lawgp_r4,46,170 g,0.17,1.0,40.0,0.3316,0.20875303146767288,0.4483619159364037
ParkT,frequency,lawgp_r4,47,170 g,0.17,1.0,45.0,0.4102,0.21488091803050707,0.44835808390648646
ParkT,frequency,lawgp_r4,48,170 g,0.17,1.0,50.0,0.1704,0.22071001083351233,0.4483351125146228
ParkT,frequency,lawgp_r4,49,170 g,0.17,1.0,65.0,0.0702,0.22354650859455508,0.4444027597937693
ParkT,frequency,lawgp_r4,50,170 g,0.17,1.0,70.0,0.2706,0.20810145357657633,0.4317991032695891
ParkT,frequency,lawgp_r4,51,170 g,0.17,1.0,75.0,0.2923,0.17453045766065567,0.3904428845386942
ParkT,frequency,lawgp_r4,52,170 g,0.17,1.0,80.0,0.0957,0.12212674243009225,0.29180417261161223
ParkT,frequency,lawgp_r4,53,170 g,0.17,1.0,85.0,0.0584,0.12157431723628451,0.29435554315712037
ParkT,frequency,lawgp_r4,54,170 g,0.17,1.0,90.0,0.0525,0.17849573633305033,0.38338099125745306
ParkT,frequency,lawgp_r4,55,170 g,0.17,1.0,95.0,0.0505,0.23551553430175154,0.41549287574307076
ParkT,frequency,lawgp_r4,56,170 g,0.17,1.0,100.0,0.0781,0.2744105287115352,0.42370735180310526
ParkT,frequency,lawgp_r4,57,170 g,0.17,1.0,105.0,0.1095,0.299536564110293,0.4253946514200863
ParkT,frequency,lawgp_r4,58,170 g,0.17,1.0,110.0,0.0898,0.3174233412516889,0.42569155505666584
ParkT,frequency,lawgp_r4,59,170 g,0.17,1.0,115.0,0.1252,0.3321390368682804,0.4257374072375432
ParkT,frequency,lawgp_r4,60,170 g,0.17,1.0,125.0,0.1979,0.35746077791930664,0.42569155483750115
ParkT,frequency,lawgp_r4,61,170 g,0.17,1.0,130.0,0.3237,0.36645640346778446,0.42539465019835504
ParkT,frequency,lawgp_r4,62,170 g,0.17,1.0,135.0,0.2923,0.3679349731005374,0.42370734585207454
ParkT,frequency,lawgp_r4,63,170 g,0.17,1.0,140.0,0.192,0.35284158260706705,0.41549285006611314
ParkT,frequency,lawgp_r4,64,170 g,0.17,1.0,145.0,0.139,0.30756229396467855,0.383380876317212
ParkT,frequency,lawgp_r4,65,170 g,0.17,1.0,150.0,0.1213,0.224692015490159,0.2943548496522101
ParkT,frequency,lawgp_r4,66,170 g,0.17,1.0,155.0,0.1252,0.2667190597711939,0.29799069479298823
ParkT,frequency,lawgp_r4,67,170 g,0.17,1.0,160.0,0.1174,0.40162265614566295,0.39099225683899835
ParkT,frequency,lawgp_r4,68,170 g,0.17,1.0,165.0,0.3021,0.5009851214737369,0.42530493747729
ParkT,frequency,lawgp_r4,69,170 g,0.17,1.0,170.0,0.418,0.5656080443056339,0.4343211628800122
ParkT,frequency,lawgp_r4,70,170 g,0.17,1.0,175.0,0.4318,0.6097994778145429,0.4362278248147221
ParkT,frequency,lawgp_r4,71,170 g,0.17,1.0,180.0,0.6578,0.6446301178468796,0.4365736896830906
ParkT,frequency,lawgp_r4,72,170 g,0.17,1.0,185.0,0.7325,0.676268039441663,0.4366296874272741
ParkT,frequency,lawgp_r4,73,170 g,0.17,1.0,190.0,0.813,0.7078086734420774,0.43663690417774437
ParkT,frequency,lawgp_r4,74,170 g,0.17,1.0,195.0,0.8897,0.7410178775591632,0.43662968742722436
ParkT,frequency,lawgp_r4,75,170 g,0.17,1.0,200.0,0.9113,0.7776211881374248,0.43657368968285076
ParkT,frequency,lawgp_r4,76,170 g,0.17,1.0,205.0,0.9486,0.8205872524510669,0.4362278248139008
ParkT,frequency,lawgp_r4,77,170 g,0.17,1.0,210.0,1.1078,0.8759031035768259,0.43432116287872086
ParkT,frequency,lawgp_r4,78,170 g,0.17,1.0,215.0,1.1137,0.9547140527626085,0.42530493747688014
ParkT,frequency,lawgp_r4,79,170 g,0.17,1.0,220.0,1.2375,1.0729586142922618,0.3909922567214535
ParkT,frequency,lawgp_r4,80,170 g,0.17,1.0,225.0,1.3259,1.238130513953213,0.2979906926132116
ParkT,frequency,lawgp_r4,81,170 g,0.17,1.0,230.0,1.4301,1.20588135815562,0.2108762164132195
ParkT,frequency,lawgp_r4,82,170 g,0.17,1.0,235.0,1.5205,1.1056135291553535,0.274372850938566
ParkT,frequency,lawgp_r4,83,170 g,0.17,1.0,240.0,1.4891,1.0310265758871802,0.30729458374628554
ParkT,frequency,lawgp_r4,84,170 g,0.17,1.0,245.0,1.5578,0.9975879733937989,0.32004078027999405
ParkT,frequency,lawgp_r4,85,170 g,0.17,1.0,250.0,1.66,0.9976206704681706,0.32415090247623624
ParkT,frequency,lawgp_r4,86,170 g,0.17,1.0,255.0,1.7072,1.0189028461976013,0.3253090952878419
ParkT,frequency,lawgp_r4,87,170 g,0.17,1.0,260.0,1.7858,1.050762562331402,0.32559285543889654
ParkT,frequency,lawgp_r4,88,170 g,0.17,1.0,265.0,1.7504,1.0840657879847484,0.3256047518535833
ParkT,frequency,lawgp_r4,89,170 g,0.17,1.0,270.0,1.7052,1.1090000600158871,0.32537033290496475
ParkT,frequency,lawgp_r4,90,170 g,0.17,1.0,275.0,2.4756,1.1122553892615417,0.3243758651423947
ParkT,frequency,lawgp_r4,91,170 g,0.17,1.0,280.0,2.9236,1.0749341245293587,0.32075380851488433
ParkT,frequency,lawgp_r4,92,170 g,0.17,1.0,285.0,2.9295,0.9747237113627578,0.3091403176786482
ParkT,frequency,lawgp_r4,93,170 g,0.17,1.0,290.0,0.5065,0.8011690473295267,0.2777319158597155
ParkT,frequency,lawgp_r4,94,170 g,0.17,1.0,295.0,0.4475,0.5976875293320203,0.2131877415768256
ParkT,frequency,lawgp_r4,95,170 g,0.17,1.0,300.0,0.3807,0.8258963797489303,0.21088447490412723
ParkT,frequency,lawgp_r4,96,270 g,0.27,1.0,10.0,0.1331,0.08341136408840405,0.44836263311277336
ParkT,frequency,lawgp_r4,97,270 g,0.27,1.0,15.0,0.1665,0.08591869146229537,0.4483626330749519
ParkT,frequency,lawgp_r4,98,270 g,0.27,1.0,20.0,0.1095,0.0885304022332326,0.44836263279951727
ParkT,frequency,lawgp_r4,99,270 g,0.27,1.0,25.0,0.1822,0.09125275643914087,0.44836263083425176
ParkT,frequency,lawgp_r4,100,270 g,0.27,1.0,30.0,0.1763,0.094093320237611,0.44836261714031633
ParkT,frequency,lawgp_r4,101,270 g,0.27,1.0,35.0,0.1704,0.09706231053745387,0.4483625243396462
ParkT,frequency,lawgp_r4,102,270 g,0.27,1.0,40.0,0.194,0.10017559235725575,0.4483619159363666
ParkT,frequency,lawgp_r4,103,270 g,0.27,1.0,45.0,0.1626,0.10346094981836765,0.4483580839062603
ParkT,frequency,lawgp_r4,104,270 g,0.27,1.0,50.0,0.2628,0.10696981264094396,0.44833511251332125
ParkT,frequency,lawgp_r4,105,270 g,0.27,1.0,55.0,0.1311,0.1107945499970377,0.44820575074302155
ParkT,frequency,lawgp_r4,106,270 g,0.27,1.0,60.0,0.1861,0.11507774175438608,0.4475339976645315
ParkT,frequency,lawgp_r4,107,270 g,0.27,1.0,65.0,0.0898,0.11994877165569226,0.4444027596538349
ParkT,frequency,lawgp_r4,108,270 g,0.27,1.0,70.0,0.1056,0.1251814451554934,0.43179910279536726
ParkT,frequency,lawgp_r4,109,270 g,0.27,1.0,75.0,0.194,0.12911281930907761,0.3904428834073435
ParkT,frequency,lawgp_r4,110,270 g,0.27,1.0,80.0,0.253,0.12656713503461892,0.2918041715271615
ParkT,frequency,lawgp_r4,111,270 g,0.27,1.0,85.0,0.1193,0.22509256222281104,0.29435484965221
ParkT,frequency,lawgp_r4,112,270 g,0.27,1.0,90.0,0.0977,0.19056354691861205,0.38338087631721196
ParkT,frequency,lawgp_r4,113,270 g,0.27,1.0,95.0,0.1586,0.1665693320269594,0.4154928500661117
ParkT,frequency,lawgp_r4,114,270 g,0.27,1.0,100.0,0.4121,0.1561026920081619,0.4237073458520623
ParkT,frequency,lawgp_r4,115,270 g,0.27,1.0,105.0,0.2097,0.1543638164414543,0.4253946501982584
ParkT,frequency,lawgp_r4,116,270 g,0.27,1.0,110.0,0.1449,0.15720459737088407,0.42569155483676824
ParkT,frequency,lawgp_r4,117,270 g,0.27,1.0,115.0,0.0957,0.1623413053332271,0.42573740720201814
ParkT,frequency,lawgp_r4,118,270 g,0.27,1.0,120.0,0.1193,0.16881802493247638,0.42573740720201814
ParkT,frequency,lawgp_r4,119,270 g,0.27,1.0,125.0,0.0997,0.17651153148278764,0.42569155483676824
ParkT,frequency,lawgp_r4,120,270 g,0.27,1.0,130.0,0.1115,0.1860000629585717,0.4253946501982584
ParkT,frequency,lawgp_r4,121,270 g,0.27,1.0,135.0,0.1783,0.1987204832821493,0.4237073458520623
ParkT,frequency,lawgp_r4,122,270 g,0.27,1.0,140.0,0.365,0.21697091390553616,0.41549285006611164
ParkT,frequency,lawgp_r4,123,270 g,0.27,1.0,145.0,0.6165,0.24209677389821913,0.38338087631721185
ParkT,frequency,lawgp_r4,124,270 g,0.27,1.0,150.0,0.4534,0.26660076477015127,0.29435484965221015
ParkT,frequency,lawgp_r4,125,270 g,0.27,1.0,155.0,0.2746,0.37168999809634334,0.29799069261321165
ParkT,frequency,lawgp_r4,126,270 g,0.27,1.0,160.0,0.1901,0.32376251628032227,0.39099225672145355
ParkT,frequency,lawgp_r4,127,270 g,0.27,1.0,165.0,0.1409,0.31191619604719556,0.42530493747688014
ParkT,frequency,lawgp_r4,128,270 g,0.27,1.0,170.0,0.1272,0.31586742070308466,0.43432116287872086
ParkT,frequency,lawgp_r4,129,270 g,0.27,1.0,175.0,0.1213,0.32608313448191684,0.43622782481390077
ParkT,frequency,lawgp_r4,130,270 g,0.27,1.0,180.0,0.1233,0.3389061528512871,0.4365736896828506
ParkT,frequency,lawgp_r4,131,270 g,0.27,1.0,185.0,0.1272,0.35305288368574156,0.43662968742722286
ParkT,frequency,lawgp_r4,132,270 g,0.27,1.0,190.0,0.1488,0.3680286069025044,0.4366369041777352
ParkT,frequency,lawgp_r4,133,270 g,0.27,1.0,195.0,0.1311,0.38343319078141525,0.43662968742722286
ParkT,frequency,lawgp_r4,134,270 g,0.27,1.0,200.0,0.2156,0.3984865386161205,0.4365736896828506
ParkT,frequency,lawgp_r4,135,270 g,0.27,1.0,205.0,0.3944,0.41137736487550586,0.43622782481390077
ParkT,frequency,lawgp_r4,136,270 g,0.27,1.0,210.0,0.3355,0.41819261701022076,0.43432116287872086
ParkT,frequency,lawgp_r4,137,270 g,0.27,1.0,215.0,0.3689,0.41167995767022775,0.4253049374768801
ParkT,frequency,lawgp_r4,138,270 g,0.27,1.0,220.0,0.3119,0.3820880642975446,0.3909922567214535
ParkT,frequency,lawgp_r4,139,270 g,0.27,1.0,225.0,0.2628,0.32732625637275303,0.2979906926132116
ParkT,frequency,lawgp_r4,140,270 g,0.27,1.0,230.0,0.2588,0.36752996131110804,0.21087621625814928
ParkT,frequency,lawgp_r4,141,270 g,0.27,1.0,235.0,0.2805,0.4710724741784251,0.27437284976618254
ParkT,frequency,lawgp_r4,142,270 g,0.27,1.0,240.0,0.2903,0.5686662477130533,0.30729457723941644
ParkT,frequency,lawgp_r4,143,270 g,0.27,1.0,245.0,0.306,0.6470928953021778,0.3200407468825721
ParkT,frequency,lawgp_r4,144,270 g,0.27,1.0,250.0,0.308,0.7087785387106061,0.3241507372643784
ParkT,frequency,lawgp_r4,145,270 g,0.27,1.0,255.0,0.3296,0.7595016672603534,0.32530830722512194
ParkT,frequency,lawgp_r4,146,270 g,0.27,1.0,260.0,0.3591,0.8037100219718204,0.3255892608868864
ParkT,frequency,lawgp_r4,147,270 g,0.27,1.0,265.0,0.3787,0.8434817864563509,0.3255892608868864
ParkT,frequency,lawgp_r4,148,270 g,0.27,1.0,270.0,0.418,0.8784952896254646,0.325308307225122
ParkT,frequency,lawgp_r4,149,270 g,0.27,1.0,275.0,0.4475,0.9059926097490808,0.3241507372643784
ParkT,frequency,lawgp_r4,150,270 g,0.27,1.0,280.0,0.4868,0.9207660279098817,0.32004074688257217
ParkT,frequency,lawgp_r4,151,270 g,0.27,1.0,285.0,0.5418,0.9162825389087236,0.30729457723941656
ParkT,frequency,lawgp_r4,152,270 g,0.27,1.0,290.0,0.6381,0.8898210116575822,0.2743728497661828
ParkT,frequency,lawgp_r4,153,270 g,0.27,1.0,295.0,0.7344,0.856013536654944,0.21087621625814965
ParkT,frequency,lawgp_r4,154,270 g,0.27,1.0,300.0,0.8229,0.7054161082374946,0.21088447490412734
ParkT,frequency,lawgp_r4,155,270 g,0.27,1.0,305.0,0.9585,0.6451817405393655,0.29152323350358345
ParkT,frequency,lawgp_r4,156,270 g,0.27,1.0,310.0,1.1196,0.5896461562188011,0.32087609045003257
ParkT,frequency,lawgp_r4,157,270 g,0.27,1.0,315.0,1.2473,0.5478287322440594,0.3285386956213621
ParkT,frequency,lawgp_r4,158,270 g,0.27,1.0,320.0,1.4104,0.5153954862242512,0.3301484333663307
ParkT,frequency,lawgp_r4,159,270 g,0.27,1.0,325.0,1.5598,0.4876744933716866,0.33043813240232495
ParkT,frequency,lawgp_r4,160,270 g,0.27,1.0,330.0,1.7386,0.4620704863946443,0.3304847354476064
ParkT,frequency,lawgp_r4,161,270 g,0.27,1.0,335.0,1.8644,0.43753016702963793,0.3304916326990435
ParkT,frequency,lawgp_r4,162,270 g,0.27,1.0,340.0,1.8172,0.41377825419858466,0.33049259033094175
ParkT,frequency,lawgp_r4,163,270 g,0.27,1.0,345.0,1.4832,0.3908482219272789,0.3304927167583566
ParkT,frequency,lawgp_r4,164,270 g,0.27,1.0,350.0,1.9823,0.36885808834621775,0.33049273278323654
ParkT,frequency,lawgp_r4,165,270 g,0.27,1.0,355.0,2.4225,0.3479200545046023,0.3304927347472903
ParkT,frequency,lawgp_r4,166,270 g,0.27,1.0,360.0,0.3787,0.32811168594196133,0.3304927349813169
ParkT,frequency,lawgp_r4,167,270 g,0.27,1.0,365.0,0.2549,0.30947223689381403,0.33049273500854104
ParkT,frequency,lawgp_r4,168,270 g,0.27,1.0,370.0,0.2353,0.2920078836325159,0.3304927350116432
